Kernel,GPU,gridSize,blockSize,nThreads,Length,Iterations,experiments,GFLOPS,totalBytes,AI_HBM_ADD_INT8,AI_HBM_ADD_INT16,AI_HBM_ADD_INT32,AI_HBM_ADD_INT64,AI_HBM_ADD_FP16,AI_HBM_ADD_FP32,AI_HBM_ADD_FP64,AI_HBM_MUL_INT8,AI_HBM_MUL_INT16,AI_HBM_MUL_INT32,AI_HBM_MUL_INT64,AI_HBM_MUL_FP16,AI_HBM_MUL_FP32,AI_HBM_MUL_FP64,AI_HBM_MULADD_INT8,AI_HBM_MULADD_INT16,AI_HBM_MULADD_INT32,AI_HBM_MULADD_INT64,AI_HBM_MULADD_FP16,AI_HBM_MULADD_FP32,AI_HBM_MULADD_FP64,AI_HBM_DIV_INT8,AI_HBM_DIV_INT16,AI_HBM_DIV_INT32,AI_HBM_DIV_INT64,AI_HBM_DIV_FP16,AI_HBM_DIV_FP32,AI_HBM_DIV_FP64,AI_HBM_RSQ_INT8,AI_HBM_RSQ_INT16,AI_HBM_RSQ_INT32,AI_HBM_RSQ_INT64,AI_HBM_RSQ_FP16,AI_HBM_RSQ_FP32,AI_HBM_RSQ_FP64,AverageSec,PERF,STDDEV,CI
Test,MI250X_two_gcd,256,16384,4194304,1073741824,1,10,1.07374,2147483648,0.5,0,0,0,0,0,0,0,0,0,0,0,0,0,0,0,0,0,0,0,0,0,0,0,0,0,0,0,0,0,0,0,0,0,0,5.3843,199.451,2.47065,1.53133
Test,MI250X_two_gcd,256,16384,4194304,1073741824,1,10,1.07374,2147483648,0.5,0,0,0,0,0,0,0,0,0,0,0,0,0,0,0,0,0,0,0,0,0,0,0,0,0,0,0,0,0,0,0,0,0,0,5.38666,199.49,5.71046,3.53938
Test,MI250X_two_gcd,256,16384,4194304,1073741824,1,10,1.07374,2147483648,0.5,0,0,0,0,0,0,0,0,0,0,0,0,0,0,0,0,0,0,0,0,0,0,0,0,0,0,0,0,0,0,0,0,0,0,5.38085,199.637,4.2006,2.60356
Test,MI250X_two_gcd,256,16384,4194304,1073741824,1,10,1.07374,2147483648,0.5,0,0,0,0,0,0,0,0,0,0,0,0,0,0,0,0,0,0,0,0,0,0,0,0,0,0,0,0,0,0,0,0,0,0,5.40622,198.734,4.98173,3.08771
Test,MI250X_two_gcd,256,16384,4194304,536870912,1,10,0.536871,2147483648,0,0.25,0,0,0,0,0,0,0,0,0,0,0,0,0,0,0,0,0,0,0,0,0,0,0,0,0,0,0,0,0,0,0,0,0,3.19221,168.185,0.730501,0.452769
Test,MI250X_two_gcd,256,16384,4194304,536870912,1,10,0.536871,2147483648,0,0.25,0,0,0,0,0,0,0,0,0,0,0,0,0,0,0,0,0,0,0,0,0,0,0,0,0,0,0,0,0,0,0,0,0,3.19274,168.171,1.67479,1.03805
Test,MI250X_two_gcd,256,16384,4194304,268435456,1,10,0.268435,2147483648,0,0,0.125,0,0,0,0,0,0,0,0,0,0,0,0,0,0,0,0,0,0,0,0,0,0,0,0,0,0,0,0,0,0,0,0,1.72614,155.514,0.464512,0.287908
Test,MI250X_two_gcd,256,16384,4194304,268435456,1,10,0.268435,2147483648,0,0,0.125,0,0,0,0,0,0,0,0,0,0,0,0,0,0,0,0,0,0,0,0,0,0,0,0,0,0,0,0,0,0,0,0,1.73207,155.015,2.31776,1.43657
Test,MI250X_two_gcd,256,16384,4194304,134217728,1,10,0.134218,2147483648,0,0,0,0.0625,0,0,0,0,0,0,0,0,0,0,0,0,0,0,0,0,0,0,0,0,0,0,0,0,0,0,0,0,0,0,0,1.72062,78.0071,0.342714,0.212416
Test,MI250X_two_gcd,256,16384,4194304,134217728,1,10,0.134218,2147483648,0,0,0,0.0625,0,0,0,0,0,0,0,0,0,0,0,0,0,0,0,0,0,0,0,0,0,0,0,0,0,0,0,0,0,0,0,1.72235,77.9389,0.93952,0.58232
Test,MI250X_two_gcd,256,16384,4194304,536870912,1,10,0.536871,2147483648,0,0,0,0,0.25,0,0,0,0,0,0,0,0,0,0,0,0,0,0,0,0,0,0,0,0,0,0,0,0,0,0,0,0,0,0,3.22972,166.231,0.667748,0.413874
Test,MI250X_two_gcd,256,16384,4194304,536870912,1,10,0.536871,2147483648,0,0,0,0,0.25,0,0,0,0,0,0,0,0,0,0,0,0,0,0,0,0,0,0,0,0,0,0,0,0,0,0,0,0,0,0,3.23901,165.762,1.31888,0.817452
Test,MI250X_two_gcd,256,16384,4194304,268435456,1,10,0.268435,1073741824,0,0,0,0,0,0.25,0,0,0,0,0,0,0,0,0,0,0,0,0,0,0,0,0,0,0,0,0,0,0,0,0,0,0,0,0,0.860294,312.056,2.94375,1.82456
Test,MI250X_two_gcd,256,16384,4194304,268435456,1,10,0.268435,1073741824,0,0,0,0,0,0.25,0,0,0,0,0,0,0,0,0,0,0,0,0,0,0,0,0,0,0,0,0,0,0,0,0,0,0,0,0,0.857333,313.217,5.82016,3.60737
Test,MI250X_two_gcd,256,16384,4194304,134217728,1,10,0.134218,2147483648,0,0,0,0,0,0,0.0625,0,0,0,0,0,0,0,0,0,0,0,0,0,0,0,0,0,0,0,0,0,0,0,0,0,0,0,0,1.73825,77.2148,0.215311,0.133451
Test,MI250X_two_gcd,256,16384,4194304,134217728,1,10,0.134218,2147483648,0,0,0,0,0,0,0.0625,0,0,0,0,0,0,0,0,0,0,0,0,0,0,0,0,0,0,0,0,0,0,0,0,0,0,0,0,1.74908,76.7478,0.940899,0.583175
Test,MI250X_two_gcd,256,16384,4194304,1073741824,1,10,1.07374,2147483648,0,0,0,0,0,0,0,0.5,0,0,0,0,0,0,0,0,0,0,0,0,0,0,0,0,0,0,0,0,0,0,0,0,0,0,0,5.37551,199.791,2.96292,1.83644
Test,MI250X_two_gcd,256,16384,4194304,1073741824,1,10,1.07374,2147483648,0,0,0,0,0,0,0,0.5,0,0,0,0,0,0,0,0,0,0,0,0,0,0,0,0,0,0,0,0,0,0,0,0,0,0,0,5.29515,202.882,4.64201,2.87715
Test,MI250X_two_gcd,256,16384,4194304,536870912,1,10,0.536871,2147483648,0,0,0,0,0,0,0,0,0.25,0,0,0,0,0,0,0,0,0,0,0,0,0,0,0,0,0,0,0,0,0,0,0,0,0,0,3.18338,168.65,0.54242,0.336195
Test,MI250X_two_gcd,256,16384,4194304,536870912,1,10,0.536871,2147483648,0,0,0,0,0,0,0,0,0.25,0,0,0,0,0,0,0,0,0,0,0,0,0,0,0,0,0,0,0,0,0,0,0,0,0,0,3.17955,168.852,0.415502,0.257531
Test,MI250X_two_gcd,256,16384,4194304,268435456,1,10,0.268435,2147483648,0,0,0,0,0,0,0,0,0,0.125,0,0,0,0,0,0,0,0,0,0,0,0,0,0,0,0,0,0,0,0,0,0,0,0,0,1.72388,155.717,0.359719,0.222956
Test,MI250X_two_gcd,256,16384,4194304,268435456,1,10,0.268435,2147483648,0,0,0,0,0,0,0,0,0,0.125,0,0,0,0,0,0,0,0,0,0,0,0,0,0,0,0,0,0,0,0,0,0,0,0,0,1.72263,155.829,0.140106,0.0868388
Test,MI250X_two_gcd,256,16384,4194304,134217728,1,10,0.134218,2147483648,0,0,0,0,0,0,0,0,0,0,0.0625,0,0,0,0,0,0,0,0,0,0,0,0,0,0,0,0,0,0,0,0,0,0,0,0,1.7178,78.1343,0.268113,0.166178
Test,MI250X_two_gcd,256,16384,4194304,134217728,1,10,0.134218,2147483648,0,0,0,0,0,0,0,0,0,0,0.0625,0,0,0,0,0,0,0,0,0,0,0,0,0,0,0,0,0,0,0,0,0,0,0,0,1.72617,77.7633,0.812789,0.503772
Test,MI250X_two_gcd,256,16384,4194304,536870912,1,10,0.536871,2147483648,0,0,0,0,0,0,0,0,0,0,0,0.25,0,0,0,0,0,0,0,0,0,0,0,0,0,0,0,0,0,0,0,0,0,0,0,3.23138,166.146,0.755129,0.468034
Test,MI250X_two_gcd,256,16384,4194304,536870912,1,10,0.536871,2147483648,0,0,0,0,0,0,0,0,0,0,0,0.25,0,0,0,0,0,0,0,0,0,0,0,0,0,0,0,0,0,0,0,0,0,0,0,3.24378,165.519,1.373,0.850992
Test,MI250X_two_gcd,256,16384,4194304,268435456,1,10,0.268435,1073741824,0,0,0,0,0,0,0,0,0,0,0,0,0.25,0,0,0,0,0,0,0,0,0,0,0,0,0,0,0,0,0,0,0,0,0,0,0.860006,312.15,2.3342,1.44675
Test,MI250X_two_gcd,256,16384,4194304,268435456,1,10,0.268435,1073741824,0,0,0,0,0,0,0,0,0,0,0,0,0.25,0,0,0,0,0,0,0,0,0,0,0,0,0,0,0,0,0,0,0,0,0,0,0.864566,310.595,5.78039,3.58273
Test,MI250X_two_gcd,256,16384,4194304,134217728,1,10,0.134218,2147483648,0,0,0,0,0,0,0,0,0,0,0,0,0,0.0625,0,0,0,0,0,0,0,0,0,0,0,0,0,0,0,0,0,0,0,0,0,1.73751,77.249,0.392353,0.243183
Test,MI250X_two_gcd,256,16384,4194304,134217728,1,10,0.134218,2147483648,0,0,0,0,0,0,0,0,0,0,0,0,0,0.0625,0,0,0,0,0,0,0,0,0,0,0,0,0,0,0,0,0,0,0,0,0,1.73604,77.3155,0.488029,0.302484
Test,MI250X_two_gcd,256,16384,4194304,1073741824,1,10,2.14748,2147483648,0,0,0,0,0,0,0,0,0,0,0,0,0,0,1,0,0,0,0,0,0,0,0,0,0,0,0,0,0,0,0,0,0,0,0,5.24518,409.489,5.32334,3.29944
Test,MI250X_two_gcd,256,16384,4194304,1073741824,1,10,2.14748,2147483648,0,0,0,0,0,0,0,0,0,0,0,0,0,0,1,0,0,0,0,0,0,0,0,0,0,0,0,0,0,0,0,0,0,0,0,5.32078,403.938,11.971,7.41973
Test,MI250X_two_gcd,256,16384,4194304,536870912,1,10,1.07374,2147483648,0,0,0,0,0,0,0,0,0,0,0,0,0,0,0,0.5,0,0,0,0,0,0,0,0,0,0,0,0,0,0,0,0,0,0,0,3.24124,331.279,1.06814,0.662041
Test,MI250X_two_gcd,256,16384,4194304,536870912,1,10,1.07374,2147483648,0,0,0,0,0,0,0,0,0,0,0,0,0,0,0,0.5,0,0,0,0,0,0,0,0,0,0,0,0,0,0,0,0,0,0,0,3.25511,329.893,3.06155,1.89757
Test,MI250X_two_gcd,256,16384,4194304,268435456,1,10,0.536871,2147483648,0,0,0,0,0,0,0,0,0,0,0,0,0,0,0,0,0.25,0,0,0,0,0,0,0,0,0,0,0,0,0,0,0,0,0,0,1.73745,309.002,1.00101,0.620433
Test,MI250X_two_gcd,256,16384,4194304,268435456,1,10,0.536871,2147483648,0,0,0,0,0,0,0,0,0,0,0,0,0,0,0,0,0.25,0,0,0,0,0,0,0,0,0,0,0,0,0,0,0,0,0,0,1.74092,308.406,2.63521,1.63332
Test,MI250X_two_gcd,256,16384,4194304,134217728,1,10,0.268435,2147483648,0,0,0,0,0,0,0,0,0,0,0,0,0,0,0,0,0,0.125,0,0,0,0,0,0,0,0,0,0,0,0,0,0,0,0,0,1.74251,154.053,0.56712,0.351505
Test,MI250X_two_gcd,256,16384,4194304,134217728,1,10,0.268435,2147483648,0,0,0,0,0,0,0,0,0,0,0,0,0,0,0,0,0,0.125,0,0,0,0,0,0,0,0,0,0,0,0,0,0,0,0,0,1.75163,153.263,1.46181,0.906039
Test,MI250X_two_gcd,256,16384,4194304,536870912,1,10,1.07374,2147483648,0,0,0,0,0,0,0,0,0,0,0,0,0,0,0,0,0,0,0.5,0,0,0,0,0,0,0,0,0,0,0,0,0,0,0,0,3.25237,330.143,0.85206,0.528112
Test,MI250X_two_gcd,256,16384,4194304,536870912,1,10,1.07374,2147483648,0,0,0,0,0,0,0,0,0,0,0,0,0,0,0,0,0,0,0.5,0,0,0,0,0,0,0,0,0,0,0,0,0,0,0,0,3.24859,330.529,1.13319,0.702358
Test,MI250X_two_gcd,256,16384,4194304,268435456,1,10,0.536871,1073741824,0,0,0,0,0,0,0,0,0,0,0,0,0,0,0,0,0,0,0,0.5,0,0,0,0,0,0,0,0,0,0,0,0,0,0,0,0.864197,621.312,6.83641,4.23725
Test,MI250X_two_gcd,256,16384,4194304,268435456,1,10,0.536871,1073741824,0,0,0,0,0,0,0,0,0,0,0,0,0,0,0,0,0,0,0,0.5,0,0,0,0,0,0,0,0,0,0,0,0,0,0,0,0.860309,624.153,8.19104,5.07686
Test,MI250X_two_gcd,256,16384,4194304,134217728,1,10,0.268435,2147483648,0,0,0,0,0,0,0,0,0,0,0,0,0,0,0,0,0,0,0,0,0.125,0,0,0,0,0,0,0,0,0,0,0,0,0,0,1.73811,154.444,0.643064,0.398575
Test,MI250X_two_gcd,256,16384,4194304,134217728,1,10,0.268435,2147483648,0,0,0,0,0,0,0,0,0,0,0,0,0,0,0,0,0,0,0,0,0.125,0,0,0,0,0,0,0,0,0,0,0,0,0,0,1.74096,154.197,1.11212,0.689296
Test,MI250X_two_gcd,256,16384,4194304,1073741824,1,10,1.07374,2147483648,0,0,0,0,0,0,0,0,0,0,0,0,0,0,0,0,0,0,0,0,0,0.5,0,0,0,0,0,0,0,0,0,0,0,0,0,6.01946,178.381,0.648731,0.402088
Test,MI250X_two_gcd,256,16384,4194304,1073741824,1,10,1.07374,2147483648,0,0,0,0,0,0,0,0,0,0,0,0,0,0,0,0,0,0,0,0,0,0.5,0,0,0,0,0,0,0,0,0,0,0,0,0,5.99087,179.26,2.34323,1.45235
Test,MI250X_two_gcd,256,16384,4194304,536870912,1,10,0.536871,2147483648,0,0,0,0,0,0,0,0,0,0,0,0,0,0,0,0,0,0,0,0,0,0,0.25,0,0,0,0,0,0,0,0,0,0,0,0,3.40082,157.866,0.321724,0.199407
Test,MI250X_two_gcd,256,16384,4194304,536870912,1,10,0.536871,2147483648,0,0,0,0,0,0,0,0,0,0,0,0,0,0,0,0,0,0,0,0,0,0,0.25,0,0,0,0,0,0,0,0,0,0,0,0,3.41773,157.107,1.87307,1.16094
Test,MI250X_two_gcd,256,16384,4194304,268435456,1,10,0.268435,2147483648,0,0,0,0,0,0,0,0,0,0,0,0,0,0,0,0,0,0,0,0,0,0,0,0.125,0,0,0,0,0,0,0,0,0,0,0,1.76635,151.977,0.865028,0.53615
Test,MI250X_two_gcd,256,16384,4194304,268435456,1,10,0.268435,2147483648,0,0,0,0,0,0,0,0,0,0,0,0,0,0,0,0,0,0,0,0,0,0,0,0.125,0,0,0,0,0,0,0,0,0,0,0,1.76335,152.232,0.575864,0.356924
Test,MI250X_two_gcd,256,16384,4194304,134217728,1,10,0.134218,2147483648,0,0,0,0,0,0,0,0,0,0,0,0,0,0,0,0,0,0,0,0,0,0,0,0,0.0625,0,0,0,0,0,0,0,0,0,0,1.72878,77.6376,0.130629,0.0809646
Test,MI250X_two_gcd,256,16384,4194304,134217728,1,10,0.134218,2147483648,0,0,0,0,0,0,0,0,0,0,0,0,0,0,0,0,0,0,0,0,0,0,0,0,0.0625,0,0,0,0,0,0,0,0,0,0,1.73327,77.444,0.78174,0.484528
Test,MI250X_two_gcd,256,16384,4194304,536870912,1,10,0.536871,2147483648,0,0,0,0,0,0,0,0,0,0,0,0,0,0,0,0,0,0,0,0,0,0,0,0,0,0.25,0,0,0,0,0,0,0,0,0,3.33276,161.09,0.377902,0.234226
Test,MI250X_two_gcd,256,16384,4194304,536870912,1,10,0.536871,2147483648,0,0,0,0,0,0,0,0,0,0,0,0,0,0,0,0,0,0,0,0,0,0,0,0,0,0.25,0,0,0,0,0,0,0,0,0,3.35666,159.99,2.74493,1.70133
Test,MI250X_two_gcd,256,16384,4194304,268435456,1,10,0.268435,2147483648,0,0,0,0,0,0,0,0,0,0,0,0,0,0,0,0,0,0,0,0,0,0,0,0,0,0,0.125,0,0,0,0,0,0,0,0,1.77452,151.275,0.651649,0.403896
Test,MI250X_two_gcd,256,16384,4194304,268435456,1,10,0.268435,2147483648,0,0,0,0,0,0,0,0,0,0,0,0,0,0,0,0,0,0,0,0,0,0,0,0,0,0,0.125,0,0,0,0,0,0,0,0,1.77495,151.28,2.54245,1.57583
Test,MI250X_two_gcd,256,16384,4194304,134217728,1,10,0.134218,2147483648,0,0,0,0,0,0,0,0,0,0,0,0,0,0,0,0,0,0,0,0,0,0,0,0,0,0,0,0.0625,0,0,0,0,0,0,0,1.73654,77.2914,0.274261,0.169989
Test,MI250X_two_gcd,256,16384,4194304,134217728,1,10,0.134218,2147483648,0,0,0,0,0,0,0,0,0,0,0,0,0,0,0,0,0,0,0,0,0,0,0,0,0,0,0,0.0625,0,0,0,0,0,0,0,1.7414,77.0795,0.614636,0.380955
Test,MI250X_two_gcd,256,16384,4194304,1073741824,1,10,2.14748,2147483648,0,0,0,0,0,0,0,0,0,0,0,0,0,0,0,0,0,0,0,0,0,0,0,0,0,0,0,0,1,0,0,0,0,0,0,6.17161,347.991,3.18959,1.97693
Test,MI250X_two_gcd,256,16384,4194304,1073741824,1,10,2.14748,2147483648,0,0,0,0,0,0,0,0,0,0,0,0,0,0,0,0,0,0,0,0,0,0,0,0,0,0,0,0,1,0,0,0,0,0,0,6.18879,347.008,2.0362,1.26205
Test,MI250X_two_gcd,256,16384,4194304,536870912,1,10,1.07374,2147483648,0,0,0,0,0,0,0,0,0,0,0,0,0,0,0,0,0,0,0,0,0,0,0,0,0,0,0,0,0,0.5,0,0,0,0,0,3.40866,315.006,0.78599,0.487161
Test,MI250X_two_gcd,256,16384,4194304,536870912,1,10,1.07374,2147483648,0,0,0,0,0,0,0,0,0,0,0,0,0,0,0,0,0,0,0,0,0,0,0,0,0,0,0,0,0,0.5,0,0,0,0,0,3.415,314.443,2.70152,1.67442
Test,MI250X_two_gcd,256,16384,4194304,268435456,1,10,0.536871,2147483648,0,0,0,0,0,0,0,0,0,0,0,0,0,0,0,0,0,0,0,0,0,0,0,0,0,0,0,0,0,0,0.25,0,0,0,0,1.76783,303.707,2.36254,1.46432
Test,MI250X_two_gcd,256,16384,4194304,268435456,1,10,0.536871,2147483648,0,0,0,0,0,0,0,0,0,0,0,0,0,0,0,0,0,0,0,0,0,0,0,0,0,0,0,0,0,0,0.25,0,0,0,0,1.77436,302.642,4.57133,2.83334
Test,MI250X_two_gcd,256,16384,4194304,134217728,1,10,0.268435,2147483648,0,0,0,0,0,0,0,0,0,0,0,0,0,0,0,0,0,0,0,0,0,0,0,0,0,0,0,0,0,0,0,0.125,0,0,0,1.72993,155.172,0.283468,0.175695
Test,MI250X_two_gcd,256,16384,4194304,134217728,1,10,0.268435,2147483648,0,0,0,0,0,0,0,0,0,0,0,0,0,0,0,0,0,0,0,0,0,0,0,0,0,0,0,0,0,0,0,0.125,0,0,0,1.7336,154.857,1.43338,0.888416
Test,MI250X_two_gcd,256,16384,4194304,536870912,1,10,1.07374,2147483648,0,0,0,0,0,0,0,0,0,0,0,0,0,0,0,0,0,0,0,0,0,0,0,0,0,0,0,0,0,0,0,0,0.5,0,0,3.4208,313.887,0.685926,0.425141
Test,MI250X_two_gcd,256,16384,4194304,536870912,1,10,1.07374,2147483648,0,0,0,0,0,0,0,0,0,0,0,0,0,0,0,0,0,0,0,0,0,0,0,0,0,0,0,0,0,0,0,0,0.5,0,0,3.43562,312.572,3.48818,2.162
Test,MI250X_two_gcd,256,16384,4194304,268435456,1,10,0.536871,2147483648,0,0,0,0,0,0,0,0,0,0,0,0,0,0,0,0,0,0,0,0,0,0,0,0,0,0,0,0,0,0,0,0,0,0.25,0,1.76788,303.682,0.780971,0.484051
Test,MI250X_two_gcd,256,16384,4194304,268435456,1,10,0.536871,2147483648,0,0,0,0,0,0,0,0,0,0,0,0,0,0,0,0,0,0,0,0,0,0,0,0,0,0,0,0,0,0,0,0,0,0.25,0,1.75774,305.439,1.39092,0.8621
Test,MI250X_two_gcd,256,16384,4194304,134217728,1,10,0.268435,2147483648,0,0,0,0,0,0,0,0,0,0,0,0,0,0,0,0,0,0,0,0,0,0,0,0,0,0,0,0,0,0,0,0,0,0,0.125,1.7363,154.603,0.332727,0.206227
Test,MI250X_two_gcd,256,16384,4194304,134217728,1,10,0.268435,2147483648,0,0,0,0,0,0,0,0,0,0,0,0,0,0,0,0,0,0,0,0,0,0,0,0,0,0,0,0,0,0,0,0,0,0,0.125,1.74489,153.854,1.41352,0.876108
Test,MI250X_two_gcd,256,16384,4194304,1073741824,2,10,2.14748,2147483648,1,0,0,0,0,0,0,0,0,0,0,0,0,0,0,0,0,0,0,0,0,0,0,0,0,0,0,0,0,0,0,0,0,0,0,5.39203,398.373,6.36387,3.94437
Test,MI250X_two_gcd,256,16384,4194304,1073741824,2,10,2.14748,2147483648,1,0,0,0,0,0,0,0,0,0,0,0,0,0,0,0,0,0,0,0,0,0,0,0,0,0,0,0,0,0,0,0,0,0,0,5.41844,396.437,6.61723,4.1014
Test,MI250X_two_gcd,256,16384,4194304,536870912,2,10,1.07374,2147483648,0,0.5,0,0,0,0,0,0,0,0,0,0,0,0,0,0,0,0,0,0,0,0,0,0,0,0,0,0,0,0,0,0,0,0,0,3.18679,336.938,1.01745,0.630622
Test,MI250X_two_gcd,256,16384,4194304,536870912,2,10,1.07374,2147483648,0,0.5,0,0,0,0,0,0,0,0,0,0,0,0,0,0,0,0,0,0,0,0,0,0,0,0,0,0,0,0,0,0,0,0,0,3.1838,337.282,3.13342,1.94211
Test,MI250X_two_gcd,256,16384,4194304,268435456,2,10,0.536871,2147483648,0,0,0.25,0,0,0,0,0,0,0,0,0,0,0,0,0,0,0,0,0,0,0,0,0,0,0,0,0,0,0,0,0,0,0,0,1.7222,311.736,0.604307,0.374553
Test,MI250X_two_gcd,256,16384,4194304,268435456,2,10,0.536871,2147483648,0,0,0.25,0,0,0,0,0,0,0,0,0,0,0,0,0,0,0,0,0,0,0,0,0,0,0,0,0,0,0,0,0,0,0,0,1.72406,311.402,0.831523,0.515383
Test,MI250X_two_gcd,256,16384,4194304,134217728,2,10,0.268435,2147483648,0,0,0,0.125,0,0,0,0,0,0,0,0,0,0,0,0,0,0,0,0,0,0,0,0,0,0,0,0,0,0,0,0,0,0,0,1.71881,156.178,0.67686,0.419522
Test,MI250X_two_gcd,256,16384,4194304,134217728,2,10,0.268435,2147483648,0,0,0,0.125,0,0,0,0,0,0,0,0,0,0,0,0,0,0,0,0,0,0,0,0,0,0,0,0,0,0,0,0,0,0,0,1.72252,155.86,1.7888,1.10871
Test,MI250X_two_gcd,256,16384,4194304,536870912,2,10,1.07374,2147483648,0,0,0,0,0.5,0,0,0,0,0,0,0,0,0,0,0,0,0,0,0,0,0,0,0,0,0,0,0,0,0,0,0,0,0,0,3.24173,331.229,1.15702,0.717129
Test,MI250X_two_gcd,256,16384,4194304,536870912,2,10,1.07374,2147483648,0,0,0,0,0.5,0,0,0,0,0,0,0,0,0,0,0,0,0,0,0,0,0,0,0,0,0,0,0,0,0,0,0,0,0,0,3.24456,330.939,1.05918,0.656484
Test,MI250X_two_gcd,256,16384,4194304,268435456,2,10,0.536871,1073741824,0,0,0,0,0,0.5,0,0,0,0,0,0,0,0,0,0,0,0,0,0,0,0,0,0,0,0,0,0,0,0,0,0,0,0,0,0.859109,624.985,6.55033,4.05994
Test,MI250X_two_gcd,256,16384,4194304,268435456,2,10,0.536871,1073741824,0,0,0,0,0,0.5,0,0,0,0,0,0,0,0,0,0,0,0,0,0,0,0,0,0,0,0,0,0,0,0,0,0,0,0,0,0.853637,628.997,6.8672,4.25634
Test,MI250X_two_gcd,256,16384,4194304,134217728,2,10,0.268435,2147483648,0,0,0,0,0,0,0.125,0,0,0,0,0,0,0,0,0,0,0,0,0,0,0,0,0,0,0,0,0,0,0,0,0,0,0,0,1.73744,154.502,0.438664,0.271887
Test,MI250X_two_gcd,256,16384,4194304,134217728,2,10,0.268435,2147483648,0,0,0,0,0,0,0.125,0,0,0,0,0,0,0,0,0,0,0,0,0,0,0,0,0,0,0,0,0,0,0,0,0,0,0,0,1.74239,154.067,0.944614,0.585478
Test,MI250X_two_gcd,256,16384,4194304,1073741824,2,10,2.14748,2147483648,0,0,0,0,0,0,0,1,0,0,0,0,0,0,0,0,0,0,0,0,0,0,0,0,0,0,0,0,0,0,0,0,0,0,0,5.39952,397.786,5.22475,3.23833
Test,MI250X_two_gcd,256,16384,4194304,1073741824,2,10,2.14748,2147483648,0,0,0,0,0,0,0,1,0,0,0,0,0,0,0,0,0,0,0,0,0,0,0,0,0,0,0,0,0,0,0,0,0,0,0,5.29024,406.564,16.4306,10.1838
Test,MI250X_two_gcd,256,16384,4194304,536870912,2,10,1.07374,2147483648,0,0,0,0,0,0,0,0,0.5,0,0,0,0,0,0,0,0,0,0,0,0,0,0,0,0,0,0,0,0,0,0,0,0,0,0,3.18007,337.651,1.06736,0.661558
Test,MI250X_two_gcd,256,16384,4194304,536870912,2,10,1.07374,2147483648,0,0,0,0,0,0,0,0,0.5,0,0,0,0,0,0,0,0,0,0,0,0,0,0,0,0,0,0,0,0,0,0,0,0,0,0,3.18264,337.376,0.856973,0.531157
Test,MI250X_two_gcd,256,16384,4194304,268435456,2,10,0.536871,2147483648,0,0,0,0,0,0,0,0,0,0.25,0,0,0,0,0,0,0,0,0,0,0,0,0,0,0,0,0,0,0,0,0,0,0,0,0,1.72255,311.672,0.435974,0.270219
Test,MI250X_two_gcd,256,16384,4194304,268435456,2,10,0.536871,2147483648,0,0,0,0,0,0,0,0,0,0.25,0,0,0,0,0,0,0,0,0,0,0,0,0,0,0,0,0,0,0,0,0,0,0,0,0,1.74098,308.507,6.356,3.93949
Test,MI250X_two_gcd,256,16384,4194304,134217728,2,10,0.268435,2147483648,0,0,0,0,0,0,0,0,0,0,0.125,0,0,0,0,0,0,0,0,0,0,0,0,0,0,0,0,0,0,0,0,0,0,0,0,1.72073,156.005,0.839547,0.520357
Test,MI250X_two_gcd,256,16384,4194304,134217728,2,10,0.268435,2147483648,0,0,0,0,0,0,0,0,0,0,0.125,0,0,0,0,0,0,0,0,0,0,0,0,0,0,0,0,0,0,0,0,0,0,0,0,1.71803,156.249,0.626585,0.388362
Test,MI250X_two_gcd,256,16384,4194304,536870912,2,10,1.07374,2147483648,0,0,0,0,0,0,0,0,0,0,0,0.5,0,0,0,0,0,0,0,0,0,0,0,0,0,0,0,0,0,0,0,0,0,0,0,3.23877,331.53,0.912217,0.565398
Test,MI250X_two_gcd,256,16384,4194304,536870912,2,10,1.07374,2147483648,0,0,0,0,0,0,0,0,0,0,0,0.5,0,0,0,0,0,0,0,0,0,0,0,0,0,0,0,0,0,0,0,0,0,0,0,3.25085,330.341,3.79787,2.35394
Test,MI250X_two_gcd,256,16384,4194304,268435456,2,10,0.536871,1073741824,0,0,0,0,0,0,0,0,0,0,0,0,0.5,0,0,0,0,0,0,0,0,0,0,0,0,0,0,0,0,0,0,0,0,0,0,0.857813,625.933,6.72565,4.1686
Test,MI250X_two_gcd,256,16384,4194304,268435456,2,10,0.536871,1073741824,0,0,0,0,0,0,0,0,0,0,0,0,0.5,0,0,0,0,0,0,0,0,0,0,0,0,0,0,0,0,0,0,0,0,0,0,0.855109,627.906,6.46025,4.0041
Test,MI250X_two_gcd,256,16384,4194304,134217728,2,10,0.268435,2147483648,0,0,0,0,0,0,0,0,0,0,0,0,0,0.125,0,0,0,0,0,0,0,0,0,0,0,0,0,0,0,0,0,0,0,0,0,1.74241,154.065,0.887472,0.550061
Test,MI250X_two_gcd,256,16384,4194304,134217728,2,10,0.268435,2147483648,0,0,0,0,0,0,0,0,0,0,0,0,0,0.125,0,0,0,0,0,0,0,0,0,0,0,0,0,0,0,0,0,0,0,0,0,1.73752,154.5,1.00824,0.624913
Test,MI250X_two_gcd,256,16384,4194304,1073741824,2,10,4.29497,2147483648,0,0,0,0,0,0,0,0,0,0,0,0,0,0,2,0,0,0,0,0,0,0,0,0,0,0,0,0,0,0,0,0,0,0,0,5.35954,801.426,6.77633,4.20001
Test,MI250X_two_gcd,256,16384,4194304,1073741824,2,10,4.29497,2147483648,0,0,0,0,0,0,0,0,0,0,0,0,0,0,2,0,0,0,0,0,0,0,0,0,0,0,0,0,0,0,0,0,0,0,0,5.40241,795.214,12.8528,7.96627
Test,MI250X_two_gcd,256,16384,4194304,536870912,2,10,2.14748,2147483648,0,0,0,0,0,0,0,0,0,0,0,0,0,0,0,1,0,0,0,0,0,0,0,0,0,0,0,0,0,0,0,0,0,0,0,3.25962,658.824,2.55248,1.58204
Test,MI250X_two_gcd,256,16384,4194304,536870912,2,10,2.14748,2147483648,0,0,0,0,0,0,0,0,0,0,0,0,0,0,0,1,0,0,0,0,0,0,0,0,0,0,0,0,0,0,0,0,0,0,0,3.28837,653.27,11.7242,7.26672
Test,MI250X_two_gcd,256,16384,4194304,268435456,2,10,1.07374,2147483648,0,0,0,0,0,0,0,0,0,0,0,0,0,0,0,0,0.5,0,0,0,0,0,0,0,0,0,0,0,0,0,0,0,0,0,0,1.73486,618.928,1.89346,1.17358
Test,MI250X_two_gcd,256,16384,4194304,268435456,2,10,1.07374,2147483648,0,0,0,0,0,0,0,0,0,0,0,0,0,0,0,0,0.5,0,0,0,0,0,0,0,0,0,0,0,0,0,0,0,0,0,0,1.73743,618.009,1.74573,1.08201
Test,MI250X_two_gcd,256,16384,4194304,134217728,2,10,0.536871,2147483648,0,0,0,0,0,0,0,0,0,0,0,0,0,0,0,0,0,0.25,0,0,0,0,0,0,0,0,0,0,0,0,0,0,0,0,0,1.73945,308.647,0.94556,0.586064
Test,MI250X_two_gcd,256,16384,4194304,134217728,2,10,0.536871,2147483648,0,0,0,0,0,0,0,0,0,0,0,0,0,0,0,0,0,0.25,0,0,0,0,0,0,0,0,0,0,0,0,0,0,0,0,0,1.74088,308.405,2.03554,1.26164
Test,MI250X_two_gcd,256,16384,4194304,536870912,2,10,2.14748,2147483648,0,0,0,0,0,0,0,0,0,0,0,0,0,0,0,0,0,0,1,0,0,0,0,0,0,0,0,0,0,0,0,0,0,0,0,3.33952,643.058,2.15585,1.33621
Test,MI250X_two_gcd,256,16384,4194304,536870912,2,10,2.14748,2147483648,0,0,0,0,0,0,0,0,0,0,0,0,0,0,0,0,0,0,1,0,0,0,0,0,0,0,0,0,0,0,0,0,0,0,0,3.35591,640.014,7.98133,4.94688
Test,MI250X_two_gcd,256,16384,4194304,268435456,2,10,1.07374,1073741824,0,0,0,0,0,0,0,0,0,0,0,0,0,0,0,0,0,0,0,1,0,0,0,0,0,0,0,0,0,0,0,0,0,0,0,0.85434,1256.84,5.84793,3.62458
Test,MI250X_two_gcd,256,16384,4194304,268435456,2,10,1.07374,1073741824,0,0,0,0,0,0,0,0,0,0,0,0,0,0,0,0,0,0,0,1,0,0,0,0,0,0,0,0,0,0,0,0,0,0,0,0.858085,1251.46,12.8585,7.96977
Test,MI250X_two_gcd,256,16384,4194304,134217728,2,10,0.536871,2147483648,0,0,0,0,0,0,0,0,0,0,0,0,0,0,0,0,0,0,0,0,0.25,0,0,0,0,0,0,0,0,0,0,0,0,0,0,1.73945,308.652,1.50832,0.934869
Test,MI250X_two_gcd,256,16384,4194304,134217728,2,10,0.536871,2147483648,0,0,0,0,0,0,0,0,0,0,0,0,0,0,0,0,0,0,0,0,0.25,0,0,0,0,0,0,0,0,0,0,0,0,0,0,1.7443,307.807,2.50619,1.55335
Test,MI250X_two_gcd,256,16384,4194304,1073741824,2,10,2.14748,2147483648,0,0,0,0,0,0,0,0,0,0,0,0,0,0,0,0,0,0,0,0,0,1,0,0,0,0,0,0,0,0,0,0,0,0,0,6.25565,343.293,1.41827,0.879051
Test,MI250X_two_gcd,256,16384,4194304,1073741824,2,10,2.14748,2147483648,0,0,0,0,0,0,0,0,0,0,0,0,0,0,0,0,0,0,0,0,0,1,0,0,0,0,0,0,0,0,0,0,0,0,0,6.27309,342.336,1.00547,0.623194
Test,MI250X_two_gcd,256,16384,4194304,536870912,2,10,1.07374,2147483648,0,0,0,0,0,0,0,0,0,0,0,0,0,0,0,0,0,0,0,0,0,0,0.5,0,0,0,0,0,0,0,0,0,0,0,0,3.43609,312.491,0.706293,0.437765
Test,MI250X_two_gcd,256,16384,4194304,536870912,2,10,1.07374,2147483648,0,0,0,0,0,0,0,0,0,0,0,0,0,0,0,0,0,0,0,0,0,0,0.5,0,0,0,0,0,0,0,0,0,0,0,0,3.45202,311.062,2.13431,1.32286
Test,MI250X_two_gcd,256,16384,4194304,268435456,2,10,0.536871,2147483648,0,0,0,0,0,0,0,0,0,0,0,0,0,0,0,0,0,0,0,0,0,0,0,0.25,0,0,0,0,0,0,0,0,0,0,0,1.77918,301.759,1.40726,0.872229
Test,MI250X_two_gcd,256,16384,4194304,268435456,2,10,0.536871,2147483648,0,0,0,0,0,0,0,0,0,0,0,0,0,0,0,0,0,0,0,0,0,0,0,0.25,0,0,0,0,0,0,0,0,0,0,0,1.78137,301.438,4.08866,2.53418
Test,MI250X_two_gcd,256,16384,4194304,134217728,2,10,0.268435,2147483648,0,0,0,0,0,0,0,0,0,0,0,0,0,0,0,0,0,0,0,0,0,0,0,0,0.125,0,0,0,0,0,0,0,0,0,0,1.72788,155.355,0.164736,0.102104
Test,MI250X_two_gcd,256,16384,4194304,134217728,2,10,0.268435,2147483648,0,0,0,0,0,0,0,0,0,0,0,0,0,0,0,0,0,0,0,0,0,0,0,0,0.125,0,0,0,0,0,0,0,0,0,0,1.72836,155.312,0.227487,0.140998
Test,MI250X_two_gcd,256,16384,4194304,536870912,2,10,1.07374,2147483648,0,0,0,0,0,0,0,0,0,0,0,0,0,0,0,0,0,0,0,0,0,0,0,0,0,0.5,0,0,0,0,0,0,0,0,0,3.4128,314.623,0.652445,0.404389
Test,MI250X_two_gcd,256,16384,4194304,536870912,2,10,1.07374,2147483648,0,0,0,0,0,0,0,0,0,0,0,0,0,0,0,0,0,0,0,0,0,0,0,0,0,0.5,0,0,0,0,0,0,0,0,0,3.42085,313.907,2.784,1.72554
Test,MI250X_two_gcd,256,16384,4194304,268435456,2,10,0.536871,2147483648,0,0,0,0,0,0,0,0,0,0,0,0,0,0,0,0,0,0,0,0,0,0,0,0,0,0,0.25,0,0,0,0,0,0,0,0,1.78987,299.955,1.17471,0.728095
Test,MI250X_two_gcd,256,16384,4194304,268435456,2,10,0.536871,2147483648,0,0,0,0,0,0,0,0,0,0,0,0,0,0,0,0,0,0,0,0,0,0,0,0,0,0,0.25,0,0,0,0,0,0,0,0,1.78595,300.611,0.901468,0.558735
Test,MI250X_two_gcd,256,16384,4194304,134217728,2,10,0.268435,2147483648,0,0,0,0,0,0,0,0,0,0,0,0,0,0,0,0,0,0,0,0,0,0,0,0,0,0,0,0.125,0,0,0,0,0,0,0,1.73035,155.135,0.447986,0.277665
Test,MI250X_two_gcd,256,16384,4194304,134217728,2,10,0.268435,2147483648,0,0,0,0,0,0,0,0,0,0,0,0,0,0,0,0,0,0,0,0,0,0,0,0,0,0,0,0.125,0,0,0,0,0,0,0,1.74105,154.191,1.25128,0.775551
Test,MI250X_two_gcd,256,16384,4194304,1073741824,2,10,4.29497,2147483648,0,0,0,0,0,0,0,0,0,0,0,0,0,0,0,0,0,0,0,0,0,0,0,0,0,0,0,0,2,0,0,0,0,0,0,6.35989,675.322,1.00748,0.624442
Test,MI250X_two_gcd,256,16384,4194304,1073741824,2,10,4.29497,2147483648,0,0,0,0,0,0,0,0,0,0,0,0,0,0,0,0,0,0,0,0,0,0,0,0,0,0,0,0,2,0,0,0,0,0,0,6.36927,674.336,2.5468,1.57852
Test,MI250X_two_gcd,256,16384,4194304,536870912,2,10,2.14748,2147483648,0,0,0,0,0,0,0,0,0,0,0,0,0,0,0,0,0,0,0,0,0,0,0,0,0,0,0,0,0,1,0,0,0,0,0,3.45132,622.223,1.05096,0.651394
Test,MI250X_two_gcd,256,16384,4194304,536870912,2,10,2.14748,2147483648,0,0,0,0,0,0,0,0,0,0,0,0,0,0,0,0,0,0,0,0,0,0,0,0,0,0,0,0,0,1,0,0,0,0,0,3.4481,622.803,0.780167,0.483552
Test,MI250X_two_gcd,256,16384,4194304,268435456,2,10,1.07374,2147483648,0,0,0,0,0,0,0,0,0,0,0,0,0,0,0,0,0,0,0,0,0,0,0,0,0,0,0,0,0,0,0.5,0,0,0,0,1.77487,604.979,2.62264,1.62553
Test,MI250X_two_gcd,256,16384,4194304,268435456,2,10,1.07374,2147483648,0,0,0,0,0,0,0,0,0,0,0,0,0,0,0,0,0,0,0,0,0,0,0,0,0,0,0,0,0,0,0.5,0,0,0,0,1.76766,607.444,2.02633,1.25594
Test,MI250X_two_gcd,256,16384,4194304,134217728,2,10,0.536871,2147483648,0,0,0,0,0,0,0,0,0,0,0,0,0,0,0,0,0,0,0,0,0,0,0,0,0,0,0,0,0,0,0,0.25,0,0,0,1.73815,308.875,0.425531,0.263747
Test,MI250X_two_gcd,256,16384,4194304,134217728,2,10,0.536871,2147483648,0,0,0,0,0,0,0,0,0,0,0,0,0,0,0,0,0,0,0,0,0,0,0,0,0,0,0,0,0,0,0,0.25,0,0,0,1.74531,307.65,3.53315,2.18987
Test,MI250X_two_gcd,256,16384,4194304,536870912,2,10,2.14748,2147483648,0,0,0,0,0,0,0,0,0,0,0,0,0,0,0,0,0,0,0,0,0,0,0,0,0,0,0,0,0,0,0,0,1,0,0,3.45933,620.783,1.23729,0.766881
Test,MI250X_two_gcd,256,16384,4194304,536870912,2,10,2.14748,2147483648,0,0,0,0,0,0,0,0,0,0,0,0,0,0,0,0,0,0,0,0,0,0,0,0,0,0,0,0,0,0,0,0,1,0,0,3.47123,618.702,5.53908,3.43316
Test,MI250X_two_gcd,256,16384,4194304,268435456,2,10,1.07374,2147483648,0,0,0,0,0,0,0,0,0,0,0,0,0,0,0,0,0,0,0,0,0,0,0,0,0,0,0,0,0,0,0,0,0,0.5,0,1.77582,604.677,4.36369,2.70464
Test,MI250X_two_gcd,256,16384,4194304,268435456,2,10,1.07374,2147483648,0,0,0,0,0,0,0,0,0,0,0,0,0,0,0,0,0,0,0,0,0,0,0,0,0,0,0,0,0,0,0,0,0,0.5,0,1.76868,607.104,3.31896,2.05712
Test,MI250X_two_gcd,256,16384,4194304,134217728,2,10,0.536871,2147483648,0,0,0,0,0,0,0,0,0,0,0,0,0,0,0,0,0,0,0,0,0,0,0,0,0,0,0,0,0,0,0,0,0,0,0.25,1.73313,309.772,0.815329,0.505346
Test,MI250X_two_gcd,256,16384,4194304,134217728,2,10,0.536871,2147483648,0,0,0,0,0,0,0,0,0,0,0,0,0,0,0,0,0,0,0,0,0,0,0,0,0,0,0,0,0,0,0,0,0,0,0.25,1.73808,308.891,0.937816,0.581264
Test,MI250X_two_gcd,256,16384,4194304,1073741824,4,10,4.29497,2147483648,2,0,0,0,0,0,0,0,0,0,0,0,0,0,0,0,0,0,0,0,0,0,0,0,0,0,0,0,0,0,0,0,0,0,0,5.63032,762.93,8.83491,5.47594
Test,MI250X_two_gcd,256,16384,4194304,1073741824,4,10,4.29497,2147483648,2,0,0,0,0,0,0,0,0,0,0,0,0,0,0,0,0,0,0,0,0,0,0,0,0,0,0,0,0,0,0,0,0,0,0,5.63698,762.142,12.9726,8.04048
Test,MI250X_two_gcd,256,16384,4194304,536870912,4,10,2.14748,2147483648,0,1,0,0,0,0,0,0,0,0,0,0,0,0,0,0,0,0,0,0,0,0,0,0,0,0,0,0,0,0,0,0,0,0,0,3.28469,653.789,1.49857,0.928825
Test,MI250X_two_gcd,256,16384,4194304,536870912,4,10,2.14748,2147483648,0,1,0,0,0,0,0,0,0,0,0,0,0,0,0,0,0,0,0,0,0,0,0,0,0,0,0,0,0,0,0,0,0,0,0,3.28234,654.259,1.83248,1.13578
Test,MI250X_two_gcd,256,16384,4194304,268435456,4,10,1.07374,2147483648,0,0,0.5,0,0,0,0,0,0,0,0,0,0,0,0,0,0,0,0,0,0,0,0,0,0,0,0,0,0,0,0,0,0,0,0,1.73475,618.968,1.8435,1.14261
Test,MI250X_two_gcd,256,16384,4194304,268435456,4,10,1.07374,2147483648,0,0,0.5,0,0,0,0,0,0,0,0,0,0,0,0,0,0,0,0,0,0,0,0,0,0,0,0,0,0,0,0,0,0,0,0,1.73155,620.107,0.683694,0.423758
Test,MI250X_two_gcd,256,16384,4194304,134217728,4,10,0.536871,2147483648,0,0,0,0.25,0,0,0,0,0,0,0,0,0,0,0,0,0,0,0,0,0,0,0,0,0,0,0,0,0,0,0,0,0,0,0,1.71631,312.812,1.52213,0.943426
Test,MI250X_two_gcd,256,16384,4194304,134217728,4,10,0.536871,2147483648,0,0,0,0.25,0,0,0,0,0,0,0,0,0,0,0,0,0,0,0,0,0,0,0,0,0,0,0,0,0,0,0,0,0,0,0,1.71966,312.206,1.66587,1.03252
Test,MI250X_two_gcd,256,16384,4194304,536870912,4,10,2.14748,2147483648,0,0,0,0,1,0,0,0,0,0,0,0,0,0,0,0,0,0,0,0,0,0,0,0,0,0,0,0,0,0,0,0,0,0,0,3.31735,647.353,1.39058,0.86189
Test,MI250X_two_gcd,256,16384,4194304,536870912,4,10,2.14748,2147483648,0,0,0,0,1,0,0,0,0,0,0,0,0,0,0,0,0,0,0,0,0,0,0,0,0,0,0,0,0,0,0,0,0,0,0,3.34282,642.51,7.64977,4.74138
Test,MI250X_two_gcd,256,16384,4194304,268435456,4,10,1.07374,1073741824,0,0,0,0,0,1,0,0,0,0,0,0,0,0,0,0,0,0,0,0,0,0,0,0,0,0,0,0,0,0,0,0,0,0,0,0.857412,1252.44,12.9472,8.02473
Test,MI250X_two_gcd,256,16384,4194304,268435456,4,10,1.07374,1073741824,0,0,0,0,0,1,0,0,0,0,0,0,0,0,0,0,0,0,0,0,0,0,0,0,0,0,0,0,0,0,0,0,0,0,0,0.848837,1265.01,8.11752,5.03129
Test,MI250X_two_gcd,256,16384,4194304,134217728,4,10,0.536871,2147483648,0,0,0,0,0,0,0.25,0,0,0,0,0,0,0,0,0,0,0,0,0,0,0,0,0,0,0,0,0,0,0,0,0,0,0,0,1.74009,308.536,1.28542,0.796713
Test,MI250X_two_gcd,256,16384,4194304,134217728,4,10,0.536871,2147483648,0,0,0,0,0,0,0.25,0,0,0,0,0,0,0,0,0,0,0,0,0,0,0,0,0,0,0,0,0,0,0,0,0,0,0,0,1.74172,308.288,3.74839,2.32327
Test,MI250X_two_gcd,256,16384,4194304,1073741824,4,10,4.29497,2147483648,0,0,0,0,0,0,0,2,0,0,0,0,0,0,0,0,0,0,0,0,0,0,0,0,0,0,0,0,0,0,0,0,0,0,0,5.64447,760.947,4.7889,2.96819
Test,MI250X_two_gcd,256,16384,4194304,1073741824,4,10,4.29497,2147483648,0,0,0,0,0,0,0,2,0,0,0,0,0,0,0,0,0,0,0,0,0,0,0,0,0,0,0,0,0,0,0,0,0,0,0,5.65698,759.311,7.71324,4.78071
Test,MI250X_two_gcd,256,16384,4194304,536870912,4,10,2.14748,2147483648,0,0,0,0,0,0,0,0,1,0,0,0,0,0,0,0,0,0,0,0,0,0,0,0,0,0,0,0,0,0,0,0,0,0,0,3.28348,654.035,2.14805,1.33137
Test,MI250X_two_gcd,256,16384,4194304,536870912,4,10,2.14748,2147483648,0,0,0,0,0,0,0,0,1,0,0,0,0,0,0,0,0,0,0,0,0,0,0,0,0,0,0,0,0,0,0,0,0,0,0,3.30629,649.582,6.57957,4.07806
Test,MI250X_two_gcd,256,16384,4194304,268435456,4,10,1.07374,2147483648,0,0,0,0,0,0,0,0,0,0.5,0,0,0,0,0,0,0,0,0,0,0,0,0,0,0,0,0,0,0,0,0,0,0,0,0,1.73412,619.196,2.69857,1.67259
Test,MI250X_two_gcd,256,16384,4194304,268435456,4,10,1.07374,2147483648,0,0,0,0,0,0,0,0,0,0.5,0,0,0,0,0,0,0,0,0,0,0,0,0,0,0,0,0,0,0,0,0,0,0,0,0,1.74038,616.984,3.87426,2.40129
Test,MI250X_two_gcd,256,16384,4194304,134217728,4,10,0.536871,2147483648,0,0,0,0,0,0,0,0,0,0,0.25,0,0,0,0,0,0,0,0,0,0,0,0,0,0,0,0,0,0,0,0,0,0,0,0,1.71547,312.962,0.919347,0.569817
Test,MI250X_two_gcd,256,16384,4194304,134217728,4,10,0.536871,2147483648,0,0,0,0,0,0,0,0,0,0,0.25,0,0,0,0,0,0,0,0,0,0,0,0,0,0,0,0,0,0,0,0,0,0,0,0,1.71978,312.176,0.885261,0.54869
Test,MI250X_two_gcd,256,16384,4194304,536870912,4,10,2.14748,2147483648,0,0,0,0,0,0,0,0,0,0,0,1,0,0,0,0,0,0,0,0,0,0,0,0,0,0,0,0,0,0,0,0,0,0,0,3.31727,647.368,1.29817,0.804613
Test,MI250X_two_gcd,256,16384,4194304,536870912,4,10,2.14748,2147483648,0,0,0,0,0,0,0,0,0,0,0,1,0,0,0,0,0,0,0,0,0,0,0,0,0,0,0,0,0,0,0,0,0,0,0,3.31455,647.903,1.97717,1.22546
Test,MI250X_two_gcd,256,16384,4194304,268435456,4,10,1.07374,1073741824,0,0,0,0,0,0,0,0,0,0,0,0,1,0,0,0,0,0,0,0,0,0,0,0,0,0,0,0,0,0,0,0,0,0,0,0.856725,1253.41,11.0518,6.84999
Test,MI250X_two_gcd,256,16384,4194304,268435456,4,10,1.07374,1073741824,0,0,0,0,0,0,0,0,0,0,0,0,1,0,0,0,0,0,0,0,0,0,0,0,0,0,0,0,0,0,0,0,0,0,0,0.860676,1248.34,30.3866,18.8338
Test,MI250X_two_gcd,256,16384,4194304,134217728,4,10,0.536871,2147483648,0,0,0,0,0,0,0,0,0,0,0,0,0,0.25,0,0,0,0,0,0,0,0,0,0,0,0,0,0,0,0,0,0,0,0,0,1.73627,309.218,1.57206,0.974374
Test,MI250X_two_gcd,256,16384,4194304,134217728,4,10,0.536871,2147483648,0,0,0,0,0,0,0,0,0,0,0,0,0,0.25,0,0,0,0,0,0,0,0,0,0,0,0,0,0,0,0,0,0,0,0,0,1.74783,307.209,3.71586,2.30311
Test,MI250X_two_gcd,256,16384,4194304,1073741824,4,10,8.58993,2147483648,0,0,0,0,0,0,0,0,0,0,0,0,0,0,4,0,0,0,0,0,0,0,0,0,0,0,0,0,0,0,0,0,0,0,0,5.71995,1501.82,10.603,6.57181
Test,MI250X_two_gcd,256,16384,4194304,1073741824,4,10,8.58993,2147483648,0,0,0,0,0,0,0,0,0,0,0,0,0,0,4,0,0,0,0,0,0,0,0,0,0,0,0,0,0,0,0,0,0,0,0,5.71606,1503.27,27.7591,17.2053
Test,MI250X_two_gcd,256,16384,4194304,536870912,4,10,4.29497,2147483648,0,0,0,0,0,0,0,0,0,0,0,0,0,0,0,2,0,0,0,0,0,0,0,0,0,0,0,0,0,0,0,0,0,0,0,3.34951,1282.27,2.7211,1.68655
Test,MI250X_two_gcd,256,16384,4194304,536870912,4,10,4.29497,2147483648,0,0,0,0,0,0,0,0,0,0,0,0,0,0,0,2,0,0,0,0,0,0,0,0,0,0,0,0,0,0,0,0,0,0,0,3.35557,1280.07,12.2115,7.56874
Test,MI250X_two_gcd,256,16384,4194304,268435456,4,10,2.14748,2147483648,0,0,0,0,0,0,0,0,0,0,0,0,0,0,0,0,1,0,0,0,0,0,0,0,0,0,0,0,0,0,0,0,0,0,0,1.75228,1225.56,5.5225,3.42288
Test,MI250X_two_gcd,256,16384,4194304,268435456,4,10,2.14748,2147483648,0,0,0,0,0,0,0,0,0,0,0,0,0,0,0,0,1,0,0,0,0,0,0,0,0,0,0,0,0,0,0,0,0,0,0,1.74595,1229.99,2.8278,1.75269
Test,MI250X_two_gcd,256,16384,4194304,134217728,4,10,1.07374,2147483648,0,0,0,0,0,0,0,0,0,0,0,0,0,0,0,0,0,0.5,0,0,0,0,0,0,0,0,0,0,0,0,0,0,0,0,0,1.73579,618.596,1.72218,1.06742
Test,MI250X_two_gcd,256,16384,4194304,134217728,4,10,1.07374,2147483648,0,0,0,0,0,0,0,0,0,0,0,0,0,0,0,0,0,0.5,0,0,0,0,0,0,0,0,0,0,0,0,0,0,0,0,0,1.74507,615.425,8.59548,5.32753
Test,MI250X_two_gcd,256,16384,4194304,536870912,4,10,4.29497,2147483648,0,0,0,0,0,0,0,0,0,0,0,0,0,0,0,0,0,0,2,0,0,0,0,0,0,0,0,0,0,0,0,0,0,0,0,3.42202,1255.1,2.49868,1.5487
Test,MI250X_two_gcd,256,16384,4194304,536870912,4,10,4.29497,2147483648,0,0,0,0,0,0,0,0,0,0,0,0,0,0,0,0,0,0,2,0,0,0,0,0,0,0,0,0,0,0,0,0,0,0,0,3.42188,1255.16,3.75429,2.32693
Test,MI250X_two_gcd,256,16384,4194304,268435456,4,10,2.14748,1073741824,0,0,0,0,0,0,0,0,0,0,0,0,0,0,0,0,0,0,0,2,0,0,0,0,0,0,0,0,0,0,0,0,0,0,0,0.859221,2499.51,20.686,12.8213
Test,MI250X_two_gcd,256,16384,4194304,268435456,4,10,2.14748,1073741824,0,0,0,0,0,0,0,0,0,0,0,0,0,0,0,0,0,0,0,2,0,0,0,0,0,0,0,0,0,0,0,0,0,0,0,0.86111,2494.01,19.6379,12.1717
Test,MI250X_two_gcd,256,16384,4194304,134217728,4,10,1.07374,2147483648,0,0,0,0,0,0,0,0,0,0,0,0,0,0,0,0,0,0,0,0,0.5,0,0,0,0,0,0,0,0,0,0,0,0,0,0,1.74156,616.55,2.47091,1.53149
Test,MI250X_two_gcd,256,16384,4194304,134217728,4,10,1.07374,2147483648,0,0,0,0,0,0,0,0,0,0,0,0,0,0,0,0,0,0,0,0,0.5,0,0,0,0,0,0,0,0,0,0,0,0,0,0,1.74126,616.714,6.37467,3.95106
Test,MI250X_two_gcd,256,16384,4194304,1073741824,4,10,4.29497,2147483648,0,0,0,0,0,0,0,0,0,0,0,0,0,0,0,0,0,0,0,0,0,2,0,0,0,0,0,0,0,0,0,0,0,0,0,6.4678,664.072,3.43517,2.12914
Test,MI250X_two_gcd,256,16384,4194304,1073741824,4,10,4.29497,2147483648,0,0,0,0,0,0,0,0,0,0,0,0,0,0,0,0,0,0,0,0,0,2,0,0,0,0,0,0,0,0,0,0,0,0,0,6.49381,661.403,2.44768,1.51709
Test,MI250X_two_gcd,256,16384,4194304,536870912,4,10,2.14748,2147483648,0,0,0,0,0,0,0,0,0,0,0,0,0,0,0,0,0,0,0,0,0,0,1,0,0,0,0,0,0,0,0,0,0,0,0,3.52546,609.137,0.89773,0.556419
Test,MI250X_two_gcd,256,16384,4194304,536870912,4,10,2.14748,2147483648,0,0,0,0,0,0,0,0,0,0,0,0,0,0,0,0,0,0,0,0,0,0,1,0,0,0,0,0,0,0,0,0,0,0,0,3.53863,606.91,4.91092,3.04382
Test,MI250X_two_gcd,256,16384,4194304,268435456,4,10,1.07374,2147483648,0,0,0,0,0,0,0,0,0,0,0,0,0,0,0,0,0,0,0,0,0,0,0,0.5,0,0,0,0,0,0,0,0,0,0,0,1.8019,595.9,1.81039,1.12209
Test,MI250X_two_gcd,256,16384,4194304,268435456,4,10,1.07374,2147483648,0,0,0,0,0,0,0,0,0,0,0,0,0,0,0,0,0,0,0,0,0,0,0,0.5,0,0,0,0,0,0,0,0,0,0,0,1.80974,593.454,8.95071,5.54771
Test,MI250X_two_gcd,256,16384,4194304,134217728,4,10,0.536871,2147483648,0,0,0,0,0,0,0,0,0,0,0,0,0,0,0,0,0,0,0,0,0,0,0,0,0.25,0,0,0,0,0,0,0,0,0,0,1.73544,309.359,0.412806,0.25586
Test,MI250X_two_gcd,256,16384,4194304,134217728,4,10,0.536871,2147483648,0,0,0,0,0,0,0,0,0,0,0,0,0,0,0,0,0,0,0,0,0,0,0,0,0.25,0,0,0,0,0,0,0,0,0,0,1.7427,308.083,2.09633,1.29932
Test,MI250X_two_gcd,256,16384,4194304,536870912,4,10,2.14748,2147483648,0,0,0,0,0,0,0,0,0,0,0,0,0,0,0,0,0,0,0,0,0,0,0,0,0,1,0,0,0,0,0,0,0,0,0,3.44025,624.226,1.19843,0.742792
Test,MI250X_two_gcd,256,16384,4194304,536870912,4,10,2.14748,2147483648,0,0,0,0,0,0,0,0,0,0,0,0,0,0,0,0,0,0,0,0,0,0,0,0,0,1,0,0,0,0,0,0,0,0,0,3.4568,621.27,4.70054,2.91343
Test,MI250X_two_gcd,256,16384,4194304,268435456,4,10,1.07374,2147483648,0,0,0,0,0,0,0,0,0,0,0,0,0,0,0,0,0,0,0,0,0,0,0,0,0,0,0.5,0,0,0,0,0,0,0,0,1.8564,578.412,2.41466,1.49662
Test,MI250X_two_gcd,256,16384,4194304,268435456,4,10,1.07374,2147483648,0,0,0,0,0,0,0,0,0,0,0,0,0,0,0,0,0,0,0,0,0,0,0,0,0,0,0.5,0,0,0,0,0,0,0,0,1.86606,575.49,6.86144,4.25277
Test,MI250X_two_gcd,256,16384,4194304,134217728,4,10,0.536871,2147483648,0,0,0,0,0,0,0,0,0,0,0,0,0,0,0,0,0,0,0,0,0,0,0,0,0,0,0,0.25,0,0,0,0,0,0,0,1.72726,310.823,0.350494,0.217239
Test,MI250X_two_gcd,256,16384,4194304,134217728,4,10,0.536871,2147483648,0,0,0,0,0,0,0,0,0,0,0,0,0,0,0,0,0,0,0,0,0,0,0,0,0,0,0,0.25,0,0,0,0,0,0,0,1.73092,310.185,2.47684,1.53516
Test,MI250X_two_gcd,256,16384,4194304,1073741824,4,10,8.58993,2147483648,0,0,0,0,0,0,0,0,0,0,0,0,0,0,0,0,0,0,0,0,0,0,0,0,0,0,0,0,4,0,0,0,0,0,0,6.6545,1290.86,3.8013,2.35607
Test,MI250X_two_gcd,256,16384,4194304,1073741824,4,10,8.58993,2147483648,0,0,0,0,0,0,0,0,0,0,0,0,0,0,0,0,0,0,0,0,0,0,0,0,0,0,0,0,4,0,0,0,0,0,0,6.6808,1285.77,2.85558,1.7699
Test,MI250X_two_gcd,256,16384,4194304,536870912,4,10,4.29497,2147483648,0,0,0,0,0,0,0,0,0,0,0,0,0,0,0,0,0,0,0,0,0,0,0,0,0,0,0,0,0,2,0,0,0,0,0,3.62271,1185.57,2.46588,1.52837
Test,MI250X_two_gcd,256,16384,4194304,536870912,4,10,4.29497,2147483648,0,0,0,0,0,0,0,0,0,0,0,0,0,0,0,0,0,0,0,0,0,0,0,0,0,0,0,0,0,2,0,0,0,0,0,3.62473,1184.92,3.06738,1.90118
Test,MI250X_two_gcd,256,16384,4194304,268435456,4,10,2.14748,2147483648,0,0,0,0,0,0,0,0,0,0,0,0,0,0,0,0,0,0,0,0,0,0,0,0,0,0,0,0,0,0,1,0,0,0,0,1.79151,1198.7,2.98896,1.85258
Test,MI250X_two_gcd,256,16384,4194304,268435456,4,10,2.14748,2147483648,0,0,0,0,0,0,0,0,0,0,0,0,0,0,0,0,0,0,0,0,0,0,0,0,0,0,0,0,0,0,1,0,0,0,0,1.80841,1187.73,16.3157,10.1126
Test,MI250X_two_gcd,256,16384,4194304,134217728,4,10,1.07374,2147483648,0,0,0,0,0,0,0,0,0,0,0,0,0,0,0,0,0,0,0,0,0,0,0,0,0,0,0,0,0,0,0,0.5,0,0,0,3.1023,346.111,0.144887,0.0898021
Test,MI250X_two_gcd,256,16384,4194304,134217728,4,10,1.07374,2147483648,0,0,0,0,0,0,0,0,0,0,0,0,0,0,0,0,0,0,0,0,0,0,0,0,0,0,0,0,0,0,0,0.5,0,0,0,3.13839,342.206,4.98457,3.08947
Test,MI250X_two_gcd,256,16384,4194304,536870912,4,10,4.29497,2147483648,0,0,0,0,0,0,0,0,0,0,0,0,0,0,0,0,0,0,0,0,0,0,0,0,0,0,0,0,0,0,0,0,2,0,0,3.63615,1181.19,1.4991,0.929149
Test,MI250X_two_gcd,256,16384,4194304,536870912,4,10,4.29497,2147483648,0,0,0,0,0,0,0,0,0,0,0,0,0,0,0,0,0,0,0,0,0,0,0,0,0,0,0,0,0,0,0,0,2,0,0,3.65712,1174.53,11.976,7.42277
Test,MI250X_two_gcd,256,16384,4194304,268435456,4,10,2.14748,2147483648,0,0,0,0,0,0,0,0,0,0,0,0,0,0,0,0,0,0,0,0,0,0,0,0,0,0,0,0,0,0,0,0,0,1,0,1.78815,1200.96,3.4822,2.15829
Test,MI250X_two_gcd,256,16384,4194304,268435456,4,10,2.14748,2147483648,0,0,0,0,0,0,0,0,0,0,0,0,0,0,0,0,0,0,0,0,0,0,0,0,0,0,0,0,0,0,0,0,0,1,0,1.79022,1199.67,11.1163,6.88997
Test,MI250X_two_gcd,256,16384,4194304,134217728,4,10,1.07374,2147483648,0,0,0,0,0,0,0,0,0,0,0,0,0,0,0,0,0,0,0,0,0,0,0,0,0,0,0,0,0,0,0,0,0,0,0.5,1.73262,619.727,1.77084,1.09758
Test,MI250X_two_gcd,256,16384,4194304,134217728,4,10,1.07374,2147483648,0,0,0,0,0,0,0,0,0,0,0,0,0,0,0,0,0,0,0,0,0,0,0,0,0,0,0,0,0,0,0,0,0,0,0.5,1.73809,617.834,6.18589,3.83405
Test,MI250X_two_gcd,256,16384,4194304,1073741824,8,10,8.58993,2147483648,4,0,0,0,0,0,0,0,0,0,0,0,0,0,0,0,0,0,0,0,0,0,0,0,0,0,0,0,0,0,0,0,0,0,0,6.0308,1424.6,19.1276,11.8554
Test,MI250X_two_gcd,256,16384,4194304,1073741824,8,10,8.58993,2147483648,4,0,0,0,0,0,0,0,0,0,0,0,0,0,0,0,0,0,0,0,0,0,0,0,0,0,0,0,0,0,0,0,0,0,0,6.06091,1417.3,6.35842,3.94099
Test,MI250X_two_gcd,256,16384,4194304,536870912,8,10,4.29497,2147483648,0,2,0,0,0,0,0,0,0,0,0,0,0,0,0,0,0,0,0,0,0,0,0,0,0,0,0,0,0,0,0,0,0,0,0,3.37667,1271.96,3.37729,2.09327
Test,MI250X_two_gcd,256,16384,4194304,536870912,8,10,4.29497,2147483648,0,2,0,0,0,0,0,0,0,0,0,0,0,0,0,0,0,0,0,0,0,0,0,0,0,0,0,0,0,0,0,0,0,0,0,3.39258,1266.12,13.0043,8.06013
Test,MI250X_two_gcd,256,16384,4194304,268435456,8,10,2.14748,2147483648,0,0,1,0,0,0,0,0,0,0,0,0,0,0,0,0,0,0,0,0,0,0,0,0,0,0,0,0,0,0,0,0,0,0,0,1.74882,1227.97,4.21599,2.6131
Test,MI250X_two_gcd,256,16384,4194304,268435456,8,10,2.14748,2147483648,0,0,1,0,0,0,0,0,0,0,0,0,0,0,0,0,0,0,0,0,0,0,0,0,0,0,0,0,0,0,0,0,0,0,0,1.7506,1226.72,3.58709,2.2233
Test,MI250X_two_gcd,256,16384,4194304,134217728,8,10,1.07374,2147483648,0,0,0,0.5,0,0,0,0,0,0,0,0,0,0,0,0,0,0,0,0,0,0,0,0,0,0,0,0,0,0,0,0,0,0,0,1.71934,624.521,2.75628,1.70836
Test,MI250X_two_gcd,256,16384,4194304,134217728,8,10,1.07374,2147483648,0,0,0,0.5,0,0,0,0,0,0,0,0,0,0,0,0,0,0,0,0,0,0,0,0,0,0,0,0,0,0,0,0,0,0,0,1.72462,622.641,5.21279,3.23092
Test,MI250X_two_gcd,256,16384,4194304,536870912,8,10,4.29497,2147483648,0,0,0,0,2,0,0,0,0,0,0,0,0,0,0,0,0,0,0,0,0,0,0,0,0,0,0,0,0,0,0,0,0,0,0,3.39076,1266.67,2.6216,1.62488
Test,MI250X_two_gcd,256,16384,4194304,536870912,8,10,4.29497,2147483648,0,0,0,0,2,0,0,0,0,0,0,0,0,0,0,0,0,0,0,0,0,0,0,0,0,0,0,0,0,0,0,0,0,0,0,3.41114,1259.2,11.2956,7.00111
Test,MI250X_two_gcd,256,16384,4194304,268435456,8,10,2.14748,1073741824,0,0,0,0,0,2,0,0,0,0,0,0,0,0,0,0,0,0,0,0,0,0,0,0,0,0,0,0,0,0,0,0,0,0,0,0.857702,2504.04,26.2714,16.2832
Test,MI250X_two_gcd,256,16384,4194304,268435456,8,10,2.14748,1073741824,0,0,0,0,0,2,0,0,0,0,0,0,0,0,0,0,0,0,0,0,0,0,0,0,0,0,0,0,0,0,0,0,0,0,0,0.853925,2514.95,16.2317,10.0605
Test,MI250X_two_gcd,256,16384,4194304,134217728,8,10,1.07374,2147483648,0,0,0,0,0,0,0.5,0,0,0,0,0,0,0,0,0,0,0,0,0,0,0,0,0,0,0,0,0,0,0,0,0,0,0,0,1.7302,620.592,1.71715,1.0643
Test,MI250X_two_gcd,256,16384,4194304,134217728,8,10,1.07374,2147483648,0,0,0,0,0,0,0.5,0,0,0,0,0,0,0,0,0,0,0,0,0,0,0,0,0,0,0,0,0,0,0,0,0,0,0,0,1.73257,619.746,2.09572,1.29894
Test,MI250X_two_gcd,256,16384,4194304,1073741824,8,10,8.58993,2147483648,0,0,0,0,0,0,0,4,0,0,0,0,0,0,0,0,0,0,0,0,0,0,0,0,0,0,0,0,0,0,0,0,0,0,0,6.03488,1423.44,8.93261,5.53649
Test,MI250X_two_gcd,256,16384,4194304,1073741824,8,10,8.58993,2147483648,0,0,0,0,0,0,0,4,0,0,0,0,0,0,0,0,0,0,0,0,0,0,0,0,0,0,0,0,0,0,0,0,0,0,0,6.0261,1425.61,15.0237,9.31177
Test,MI250X_two_gcd,256,16384,4194304,536870912,8,10,4.29497,2147483648,0,0,0,0,0,0,0,0,2,0,0,0,0,0,0,0,0,0,0,0,0,0,0,0,0,0,0,0,0,0,0,0,0,0,0,3.37402,1272.96,2.86625,1.77652
Test,MI250X_two_gcd,256,16384,4194304,536870912,8,10,4.29497,2147483648,0,0,0,0,0,0,0,0,2,0,0,0,0,0,0,0,0,0,0,0,0,0,0,0,0,0,0,0,0,0,0,0,0,0,0,3.37954,1270.89,3.92142,2.43052
Test,MI250X_two_gcd,256,16384,4194304,268435456,8,10,2.14748,2147483648,0,0,0,0,0,0,0,0,0,1,0,0,0,0,0,0,0,0,0,0,0,0,0,0,0,0,0,0,0,0,0,0,0,0,0,1.75227,1225.58,6.26611,3.88377
Test,MI250X_two_gcd,256,16384,4194304,268435456,8,10,2.14748,2147483648,0,0,0,0,0,0,0,0,0,1,0,0,0,0,0,0,0,0,0,0,0,0,0,0,0,0,0,0,0,0,0,0,0,0,0,1.75678,1222.68,18.3141,11.3512
Test,MI250X_two_gcd,256,16384,4194304,134217728,8,10,1.07374,2147483648,0,0,0,0,0,0,0,0,0,0,0.5,0,0,0,0,0,0,0,0,0,0,0,0,0,0,0,0,0,0,0,0,0,0,0,0,1.715,626.095,2.05265,1.27224
Test,MI250X_two_gcd,256,16384,4194304,134217728,8,10,1.07374,2147483648,0,0,0,0,0,0,0,0,0,0,0.5,0,0,0,0,0,0,0,0,0,0,0,0,0,0,0,0,0,0,0,0,0,0,0,0,1.71737,625.263,4.85023,3.00621
Test,MI250X_two_gcd,256,16384,4194304,536870912,8,10,4.29497,2147483648,0,0,0,0,0,0,0,0,0,0,0,2,0,0,0,0,0,0,0,0,0,0,0,0,0,0,0,0,0,0,0,0,0,0,0,3.39594,1264.74,3.07807,1.90781
Test,MI250X_two_gcd,256,16384,4194304,536870912,8,10,4.29497,2147483648,0,0,0,0,0,0,0,0,0,0,0,2,0,0,0,0,0,0,0,0,0,0,0,0,0,0,0,0,0,0,0,0,0,0,0,3.40525,1261.39,11.9122,7.38324
Test,MI250X_two_gcd,256,16384,4194304,268435456,8,10,2.14748,1073741824,0,0,0,0,0,0,0,0,0,0,0,0,2,0,0,0,0,0,0,0,0,0,0,0,0,0,0,0,0,0,0,0,0,0,0,0.856453,2507.55,18.5097,11.4724
Test,MI250X_two_gcd,256,16384,4194304,268435456,8,10,2.14748,1073741824,0,0,0,0,0,0,0,0,0,0,0,0,2,0,0,0,0,0,0,0,0,0,0,0,0,0,0,0,0,0,0,0,0,0,0,0.856005,2509.67,47.5248,29.4562
Test,MI250X_two_gcd,256,16384,4194304,134217728,8,10,1.07374,2147483648,0,0,0,0,0,0,0,0,0,0,0,0,0,0.5,0,0,0,0,0,0,0,0,0,0,0,0,0,0,0,0,0,0,0,0,0,1.73724,618.079,2.05098,1.27121
Test,MI250X_two_gcd,256,16384,4194304,134217728,8,10,1.07374,2147483648,0,0,0,0,0,0,0,0,0,0,0,0,0,0.5,0,0,0,0,0,0,0,0,0,0,0,0,0,0,0,0,0,0,0,0,0,1.74067,616.921,6.20988,3.84893
Test,MI250X_two_gcd,256,16384,4194304,1073741824,8,10,17.1799,2147483648,0,0,0,0,0,0,0,0,0,0,0,0,0,0,8,0,0,0,0,0,0,0,0,0,0,0,0,0,0,0,0,0,0,0,0,6.1485,2794.37,24.5793,15.2344
Test,MI250X_two_gcd,256,16384,4194304,1073741824,8,10,17.1799,2147483648,0,0,0,0,0,0,0,0,0,0,0,0,0,0,8,0,0,0,0,0,0,0,0,0,0,0,0,0,0,0,0,0,0,0,0,6.14223,2797.36,31.6335,19.6066
Test,MI250X_two_gcd,256,16384,4194304,536870912,8,10,8.58993,2147483648,0,0,0,0,0,0,0,0,0,0,0,0,0,0,0,4,0,0,0,0,0,0,0,0,0,0,0,0,0,0,0,0,0,0,0,3.42181,2510.35,4.86256,3.01385
Test,MI250X_two_gcd,256,16384,4194304,536870912,8,10,8.58993,2147483648,0,0,0,0,0,0,0,0,0,0,0,0,0,0,0,4,0,0,0,0,0,0,0,0,0,0,0,0,0,0,0,0,0,0,0,3.4344,2501.28,18.5483,11.4964
Test,MI250X_two_gcd,256,16384,4194304,268435456,8,10,4.29497,2147483648,0,0,0,0,0,0,0,0,0,0,0,0,0,0,0,0,2,0,0,0,0,0,0,0,0,0,0,0,0,0,0,0,0,0,0,1.76238,2437.08,10.7503,6.66313
Test,MI250X_two_gcd,256,16384,4194304,268435456,8,10,4.29497,2147483648,0,0,0,0,0,0,0,0,0,0,0,0,0,0,0,0,2,0,0,0,0,0,0,0,0,0,0,0,0,0,0,0,0,0,0,1.76799,2429.68,30.4373,18.8652
Test,MI250X_two_gcd,256,16384,4194304,134217728,8,10,2.14748,2147483648,0,0,0,0,0,0,0,0,0,0,0,0,0,0,0,0,0,1,0,0,0,0,0,0,0,0,0,0,0,0,0,0,0,0,0,1.73393,1238.51,2.40564,1.49103
Test,MI250X_two_gcd,256,16384,4194304,134217728,8,10,2.14748,2147483648,0,0,0,0,0,0,0,0,0,0,0,0,0,0,0,0,0,1,0,0,0,0,0,0,0,0,0,0,0,0,0,0,0,0,0,1.73318,1239.05,3.81036,2.36169
Test,MI250X_two_gcd,256,16384,4194304,536870912,8,10,8.58993,2147483648,0,0,0,0,0,0,0,0,0,0,0,0,0,0,0,0,0,0,4,0,0,0,0,0,0,0,0,0,0,0,0,0,0,0,0,3.45071,2489.34,6.22374,3.85751
Test,MI250X_two_gcd,256,16384,4194304,536870912,8,10,8.58993,2147483648,0,0,0,0,0,0,0,0,0,0,0,0,0,0,0,0,0,0,4,0,0,0,0,0,0,0,0,0,0,0,0,0,0,0,0,3.47141,2474.85,30.1856,18.7092
Test,MI250X_two_gcd,256,16384,4194304,268435456,8,10,4.29497,1073741824,0,0,0,0,0,0,0,0,0,0,0,0,0,0,0,0,0,0,0,4,0,0,0,0,0,0,0,0,0,0,0,0,0,0,0,0.865333,4963.71,41.3959,25.6574
Test,MI250X_two_gcd,256,16384,4194304,268435456,8,10,4.29497,1073741824,0,0,0,0,0,0,0,0,0,0,0,0,0,0,0,0,0,0,0,4,0,0,0,0,0,0,0,0,0,0,0,0,0,0,0,0.864341,4969.7,56.1876,34.8255
Test,MI250X_two_gcd,256,16384,4194304,134217728,8,10,2.14748,2147483648,0,0,0,0,0,0,0,0,0,0,0,0,0,0,0,0,0,0,0,0,1,0,0,0,0,0,0,0,0,0,0,0,0,0,0,1.7398,1234.34,3.92439,2.43236
Test,MI250X_two_gcd,256,16384,4194304,134217728,8,10,2.14748,2147483648,0,0,0,0,0,0,0,0,0,0,0,0,0,0,0,0,0,0,0,0,1,0,0,0,0,0,0,0,0,0,0,0,0,0,0,1.74172,1233.05,9.86054,6.11163
Test,MI250X_two_gcd,256,16384,4194304,1073741824,8,10,8.58993,2147483648,0,0,0,0,0,0,0,0,0,0,0,0,0,0,0,0,0,0,0,0,0,4,0,0,0,0,0,0,0,0,0,0,0,0,0,6.85322,1253.42,1.73107,1.07293
Test,MI250X_two_gcd,256,16384,4194304,1073741824,8,10,8.58993,2147483648,0,0,0,0,0,0,0,0,0,0,0,0,0,0,0,0,0,0,0,0,0,4,0,0,0,0,0,0,0,0,0,0,0,0,0,6.89063,1246.62,3.16346,1.96073
Test,MI250X_two_gcd,256,16384,4194304,536870912,8,10,4.29497,2147483648,0,0,0,0,0,0,0,0,0,0,0,0,0,0,0,0,0,0,0,0,0,0,2,0,0,0,0,0,0,0,0,0,0,0,0,3.82825,1121.92,1.39832,0.866686
Test,MI250X_two_gcd,256,16384,4194304,536870912,8,10,4.29497,2147483648,0,0,0,0,0,0,0,0,0,0,0,0,0,0,0,0,0,0,0,0,0,0,2,0,0,0,0,0,0,0,0,0,0,0,0,3.831,1121.11,1.58602,0.983023
Test,MI250X_two_gcd,256,16384,4194304,268435456,8,10,2.14748,2147483648,0,0,0,0,0,0,0,0,0,0,0,0,0,0,0,0,0,0,0,0,0,0,0,1,0,0,0,0,0,0,0,0,0,0,0,2.33918,918.048,0.354982,0.22002
Test,MI250X_two_gcd,256,16384,4194304,268435456,8,10,2.14748,2147483648,0,0,0,0,0,0,0,0,0,0,0,0,0,0,0,0,0,0,0,0,0,0,0,1,0,0,0,0,0,0,0,0,0,0,0,2.36646,907.71,14.7113,9.11817
Test,MI250X_two_gcd,256,16384,4194304,134217728,8,10,1.07374,2147483648,0,0,0,0,0,0,0,0,0,0,0,0,0,0,0,0,0,0,0,0,0,0,0,0,0.5,0,0,0,0,0,0,0,0,0,0,2.60182,412.688,0.196416,0.12174
Test,MI250X_two_gcd,256,16384,4194304,134217728,8,10,1.07374,2147483648,0,0,0,0,0,0,0,0,0,0,0,0,0,0,0,0,0,0,0,0,0,0,0,0,0.5,0,0,0,0,0,0,0,0,0,0,2.61358,410.831,0.264808,0.16413
Test,MI250X_two_gcd,256,16384,4194304,536870912,8,10,4.29497,2147483648,0,0,0,0,0,0,0,0,0,0,0,0,0,0,0,0,0,0,0,0,0,0,0,0,0,2,0,0,0,0,0,0,0,0,0,3.55095,1209.53,2.1615,1.33971
Test,MI250X_two_gcd,256,16384,4194304,536870912,8,10,4.29497,2147483648,0,0,0,0,0,0,0,0,0,0,0,0,0,0,0,0,0,0,0,0,0,0,0,0,0,2,0,0,0,0,0,0,0,0,0,3.54717,1210.82,2.35451,1.45934
Test,MI250X_two_gcd,256,16384,4194304,268435456,8,10,2.14748,2147483648,0,0,0,0,0,0,0,0,0,0,0,0,0,0,0,0,0,0,0,0,0,0,0,0,0,0,1,0,0,0,0,0,0,0,0,3.14274,683.425,8.5478,5.29798
Test,MI250X_two_gcd,256,16384,4194304,268435456,8,10,2.14748,2147483648,0,0,0,0,0,0,0,0,0,0,0,0,0,0,0,0,0,0,0,0,0,0,0,0,0,0,1,0,0,0,0,0,0,0,0,3.15461,680.839,7.94606,4.92502
Test,MI250X_two_gcd,256,16384,4194304,134217728,8,10,1.07374,2147483648,0,0,0,0,0,0,0,0,0,0,0,0,0,0,0,0,0,0,0,0,0,0,0,0,0,0,0,0.5,0,0,0,0,0,0,0,2.04771,524.363,0.344868,0.213751
Test,MI250X_two_gcd,256,16384,4194304,134217728,8,10,1.07374,2147483648,0,0,0,0,0,0,0,0,0,0,0,0,0,0,0,0,0,0,0,0,0,0,0,0,0,0,0,0.5,0,0,0,0,0,0,0,2.0956,512.515,8.21543,5.09198
Test,MI250X_two_gcd,256,16384,4194304,1073741824,8,10,17.1799,2147483648,0,0,0,0,0,0,0,0,0,0,0,0,0,0,0,0,0,0,0,0,0,0,0,0,0,0,0,0,8,0,0,0,0,0,0,8.98511,1912.04,0.715968,0.443761
Test,MI250X_two_gcd,256,16384,4194304,1073741824,8,10,17.1799,2147483648,0,0,0,0,0,0,0,0,0,0,0,0,0,0,0,0,0,0,0,0,0,0,0,0,0,0,0,0,8,0,0,0,0,0,0,9.04309,1899.88,14.1253,8.75493
Test,MI250X_two_gcd,256,16384,4194304,536870912,8,10,8.58993,2147483648,0,0,0,0,0,0,0,0,0,0,0,0,0,0,0,0,0,0,0,0,0,0,0,0,0,0,0,0,0,4,0,0,0,0,0,4.68054,1835.25,1.54901,0.960085
Test,MI250X_two_gcd,256,16384,4194304,536870912,8,10,8.58993,2147483648,0,0,0,0,0,0,0,0,0,0,0,0,0,0,0,0,0,0,0,0,0,0,0,0,0,0,0,0,0,4,0,0,0,0,0,4.7019,1826.99,12.4671,7.72721
Test,MI250X_two_gcd,256,16384,4194304,268435456,8,10,4.29497,2147483648,0,0,0,0,0,0,0,0,0,0,0,0,0,0,0,0,0,0,0,0,0,0,0,0,0,0,0,0,0,0,2,0,0,0,0,2.30731,1861.46,0.979704,0.607227
Test,MI250X_two_gcd,256,16384,4194304,268435456,8,10,4.29497,2147483648,0,0,0,0,0,0,0,0,0,0,0,0,0,0,0,0,0,0,0,0,0,0,0,0,0,0,0,0,0,0,2,0,0,0,0,2.33422,1840.49,29.7441,18.4356
Test,MI250X_two_gcd,256,16384,4194304,134217728,8,10,2.14748,2147483648,0,0,0,0,0,0,0,0,0,0,0,0,0,0,0,0,0,0,0,0,0,0,0,0,0,0,0,0,0,0,0,1,0,0,0,6.08896,352.685,0.155444,0.0963451
Test,MI250X_two_gcd,256,16384,4194304,134217728,8,10,2.14748,2147483648,0,0,0,0,0,0,0,0,0,0,0,0,0,0,0,0,0,0,0,0,0,0,0,0,0,0,0,0,0,0,0,1,0,0,0,6.1233,350.726,2.53257,1.5697
Test,MI250X_two_gcd,256,16384,4194304,536870912,8,10,8.58993,2147483648,0,0,0,0,0,0,0,0,0,0,0,0,0,0,0,0,0,0,0,0,0,0,0,0,0,0,0,0,0,0,0,0,4,0,0,4.72616,1817.53,1.16926,0.724714
Test,MI250X_two_gcd,256,16384,4194304,536870912,8,10,8.58993,2147483648,0,0,0,0,0,0,0,0,0,0,0,0,0,0,0,0,0,0,0,0,0,0,0,0,0,0,0,0,0,0,0,0,4,0,0,4.7458,1810.1,13.0811,8.10778
Test,MI250X_two_gcd,256,16384,4194304,268435456,8,10,4.29497,2147483648,0,0,0,0,0,0,0,0,0,0,0,0,0,0,0,0,0,0,0,0,0,0,0,0,0,0,0,0,0,0,0,0,0,2,0,2.00745,2139.51,2.68437,1.66379
Test,MI250X_two_gcd,256,16384,4194304,268435456,8,10,4.29497,2147483648,0,0,0,0,0,0,0,0,0,0,0,0,0,0,0,0,0,0,0,0,0,0,0,0,0,0,0,0,0,0,0,0,0,2,0,2.01233,2134.33,2.22679,1.38018
Test,MI250X_two_gcd,256,16384,4194304,134217728,8,10,2.14748,2147483648,0,0,0,0,0,0,0,0,0,0,0,0,0,0,0,0,0,0,0,0,0,0,0,0,0,0,0,0,0,0,0,0,0,0,1,1.72836,1242.5,2.26286,1.40253
Test,MI250X_two_gcd,256,16384,4194304,134217728,8,10,2.14748,2147483648,0,0,0,0,0,0,0,0,0,0,0,0,0,0,0,0,0,0,0,0,0,0,0,0,0,0,0,0,0,0,0,0,0,0,1,1.73331,1239.07,11.7456,7.27999
Test,MI250X_two_gcd,256,16384,4194304,1073741824,16,10,17.1799,2147483648,8,0,0,0,0,0,0,0,0,0,0,0,0,0,0,0,0,0,0,0,0,0,0,0,0,0,0,0,0,0,0,0,0,0,0,6.3189,2718.83,8.68977,5.38597
Test,MI250X_two_gcd,256,16384,4194304,1073741824,16,10,17.1799,2147483648,8,0,0,0,0,0,0,0,0,0,0,0,0,0,0,0,0,0,0,0,0,0,0,0,0,0,0,0,0,0,0,0,0,0,0,6.32069,2718.06,7.97291,4.94166
Test,MI250X_two_gcd,256,16384,4194304,536870912,16,10,8.58993,2147483648,0,4,0,0,0,0,0,0,0,0,0,0,0,0,0,0,0,0,0,0,0,0,0,0,0,0,0,0,0,0,0,0,0,0,0,3.40002,2526.45,5.74152,3.55863
Test,MI250X_two_gcd,256,16384,4194304,536870912,16,10,8.58993,2147483648,0,4,0,0,0,0,0,0,0,0,0,0,0,0,0,0,0,0,0,0,0,0,0,0,0,0,0,0,0,0,0,0,0,0,0,3.41061,2518.7,16.2037,10.0431
Test,MI250X_two_gcd,256,16384,4194304,268435456,16,10,4.29497,2147483648,0,0,2,0,0,0,0,0,0,0,0,0,0,0,0,0,0,0,0,0,0,0,0,0,0,0,0,0,0,0,0,0,0,0,0,1.76099,2439,11.0335,6.83866
Test,MI250X_two_gcd,256,16384,4194304,268435456,16,10,4.29497,2147483648,0,0,2,0,0,0,0,0,0,0,0,0,0,0,0,0,0,0,0,0,0,0,0,0,0,0,0,0,0,0,0,0,0,0,0,1.76167,2438.03,7.8184,4.84589
Test,MI250X_two_gcd,256,16384,4194304,134217728,16,10,2.14748,2147483648,0,0,0,1,0,0,0,0,0,0,0,0,0,0,0,0,0,0,0,0,0,0,0,0,0,0,0,0,0,0,0,0,0,0,0,1.71625,1251.28,3.97813,2.46567
Test,MI250X_two_gcd,256,16384,4194304,134217728,16,10,2.14748,2147483648,0,0,0,1,0,0,0,0,0,0,0,0,0,0,0,0,0,0,0,0,0,0,0,0,0,0,0,0,0,0,0,0,0,0,0,1.71972,1248.88,12.9373,8.01862
Test,MI250X_two_gcd,256,16384,4194304,536870912,16,10,8.58993,2147483648,0,0,0,0,4,0,0,0,0,0,0,0,0,0,0,0,0,0,0,0,0,0,0,0,0,0,0,0,0,0,0,0,0,0,0,3.4246,2508.32,5.77628,3.58018
Test,MI250X_two_gcd,256,16384,4194304,536870912,16,10,8.58993,2147483648,0,0,0,0,4,0,0,0,0,0,0,0,0,0,0,0,0,0,0,0,0,0,0,0,0,0,0,0,0,0,0,0,0,0,0,3.42895,2505.35,23.2961,14.439
Test,MI250X_two_gcd,256,16384,4194304,268435456,16,10,4.29497,1073741824,0,0,0,0,0,4,0,0,0,0,0,0,0,0,0,0,0,0,0,0,0,0,0,0,0,0,0,0,0,0,0,0,0,0,0,0.858581,5002.52,23.9277,14.8305
Test,MI250X_two_gcd,256,16384,4194304,268435456,16,10,4.29497,1073741824,0,0,0,0,0,4,0,0,0,0,0,0,0,0,0,0,0,0,0,0,0,0,0,0,0,0,0,0,0,0,0,0,0,0,0,0.865237,4964.87,67.9856,42.1379
Test,MI250X_two_gcd,256,16384,4194304,134217728,16,10,2.14748,2147483648,0,0,0,0,0,0,1,0,0,0,0,0,0,0,0,0,0,0,0,0,0,0,0,0,0,0,0,0,0,0,0,0,0,0,0,1.73633,1236.8,2.76522,1.7139
Test,MI250X_two_gcd,256,16384,4194304,134217728,16,10,2.14748,2147483648,0,0,0,0,0,0,1,0,0,0,0,0,0,0,0,0,0,0,0,0,0,0,0,0,0,0,0,0,0,0,0,0,0,0,0,1.73606,1237.03,6.71524,4.16215
Test,MI250X_two_gcd,256,16384,4194304,1073741824,16,10,17.1799,2147483648,0,0,0,0,0,0,0,8,0,0,0,0,0,0,0,0,0,0,0,0,0,0,0,0,0,0,0,0,0,0,0,0,0,0,0,6.29354,2729.79,9.31303,5.77228
Test,MI250X_two_gcd,256,16384,4194304,1073741824,16,10,17.1799,2147483648,0,0,0,0,0,0,0,8,0,0,0,0,0,0,0,0,0,0,0,0,0,0,0,0,0,0,0,0,0,0,0,0,0,0,0,6.30183,2726.42,25.9578,16.0888
Test,MI250X_two_gcd,256,16384,4194304,536870912,16,10,8.58993,2147483648,0,0,0,0,0,0,0,0,4,0,0,0,0,0,0,0,0,0,0,0,0,0,0,0,0,0,0,0,0,0,0,0,0,0,0,3.39972,2526.67,4.62226,2.86491
Test,MI250X_two_gcd,256,16384,4194304,536870912,16,10,8.58993,2147483648,0,0,0,0,0,0,0,0,4,0,0,0,0,0,0,0,0,0,0,0,0,0,0,0,0,0,0,0,0,0,0,0,0,0,0,3.39959,2526.77,5.59494,3.46778
Test,MI250X_two_gcd,256,16384,4194304,268435456,16,10,4.29497,2147483648,0,0,0,0,0,0,0,0,0,2,0,0,0,0,0,0,0,0,0,0,0,0,0,0,0,0,0,0,0,0,0,0,0,0,0,1.76323,2435.93,13.2178,8.19246
Test,MI250X_two_gcd,256,16384,4194304,268435456,16,10,4.29497,2147483648,0,0,0,0,0,0,0,0,0,2,0,0,0,0,0,0,0,0,0,0,0,0,0,0,0,0,0,0,0,0,0,0,0,0,0,1.76481,2433.71,9.91243,6.14379
Test,MI250X_two_gcd,256,16384,4194304,134217728,16,10,2.14748,2147483648,0,0,0,0,0,0,0,0,0,0,1,0,0,0,0,0,0,0,0,0,0,0,0,0,0,0,0,0,0,0,0,0,0,0,0,1.71238,1254.1,2.13263,1.32182
Test,MI250X_two_gcd,256,16384,4194304,134217728,16,10,2.14748,2147483648,0,0,0,0,0,0,0,0,0,0,1,0,0,0,0,0,0,0,0,0,0,0,0,0,0,0,0,0,0,0,0,0,0,0,0,1.72324,1246.37,14.8288,9.19101
Test,MI250X_two_gcd,256,16384,4194304,536870912,16,10,8.58993,2147483648,0,0,0,0,0,0,0,0,0,0,0,4,0,0,0,0,0,0,0,0,0,0,0,0,0,0,0,0,0,0,0,0,0,0,0,3.41741,2513.58,2.85705,1.77082
Test,MI250X_two_gcd,256,16384,4194304,536870912,16,10,8.58993,2147483648,0,0,0,0,0,0,0,0,0,0,0,4,0,0,0,0,0,0,0,0,0,0,0,0,0,0,0,0,0,0,0,0,0,0,0,3.42412,2508.67,5.54824,3.43883
Test,MI250X_two_gcd,256,16384,4194304,268435456,16,10,4.29497,1073741824,0,0,0,0,0,0,0,0,0,0,0,0,4,0,0,0,0,0,0,0,0,0,0,0,0,0,0,0,0,0,0,0,0,0,0,0.865477,4963.12,53.3977,33.0962
Test,MI250X_two_gcd,256,16384,4194304,268435456,16,10,4.29497,1073741824,0,0,0,0,0,0,0,0,0,0,0,0,4,0,0,0,0,0,0,0,0,0,0,0,0,0,0,0,0,0,0,0,0,0,0,0.864629,4968.97,86.5196,53.6254
Test,MI250X_two_gcd,256,16384,4194304,134217728,16,10,2.14748,2147483648,0,0,0,0,0,0,0,0,0,0,0,0,0,1,0,0,0,0,0,0,0,0,0,0,0,0,0,0,0,0,0,0,0,0,0,1.7346,1238.05,5.08931,3.15439
Test,MI250X_two_gcd,256,16384,4194304,134217728,16,10,2.14748,2147483648,0,0,0,0,0,0,0,0,0,0,0,0,0,1,0,0,0,0,0,0,0,0,0,0,0,0,0,0,0,0,0,0,0,0,0,1.73553,1237.38,4.16099,2.57901
Test,MI250X_two_gcd,256,16384,4194304,1073741824,16,10,34.3597,2147483648,0,0,0,0,0,0,0,0,0,0,0,0,0,0,16,0,0,0,0,0,0,0,0,0,0,0,0,0,0,0,0,0,0,0,0,6.38984,5377.35,24.442,15.1493
Test,MI250X_two_gcd,256,16384,4194304,1073741824,16,10,34.3597,2147483648,0,0,0,0,0,0,0,0,0,0,0,0,0,0,16,0,0,0,0,0,0,0,0,0,0,0,0,0,0,0,0,0,0,0,0,6.38476,5381.84,41.1965,25.5338
Test,MI250X_two_gcd,256,16384,4194304,536870912,16,10,17.1799,2147483648,0,0,0,0,0,0,0,0,0,0,0,0,0,0,0,8,0,0,0,0,0,0,0,0,0,0,0,0,0,0,0,0,0,0,0,3.45081,4978.52,8.96601,5.55719
Test,MI250X_two_gcd,256,16384,4194304,536870912,16,10,17.1799,2147483648,0,0,0,0,0,0,0,0,0,0,0,0,0,0,0,8,0,0,0,0,0,0,0,0,0,0,0,0,0,0,0,0,0,0,0,3.45153,4977.5,11.1922,6.93701
Test,MI250X_two_gcd,256,16384,4194304,268435456,16,10,8.58993,2147483648,0,0,0,0,0,0,0,0,0,0,0,0,0,0,0,0,4,0,0,0,0,0,0,0,0,0,0,0,0,0,0,0,0,0,0,1.77503,4839.5,30.9644,19.192
Test,MI250X_two_gcd,256,16384,4194304,268435456,16,10,8.58993,2147483648,0,0,0,0,0,0,0,0,0,0,0,0,0,0,0,0,4,0,0,0,0,0,0,0,0,0,0,0,0,0,0,0,0,0,0,1.77708,4834.25,49.9506,30.9597
Test,MI250X_two_gcd,256,16384,4194304,134217728,16,10,4.29497,2147483648,0,0,0,0,0,0,0,0,0,0,0,0,0,0,0,0,0,2,0,0,0,0,0,0,0,0,0,0,0,0,0,0,0,0,0,1.72963,2483.18,3.93106,2.4365
Test,MI250X_two_gcd,256,16384,4194304,134217728,16,10,4.29497,2147483648,0,0,0,0,0,0,0,0,0,0,0,0,0,0,0,0,0,2,0,0,0,0,0,0,0,0,0,0,0,0,0,0,0,0,0,1.73897,2470.06,23.7467,14.7183
Test,MI250X_two_gcd,256,16384,4194304,536870912,16,10,17.1799,2147483648,0,0,0,0,0,0,0,0,0,0,0,0,0,0,0,0,0,0,8,0,0,0,0,0,0,0,0,0,0,0,0,0,0,0,0,3.55481,4832.88,11.052,6.85011
Test,MI250X_two_gcd,256,16384,4194304,536870912,16,10,17.1799,2147483648,0,0,0,0,0,0,0,0,0,0,0,0,0,0,0,0,0,0,8,0,0,0,0,0,0,0,0,0,0,0,0,0,0,0,0,3.55773,4828.89,7.46015,4.62385
Test,MI250X_two_gcd,256,16384,4194304,268435456,16,10,8.58993,1073741824,0,0,0,0,0,0,0,0,0,0,0,0,0,0,0,0,0,0,0,8,0,0,0,0,0,0,0,0,0,0,0,0,0,0,0,0.864565,9936.21,80.3433,49.7973
Test,MI250X_two_gcd,256,16384,4194304,268435456,16,10,8.58993,1073741824,0,0,0,0,0,0,0,0,0,0,0,0,0,0,0,0,0,0,0,8,0,0,0,0,0,0,0,0,0,0,0,0,0,0,0,0.871269,9862.48,179.49,111.249
Test,MI250X_two_gcd,256,16384,4194304,134217728,16,10,4.29497,2147483648,0,0,0,0,0,0,0,0,0,0,0,0,0,0,0,0,0,0,0,0,2,0,0,0,0,0,0,0,0,0,0,0,0,0,0,1.73679,2472.96,9.3506,5.79556
Test,MI250X_two_gcd,256,16384,4194304,134217728,16,10,4.29497,2147483648,0,0,0,0,0,0,0,0,0,0,0,0,0,0,0,0,0,0,0,0,2,0,0,0,0,0,0,0,0,0,0,0,0,0,0,1.74017,2468.2,12.6857,7.8627
Test,MI250X_two_gcd,256,16384,4194304,1073741824,16,10,17.1799,2147483648,0,0,0,0,0,0,0,0,0,0,0,0,0,0,0,0,0,0,0,0,0,8,0,0,0,0,0,0,0,0,0,0,0,0,0,11.3788,1509.81,0.473682,0.293591
Test,MI250X_two_gcd,256,16384,4194304,1073741824,16,10,17.1799,2147483648,0,0,0,0,0,0,0,0,0,0,0,0,0,0,0,0,0,0,0,0,0,8,0,0,0,0,0,0,0,0,0,0,0,0,0,11.4262,1503.57,6.15608,3.81558
Test,MI250X_two_gcd,256,16384,4194304,536870912,16,10,8.58993,2147483648,0,0,0,0,0,0,0,0,0,0,0,0,0,0,0,0,0,0,0,0,0,0,4,0,0,0,0,0,0,0,0,0,0,0,0,5.7904,1483.48,0.630517,0.390798
Test,MI250X_two_gcd,256,16384,4194304,536870912,16,10,8.58993,2147483648,0,0,0,0,0,0,0,0,0,0,0,0,0,0,0,0,0,0,0,0,0,0,4,0,0,0,0,0,0,0,0,0,0,0,0,5.83514,1472.23,13.2081,8.18646
Test,MI250X_two_gcd,256,16384,4194304,268435456,16,10,4.29497,2147483648,0,0,0,0,0,0,0,0,0,0,0,0,0,0,0,0,0,0,0,0,0,0,0,2,0,0,0,0,0,0,0,0,0,0,0,4.48881,956.817,0.42287,0.262097
Test,MI250X_two_gcd,256,16384,4194304,268435456,16,10,4.29497,2147483648,0,0,0,0,0,0,0,0,0,0,0,0,0,0,0,0,0,0,0,0,0,0,0,2,0,0,0,0,0,0,0,0,0,0,0,4.51619,951.08,7.72327,4.78693
Test,MI250X_two_gcd,256,16384,4194304,134217728,16,10,2.14748,2147483648,0,0,0,0,0,0,0,0,0,0,0,0,0,0,0,0,0,0,0,0,0,0,0,0,1,0,0,0,0,0,0,0,0,0,0,5.08037,422.703,0.205408,0.127313
Test,MI250X_two_gcd,256,16384,4194304,134217728,16,10,2.14748,2147483648,0,0,0,0,0,0,0,0,0,0,0,0,0,0,0,0,0,0,0,0,0,0,0,0,1,0,0,0,0,0,0,0,0,0,0,5.12704,418.908,4.70759,2.9178
Test,MI250X_two_gcd,256,16384,4194304,536870912,16,10,8.58993,2147483648,0,0,0,0,0,0,0,0,0,0,0,0,0,0,0,0,0,0,0,0,0,0,0,0,0,4,0,0,0,0,0,0,0,0,0,4.01374,2140.14,3.66781,2.27333
Test,MI250X_two_gcd,256,16384,4194304,536870912,16,10,8.58993,2147483648,0,0,0,0,0,0,0,0,0,0,0,0,0,0,0,0,0,0,0,0,0,0,0,0,0,4,0,0,0,0,0,0,0,0,0,4.03074,2131.23,16.417,10.1753
Test,MI250X_two_gcd,256,16384,4194304,268435456,16,10,4.29497,2147483648,0,0,0,0,0,0,0,0,0,0,0,0,0,0,0,0,0,0,0,0,0,0,0,0,0,0,2,0,0,0,0,0,0,0,0,6.0985,704.324,6.37507,3.95131
Test,MI250X_two_gcd,256,16384,4194304,268435456,16,10,4.29497,2147483648,0,0,0,0,0,0,0,0,0,0,0,0,0,0,0,0,0,0,0,0,0,0,0,0,0,0,2,0,0,0,0,0,0,0,0,6.12636,701.113,5.84868,3.62505
Test,MI250X_two_gcd,256,16384,4194304,134217728,16,10,2.14748,2147483648,0,0,0,0,0,0,0,0,0,0,0,0,0,0,0,0,0,0,0,0,0,0,0,0,0,0,0,1,0,0,0,0,0,0,0,3.80341,564.639,3.29289,2.04095
Test,MI250X_two_gcd,256,16384,4194304,134217728,16,10,2.14748,2147483648,0,0,0,0,0,0,0,0,0,0,0,0,0,0,0,0,0,0,0,0,0,0,0,0,0,0,0,1,0,0,0,0,0,0,0,3.85905,556.556,6.43942,3.99119
Test,MI250X_two_gcd,256,16384,4194304,1073741824,16,10,34.3597,2147483648,0,0,0,0,0,0,0,0,0,0,0,0,0,0,0,0,0,0,0,0,0,0,0,0,0,0,0,0,16,0,0,0,0,0,0,17.5584,1956.89,0.337093,0.208933
Test,MI250X_two_gcd,256,16384,4194304,1073741824,16,10,34.3597,2147483648,0,0,0,0,0,0,0,0,0,0,0,0,0,0,0,0,0,0,0,0,0,0,0,0,0,0,0,0,16,0,0,0,0,0,0,17.6433,1947.52,9.98544,6.18904
Test,MI250X_two_gcd,256,16384,4194304,536870912,16,10,17.1799,2147483648,0,0,0,0,0,0,0,0,0,0,0,0,0,0,0,0,0,0,0,0,0,0,0,0,0,0,0,0,0,8,0,0,0,0,0,8.83966,1943.5,0.642422,0.398177
Test,MI250X_two_gcd,256,16384,4194304,536870912,16,10,17.1799,2147483648,0,0,0,0,0,0,0,0,0,0,0,0,0,0,0,0,0,0,0,0,0,0,0,0,0,0,0,0,0,8,0,0,0,0,0,8.88236,1934.21,10.5657,6.54866
Test,MI250X_two_gcd,256,16384,4194304,268435456,16,10,8.58993,2147483648,0,0,0,0,0,0,0,0,0,0,0,0,0,0,0,0,0,0,0,0,0,0,0,0,0,0,0,0,0,0,4,0,0,0,0,4.42684,1940.42,1.07174,0.664269
Test,MI250X_two_gcd,256,16384,4194304,268435456,16,10,8.58993,2147483648,0,0,0,0,0,0,0,0,0,0,0,0,0,0,0,0,0,0,0,0,0,0,0,0,0,0,0,0,0,0,4,0,0,0,0,4.45523,1928.19,15.8038,9.79529
Test,MI250X_two_gcd,256,16384,4194304,134217728,16,10,4.29497,2147483648,0,0,0,0,0,0,0,0,0,0,0,0,0,0,0,0,0,0,0,0,0,0,0,0,0,0,0,0,0,0,0,2,0,0,0,12.061,356.105,0.121156,0.0750932
Test,MI250X_two_gcd,256,16384,4194304,134217728,16,10,4.29497,2147483648,0,0,0,0,0,0,0,0,0,0,0,0,0,0,0,0,0,0,0,0,0,0,0,0,0,0,0,0,0,0,0,2,0,0,0,12.1309,354.064,1.98158,1.2282
Test,MI250X_two_gcd,256,16384,4194304,536870912,16,10,17.1799,2147483648,0,0,0,0,0,0,0,0,0,0,0,0,0,0,0,0,0,0,0,0,0,0,0,0,0,0,0,0,0,0,0,0,8,0,0,8.89156,1932.16,0.763726,0.473363
Test,MI250X_two_gcd,256,16384,4194304,536870912,16,10,17.1799,2147483648,0,0,0,0,0,0,0,0,0,0,0,0,0,0,0,0,0,0,0,0,0,0,0,0,0,0,0,0,0,0,0,0,8,0,0,8.94004,1921.74,10.5536,6.54118
Test,MI250X_two_gcd,256,16384,4194304,268435456,16,10,8.58993,2147483648,0,0,0,0,0,0,0,0,0,0,0,0,0,0,0,0,0,0,0,0,0,0,0,0,0,0,0,0,0,0,0,0,0,4,0,3.71915,2309.65,0.956767,0.593011
Test,MI250X_two_gcd,256,16384,4194304,268435456,16,10,8.58993,2147483648,0,0,0,0,0,0,0,0,0,0,0,0,0,0,0,0,0,0,0,0,0,0,0,0,0,0,0,0,0,0,0,0,0,4,0,3.74601,2293.3,21.6737,13.4335
Test,MI250X_two_gcd,256,16384,4194304,134217728,16,10,4.29497,2147483648,0,0,0,0,0,0,0,0,0,0,0,0,0,0,0,0,0,0,0,0,0,0,0,0,0,0,0,0,0,0,0,0,0,0,2,1.91932,2237.75,0.791851,0.490794
Test,MI250X_two_gcd,256,16384,4194304,134217728,16,10,4.29497,2147483648,0,0,0,0,0,0,0,0,0,0,0,0,0,0,0,0,0,0,0,0,0,0,0,0,0,0,0,0,0,0,0,0,0,0,2,1.93832,2216.39,34.644,21.4726
Test,MI250X_two_gcd,256,16384,4194304,1073741824,32,10,34.3597,2147483648,16,0,0,0,0,0,0,0,0,0,0,0,0,0,0,0,0,0,0,0,0,0,0,0,0,0,0,0,0,0,0,0,0,0,0,6.60638,5201.04,15.5896,9.66251
Test,MI250X_two_gcd,256,16384,4194304,1073741824,32,10,34.3597,2147483648,16,0,0,0,0,0,0,0,0,0,0,0,0,0,0,0,0,0,0,0,0,0,0,0,0,0,0,0,0,0,0,0,0,0,0,6.59929,5206.7,24.3353,15.0832
Test,MI250X_two_gcd,256,16384,4194304,536870912,32,10,17.1799,2147483648,0,8,0,0,0,0,0,0,0,0,0,0,0,0,0,0,0,0,0,0,0,0,0,0,0,0,0,0,0,0,0,0,0,0,0,3.50549,4900.87,12.672,7.85422
Test,MI250X_two_gcd,256,16384,4194304,536870912,32,10,17.1799,2147483648,0,8,0,0,0,0,0,0,0,0,0,0,0,0,0,0,0,0,0,0,0,0,0,0,0,0,0,0,0,0,0,0,0,0,0,3.50634,4899.69,11.7077,7.25649
Test,MI250X_two_gcd,256,16384,4194304,268435456,32,10,8.58993,2147483648,0,0,4,0,0,0,0,0,0,0,0,0,0,0,0,0,0,0,0,0,0,0,0,0,0,0,0,0,0,0,0,0,0,0,0,1.77494,4839.62,16.4094,10.1706
Test,MI250X_two_gcd,256,16384,4194304,268435456,32,10,8.58993,2147483648,0,0,4,0,0,0,0,0,0,0,0,0,0,0,0,0,0,0,0,0,0,0,0,0,0,0,0,0,0,0,0,0,0,0,0,1.78807,4804.46,45.8032,28.3891
Test,MI250X_two_gcd,256,16384,4194304,134217728,32,10,4.29497,2147483648,0,0,0,2,0,0,0,0,0,0,0,0,0,0,0,0,0,0,0,0,0,0,0,0,0,0,0,0,0,0,0,0,0,0,0,1.71267,2507.78,6.24611,3.87138
Test,MI250X_two_gcd,256,16384,4194304,134217728,32,10,4.29497,2147483648,0,0,0,2,0,0,0,0,0,0,0,0,0,0,0,0,0,0,0,0,0,0,0,0,0,0,0,0,0,0,0,0,0,0,0,1.71619,2502.81,21.3684,13.2443
Test,MI250X_two_gcd,256,16384,4194304,536870912,32,10,17.1799,2147483648,0,0,0,0,8,0,0,0,0,0,0,0,0,0,0,0,0,0,0,0,0,0,0,0,0,0,0,0,0,0,0,0,0,0,0,3.51818,4883.2,10.9523,6.7883
Test,MI250X_two_gcd,256,16384,4194304,536870912,32,10,17.1799,2147483648,0,0,0,0,8,0,0,0,0,0,0,0,0,0,0,0,0,0,0,0,0,0,0,0,0,0,0,0,0,0,0,0,0,0,0,3.52842,4869.33,40.0819,24.843
Test,MI250X_two_gcd,256,16384,4194304,268435456,32,10,8.58993,1073741824,0,0,0,0,0,8,0,0,0,0,0,0,0,0,0,0,0,0,0,0,0,0,0,0,0,0,0,0,0,0,0,0,0,0,0,0.859956,9988.98,42.1571,26.1292
Test,MI250X_two_gcd,256,16384,4194304,268435456,32,10,8.58993,1073741824,0,0,0,0,0,8,0,0,0,0,0,0,0,0,0,0,0,0,0,0,0,0,0,0,0,0,0,0,0,0,0,0,0,0,0,0.863604,9947.76,107.15,66.4122
Test,MI250X_two_gcd,256,16384,4194304,134217728,32,10,4.29497,2147483648,0,0,0,0,0,0,2,0,0,0,0,0,0,0,0,0,0,0,0,0,0,0,0,0,0,0,0,0,0,0,0,0,0,0,0,1.73113,2481.03,4.193,2.59885
Test,MI250X_two_gcd,256,16384,4194304,134217728,32,10,4.29497,2147483648,0,0,0,0,0,0,2,0,0,0,0,0,0,0,0,0,0,0,0,0,0,0,0,0,0,0,0,0,0,0,0,0,0,0,0,1.74076,2467.4,16.5654,10.2673
Test,MI250X_two_gcd,256,16384,4194304,1073741824,32,10,34.3597,2147483648,0,0,0,0,0,0,0,16,0,0,0,0,0,0,0,0,0,0,0,0,0,0,0,0,0,0,0,0,0,0,0,0,0,0,0,6.54772,5248.31,62.4354,38.6978
Test,MI250X_two_gcd,256,16384,4194304,1073741824,32,10,34.3597,2147483648,0,0,0,0,0,0,0,16,0,0,0,0,0,0,0,0,0,0,0,0,0,0,0,0,0,0,0,0,0,0,0,0,0,0,0,6.56308,5235.37,18.471,11.4484
Test,MI250X_two_gcd,256,16384,4194304,536870912,32,10,17.1799,2147483648,0,0,0,0,0,0,0,0,8,0,0,0,0,0,0,0,0,0,0,0,0,0,0,0,0,0,0,0,0,0,0,0,0,0,0,3.50631,4899.73,11.07,6.86126
Test,MI250X_two_gcd,256,16384,4194304,536870912,32,10,17.1799,2147483648,0,0,0,0,0,0,0,0,8,0,0,0,0,0,0,0,0,0,0,0,0,0,0,0,0,0,0,0,0,0,0,0,0,0,0,3.5004,4907.98,7.05825,4.37475
Test,MI250X_two_gcd,256,16384,4194304,268435456,32,10,8.58993,2147483648,0,0,0,0,0,0,0,0,0,4,0,0,0,0,0,0,0,0,0,0,0,0,0,0,0,0,0,0,0,0,0,0,0,0,0,1.77435,4841.25,18.3959,11.4019
Test,MI250X_two_gcd,256,16384,4194304,268435456,32,10,8.58993,2147483648,0,0,0,0,0,0,0,0,0,4,0,0,0,0,0,0,0,0,0,0,0,0,0,0,0,0,0,0,0,0,0,0,0,0,0,1.78668,4808.3,50.4051,31.2414
Test,MI250X_two_gcd,256,16384,4194304,134217728,32,10,4.29497,2147483648,0,0,0,0,0,0,0,0,0,0,2,0,0,0,0,0,0,0,0,0,0,0,0,0,0,0,0,0,0,0,0,0,0,0,0,1.80694,2376.93,2.26513,1.40394
Test,MI250X_two_gcd,256,16384,4194304,134217728,32,10,4.29497,2147483648,0,0,0,0,0,0,0,0,0,0,2,0,0,0,0,0,0,0,0,0,0,0,0,0,0,0,0,0,0,0,0,0,0,0,0,1.83044,2347.37,46.7723,28.9897
Test,MI250X_two_gcd,256,16384,4194304,536870912,32,10,17.1799,2147483648,0,0,0,0,0,0,0,0,0,0,0,8,0,0,0,0,0,0,0,0,0,0,0,0,0,0,0,0,0,0,0,0,0,0,0,3.51345,4889.76,7.22168,4.47605
Test,MI250X_two_gcd,256,16384,4194304,536870912,32,10,17.1799,2147483648,0,0,0,0,0,0,0,0,0,0,0,8,0,0,0,0,0,0,0,0,0,0,0,0,0,0,0,0,0,0,0,0,0,0,0,3.5316,4865.14,50.6037,31.3645
Test,MI250X_two_gcd,256,16384,4194304,268435456,32,10,8.58993,1073741824,0,0,0,0,0,0,0,0,0,0,0,0,8,0,0,0,0,0,0,0,0,0,0,0,0,0,0,0,0,0,0,0,0,0,0,0.860965,9977.43,57.0512,35.3607
Test,MI250X_two_gcd,256,16384,4194304,268435456,32,10,8.58993,1073741824,0,0,0,0,0,0,0,0,0,0,0,0,8,0,0,0,0,0,0,0,0,0,0,0,0,0,0,0,0,0,0,0,0,0,0,0.868389,9894.83,171.211,106.118
Test,MI250X_two_gcd,256,16384,4194304,134217728,32,10,4.29497,2147483648,0,0,0,0,0,0,0,0,0,0,0,0,0,2,0,0,0,0,0,0,0,0,0,0,0,0,0,0,0,0,0,0,0,0,0,1.72769,2485.97,5.66847,3.51335
Test,MI250X_two_gcd,256,16384,4194304,134217728,32,10,4.29497,2147483648,0,0,0,0,0,0,0,0,0,0,0,0,0,2,0,0,0,0,0,0,0,0,0,0,0,0,0,0,0,0,0,0,0,0,0,1.73235,2479.3,6.52528,4.04441
Test,MI250X_two_gcd,256,16384,4194304,1073741824,32,10,68.7195,2147483648,0,0,0,0,0,0,0,0,0,0,0,0,0,0,32,0,0,0,0,0,0,0,0,0,0,0,0,0,0,0,0,0,0,0,0,6.70868,10243.4,15.0821,9.34797
Test,MI250X_two_gcd,256,16384,4194304,1073741824,32,10,68.7195,2147483648,0,0,0,0,0,0,0,0,0,0,0,0,0,0,32,0,0,0,0,0,0,0,0,0,0,0,0,0,0,0,0,0,0,0,0,6.70306,10252.2,46.528,28.8383
Test,MI250X_two_gcd,256,16384,4194304,536870912,32,10,34.3597,2147483648,0,0,0,0,0,0,0,0,0,0,0,0,0,0,0,16,0,0,0,0,0,0,0,0,0,0,0,0,0,0,0,0,0,0,0,3.55962,9652.67,18.7344,11.6117
Test,MI250X_two_gcd,256,16384,4194304,536870912,32,10,34.3597,2147483648,0,0,0,0,0,0,0,0,0,0,0,0,0,0,0,16,0,0,0,0,0,0,0,0,0,0,0,0,0,0,0,0,0,0,0,3.57004,9625.14,78.8168,48.8512
Test,MI250X_two_gcd,256,16384,4194304,268435456,32,10,17.1799,2147483648,0,0,0,0,0,0,0,0,0,0,0,0,0,0,0,0,8,0,0,0,0,0,0,0,0,0,0,0,0,0,0,0,0,0,0,1.79199,9587.24,45.6218,28.2767
Test,MI250X_two_gcd,256,16384,4194304,268435456,32,10,17.1799,2147483648,0,0,0,0,0,0,0,0,0,0,0,0,0,0,0,0,8,0,0,0,0,0,0,0,0,0,0,0,0,0,0,0,0,0,0,1.80051,9542.66,95.2687,59.0482
Test,MI250X_two_gcd,256,16384,4194304,134217728,32,10,8.58993,2147483648,0,0,0,0,0,0,0,0,0,0,0,0,0,0,0,0,0,4,0,0,0,0,0,0,0,0,0,0,0,0,0,0,0,0,0,1.90971,4498.04,4.99803,3.09781
Test,MI250X_two_gcd,256,16384,4194304,134217728,32,10,8.58993,2147483648,0,0,0,0,0,0,0,0,0,0,0,0,0,0,0,0,0,4,0,0,0,0,0,0,0,0,0,0,0,0,0,0,0,0,0,1.94497,4417.95,79.4887,49.2676
Test,MI250X_two_gcd,256,16384,4194304,536870912,32,10,34.3597,2147483648,0,0,0,0,0,0,0,0,0,0,0,0,0,0,0,0,0,0,16,0,0,0,0,0,0,0,0,0,0,0,0,0,0,0,0,4.02495,8536.69,7.43128,4.60595
Test,MI250X_two_gcd,256,16384,4194304,536870912,32,10,34.3597,2147483648,0,0,0,0,0,0,0,0,0,0,0,0,0,0,0,0,0,0,16,0,0,0,0,0,0,0,0,0,0,0,0,0,0,0,0,4.05188,8480.77,82.4881,51.1266
Test,MI250X_two_gcd,256,16384,4194304,268435456,32,10,17.1799,1073741824,0,0,0,0,0,0,0,0,0,0,0,0,0,0,0,0,0,0,0,16,0,0,0,0,0,0,0,0,0,0,0,0,0,0,0,0.869541,19758.5,144.341,89.4634
Test,MI250X_two_gcd,256,16384,4194304,268435456,32,10,17.1799,1073741824,0,0,0,0,0,0,0,0,0,0,0,0,0,0,0,0,0,0,0,16,0,0,0,0,0,0,0,0,0,0,0,0,0,0,0,0.863493,19897.2,169.234,104.893
Test,MI250X_two_gcd,256,16384,4194304,134217728,32,10,8.58993,2147483648,0,0,0,0,0,0,0,0,0,0,0,0,0,0,0,0,0,0,0,0,4,0,0,0,0,0,0,0,0,0,0,0,0,0,0,1.72857,4969.4,9.51112,5.89505
Test,MI250X_two_gcd,256,16384,4194304,134217728,32,10,8.58993,2147483648,0,0,0,0,0,0,0,0,0,0,0,0,0,0,0,0,0,0,0,0,4,0,0,0,0,0,0,0,0,0,0,0,0,0,0,1.73566,4949.26,28.4014,17.6034
Test,MI250X_two_gcd,256,16384,4194304,1073741824,32,10,34.3597,2147483648,0,0,0,0,0,0,0,0,0,0,0,0,0,0,0,0,0,0,0,0,0,16,0,0,0,0,0,0,0,0,0,0,0,0,0,22.3111,1540.03,0.277202,0.171812
Test,MI250X_two_gcd,256,16384,4194304,1073741824,32,10,34.3597,2147483648,0,0,0,0,0,0,0,0,0,0,0,0,0,0,0,0,0,0,0,0,0,16,0,0,0,0,0,0,0,0,0,0,0,0,0,22.4004,1533.91,5.30759,3.28968
Test,MI250X_two_gcd,256,16384,4194304,536870912,32,10,17.1799,2147483648,0,0,0,0,0,0,0,0,0,0,0,0,0,0,0,0,0,0,0,0,0,0,8,0,0,0,0,0,0,0,0,0,0,0,0,11.2406,1528.37,0.430384,0.266755
Test,MI250X_two_gcd,256,16384,4194304,536870912,32,10,17.1799,2147483648,0,0,0,0,0,0,0,0,0,0,0,0,0,0,0,0,0,0,0,0,0,0,8,0,0,0,0,0,0,0,0,0,0,0,0,11.2893,1521.82,7.08943,4.39407
Test,MI250X_two_gcd,256,16384,4194304,268435456,32,10,8.58993,2147483648,0,0,0,0,0,0,0,0,0,0,0,0,0,0,0,0,0,0,0,0,0,0,0,4,0,0,0,0,0,0,0,0,0,0,0,8.80433,975.65,0.422044,0.261585
Test,MI250X_two_gcd,256,16384,4194304,268435456,32,10,8.58993,2147483648,0,0,0,0,0,0,0,0,0,0,0,0,0,0,0,0,0,0,0,0,0,0,0,4,0,0,0,0,0,0,0,0,0,0,0,8.86686,968.827,7.49022,4.64249
Test,MI250X_two_gcd,256,16384,4194304,134217728,32,10,4.29497,2147483648,0,0,0,0,0,0,0,0,0,0,0,0,0,0,0,0,0,0,0,0,0,0,0,0,2,0,0,0,0,0,0,0,0,0,0,10.0457,427.542,0.238437,0.147785
Test,MI250X_two_gcd,256,16384,4194304,134217728,32,10,4.29497,2147483648,0,0,0,0,0,0,0,0,0,0,0,0,0,0,0,0,0,0,0,0,0,0,0,0,2,0,0,0,0,0,0,0,0,0,0,10.1081,424.926,3.01163,1.86663
Test,MI250X_two_gcd,256,16384,4194304,536870912,32,10,17.1799,2147483648,0,0,0,0,0,0,0,0,0,0,0,0,0,0,0,0,0,0,0,0,0,0,0,0,0,8,0,0,0,0,0,0,0,0,0,6.67343,2574.37,1.04383,0.64697
Test,MI250X_two_gcd,256,16384,4194304,536870912,32,10,17.1799,2147483648,0,0,0,0,0,0,0,0,0,0,0,0,0,0,0,0,0,0,0,0,0,0,0,0,0,8,0,0,0,0,0,0,0,0,0,6.70197,2563.6,22.1182,13.709
Test,MI250X_two_gcd,256,16384,4194304,268435456,32,10,8.58993,2147483648,0,0,0,0,0,0,0,0,0,0,0,0,0,0,0,0,0,0,0,0,0,0,0,0,0,0,4,0,0,0,0,0,0,0,0,11.8557,724.544,0.39928,0.247476
Test,MI250X_two_gcd,256,16384,4194304,268435456,32,10,8.58993,2147483648,0,0,0,0,0,0,0,0,0,0,0,0,0,0,0,0,0,0,0,0,0,0,0,0,0,0,4,0,0,0,0,0,0,0,0,11.8972,722.032,3.44684,2.13637
Test,MI250X_two_gcd,256,16384,4194304,134217728,32,10,4.29497,2147483648,0,0,0,0,0,0,0,0,0,0,0,0,0,0,0,0,0,0,0,0,0,0,0,0,0,0,0,2,0,0,0,0,0,0,0,7.32435,586.434,4.74057,2.93824
Test,MI250X_two_gcd,256,16384,4194304,134217728,32,10,4.29497,2147483648,0,0,0,0,0,0,0,0,0,0,0,0,0,0,0,0,0,0,0,0,0,0,0,0,0,0,0,2,0,0,0,0,0,0,0,7.40196,580.383,8.87233,5.49913
Test,MI250X_two_gcd,256,16384,4194304,1073741824,32,10,68.7195,2147483648,0,0,0,0,0,0,0,0,0,0,0,0,0,0,0,0,0,0,0,0,0,0,0,0,0,0,0,0,32,0,0,0,0,0,0,34.6636,1982.47,0.227715,0.141139
Test,MI250X_two_gcd,256,16384,4194304,1073741824,32,10,68.7195,2147483648,0,0,0,0,0,0,0,0,0,0,0,0,0,0,0,0,0,0,0,0,0,0,0,0,0,0,0,0,32,0,0,0,0,0,0,34.7887,1975.37,7.49025,4.6425
Test,MI250X_two_gcd,256,16384,4194304,536870912,32,10,34.3597,2147483648,0,0,0,0,0,0,0,0,0,0,0,0,0,0,0,0,0,0,0,0,0,0,0,0,0,0,0,0,0,16,0,0,0,0,0,17.3816,1976.79,0.653569,0.405086
Test,MI250X_two_gcd,256,16384,4194304,536870912,32,10,34.3597,2147483648,0,0,0,0,0,0,0,0,0,0,0,0,0,0,0,0,0,0,0,0,0,0,0,0,0,0,0,0,0,16,0,0,0,0,0,17.469,1966.95,10.1954,6.31916
Test,MI250X_two_gcd,256,16384,4194304,268435456,32,10,17.1799,2147483648,0,0,0,0,0,0,0,0,0,0,0,0,0,0,0,0,0,0,0,0,0,0,0,0,0,0,0,0,0,0,8,0,0,0,0,8.68174,1978.85,0.830183,0.514553
Test,MI250X_two_gcd,256,16384,4194304,268435456,32,10,17.1799,2147483648,0,0,0,0,0,0,0,0,0,0,0,0,0,0,0,0,0,0,0,0,0,0,0,0,0,0,0,0,0,0,8,0,0,0,0,8.74168,1965.39,14.4361,8.94759
Test,MI250X_two_gcd,256,16384,4194304,134217728,32,10,8.58993,2147483648,0,0,0,0,0,0,0,0,0,0,0,0,0,0,0,0,0,0,0,0,0,0,0,0,0,0,0,0,0,0,0,4,0,0,0,23.978,358.243,0.0706928,0.0438159
Test,MI250X_two_gcd,256,16384,4194304,134217728,32,10,8.58993,2147483648,0,0,0,0,0,0,0,0,0,0,0,0,0,0,0,0,0,0,0,0,0,0,0,0,0,0,0,0,0,0,0,4,0,0,0,24.0677,356.912,1.27248,0.788691
Test,MI250X_two_gcd,256,16384,4194304,536870912,32,10,34.3597,2147483648,0,0,0,0,0,0,0,0,0,0,0,0,0,0,0,0,0,0,0,0,0,0,0,0,0,0,0,0,0,0,0,0,16,0,0,17.3765,1977.37,0.49062,0.304089
Test,MI250X_two_gcd,256,16384,4194304,536870912,32,10,34.3597,2147483648,0,0,0,0,0,0,0,0,0,0,0,0,0,0,0,0,0,0,0,0,0,0,0,0,0,0,0,0,0,0,0,0,16,0,0,17.4657,1967.32,10.2802,6.37171
Test,MI250X_two_gcd,256,16384,4194304,268435456,32,10,17.1799,2147483648,0,0,0,0,0,0,0,0,0,0,0,0,0,0,0,0,0,0,0,0,0,0,0,0,0,0,0,0,0,0,0,0,0,8,0,7.2159,2380.84,0.945624,0.586104
Test,MI250X_two_gcd,256,16384,4194304,268435456,32,10,17.1799,2147483648,0,0,0,0,0,0,0,0,0,0,0,0,0,0,0,0,0,0,0,0,0,0,0,0,0,0,0,0,0,0,0,0,0,8,0,7.26974,2363.38,20.0529,12.4289
Test,MI250X_two_gcd,256,16384,4194304,134217728,32,10,8.58993,2147483648,0,0,0,0,0,0,0,0,0,0,0,0,0,0,0,0,0,0,0,0,0,0,0,0,0,0,0,0,0,0,0,0,0,0,4,3.65807,2348.21,0.765807,0.474652
Test,MI250X_two_gcd,256,16384,4194304,134217728,32,10,8.58993,2147483648,0,0,0,0,0,0,0,0,0,0,0,0,0,0,0,0,0,0,0,0,0,0,0,0,0,0,0,0,0,0,0,0,0,0,4,3.68388,2331.98,21.9984,13.6347
Test,MI250X_two_gcd,256,16384,4194304,1073741824,64,10,68.7195,2147483648,32,0,0,0,0,0,0,0,0,0,0,0,0,0,0,0,0,0,0,0,0,0,0,0,0,0,0,0,0,0,0,0,0,0,0,7.2744,9446.78,15.0778,9.34529
Test,MI250X_two_gcd,256,16384,4194304,1073741824,64,10,68.7195,2147483648,32,0,0,0,0,0,0,0,0,0,0,0,0,0,0,0,0,0,0,0,0,0,0,0,0,0,0,0,0,0,0,0,0,0,0,7.2939,9421.53,13.7248,8.5067
Test,MI250X_two_gcd,256,16384,4194304,536870912,64,10,34.3597,2147483648,0,16,0,0,0,0,0,0,0,0,0,0,0,0,0,0,0,0,0,0,0,0,0,0,0,0,0,0,0,0,0,0,0,0,0,3.97284,8648.68,11.0357,6.84001
Test,MI250X_two_gcd,256,16384,4194304,536870912,64,10,34.3597,2147483648,0,16,0,0,0,0,0,0,0,0,0,0,0,0,0,0,0,0,0,0,0,0,0,0,0,0,0,0,0,0,0,0,0,0,0,3.99413,8603.08,66.8358,41.4252
Test,MI250X_two_gcd,256,16384,4194304,268435456,64,10,17.1799,2147483648,0,0,8,0,0,0,0,0,0,0,0,0,0,0,0,0,0,0,0,0,0,0,0,0,0,0,0,0,0,0,0,0,0,0,0,1.91339,8978.78,9.5227,5.90223
Test,MI250X_two_gcd,256,16384,4194304,268435456,64,10,17.1799,2147483648,0,0,8,0,0,0,0,0,0,0,0,0,0,0,0,0,0,0,0,0,0,0,0,0,0,0,0,0,0,0,0,0,0,0,0,1.92107,8943.3,60.5888,37.5533
Test,MI250X_two_gcd,256,16384,4194304,134217728,64,10,8.58993,2147483648,0,0,0,4,0,0,0,0,0,0,0,0,0,0,0,0,0,0,0,0,0,0,0,0,0,0,0,0,0,0,0,0,0,0,0,1.79811,4777.21,4.78582,2.96628
Test,MI250X_two_gcd,256,16384,4194304,134217728,64,10,8.58993,2147483648,0,0,0,4,0,0,0,0,0,0,0,0,0,0,0,0,0,0,0,0,0,0,0,0,0,0,0,0,0,0,0,0,0,0,0,1.81041,4745.63,63.7771,39.5294
Test,MI250X_two_gcd,256,16384,4194304,536870912,64,10,34.3597,2147483648,0,0,0,0,16,0,0,0,0,0,0,0,0,0,0,0,0,0,0,0,0,0,0,0,0,0,0,0,0,0,0,0,0,0,0,3.97494,8644.12,14.667,9.09071
Test,MI250X_two_gcd,256,16384,4194304,536870912,64,10,34.3597,2147483648,0,0,0,0,16,0,0,0,0,0,0,0,0,0,0,0,0,0,0,0,0,0,0,0,0,0,0,0,0,0,0,0,0,0,0,4.00092,8588.8,84.5599,52.4108
Test,MI250X_two_gcd,256,16384,4194304,268435456,64,10,17.1799,1073741824,0,0,0,0,0,16,0,0,0,0,0,0,0,0,0,0,0,0,0,0,0,0,0,0,0,0,0,0,0,0,0,0,0,0,0,1.02177,16813.9,14.2652,8.84166
Test,MI250X_two_gcd,256,16384,4194304,268435456,64,10,17.1799,1073741824,0,0,0,0,0,16,0,0,0,0,0,0,0,0,0,0,0,0,0,0,0,0,0,0,0,0,0,0,0,0,0,0,0,0,0,1.03706,16571.5,296.599,183.834
Test,MI250X_two_gcd,256,16384,4194304,134217728,64,10,8.58993,2147483648,0,0,0,0,0,0,4,0,0,0,0,0,0,0,0,0,0,0,0,0,0,0,0,0,0,0,0,0,0,0,0,0,0,0,0,1.72691,4974.19,7.90726,4.90097
Test,MI250X_two_gcd,256,16384,4194304,134217728,64,10,8.58993,2147483648,0,0,0,0,0,0,4,0,0,0,0,0,0,0,0,0,0,0,0,0,0,0,0,0,0,0,0,0,0,0,0,0,0,0,0,1.7263,4975.95,10.7037,6.63425
Test,MI250X_two_gcd,256,16384,4194304,1073741824,64,10,68.7195,2147483648,0,0,0,0,0,0,0,32,0,0,0,0,0,0,0,0,0,0,0,0,0,0,0,0,0,0,0,0,0,0,0,0,0,0,0,7.23701,9495.6,18.8523,11.6848
Test,MI250X_two_gcd,256,16384,4194304,1073741824,64,10,68.7195,2147483648,0,0,0,0,0,0,0,32,0,0,0,0,0,0,0,0,0,0,0,0,0,0,0,0,0,0,0,0,0,0,0,0,0,0,0,7.26113,9464.05,14.7571,9.14653
Test,MI250X_two_gcd,256,16384,4194304,536870912,64,10,34.3597,2147483648,0,0,0,0,0,0,0,0,16,0,0,0,0,0,0,0,0,0,0,0,0,0,0,0,0,0,0,0,0,0,0,0,0,0,0,3.96785,8659.55,9.45206,5.85845
Test,MI250X_two_gcd,256,16384,4194304,536870912,64,10,34.3597,2147483648,0,0,0,0,0,0,0,0,16,0,0,0,0,0,0,0,0,0,0,0,0,0,0,0,0,0,0,0,0,0,0,0,0,0,0,3.97357,8647.07,8.69418,5.38871
Test,MI250X_two_gcd,256,16384,4194304,268435456,64,10,17.1799,2147483648,0,0,0,0,0,0,0,0,0,8,0,0,0,0,0,0,0,0,0,0,0,0,0,0,0,0,0,0,0,0,0,0,0,0,0,1.90323,9026.72,14.2785,8.8499
Test,MI250X_two_gcd,256,16384,4194304,268435456,64,10,17.1799,2147483648,0,0,0,0,0,0,0,0,0,8,0,0,0,0,0,0,0,0,0,0,0,0,0,0,0,0,0,0,0,0,0,0,0,0,0,1.91868,8955.35,108.582,67.2996
Test,MI250X_two_gcd,256,16384,4194304,134217728,64,10,8.58993,2147483648,0,0,0,0,0,0,0,0,0,0,4,0,0,0,0,0,0,0,0,0,0,0,0,0,0,0,0,0,0,0,0,0,0,0,0,3.49024,2461.72,37.8078,23.4335
Test,MI250X_two_gcd,256,16384,4194304,134217728,64,10,8.58993,2147483648,0,0,0,0,0,0,0,0,0,0,4,0,0,0,0,0,0,0,0,0,0,0,0,0,0,0,0,0,0,0,0,0,0,0,0,3.52066,2440.54,40.3383,25.0019
Test,MI250X_two_gcd,256,16384,4194304,536870912,64,10,34.3597,2147483648,0,0,0,0,0,0,0,0,0,0,0,16,0,0,0,0,0,0,0,0,0,0,0,0,0,0,0,0,0,0,0,0,0,0,0,3.95684,8683.64,10.1308,6.27914
Test,MI250X_two_gcd,256,16384,4194304,536870912,64,10,34.3597,2147483648,0,0,0,0,0,0,0,0,0,0,0,16,0,0,0,0,0,0,0,0,0,0,0,0,0,0,0,0,0,0,0,0,0,0,0,3.97738,8639.66,86.3037,53.4916
Test,MI250X_two_gcd,256,16384,4194304,268435456,64,10,17.1799,1073741824,0,0,0,0,0,0,0,0,0,0,0,0,16,0,0,0,0,0,0,0,0,0,0,0,0,0,0,0,0,0,0,0,0,0,0,0.926166,18549.5,39.7406,24.6315
Test,MI250X_two_gcd,256,16384,4194304,268435456,64,10,17.1799,1073741824,0,0,0,0,0,0,0,0,0,0,0,0,16,0,0,0,0,0,0,0,0,0,0,0,0,0,0,0,0,0,0,0,0,0,0,0.929701,18479,43.4963,26.9593
Test,MI250X_two_gcd,256,16384,4194304,134217728,64,10,8.58993,2147483648,0,0,0,0,0,0,0,0,0,0,0,0,0,4,0,0,0,0,0,0,0,0,0,0,0,0,0,0,0,0,0,0,0,0,0,1.7248,4980.27,6.89534,4.27378
Test,MI250X_two_gcd,256,16384,4194304,134217728,64,10,8.58993,2147483648,0,0,0,0,0,0,0,0,0,0,0,0,0,4,0,0,0,0,0,0,0,0,0,0,0,0,0,0,0,0,0,0,0,0,0,1.72823,4970.71,41.5631,25.7611
Test,MI250X_two_gcd,256,16384,4194304,1073741824,64,10,137.439,2147483648,0,0,0,0,0,0,0,0,0,0,0,0,0,0,64,0,0,0,0,0,0,0,0,0,0,0,0,0,0,0,0,0,0,0,0,7.47022,18398.3,15.0263,9.31337
Test,MI250X_two_gcd,256,16384,4194304,1073741824,64,10,137.439,2147483648,0,0,0,0,0,0,0,0,0,0,0,0,0,0,64,0,0,0,0,0,0,0,0,0,0,0,0,0,0,0,0,0,0,0,0,7.49792,18330.3,35.2213,21.8304
Test,MI250X_two_gcd,256,16384,4194304,536870912,64,10,68.7195,2147483648,0,0,0,0,0,0,0,0,0,0,0,0,0,0,0,32,0,0,0,0,0,0,0,0,0,0,0,0,0,0,0,0,0,0,0,4.06241,16916,17.2041,10.6632
Test,MI250X_two_gcd,256,16384,4194304,536870912,64,10,68.7195,2147483648,0,0,0,0,0,0,0,0,0,0,0,0,0,0,0,32,0,0,0,0,0,0,0,0,0,0,0,0,0,0,0,0,0,0,0,4.06957,16886.2,30.5007,18.9045
Test,MI250X_two_gcd,256,16384,4194304,268435456,64,10,34.3597,2147483648,0,0,0,0,0,0,0,0,0,0,0,0,0,0,0,0,16,0,0,0,0,0,0,0,0,0,0,0,0,0,0,0,0,0,0,2.20468,15584.9,26.8832,16.6624
Test,MI250X_two_gcd,256,16384,4194304,268435456,64,10,34.3597,2147483648,0,0,0,0,0,0,0,0,0,0,0,0,0,0,0,0,16,0,0,0,0,0,0,0,0,0,0,0,0,0,0,0,0,0,0,2.23545,15370.5,45.8357,28.4093
Test,MI250X_two_gcd,256,16384,4194304,134217728,64,10,17.1799,2147483648,0,0,0,0,0,0,0,0,0,0,0,0,0,0,0,0,0,8,0,0,0,0,0,0,0,0,0,0,0,0,0,0,0,0,0,3.63287,4731.58,108.358,67.161
Test,MI250X_two_gcd,256,16384,4194304,134217728,64,10,17.1799,2147483648,0,0,0,0,0,0,0,0,0,0,0,0,0,0,0,0,0,8,0,0,0,0,0,0,0,0,0,0,0,0,0,0,0,0,0,3.68839,4660.91,118.898,73.6939
Test,MI250X_two_gcd,256,16384,4194304,536870912,64,10,68.7195,2147483648,0,0,0,0,0,0,0,0,0,0,0,0,0,0,0,0,0,0,32,0,0,0,0,0,0,0,0,0,0,0,0,0,0,0,0,6.72011,10226,4.31501,2.67447
Test,MI250X_two_gcd,256,16384,4194304,536870912,64,10,68.7195,2147483648,0,0,0,0,0,0,0,0,0,0,0,0,0,0,0,0,0,0,32,0,0,0,0,0,0,0,0,0,0,0,0,0,0,0,0,6.76796,10154.4,87.3859,54.1623
Test,MI250X_two_gcd,256,16384,4194304,268435456,64,10,34.3597,1073741824,0,0,0,0,0,0,0,0,0,0,0,0,0,0,0,0,0,0,0,32,0,0,0,0,0,0,0,0,0,0,0,0,0,0,0,1.12268,30605.3,65.323,40.4876
Test,MI250X_two_gcd,256,16384,4194304,268435456,64,10,34.3597,1073741824,0,0,0,0,0,0,0,0,0,0,0,0,0,0,0,0,0,0,0,32,0,0,0,0,0,0,0,0,0,0,0,0,0,0,0,1.14601,29990,480.407,297.759
Test,MI250X_two_gcd,256,16384,4194304,134217728,64,10,17.1799,2147483648,0,0,0,0,0,0,0,0,0,0,0,0,0,0,0,0,0,0,0,0,8,0,0,0,0,0,0,0,0,0,0,0,0,0,0,1.72812,9941.38,17.9744,11.1406
Test,MI250X_two_gcd,256,16384,4194304,134217728,64,10,17.1799,2147483648,0,0,0,0,0,0,0,0,0,0,0,0,0,0,0,0,0,0,0,0,8,0,0,0,0,0,0,0,0,0,0,0,0,0,0,1.73073,9927,78.1419,48.4328
Test,MI250X_two_gcd,256,16384,4194304,1073741824,64,10,68.7195,2147483648,0,0,0,0,0,0,0,0,0,0,0,0,0,0,0,0,0,0,0,0,0,32,0,0,0,0,0,0,0,0,0,0,0,0,0,44.1153,1557.72,0.174993,0.108462
Test,MI250X_two_gcd,256,16384,4194304,1073741824,64,10,68.7195,2147483648,0,0,0,0,0,0,0,0,0,0,0,0,0,0,0,0,0,0,0,0,0,32,0,0,0,0,0,0,0,0,0,0,0,0,0,44.2834,1551.83,5.30788,3.28986
Test,MI250X_two_gcd,256,16384,4194304,536870912,64,10,34.3597,2147483648,0,0,0,0,0,0,0,0,0,0,0,0,0,0,0,0,0,0,0,0,0,0,16,0,0,0,0,0,0,0,0,0,0,0,0,22.1397,1551.95,0.381872,0.236687
Test,MI250X_two_gcd,256,16384,4194304,536870912,64,10,34.3597,2147483648,0,0,0,0,0,0,0,0,0,0,0,0,0,0,0,0,0,0,0,0,0,0,16,0,0,0,0,0,0,0,0,0,0,0,0,22.2331,1545.48,8.35744,5.17999
Test,MI250X_two_gcd,256,16384,4194304,268435456,64,10,17.1799,2147483648,0,0,0,0,0,0,0,0,0,0,0,0,0,0,0,0,0,0,0,0,0,0,0,8,0,0,0,0,0,0,0,0,0,0,0,17.4336,985.446,0.294362,0.182447
Test,MI250X_two_gcd,256,16384,4194304,268435456,64,10,17.1799,2147483648,0,0,0,0,0,0,0,0,0,0,0,0,0,0,0,0,0,0,0,0,0,0,0,8,0,0,0,0,0,0,0,0,0,0,0,17.5244,980.366,4.90686,3.0413
Test,MI250X_two_gcd,256,16384,4194304,134217728,64,10,8.58993,2147483648,0,0,0,0,0,0,0,0,0,0,0,0,0,0,0,0,0,0,0,0,0,0,0,0,4,0,0,0,0,0,0,0,0,0,0,19.9687,430.169,0.122105,0.0756812
Test,MI250X_two_gcd,256,16384,4194304,134217728,64,10,8.58993,2147483648,0,0,0,0,0,0,0,0,0,0,0,0,0,0,0,0,0,0,0,0,0,0,0,0,4,0,0,0,0,0,0,0,0,0,0,20.0463,428.511,1.64728,1.02099
Test,MI250X_two_gcd,256,16384,4194304,536870912,64,10,34.3597,2147483648,0,0,0,0,0,0,0,0,0,0,0,0,0,0,0,0,0,0,0,0,0,0,0,0,0,16,0,0,0,0,0,0,0,0,0,12.9323,2656.9,1.24736,0.77312
Test,MI250X_two_gcd,256,16384,4194304,536870912,64,10,34.3597,2147483648,0,0,0,0,0,0,0,0,0,0,0,0,0,0,0,0,0,0,0,0,0,0,0,0,0,16,0,0,0,0,0,0,0,0,0,12.9729,2648.69,16.1019,9.98004
Test,MI250X_two_gcd,256,16384,4194304,268435456,64,10,17.1799,2147483648,0,0,0,0,0,0,0,0,0,0,0,0,0,0,0,0,0,0,0,0,0,0,0,0,0,0,8,0,0,0,0,0,0,0,0,23.0722,744.613,0.144296,0.0894355
Test,MI250X_two_gcd,256,16384,4194304,268435456,64,10,17.1799,2147483648,0,0,0,0,0,0,0,0,0,0,0,0,0,0,0,0,0,0,0,0,0,0,0,0,0,0,8,0,0,0,0,0,0,0,0,23.1534,742.01,2.61377,1.62003
Test,MI250X_two_gcd,256,16384,4194304,134217728,64,10,8.58993,2147483648,0,0,0,0,0,0,0,0,0,0,0,0,0,0,0,0,0,0,0,0,0,0,0,0,0,0,0,4,0,0,0,0,0,0,0,14.5549,590.212,4.59364,2.84716
Test,MI250X_two_gcd,256,16384,4194304,134217728,64,10,8.58993,2147483648,0,0,0,0,0,0,0,0,0,0,0,0,0,0,0,0,0,0,0,0,0,0,0,0,0,0,0,4,0,0,0,0,0,0,0,14.7544,582.208,2.84869,1.76564
Test,MI250X_two_gcd,256,16384,4194304,1073741824,64,10,137.439,2147483648,0,0,0,0,0,0,0,0,0,0,0,0,0,0,0,0,0,0,0,0,0,0,0,0,0,0,0,0,64,0,0,0,0,0,0,68.8171,1997.16,0.126925,0.0786687
Test,MI250X_two_gcd,256,16384,4194304,1073741824,64,10,137.439,2147483648,0,0,0,0,0,0,0,0,0,0,0,0,0,0,0,0,0,0,0,0,0,0,0,0,0,0,0,0,64,0,0,0,0,0,0,69.061,1990.12,4.67565,2.898
Test,MI250X_two_gcd,256,16384,4194304,536870912,64,10,68.7195,2147483648,0,0,0,0,0,0,0,0,0,0,0,0,0,0,0,0,0,0,0,0,0,0,0,0,0,0,0,0,0,32,0,0,0,0,0,34.4341,1995.68,0.240998,0.149372
Test,MI250X_two_gcd,256,16384,4194304,536870912,64,10,68.7195,2147483648,0,0,0,0,0,0,0,0,0,0,0,0,0,0,0,0,0,0,0,0,0,0,0,0,0,0,0,0,0,32,0,0,0,0,0,34.5607,1988.39,5.96899,3.69962
Test,MI250X_two_gcd,256,16384,4194304,268435456,64,10,34.3597,2147483648,0,0,0,0,0,0,0,0,0,0,0,0,0,0,0,0,0,0,0,0,0,0,0,0,0,0,0,0,0,0,16,0,0,0,0,17.1867,1999.21,0.38827,0.240653
Test,MI250X_two_gcd,256,16384,4194304,268435456,64,10,34.3597,2147483648,0,0,0,0,0,0,0,0,0,0,0,0,0,0,0,0,0,0,0,0,0,0,0,0,0,0,0,0,0,0,16,0,0,0,0,17.2791,1988.57,10.2224,6.3359
Test,MI250X_two_gcd,256,16384,4194304,134217728,64,10,17.1799,2147483648,0,0,0,0,0,0,0,0,0,0,0,0,0,0,0,0,0,0,0,0,0,0,0,0,0,0,0,0,0,0,0,8,0,0,0,47.8014,359.401,0.0587725,0.0364276
Test,MI250X_two_gcd,256,16384,4194304,134217728,64,10,17.1799,2147483648,0,0,0,0,0,0,0,0,0,0,0,0,0,0,0,0,0,0,0,0,0,0,0,0,0,0,0,0,0,0,0,8,0,0,0,47.9913,357.983,1.22332,0.758224
Test,MI250X_two_gcd,256,16384,4194304,536870912,64,10,68.7195,2147483648,0,0,0,0,0,0,0,0,0,0,0,0,0,0,0,0,0,0,0,0,0,0,0,0,0,0,0,0,0,0,0,0,32,0,0,34.3065,2003.1,0.17606,0.109123
Test,MI250X_two_gcd,256,16384,4194304,536870912,64,10,68.7195,2147483648,0,0,0,0,0,0,0,0,0,0,0,0,0,0,0,0,0,0,0,0,0,0,0,0,0,0,0,0,0,0,0,0,32,0,0,34.4519,1994.68,7.7693,4.81546
Test,MI250X_two_gcd,256,16384,4194304,268435456,64,10,34.3597,2147483648,0,0,0,0,0,0,0,0,0,0,0,0,0,0,0,0,0,0,0,0,0,0,0,0,0,0,0,0,0,0,0,0,0,16,0,14.1424,2429.56,0.850769,0.527312
Test,MI250X_two_gcd,256,16384,4194304,268435456,64,10,34.3597,2147483648,0,0,0,0,0,0,0,0,0,0,0,0,0,0,0,0,0,0,0,0,0,0,0,0,0,0,0,0,0,0,0,0,0,16,0,14.2023,2419.35,10.0062,6.20193
Test,MI250X_two_gcd,256,16384,4194304,134217728,64,10,17.1799,2147483648,0,0,0,0,0,0,0,0,0,0,0,0,0,0,0,0,0,0,0,0,0,0,0,0,0,0,0,0,0,0,0,0,0,0,8,7.12332,2411.78,0.862826,0.534785
Test,MI250X_two_gcd,256,16384,4194304,134217728,64,10,17.1799,2147483648,0,0,0,0,0,0,0,0,0,0,0,0,0,0,0,0,0,0,0,0,0,0,0,0,0,0,0,0,0,0,0,0,0,0,8,7.17844,2393.43,19.8376,12.2955
Test,MI250X_two_gcd,256,16384,4194304,1073741824,128,10,137.439,2147483648,64,0,0,0,0,0,0,0,0,0,0,0,0,0,0,0,0,0,0,0,0,0,0,0,0,0,0,0,0,0,0,0,0,0,0,13.2443,10377.2,2.69803,1.67226
Test,MI250X_two_gcd,256,16384,4194304,1073741824,128,10,137.439,2147483648,64,0,0,0,0,0,0,0,0,0,0,0,0,0,0,0,0,0,0,0,0,0,0,0,0,0,0,0,0,0,0,0,0,0,0,13.2958,10337.2,43.9579,27.2454
Test,MI250X_two_gcd,256,16384,4194304,536870912,128,10,68.7195,2147483648,0,32,0,0,0,0,0,0,0,0,0,0,0,0,0,0,0,0,0,0,0,0,0,0,0,0,0,0,0,0,0,0,0,0,0,6.699,10258.2,5.73517,3.55469
Test,MI250X_two_gcd,256,16384,4194304,536870912,128,10,68.7195,2147483648,0,32,0,0,0,0,0,0,0,0,0,0,0,0,0,0,0,0,0,0,0,0,0,0,0,0,0,0,0,0,0,0,0,0,0,6.7167,10231.1,3.68417,2.28347
Test,MI250X_two_gcd,256,16384,4194304,268435456,128,10,34.3597,2147483648,0,0,16,0,0,0,0,0,0,0,0,0,0,0,0,0,0,0,0,0,0,0,0,0,0,0,0,0,0,0,0,0,0,0,0,3.47737,9881.25,52.8497,32.7566
Test,MI250X_two_gcd,256,16384,4194304,268435456,128,10,34.3597,2147483648,0,0,16,0,0,0,0,0,0,0,0,0,0,0,0,0,0,0,0,0,0,0,0,0,0,0,0,0,0,0,0,0,0,0,0,3.51261,9783.28,118.88,73.6824
Test,MI250X_two_gcd,256,16384,4194304,134217728,128,10,17.1799,2147483648,0,0,0,8,0,0,0,0,0,0,0,0,0,0,0,0,0,0,0,0,0,0,0,0,0,0,0,0,0,0,0,0,0,0,0,3.45058,4978.87,14.1354,8.76122
Test,MI250X_two_gcd,256,16384,4194304,134217728,128,10,17.1799,2147483648,0,0,0,8,0,0,0,0,0,0,0,0,0,0,0,0,0,0,0,0,0,0,0,0,0,0,0,0,0,0,0,0,0,0,0,3.47461,4944.86,47.5323,29.4608
Test,MI250X_two_gcd,256,16384,4194304,536870912,128,10,68.7195,2147483648,0,0,0,0,32,0,0,0,0,0,0,0,0,0,0,0,0,0,0,0,0,0,0,0,0,0,0,0,0,0,0,0,0,0,0,6.60474,10404.6,3.98652,2.47087
Test,MI250X_two_gcd,256,16384,4194304,536870912,128,10,68.7195,2147483648,0,0,0,0,32,0,0,0,0,0,0,0,0,0,0,0,0,0,0,0,0,0,0,0,0,0,0,0,0,0,0,0,0,0,0,6.65198,10331.5,89.2228,55.3009
Test,MI250X_two_gcd,256,16384,4194304,268435456,128,10,34.3597,1073741824,0,0,0,0,0,32,0,0,0,0,0,0,0,0,0,0,0,0,0,0,0,0,0,0,0,0,0,0,0,0,0,0,0,0,0,1.82468,18830.5,22.853,14.1645
Test,MI250X_two_gcd,256,16384,4194304,268435456,128,10,34.3597,1073741824,0,0,0,0,0,32,0,0,0,0,0,0,0,0,0,0,0,0,0,0,0,0,0,0,0,0,0,0,0,0,0,0,0,0,0,1.85009,18576.9,301.187,186.678
Test,MI250X_two_gcd,256,16384,4194304,134217728,128,10,17.1799,2147483648,0,0,0,0,0,0,8,0,0,0,0,0,0,0,0,0,0,0,0,0,0,0,0,0,0,0,0,0,0,0,0,0,0,0,0,1.78929,9601.51,12.2226,7.57567
Test,MI250X_two_gcd,256,16384,4194304,134217728,128,10,17.1799,2147483648,0,0,0,0,0,0,8,0,0,0,0,0,0,0,0,0,0,0,0,0,0,0,0,0,0,0,0,0,0,0,0,0,0,0,0,1.80904,9499.51,161.494,100.095
Test,MI250X_two_gcd,256,16384,4194304,1073741824,128,10,137.439,2147483648,0,0,0,0,0,0,0,64,0,0,0,0,0,0,0,0,0,0,0,0,0,0,0,0,0,0,0,0,0,0,0,0,0,0,0,13.1687,10436.8,3.25246,2.0159
Test,MI250X_two_gcd,256,16384,4194304,1073741824,128,10,137.439,2147483648,0,0,0,0,0,0,0,64,0,0,0,0,0,0,0,0,0,0,0,0,0,0,0,0,0,0,0,0,0,0,0,0,0,0,0,13.2159,10399.6,23.016,14.2654
Test,MI250X_two_gcd,256,16384,4194304,536870912,128,10,68.7195,2147483648,0,0,0,0,0,0,0,0,32,0,0,0,0,0,0,0,0,0,0,0,0,0,0,0,0,0,0,0,0,0,0,0,0,0,0,6.65828,10320.9,6.03058,3.73779
Test,MI250X_two_gcd,256,16384,4194304,536870912,128,10,68.7195,2147483648,0,0,0,0,0,0,0,0,32,0,0,0,0,0,0,0,0,0,0,0,0,0,0,0,0,0,0,0,0,0,0,0,0,0,0,6.67785,10290.7,5.41747,3.35778
Test,MI250X_two_gcd,256,16384,4194304,268435456,128,10,34.3597,2147483648,0,0,0,0,0,0,0,0,0,16,0,0,0,0,0,0,0,0,0,0,0,0,0,0,0,0,0,0,0,0,0,0,0,0,0,3.44049,9986.95,25.0395,15.5196
Test,MI250X_two_gcd,256,16384,4194304,268435456,128,10,34.3597,2147483648,0,0,0,0,0,0,0,0,0,16,0,0,0,0,0,0,0,0,0,0,0,0,0,0,0,0,0,0,0,0,0,0,0,0,0,3.46247,9924.38,93.1954,57.7631
Test,MI250X_two_gcd,256,16384,4194304,134217728,128,10,17.1799,2147483648,0,0,0,0,0,0,0,0,0,0,8,0,0,0,0,0,0,0,0,0,0,0,0,0,0,0,0,0,0,0,0,0,0,0,0,6.88022,2497.39,31.3337,19.4208
Test,MI250X_two_gcd,256,16384,4194304,134217728,128,10,17.1799,2147483648,0,0,0,0,0,0,0,0,0,0,8,0,0,0,0,0,0,0,0,0,0,0,0,0,0,0,0,0,0,0,0,0,0,0,0,6.92412,2481.44,26.1146,16.186
Test,MI250X_two_gcd,256,16384,4194304,536870912,128,10,68.7195,2147483648,0,0,0,0,0,0,0,0,0,0,0,32,0,0,0,0,0,0,0,0,0,0,0,0,0,0,0,0,0,0,0,0,0,0,0,6.5229,10535.1,4.65849,2.88736
Test,MI250X_two_gcd,256,16384,4194304,536870912,128,10,68.7195,2147483648,0,0,0,0,0,0,0,0,0,0,0,32,0,0,0,0,0,0,0,0,0,0,0,0,0,0,0,0,0,0,0,0,0,0,0,6.57405,10454,94.282,58.4366
Test,MI250X_two_gcd,256,16384,4194304,268435456,128,10,34.3597,1073741824,0,0,0,0,0,0,0,0,0,0,0,0,32,0,0,0,0,0,0,0,0,0,0,0,0,0,0,0,0,0,0,0,0,0,0,1.71983,19978.5,5.15498,3.19509
Test,MI250X_two_gcd,256,16384,4194304,268435456,128,10,34.3597,1073741824,0,0,0,0,0,0,0,0,0,0,0,0,32,0,0,0,0,0,0,0,0,0,0,0,0,0,0,0,0,0,0,0,0,0,0,1.73411,19816.1,197.675,122.52
Test,MI250X_two_gcd,256,16384,4194304,134217728,128,10,17.1799,2147483648,0,0,0,0,0,0,0,0,0,0,0,0,0,8,0,0,0,0,0,0,0,0,0,0,0,0,0,0,0,0,0,0,0,0,0,2.13781,8036.22,5.9231,3.67118
Test,MI250X_two_gcd,256,16384,4194304,134217728,128,10,17.1799,2147483648,0,0,0,0,0,0,0,0,0,0,0,0,0,8,0,0,0,0,0,0,0,0,0,0,0,0,0,0,0,0,0,0,0,0,0,2.17195,7910.87,87.0498,53.954
Test,MI250X_two_gcd,256,16384,4194304,1073741824,128,10,274.878,2147483648,0,0,0,0,0,0,0,0,0,0,0,0,0,0,128,0,0,0,0,0,0,0,0,0,0,0,0,0,0,0,0,0,0,0,0,13.6452,20144.7,4.37658,2.71263
Test,MI250X_two_gcd,256,16384,4194304,1073741824,128,10,274.878,2147483648,0,0,0,0,0,0,0,0,0,0,0,0,0,0,128,0,0,0,0,0,0,0,0,0,0,0,0,0,0,0,0,0,0,0,0,13.7213,20033.6,114.547,70.9971
Test,MI250X_two_gcd,256,16384,4194304,536870912,128,10,137.439,2147483648,0,0,0,0,0,0,0,0,0,0,0,0,0,0,0,64,0,0,0,0,0,0,0,0,0,0,0,0,0,0,0,0,0,0,0,6.8774,19984.2,9.82296,6.08833
Test,MI250X_two_gcd,256,16384,4194304,536870912,128,10,137.439,2147483648,0,0,0,0,0,0,0,0,0,0,0,0,0,0,0,64,0,0,0,0,0,0,0,0,0,0,0,0,0,0,0,0,0,0,0,6.92681,19843,166.48,103.186
Test,MI250X_two_gcd,256,16384,4194304,268435456,128,10,68.7195,2147483648,0,0,0,0,0,0,0,0,0,0,0,0,0,0,0,0,32,0,0,0,0,0,0,0,0,0,0,0,0,0,0,0,0,0,0,4.04905,16974.7,223.206,138.344
Test,MI250X_two_gcd,256,16384,4194304,268435456,128,10,68.7195,2147483648,0,0,0,0,0,0,0,0,0,0,0,0,0,0,0,0,32,0,0,0,0,0,0,0,0,0,0,0,0,0,0,0,0,0,0,4.11127,16719.6,282.186,174.901
Test,MI250X_two_gcd,256,16384,4194304,134217728,128,10,34.3597,2147483648,0,0,0,0,0,0,0,0,0,0,0,0,0,0,0,0,0,16,0,0,0,0,0,0,0,0,0,0,0,0,0,0,0,0,0,7.09354,4847.16,127.304,78.9036
Test,MI250X_two_gcd,256,16384,4194304,134217728,128,10,34.3597,2147483648,0,0,0,0,0,0,0,0,0,0,0,0,0,0,0,0,0,16,0,0,0,0,0,0,0,0,0,0,0,0,0,0,0,0,0,7.14183,4813.32,104.553,64.8025
Test,MI250X_two_gcd,256,16384,4194304,536870912,128,10,137.439,2147483648,0,0,0,0,0,0,0,0,0,0,0,0,0,0,0,0,0,0,64,0,0,0,0,0,0,0,0,0,0,0,0,0,0,0,0,13.052,10530.2,4.22715,2.62001
Test,MI250X_two_gcd,256,16384,4194304,536870912,128,10,137.439,2147483648,0,0,0,0,0,0,0,0,0,0,0,0,0,0,0,0,0,0,64,0,0,0,0,0,0,0,0,0,0,0,0,0,0,0,0,13.1238,10472.9,59.6144,36.9494
Test,MI250X_two_gcd,256,16384,4194304,268435456,128,10,68.7195,1073741824,0,0,0,0,0,0,0,0,0,0,0,0,0,0,0,0,0,0,0,64,0,0,0,0,0,0,0,0,0,0,0,0,0,0,0,2.03844,33711.9,75.2914,46.6661
Test,MI250X_two_gcd,256,16384,4194304,268435456,128,10,68.7195,1073741824,0,0,0,0,0,0,0,0,0,0,0,0,0,0,0,0,0,0,0,64,0,0,0,0,0,0,0,0,0,0,0,0,0,0,0,2.07459,33128.9,379.714,235.349
Test,MI250X_two_gcd,256,16384,4194304,134217728,128,10,34.3597,2147483648,0,0,0,0,0,0,0,0,0,0,0,0,0,0,0,0,0,0,0,0,16,0,0,0,0,0,0,0,0,0,0,0,0,0,0,2.42536,14166.9,12.6268,7.82618
Test,MI250X_two_gcd,256,16384,4194304,134217728,128,10,34.3597,2147483648,0,0,0,0,0,0,0,0,0,0,0,0,0,0,0,0,0,0,0,0,16,0,0,0,0,0,0,0,0,0,0,0,0,0,0,2.48779,13813.9,184.545,114.382
Test,MI250X_two_gcd,256,16384,4194304,1073741824,128,10,137.439,2147483648,0,0,0,0,0,0,0,0,0,0,0,0,0,0,0,0,0,0,0,0,0,64,0,0,0,0,0,0,0,0,0,0,0,0,0,87.6477,1568.08,0.209898,0.130096
Test,MI250X_two_gcd,256,16384,4194304,1073741824,128,10,137.439,2147483648,0,0,0,0,0,0,0,0,0,0,0,0,0,0,0,0,0,0,0,0,0,64,0,0,0,0,0,0,0,0,0,0,0,0,0,87.9896,1562,4.12801,2.55857
Test,MI250X_two_gcd,256,16384,4194304,536870912,128,10,68.7195,2147483648,0,0,0,0,0,0,0,0,0,0,0,0,0,0,0,0,0,0,0,0,0,0,32,0,0,0,0,0,0,0,0,0,0,0,0,43.9176,1564.74,0.112924,0.0699912
Test,MI250X_two_gcd,256,16384,4194304,536870912,128,10,68.7195,2147483648,0,0,0,0,0,0,0,0,0,0,0,0,0,0,0,0,0,0,0,0,0,0,32,0,0,0,0,0,0,0,0,0,0,0,0,44.077,1559.09,4.47105,2.77118
Test,MI250X_two_gcd,256,16384,4194304,268435456,128,10,34.3597,2147483648,0,0,0,0,0,0,0,0,0,0,0,0,0,0,0,0,0,0,0,0,0,0,0,16,0,0,0,0,0,0,0,0,0,0,0,34.6796,990.777,0.196443,0.121757
Test,MI250X_two_gcd,256,16384,4194304,268435456,128,10,34.3597,2147483648,0,0,0,0,0,0,0,0,0,0,0,0,0,0,0,0,0,0,0,0,0,0,0,16,0,0,0,0,0,0,0,0,0,0,0,34.8023,987.291,2.81852,1.74694
Test,MI250X_two_gcd,256,16384,4194304,134217728,128,10,17.1799,2147483648,0,0,0,0,0,0,0,0,0,0,0,0,0,0,0,0,0,0,0,0,0,0,0,0,8,0,0,0,0,0,0,0,0,0,0,39.9357,430.189,0.0594731,0.0368618
Test,MI250X_two_gcd,256,16384,4194304,134217728,128,10,17.1799,2147483648,0,0,0,0,0,0,0,0,0,0,0,0,0,0,0,0,0,0,0,0,0,0,0,0,8,0,0,0,0,0,0,0,0,0,0,40.0869,428.571,1.54633,0.958424
Test,MI250X_two_gcd,256,16384,4194304,536870912,128,10,68.7195,2147483648,0,0,0,0,0,0,0,0,0,0,0,0,0,0,0,0,0,0,0,0,0,0,0,0,0,32,0,0,0,0,0,0,0,0,0,25.4331,2701.97,0.538814,0.33396
Test,MI250X_two_gcd,256,16384,4194304,536870912,128,10,68.7195,2147483648,0,0,0,0,0,0,0,0,0,0,0,0,0,0,0,0,0,0,0,0,0,0,0,0,0,32,0,0,0,0,0,0,0,0,0,25.4128,2704.16,8.83453,5.4757
Test,MI250X_two_gcd,256,16384,4194304,268435456,128,10,34.3597,2147483648,0,0,0,0,0,0,0,0,0,0,0,0,0,0,0,0,0,0,0,0,0,0,0,0,0,0,16,0,0,0,0,0,0,0,0,45.3167,758.213,0.0730781,0.0452943
Test,MI250X_two_gcd,256,16384,4194304,268435456,128,10,34.3597,2147483648,0,0,0,0,0,0,0,0,0,0,0,0,0,0,0,0,0,0,0,0,0,0,0,0,0,0,16,0,0,0,0,0,0,0,0,45.4701,755.665,2.54221,1.57568
Test,MI250X_two_gcd,256,16384,4194304,134217728,128,10,17.1799,2147483648,0,0,0,0,0,0,0,0,0,0,0,0,0,0,0,0,0,0,0,0,0,0,0,0,0,0,0,8,0,0,0,0,0,0,0,28.617,600.346,2.22134,1.3768
Test,MI250X_two_gcd,256,16384,4194304,134217728,128,10,17.1799,2147483648,0,0,0,0,0,0,0,0,0,0,0,0,0,0,0,0,0,0,0,0,0,0,0,0,0,0,0,8,0,0,0,0,0,0,0,29.0626,591.141,2.01897,1.25137
Test,MI250X_two_gcd,256,16384,4194304,1073741824,128,10,274.878,2147483648,0,0,0,0,0,0,0,0,0,0,0,0,0,0,0,0,0,0,0,0,0,0,0,0,0,0,0,0,128,0,0,0,0,0,0,137.109,2004.81,0.384561,0.238353
Test,MI250X_two_gcd,256,16384,4194304,1073741824,128,10,274.878,2147483648,0,0,0,0,0,0,0,0,0,0,0,0,0,0,0,0,0,0,0,0,0,0,0,0,0,0,0,0,128,0,0,0,0,0,0,137.57,1998.11,4.26825,2.64549
Test,MI250X_two_gcd,256,16384,4194304,536870912,128,10,137.439,2147483648,0,0,0,0,0,0,0,0,0,0,0,0,0,0,0,0,0,0,0,0,0,0,0,0,0,0,0,0,0,64,0,0,0,0,0,68.5027,2006.33,0.40395,0.250371
Test,MI250X_two_gcd,256,16384,4194304,536870912,128,10,137.439,2147483648,0,0,0,0,0,0,0,0,0,0,0,0,0,0,0,0,0,0,0,0,0,0,0,0,0,0,0,0,0,64,0,0,0,0,0,68.7473,1999.2,4.58743,2.84332
Test,MI250X_two_gcd,256,16384,4194304,268435456,128,10,68.7195,2147483648,0,0,0,0,0,0,0,0,0,0,0,0,0,0,0,0,0,0,0,0,0,0,0,0,0,0,0,0,0,0,32,0,0,0,0,34.1705,2011.08,0.429152,0.265991
Test,MI250X_two_gcd,256,16384,4194304,268435456,128,10,68.7195,2147483648,0,0,0,0,0,0,0,0,0,0,0,0,0,0,0,0,0,0,0,0,0,0,0,0,0,0,0,0,0,0,32,0,0,0,0,34.3143,2002.68,7.90098,4.89708
Test,MI250X_two_gcd,256,16384,4194304,134217728,128,10,34.3597,2147483648,0,0,0,0,0,0,0,0,0,0,0,0,0,0,0,0,0,0,0,0,0,0,0,0,0,0,0,0,0,0,0,16,0,0,0,95.8824,358.353,0.0699525,0.043357
Test,MI250X_two_gcd,256,16384,4194304,134217728,128,10,34.3597,2147483648,0,0,0,0,0,0,0,0,0,0,0,0,0,0,0,0,0,0,0,0,0,0,0,0,0,0,0,0,0,0,0,16,0,0,0,96.2128,357.124,0.732971,0.4543
Test,MI250X_two_gcd,256,16384,4194304,536870912,128,10,137.439,2147483648,0,0,0,0,0,0,0,0,0,0,0,0,0,0,0,0,0,0,0,0,0,0,0,0,0,0,0,0,0,0,0,0,64,0,0,68.1379,2017.07,0.289968,0.179724
Test,MI250X_two_gcd,256,16384,4194304,536870912,128,10,137.439,2147483648,0,0,0,0,0,0,0,0,0,0,0,0,0,0,0,0,0,0,0,0,0,0,0,0,0,0,0,0,0,0,0,0,64,0,0,68.3813,2009.91,5.56362,3.44837
Test,MI250X_two_gcd,256,16384,4194304,268435456,128,10,68.7195,2147483648,0,0,0,0,0,0,0,0,0,0,0,0,0,0,0,0,0,0,0,0,0,0,0,0,0,0,0,0,0,0,0,0,0,32,0,27.9865,2455.45,0.517515,0.320759
Test,MI250X_two_gcd,256,16384,4194304,268435456,128,10,68.7195,2147483648,0,0,0,0,0,0,0,0,0,0,0,0,0,0,0,0,0,0,0,0,0,0,0,0,0,0,0,0,0,0,0,0,0,32,0,28.0984,2445.72,10.8008,6.69439
Test,MI250X_two_gcd,256,16384,4194304,134217728,128,10,34.3597,2147483648,0,0,0,0,0,0,0,0,0,0,0,0,0,0,0,0,0,0,0,0,0,0,0,0,0,0,0,0,0,0,0,0,0,0,16,14.0497,2445.59,0.589582,0.365427
Test,MI250X_two_gcd,256,16384,4194304,134217728,128,10,34.3597,2147483648,0,0,0,0,0,0,0,0,0,0,0,0,0,0,0,0,0,0,0,0,0,0,0,0,0,0,0,0,0,0,0,0,0,0,16,14.1116,2434.9,9.92935,6.15427
Test,MI250X_two_gcd,256,16384,4194304,1073741824,256,10,274.878,2147483648,128,0,0,0,0,0,0,0,0,0,0,0,0,0,0,0,0,0,0,0,0,0,0,0,0,0,0,0,0,0,0,0,0,0,0,26.055,10549.9,1.13455,0.703202
Test,MI250X_two_gcd,256,16384,4194304,1073741824,256,10,274.878,2147483648,128,0,0,0,0,0,0,0,0,0,0,0,0,0,0,0,0,0,0,0,0,0,0,0,0,0,0,0,0,0,0,0,0,0,0,26.1529,10510.6,39.9424,24.7566
Test,MI250X_two_gcd,256,16384,4194304,536870912,256,10,137.439,2147483648,0,64,0,0,0,0,0,0,0,0,0,0,0,0,0,0,0,0,0,0,0,0,0,0,0,0,0,0,0,0,0,0,0,0,0,13.1058,10486.9,4.37669,2.7127
Test,MI250X_two_gcd,256,16384,4194304,536870912,256,10,137.439,2147483648,0,64,0,0,0,0,0,0,0,0,0,0,0,0,0,0,0,0,0,0,0,0,0,0,0,0,0,0,0,0,0,0,0,0,0,13.1768,10430.8,63.9858,39.6588
Test,MI250X_two_gcd,256,16384,4194304,268435456,256,10,68.7195,2147483648,0,0,32,0,0,0,0,0,0,0,0,0,0,0,0,0,0,0,0,0,0,0,0,0,0,0,0,0,0,0,0,0,0,0,0,6.77836,10138.1,11.448,7.09554
Test,MI250X_two_gcd,256,16384,4194304,268435456,256,10,68.7195,2147483648,0,0,32,0,0,0,0,0,0,0,0,0,0,0,0,0,0,0,0,0,0,0,0,0,0,0,0,0,0,0,0,0,0,0,0,6.82401,10070.9,83.1547,51.5398
Test,MI250X_two_gcd,256,16384,4194304,134217728,256,10,34.3597,2147483648,0,0,0,16,0,0,0,0,0,0,0,0,0,0,0,0,0,0,0,0,0,0,0,0,0,0,0,0,0,0,0,0,0,0,0,6.90323,4977.85,50.4774,31.2862
Test,MI250X_two_gcd,256,16384,4194304,134217728,256,10,34.3597,2147483648,0,0,0,16,0,0,0,0,0,0,0,0,0,0,0,0,0,0,0,0,0,0,0,0,0,0,0,0,0,0,0,0,0,0,0,6.91129,4971.84,39.1025,24.236
Test,MI250X_two_gcd,256,16384,4194304,536870912,256,10,137.439,2147483648,0,0,0,0,64,0,0,0,0,0,0,0,0,0,0,0,0,0,0,0,0,0,0,0,0,0,0,0,0,0,0,0,0,0,0,12.9014,10653,3.88338,2.40695
Test,MI250X_two_gcd,256,16384,4194304,536870912,256,10,137.439,2147483648,0,0,0,0,64,0,0,0,0,0,0,0,0,0,0,0,0,0,0,0,0,0,0,0,0,0,0,0,0,0,0,0,0,0,0,12.9716,10595.7,62.7515,38.8938
Test,MI250X_two_gcd,256,16384,4194304,268435456,256,10,68.7195,1073741824,0,0,0,0,0,64,0,0,0,0,0,0,0,0,0,0,0,0,0,0,0,0,0,0,0,0,0,0,0,0,0,0,0,0,0,3.46911,19809.4,98.1269,60.8197
Test,MI250X_two_gcd,256,16384,4194304,268435456,256,10,68.7195,1073741824,0,0,0,0,0,64,0,0,0,0,0,0,0,0,0,0,0,0,0,0,0,0,0,0,0,0,0,0,0,0,0,0,0,0,0,3.49936,19640.4,228.085,141.368
Test,MI250X_two_gcd,256,16384,4194304,134217728,256,10,34.3597,2147483648,0,0,0,0,0,0,16,0,0,0,0,0,0,0,0,0,0,0,0,0,0,0,0,0,0,0,0,0,0,0,0,0,0,0,0,3.42274,10039.7,99.8402,61.8816
Test,MI250X_two_gcd,256,16384,4194304,134217728,256,10,34.3597,2147483648,0,0,0,0,0,0,16,0,0,0,0,0,0,0,0,0,0,0,0,0,0,0,0,0,0,0,0,0,0,0,0,0,0,0,0,3.45503,9946.61,131.631,81.5854
Test,MI250X_two_gcd,256,16384,4194304,1073741824,256,10,274.878,2147483648,0,0,0,0,0,0,0,128,0,0,0,0,0,0,0,0,0,0,0,0,0,0,0,0,0,0,0,0,0,0,0,0,0,0,0,25.9086,10609.5,2.37322,1.47094
Test,MI250X_two_gcd,256,16384,4194304,1073741824,256,10,274.878,2147483648,0,0,0,0,0,0,0,128,0,0,0,0,0,0,0,0,0,0,0,0,0,0,0,0,0,0,0,0,0,0,0,0,0,0,0,26.0097,10568.4,37.9009,23.4912
Test,MI250X_two_gcd,256,16384,4194304,536870912,256,10,137.439,2147483648,0,0,0,0,0,0,0,0,64,0,0,0,0,0,0,0,0,0,0,0,0,0,0,0,0,0,0,0,0,0,0,0,0,0,0,13.0308,10547.3,5.62001,3.48332
Test,MI250X_two_gcd,256,16384,4194304,536870912,256,10,137.439,2147483648,0,0,0,0,0,0,0,0,64,0,0,0,0,0,0,0,0,0,0,0,0,0,0,0,0,0,0,0,0,0,0,0,0,0,0,13.1011,10491,60.4717,37.4808
Test,MI250X_two_gcd,256,16384,4194304,268435456,256,10,68.7195,2147483648,0,0,0,0,0,0,0,0,0,32,0,0,0,0,0,0,0,0,0,0,0,0,0,0,0,0,0,0,0,0,0,0,0,0,0,6.71251,10237.5,7.16353,4.44
Test,MI250X_two_gcd,256,16384,4194304,268435456,256,10,68.7195,2147483648,0,0,0,0,0,0,0,0,0,32,0,0,0,0,0,0,0,0,0,0,0,0,0,0,0,0,0,0,0,0,0,0,0,0,0,6.75116,10179.4,67.5189,41.8487
Test,MI250X_two_gcd,256,16384,4194304,134217728,256,10,34.3597,2147483648,0,0,0,0,0,0,0,0,0,0,16,0,0,0,0,0,0,0,0,0,0,0,0,0,0,0,0,0,0,0,0,0,0,0,0,13.487,2547.62,1.51133,0.936735
Test,MI250X_two_gcd,256,16384,4194304,134217728,256,10,34.3597,2147483648,0,0,0,0,0,0,0,0,0,0,16,0,0,0,0,0,0,0,0,0,0,0,0,0,0,0,0,0,0,0,0,0,0,0,0,13.5607,2533.89,17.5352,10.8684
Test,MI250X_two_gcd,256,16384,4194304,536870912,256,10,137.439,2147483648,0,0,0,0,0,0,0,0,0,0,0,64,0,0,0,0,0,0,0,0,0,0,0,0,0,0,0,0,0,0,0,0,0,0,0,12.744,10784.6,3.11853,1.93288
Test,MI250X_two_gcd,256,16384,4194304,536870912,256,10,137.439,2147483648,0,0,0,0,0,0,0,0,0,0,0,64,0,0,0,0,0,0,0,0,0,0,0,0,0,0,0,0,0,0,0,0,0,0,0,12.8159,10724.4,62.577,38.7856
Test,MI250X_two_gcd,256,16384,4194304,268435456,256,10,68.7195,1073741824,0,0,0,0,0,0,0,0,0,0,0,0,64,0,0,0,0,0,0,0,0,0,0,0,0,0,0,0,0,0,0,0,0,0,0,3.34465,20546.1,11.2732,6.98719
Test,MI250X_two_gcd,256,16384,4194304,268435456,256,10,68.7195,1073741824,0,0,0,0,0,0,0,0,0,0,0,0,64,0,0,0,0,0,0,0,0,0,0,0,0,0,0,0,0,0,0,0,0,0,0,3.36906,20399,186.62,115.668
Test,MI250X_two_gcd,256,16384,4194304,134217728,256,10,34.3597,2147483648,0,0,0,0,0,0,0,0,0,0,0,0,0,16,0,0,0,0,0,0,0,0,0,0,0,0,0,0,0,0,0,0,0,0,0,3.91474,8778.65,119.655,74.1629
Test,MI250X_two_gcd,256,16384,4194304,134217728,256,10,34.3597,2147483648,0,0,0,0,0,0,0,0,0,0,0,0,0,16,0,0,0,0,0,0,0,0,0,0,0,0,0,0,0,0,0,0,0,0,0,3.94862,8703.16,113.365,70.2643
Test,MI250X_two_gcd,256,16384,4194304,1073741824,256,10,549.756,2147483648,0,0,0,0,0,0,0,0,0,0,0,0,0,0,256,0,0,0,0,0,0,0,0,0,0,0,0,0,0,0,0,0,0,0,0,26.6511,20627.9,2.38684,1.47938
Test,MI250X_two_gcd,256,16384,4194304,1073741824,256,10,549.756,2147483648,0,0,0,0,0,0,0,0,0,0,0,0,0,0,256,0,0,0,0,0,0,0,0,0,0,0,0,0,0,0,0,0,0,0,0,26.7425,20557.6,67.187,41.6429
Test,MI250X_two_gcd,256,16384,4194304,536870912,256,10,274.878,2147483648,0,0,0,0,0,0,0,0,0,0,0,0,0,0,0,128,0,0,0,0,0,0,0,0,0,0,0,0,0,0,0,0,0,0,0,13.354,20583.9,9.30357,5.76642
Test,MI250X_two_gcd,256,16384,4194304,536870912,256,10,274.878,2147483648,0,0,0,0,0,0,0,0,0,0,0,0,0,0,0,128,0,0,0,0,0,0,0,0,0,0,0,0,0,0,0,0,0,0,0,13.4216,20481,117.568,72.8696
Test,MI250X_two_gcd,256,16384,4194304,268435456,256,10,137.439,2147483648,0,0,0,0,0,0,0,0,0,0,0,0,0,0,0,0,64,0,0,0,0,0,0,0,0,0,0,0,0,0,0,0,0,0,0,7.70549,17840.5,267.915,166.055
Test,MI250X_two_gcd,256,16384,4194304,268435456,256,10,137.439,2147483648,0,0,0,0,0,0,0,0,0,0,0,0,0,0,0,0,64,0,0,0,0,0,0,0,0,0,0,0,0,0,0,0,0,0,0,7.79188,17645.9,355.063,220.07
Test,MI250X_two_gcd,256,16384,4194304,134217728,256,10,68.7195,2147483648,0,0,0,0,0,0,0,0,0,0,0,0,0,0,0,0,0,32,0,0,0,0,0,0,0,0,0,0,0,0,0,0,0,0,0,13.9414,4929.7,50.7578,31.46
Test,MI250X_two_gcd,256,16384,4194304,134217728,256,10,68.7195,2147483648,0,0,0,0,0,0,0,0,0,0,0,0,0,0,0,0,0,32,0,0,0,0,0,0,0,0,0,0,0,0,0,0,0,0,0,13.963,4921.88,41.6696,25.8271
Test,MI250X_two_gcd,256,16384,4194304,536870912,256,10,274.878,2147483648,0,0,0,0,0,0,0,0,0,0,0,0,0,0,0,0,0,0,128,0,0,0,0,0,0,0,0,0,0,0,0,0,0,0,0,25.6989,10696.1,2.65379,1.64484
Test,MI250X_two_gcd,256,16384,4194304,536870912,256,10,274.878,2147483648,0,0,0,0,0,0,0,0,0,0,0,0,0,0,0,0,0,0,128,0,0,0,0,0,0,0,0,0,0,0,0,0,0,0,0,25.8163,10647.7,46.0629,28.5501
Test,MI250X_two_gcd,256,16384,4194304,268435456,256,10,137.439,1073741824,0,0,0,0,0,0,0,0,0,0,0,0,0,0,0,0,0,0,0,128,0,0,0,0,0,0,0,0,0,0,0,0,0,0,0,3.84308,35764.6,260.737,161.607
Test,MI250X_two_gcd,256,16384,4194304,268435456,256,10,137.439,1073741824,0,0,0,0,0,0,0,0,0,0,0,0,0,0,0,0,0,0,0,128,0,0,0,0,0,0,0,0,0,0,0,0,0,0,0,3.90944,35160.8,425.442,263.692
Test,MI250X_two_gcd,256,16384,4194304,134217728,256,10,68.7195,2147483648,0,0,0,0,0,0,0,0,0,0,0,0,0,0,0,0,0,0,0,0,32,0,0,0,0,0,0,0,0,0,0,0,0,0,0,4.34099,15831.2,114.489,70.9611
Test,MI250X_two_gcd,256,16384,4194304,134217728,256,10,68.7195,2147483648,0,0,0,0,0,0,0,0,0,0,0,0,0,0,0,0,0,0,0,0,32,0,0,0,0,0,0,0,0,0,0,0,0,0,0,4.41409,15572.1,245.703,152.288
Test,MI250X_two_gcd,256,16384,4194304,1073741824,256,10,274.878,2147483648,0,0,0,0,0,0,0,0,0,0,0,0,0,0,0,0,0,0,0,0,0,128,0,0,0,0,0,0,0,0,0,0,0,0,0,174.53,1574.96,0.271068,0.16801
Test,MI250X_two_gcd,256,16384,4194304,1073741824,256,10,274.878,2147483648,0,0,0,0,0,0,0,0,0,0,0,0,0,0,0,0,0,0,0,0,0,128,0,0,0,0,0,0,0,0,0,0,0,0,0,175.164,1569.27,3.7063,2.29719
Test,MI250X_two_gcd,256,16384,4194304,536870912,256,10,137.439,2147483648,0,0,0,0,0,0,0,0,0,0,0,0,0,0,0,0,0,0,0,0,0,0,64,0,0,0,0,0,0,0,0,0,0,0,0,87.384,1572.82,0.209823,0.130049
Test,MI250X_two_gcd,256,16384,4194304,536870912,256,10,137.439,2147483648,0,0,0,0,0,0,0,0,0,0,0,0,0,0,0,0,0,0,0,0,0,0,64,0,0,0,0,0,0,0,0,0,0,0,0,87.7242,1566.73,4.20668,2.60733
Test,MI250X_two_gcd,256,16384,4194304,268435456,256,10,68.7195,2147483648,0,0,0,0,0,0,0,0,0,0,0,0,0,0,0,0,0,0,0,0,0,0,0,32,0,0,0,0,0,0,0,0,0,0,0,69.0635,995.019,0.209454,0.129821
Test,MI250X_two_gcd,256,16384,4194304,268435456,256,10,68.7195,2147483648,0,0,0,0,0,0,0,0,0,0,0,0,0,0,0,0,0,0,0,0,0,0,0,32,0,0,0,0,0,0,0,0,0,0,0,69.3074,991.523,2.3794,1.47477
Test,MI250X_two_gcd,256,16384,4194304,134217728,256,10,34.3597,2147483648,0,0,0,0,0,0,0,0,0,0,0,0,0,0,0,0,0,0,0,0,0,0,0,0,16,0,0,0,0,0,0,0,0,0,0,80.2197,428.32,0.0820545,0.0508579
Test,MI250X_two_gcd,256,16384,4194304,134217728,256,10,34.3597,2147483648,0,0,0,0,0,0,0,0,0,0,0,0,0,0,0,0,0,0,0,0,0,0,0,0,16,0,0,0,0,0,0,0,0,0,0,80.4954,426.856,1.09869,0.680975
Test,MI250X_two_gcd,256,16384,4194304,536870912,256,10,137.439,2147483648,0,0,0,0,0,0,0,0,0,0,0,0,0,0,0,0,0,0,0,0,0,0,0,0,0,64,0,0,0,0,0,0,0,0,0,50.3973,2727.11,0.37667,0.233462
Test,MI250X_two_gcd,256,16384,4194304,536870912,256,10,137.439,2147483648,0,0,0,0,0,0,0,0,0,0,0,0,0,0,0,0,0,0,0,0,0,0,0,0,0,64,0,0,0,0,0,0,0,0,0,50.3466,2729.89,8.83771,5.47767
Test,MI250X_two_gcd,256,16384,4194304,268435456,256,10,68.7195,2147483648,0,0,0,0,0,0,0,0,0,0,0,0,0,0,0,0,0,0,0,0,0,0,0,0,0,0,32,0,0,0,0,0,0,0,0,89.7625,765.57,0.0929246,0.0575953
Test,MI250X_two_gcd,256,16384,4194304,268435456,256,10,68.7195,2147483648,0,0,0,0,0,0,0,0,0,0,0,0,0,0,0,0,0,0,0,0,0,0,0,0,0,0,32,0,0,0,0,0,0,0,0,90.0681,762.977,1.99647,1.23743
Test,MI250X_two_gcd,256,16384,4194304,134217728,256,10,34.3597,2147483648,0,0,0,0,0,0,0,0,0,0,0,0,0,0,0,0,0,0,0,0,0,0,0,0,0,0,0,16,0,0,0,0,0,0,0,54.6321,628.933,1.50699,0.934044
Test,MI250X_two_gcd,256,16384,4194304,134217728,256,10,34.3597,2147483648,0,0,0,0,0,0,0,0,0,0,0,0,0,0,0,0,0,0,0,0,0,0,0,0,0,0,0,16,0,0,0,0,0,0,0,55.3633,620.629,2.04989,1.27054
Test,MI250X_two_gcd,256,16384,4194304,1073741824,256,10,549.756,2147483648,0,0,0,0,0,0,0,0,0,0,0,0,0,0,0,0,0,0,0,0,0,0,0,0,0,0,0,0,256,0,0,0,0,0,0,273.574,2009.53,0.263191,0.163127
Test,MI250X_two_gcd,256,16384,4194304,1073741824,256,10,549.756,2147483648,0,0,0,0,0,0,0,0,0,0,0,0,0,0,0,0,0,0,0,0,0,0,0,0,0,0,0,0,256,0,0,0,0,0,0,274.501,2002.76,4.21336,2.61147
Test,MI250X_two_gcd,256,16384,4194304,536870912,256,10,274.878,2147483648,0,0,0,0,0,0,0,0,0,0,0,0,0,0,0,0,0,0,0,0,0,0,0,0,0,0,0,0,0,128,0,0,0,0,0,136.647,2011.6,0.313297,0.194184
Test,MI250X_two_gcd,256,16384,4194304,536870912,256,10,274.878,2147483648,0,0,0,0,0,0,0,0,0,0,0,0,0,0,0,0,0,0,0,0,0,0,0,0,0,0,0,0,0,128,0,0,0,0,0,137.089,2005.12,4.90457,3.03989
Test,MI250X_two_gcd,256,16384,4194304,268435456,256,10,137.439,2147483648,0,0,0,0,0,0,0,0,0,0,0,0,0,0,0,0,0,0,0,0,0,0,0,0,0,0,0,0,0,0,64,0,0,0,0,68.1241,2017.48,0.215655,0.133665
Test,MI250X_two_gcd,256,16384,4194304,268435456,256,10,137.439,2147483648,0,0,0,0,0,0,0,0,0,0,0,0,0,0,0,0,0,0,0,0,0,0,0,0,0,0,0,0,0,0,64,0,0,0,0,68.3526,2010.74,4.249,2.63356
Test,MI250X_two_gcd,256,16384,4194304,134217728,256,10,68.7195,2147483648,0,0,0,0,0,0,0,0,0,0,0,0,0,0,0,0,0,0,0,0,0,0,0,0,0,0,0,0,0,0,0,32,0,0,0,192.002,357.911,0.0736518,0.0456499
Test,MI250X_two_gcd,256,16384,4194304,134217728,256,10,68.7195,2147483648,0,0,0,0,0,0,0,0,0,0,0,0,0,0,0,0,0,0,0,0,0,0,0,0,0,0,0,0,0,0,0,32,0,0,0,192.619,356.765,0.643692,0.398964
Test,MI250X_two_gcd,256,16384,4194304,536870912,256,10,274.878,2147483648,0,0,0,0,0,0,0,0,0,0,0,0,0,0,0,0,0,0,0,0,0,0,0,0,0,0,0,0,0,0,0,0,128,0,0,135.759,2024.75,0.359966,0.223109
Test,MI250X_two_gcd,256,16384,4194304,536870912,256,10,274.878,2147483648,0,0,0,0,0,0,0,0,0,0,0,0,0,0,0,0,0,0,0,0,0,0,0,0,0,0,0,0,0,0,0,0,128,0,0,136.219,2017.92,4.33273,2.68545
Test,MI250X_two_gcd,256,16384,4194304,268435456,256,10,137.439,2147483648,0,0,0,0,0,0,0,0,0,0,0,0,0,0,0,0,0,0,0,0,0,0,0,0,0,0,0,0,0,0,0,0,0,64,0,55.6485,2469.77,0.310088,0.192194
Test,MI250X_two_gcd,256,16384,4194304,268435456,256,10,137.439,2147483648,0,0,0,0,0,0,0,0,0,0,0,0,0,0,0,0,0,0,0,0,0,0,0,0,0,0,0,0,0,0,0,0,0,64,0,55.851,2460.84,7.84586,4.86292
Test,MI250X_two_gcd,256,16384,4194304,134217728,256,10,68.7195,2147483648,0,0,0,0,0,0,0,0,0,0,0,0,0,0,0,0,0,0,0,0,0,0,0,0,0,0,0,0,0,0,0,0,0,0,32,27.8933,2463.66,0.409038,0.253524
Test,MI250X_two_gcd,256,16384,4194304,134217728,256,10,68.7195,2147483648,0,0,0,0,0,0,0,0,0,0,0,0,0,0,0,0,0,0,0,0,0,0,0,0,0,0,0,0,0,0,0,0,0,0,32,28.0003,2454.28,9.31783,5.77525
Test,MI250X_two_gcd,256,16384,4194304,1073741824,512,10,549.756,2147483648,256,0,0,0,0,0,0,0,0,0,0,0,0,0,0,0,0,0,0,0,0,0,0,0,0,0,0,0,0,0,0,0,0,0,0,51.6443,10645,1.9807,1.22765
Test,MI250X_two_gcd,256,16384,4194304,1073741824,512,10,549.756,2147483648,256,0,0,0,0,0,0,0,0,0,0,0,0,0,0,0,0,0,0,0,0,0,0,0,0,0,0,0,0,0,0,0,0,0,0,51.831,10606.8,29.4146,18.2314
Test,MI250X_two_gcd,256,16384,4194304,536870912,512,10,274.878,2147483648,0,128,0,0,0,0,0,0,0,0,0,0,0,0,0,0,0,0,0,0,0,0,0,0,0,0,0,0,0,0,0,0,0,0,0,25.9117,10608.2,2.49224,1.54471
Test,MI250X_two_gcd,256,16384,4194304,536870912,512,10,274.878,2147483648,0,128,0,0,0,0,0,0,0,0,0,0,0,0,0,0,0,0,0,0,0,0,0,0,0,0,0,0,0,0,0,0,0,0,0,25.9974,10573.4,33.4868,20.7553
Test,MI250X_two_gcd,256,16384,4194304,268435456,512,10,137.439,2147483648,0,0,64,0,0,0,0,0,0,0,0,0,0,0,0,0,0,0,0,0,0,0,0,0,0,0,0,0,0,0,0,0,0,0,0,13.3848,10268.3,4.16693,2.58269
Test,MI250X_two_gcd,256,16384,4194304,268435456,512,10,137.439,2147483648,0,0,64,0,0,0,0,0,0,0,0,0,0,0,0,0,0,0,0,0,0,0,0,0,0,0,0,0,0,0,0,0,0,0,0,13.4318,10232.6,45.2015,28.0162
Test,MI250X_two_gcd,256,16384,4194304,134217728,512,10,68.7195,2147483648,0,0,0,32,0,0,0,0,0,0,0,0,0,0,0,0,0,0,0,0,0,0,0,0,0,0,0,0,0,0,0,0,0,0,0,13.4361,5114.54,2.57508,1.59605
Test,MI250X_two_gcd,256,16384,4194304,134217728,512,10,68.7195,2147483648,0,0,0,32,0,0,0,0,0,0,0,0,0,0,0,0,0,0,0,0,0,0,0,0,0,0,0,0,0,0,0,0,0,0,0,13.5039,5089.04,30.0021,18.5955
Test,MI250X_two_gcd,256,16384,4194304,536870912,512,10,274.878,2147483648,0,0,0,0,128,0,0,0,0,0,0,0,0,0,0,0,0,0,0,0,0,0,0,0,0,0,0,0,0,0,0,0,0,0,0,25.472,10791.4,0.810064,0.502083
Test,MI250X_two_gcd,256,16384,4194304,536870912,512,10,274.878,2147483648,0,0,0,0,128,0,0,0,0,0,0,0,0,0,0,0,0,0,0,0,0,0,0,0,0,0,0,0,0,0,0,0,0,0,0,25.5778,10747,47.6924,29.56
Test,MI250X_two_gcd,256,16384,4194304,268435456,512,10,137.439,1073741824,0,0,0,0,0,128,0,0,0,0,0,0,0,0,0,0,0,0,0,0,0,0,0,0,0,0,0,0,0,0,0,0,0,0,0,6.83554,20106.6,39.1751,24.281
Test,MI250X_two_gcd,256,16384,4194304,268435456,512,10,137.439,1073741824,0,0,0,0,0,128,0,0,0,0,0,0,0,0,0,0,0,0,0,0,0,0,0,0,0,0,0,0,0,0,0,0,0,0,0,6.86295,20027,120.785,74.8631
Test,MI250X_two_gcd,256,16384,4194304,134217728,512,10,68.7195,2147483648,0,0,0,0,0,0,32,0,0,0,0,0,0,0,0,0,0,0,0,0,0,0,0,0,0,0,0,0,0,0,0,0,0,0,0,6.70467,10249.5,17.8631,11.0717
Test,MI250X_two_gcd,256,16384,4194304,134217728,512,10,68.7195,2147483648,0,0,0,0,0,0,32,0,0,0,0,0,0,0,0,0,0,0,0,0,0,0,0,0,0,0,0,0,0,0,0,0,0,0,0,6.75383,10175.6,84.2929,52.2453
Test,MI250X_two_gcd,256,16384,4194304,1073741824,512,10,549.756,2147483648,0,0,0,0,0,0,0,256,0,0,0,0,0,0,0,0,0,0,0,0,0,0,0,0,0,0,0,0,0,0,0,0,0,0,0,51.3626,10703.4,3.27977,2.03282
Test,MI250X_two_gcd,256,16384,4194304,1073741824,512,10,549.756,2147483648,0,0,0,0,0,0,0,256,0,0,0,0,0,0,0,0,0,0,0,0,0,0,0,0,0,0,0,0,0,0,0,0,0,0,0,51.5553,10663.5,34.8492,21.5998
Test,MI250X_two_gcd,256,16384,4194304,536870912,512,10,274.878,2147483648,0,0,0,0,0,0,0,0,128,0,0,0,0,0,0,0,0,0,0,0,0,0,0,0,0,0,0,0,0,0,0,0,0,0,0,25.7567,10672.1,2.01835,1.25099
Test,MI250X_two_gcd,256,16384,4194304,536870912,512,10,274.878,2147483648,0,0,0,0,0,0,0,0,128,0,0,0,0,0,0,0,0,0,0,0,0,0,0,0,0,0,0,0,0,0,0,0,0,0,0,25.8521,10632.8,35.6576,22.1008
Test,MI250X_two_gcd,256,16384,4194304,268435456,512,10,137.439,2147483648,0,0,0,0,0,0,0,0,0,64,0,0,0,0,0,0,0,0,0,0,0,0,0,0,0,0,0,0,0,0,0,0,0,0,0,13.2618,10363.5,5.4139,3.35557
Test,MI250X_two_gcd,256,16384,4194304,268435456,512,10,137.439,2147483648,0,0,0,0,0,0,0,0,0,64,0,0,0,0,0,0,0,0,0,0,0,0,0,0,0,0,0,0,0,0,0,0,0,0,0,13.3326,10308.8,62.7998,38.9237
Test,MI250X_two_gcd,256,16384,4194304,134217728,512,10,68.7195,2147483648,0,0,0,0,0,0,0,0,0,0,32,0,0,0,0,0,0,0,0,0,0,0,0,0,0,0,0,0,0,0,0,0,0,0,0,26.8366,2560.66,0.891387,0.552488
Test,MI250X_two_gcd,256,16384,4194304,134217728,512,10,68.7195,2147483648,0,0,0,0,0,0,0,0,0,0,32,0,0,0,0,0,0,0,0,0,0,0,0,0,0,0,0,0,0,0,0,0,0,0,0,26.9352,2551.36,13.5201,8.37987
Test,MI250X_two_gcd,256,16384,4194304,536870912,512,10,274.878,2147483648,0,0,0,0,0,0,0,0,0,0,0,128,0,0,0,0,0,0,0,0,0,0,0,0,0,0,0,0,0,0,0,0,0,0,0,25.1802,10916.4,2.00865,1.24498
Test,MI250X_two_gcd,256,16384,4194304,536870912,512,10,274.878,2147483648,0,0,0,0,0,0,0,0,0,0,0,128,0,0,0,0,0,0,0,0,0,0,0,0,0,0,0,0,0,0,0,0,0,0,0,25.2848,10871.5,49.0387,30.3945
Test,MI250X_two_gcd,256,16384,4194304,268435456,512,10,137.439,1073741824,0,0,0,0,0,0,0,0,0,0,0,0,128,0,0,0,0,0,0,0,0,0,0,0,0,0,0,0,0,0,0,0,0,0,0,6.59706,20833.4,17.0786,10.5854
Test,MI250X_two_gcd,256,16384,4194304,268435456,512,10,137.439,1073741824,0,0,0,0,0,0,0,0,0,0,0,0,128,0,0,0,0,0,0,0,0,0,0,0,0,0,0,0,0,0,0,0,0,0,0,6.64881,20672.7,172.885,107.155
Test,MI250X_two_gcd,256,16384,4194304,134217728,512,10,68.7195,2147483648,0,0,0,0,0,0,0,0,0,0,0,0,0,32,0,0,0,0,0,0,0,0,0,0,0,0,0,0,0,0,0,0,0,0,0,7.03491,9773.45,223.865,138.753
Test,MI250X_two_gcd,256,16384,4194304,134217728,512,10,68.7195,2147483648,0,0,0,0,0,0,0,0,0,0,0,0,0,32,0,0,0,0,0,0,0,0,0,0,0,0,0,0,0,0,0,0,0,0,0,7.05638,9741.98,181.633,112.577
Test,MI250X_two_gcd,256,16384,4194304,1073741824,512,10,1099.51,2147483648,0,0,0,0,0,0,0,0,0,0,0,0,0,0,512,0,0,0,0,0,0,0,0,0,0,0,0,0,0,0,0,0,0,0,0,52.6312,20890.9,3.26814,2.02561
Test,MI250X_two_gcd,256,16384,4194304,1073741824,512,10,1099.51,2147483648,0,0,0,0,0,0,0,0,0,0,0,0,0,0,512,0,0,0,0,0,0,0,0,0,0,0,0,0,0,0,0,0,0,0,0,52.8162,20817.9,66.5517,41.2491
Test,MI250X_two_gcd,256,16384,4194304,536870912,512,10,549.756,2147483648,0,0,0,0,0,0,0,0,0,0,0,0,0,0,0,256,0,0,0,0,0,0,0,0,0,0,0,0,0,0,0,0,0,0,0,26.2968,20905.8,3.11215,1.92893
Test,MI250X_two_gcd,256,16384,4194304,536870912,512,10,549.756,2147483648,0,0,0,0,0,0,0,0,0,0,0,0,0,0,0,256,0,0,0,0,0,0,0,0,0,0,0,0,0,0,0,0,0,0,0,26.3854,20835.8,67.2708,41.6949
Test,MI250X_two_gcd,256,16384,4194304,268435456,512,10,274.878,2147483648,0,0,0,0,0,0,0,0,0,0,0,0,0,0,0,0,128,0,0,0,0,0,0,0,0,0,0,0,0,0,0,0,0,0,0,14.977,18359.4,335.359,207.858
Test,MI250X_two_gcd,256,16384,4194304,268435456,512,10,274.878,2147483648,0,0,0,0,0,0,0,0,0,0,0,0,0,0,0,0,128,0,0,0,0,0,0,0,0,0,0,0,0,0,0,0,0,0,0,15.1732,18124.9,402.927,249.737
Test,MI250X_two_gcd,256,16384,4194304,134217728,512,10,137.439,2147483648,0,0,0,0,0,0,0,0,0,0,0,0,0,0,0,0,0,64,0,0,0,0,0,0,0,0,0,0,0,0,0,0,0,0,0,27.3494,5025.32,8.29554,5.14163
Test,MI250X_two_gcd,256,16384,4194304,134217728,512,10,137.439,2147483648,0,0,0,0,0,0,0,0,0,0,0,0,0,0,0,0,0,64,0,0,0,0,0,0,0,0,0,0,0,0,0,0,0,0,0,27.4024,5015.64,15.9959,9.91434
Test,MI250X_two_gcd,256,16384,4194304,536870912,512,10,549.756,2147483648,0,0,0,0,0,0,0,0,0,0,0,0,0,0,0,0,0,0,256,0,0,0,0,0,0,0,0,0,0,0,0,0,0,0,0,50.9688,10786.1,2.75476,1.70742
Test,MI250X_two_gcd,256,16384,4194304,536870912,512,10,549.756,2147483648,0,0,0,0,0,0,0,0,0,0,0,0,0,0,0,0,0,0,256,0,0,0,0,0,0,0,0,0,0,0,0,0,0,0,0,51.1519,10747.6,32.7797,20.3171
Test,MI250X_two_gcd,256,16384,4194304,268435456,512,10,274.878,1073741824,0,0,0,0,0,0,0,0,0,0,0,0,0,0,0,0,0,0,0,256,0,0,0,0,0,0,0,0,0,0,0,0,0,0,0,7.44144,36943.5,419.003,259.701
Test,MI250X_two_gcd,256,16384,4194304,268435456,512,10,274.878,1073741824,0,0,0,0,0,0,0,0,0,0,0,0,0,0,0,0,0,0,0,256,0,0,0,0,0,0,0,0,0,0,0,0,0,0,0,7.58448,36247.2,426.444,264.313
Test,MI250X_two_gcd,256,16384,4194304,134217728,512,10,137.439,2147483648,0,0,0,0,0,0,0,0,0,0,0,0,0,0,0,0,0,0,0,0,64,0,0,0,0,0,0,0,0,0,0,0,0,0,0,7.90522,17386.8,129.616,80.3369
Test,MI250X_two_gcd,256,16384,4194304,134217728,512,10,137.439,2147483648,0,0,0,0,0,0,0,0,0,0,0,0,0,0,0,0,0,0,0,0,64,0,0,0,0,0,0,0,0,0,0,0,0,0,0,7.98722,17210,212.698,131.832
Test,MI250X_two_gcd,256,16384,4194304,1073741824,512,10,549.756,2147483648,0,0,0,0,0,0,0,0,0,0,0,0,0,0,0,0,0,0,0,0,0,256,0,0,0,0,0,0,0,0,0,0,0,0,0,348.36,1578.12,0.124072,0.0769006
Test,MI250X_two_gcd,256,16384,4194304,1073741824,512,10,549.756,2147483648,0,0,0,0,0,0,0,0,0,0,0,0,0,0,0,0,0,0,0,0,0,256,0,0,0,0,0,0,0,0,0,0,0,0,0,349.771,1571.77,3.16267,1.96025
Test,MI250X_two_gcd,256,16384,4194304,536870912,512,10,274.878,2147483648,0,0,0,0,0,0,0,0,0,0,0,0,0,0,0,0,0,0,0,0,0,0,128,0,0,0,0,0,0,0,0,0,0,0,0,174.329,1576.78,0.299037,0.185345
Test,MI250X_two_gcd,256,16384,4194304,536870912,512,10,274.878,2147483648,0,0,0,0,0,0,0,0,0,0,0,0,0,0,0,0,0,0,0,0,0,0,128,0,0,0,0,0,0,0,0,0,0,0,0,174.954,1571.15,2.15183,1.33372
Test,MI250X_two_gcd,256,16384,4194304,268435456,512,10,137.439,2147483648,0,0,0,0,0,0,0,0,0,0,0,0,0,0,0,0,0,0,0,0,0,0,0,64,0,0,0,0,0,0,0,0,0,0,0,137.814,997.277,0.130843,0.0810976
Test,MI250X_two_gcd,256,16384,4194304,268435456,512,10,137.439,2147483648,0,0,0,0,0,0,0,0,0,0,0,0,0,0,0,0,0,0,0,0,0,0,0,64,0,0,0,0,0,0,0,0,0,0,0,138.345,993.46,2.38808,1.48015
Test,MI250X_two_gcd,256,16384,4194304,134217728,512,10,68.7195,2147483648,0,0,0,0,0,0,0,0,0,0,0,0,0,0,0,0,0,0,0,0,0,0,0,0,32,0,0,0,0,0,0,0,0,0,0,161.042,426.719,0.100647,0.0623818
Test,MI250X_two_gcd,256,16384,4194304,134217728,512,10,68.7195,2147483648,0,0,0,0,0,0,0,0,0,0,0,0,0,0,0,0,0,0,0,0,0,0,0,0,32,0,0,0,0,0,0,0,0,0,0,161.607,425.228,0.821751,0.509326
Test,MI250X_two_gcd,256,16384,4194304,536870912,512,10,274.878,2147483648,0,0,0,0,0,0,0,0,0,0,0,0,0,0,0,0,0,0,0,0,0,0,0,0,0,128,0,0,0,0,0,0,0,0,0,100.327,2739.83,0.242488,0.150295
Test,MI250X_two_gcd,256,16384,4194304,536870912,512,10,274.878,2147483648,0,0,0,0,0,0,0,0,0,0,0,0,0,0,0,0,0,0,0,0,0,0,0,0,0,128,0,0,0,0,0,0,0,0,0,100.469,2735.95,6.23569,3.86492
Test,MI250X_two_gcd,256,16384,4194304,268435456,512,10,137.439,2147483648,0,0,0,0,0,0,0,0,0,0,0,0,0,0,0,0,0,0,0,0,0,0,0,0,0,0,64,0,0,0,0,0,0,0,0,178.751,768.886,0.0958933,0.0594353
Test,MI250X_two_gcd,256,16384,4194304,268435456,512,10,137.439,2147483648,0,0,0,0,0,0,0,0,0,0,0,0,0,0,0,0,0,0,0,0,0,0,0,0,0,0,64,0,0,0,0,0,0,0,0,179.394,766.134,1.69637,1.05142
Test,MI250X_two_gcd,256,16384,4194304,134217728,512,10,68.7195,2147483648,0,0,0,0,0,0,0,0,0,0,0,0,0,0,0,0,0,0,0,0,0,0,0,0,0,0,0,32,0,0,0,0,0,0,0,98.8447,695.227,0.345166,0.213936
Test,MI250X_two_gcd,256,16384,4194304,134217728,512,10,68.7195,2147483648,0,0,0,0,0,0,0,0,0,0,0,0,0,0,0,0,0,0,0,0,0,0,0,0,0,0,0,32,0,0,0,0,0,0,0,100.03,686.99,1.52834,0.947276
Test,MI250X_two_gcd,256,16384,4194304,1073741824,512,10,1099.51,2147483648,0,0,0,0,0,0,0,0,0,0,0,0,0,0,0,0,0,0,0,0,0,0,0,0,0,0,0,0,512,0,0,0,0,0,0,546.562,2011.69,0.153453,0.0951109
Test,MI250X_two_gcd,256,16384,4194304,1073741824,512,10,1099.51,2147483648,0,0,0,0,0,0,0,0,0,0,0,0,0,0,0,0,0,0,0,0,0,0,0,0,0,0,0,0,512,0,0,0,0,0,0,548.523,2004.5,3.93953,2.44175
Test,MI250X_two_gcd,256,16384,4194304,536870912,512,10,549.756,2147483648,0,0,0,0,0,0,0,0,0,0,0,0,0,0,0,0,0,0,0,0,0,0,0,0,0,0,0,0,0,256,0,0,0,0,0,272.821,2015.08,0.225086,0.13951
Test,MI250X_two_gcd,256,16384,4194304,536870912,512,10,549.756,2147483648,0,0,0,0,0,0,0,0,0,0,0,0,0,0,0,0,0,0,0,0,0,0,0,0,0,0,0,0,0,256,0,0,0,0,0,273.86,2007.44,4.14709,2.57039
Test,MI250X_two_gcd,256,16384,4194304,268435456,512,10,274.878,2147483648,0,0,0,0,0,0,0,0,0,0,0,0,0,0,0,0,0,0,0,0,0,0,0,0,0,0,0,0,0,0,128,0,0,0,0,136.002,2021.13,0.22846,0.141601
Test,MI250X_two_gcd,256,16384,4194304,268435456,512,10,274.878,2147483648,0,0,0,0,0,0,0,0,0,0,0,0,0,0,0,0,0,0,0,0,0,0,0,0,0,0,0,0,0,0,128,0,0,0,0,136.495,2013.84,4.2864,2.65674
Test,MI250X_two_gcd,256,16384,4194304,134217728,512,10,137.439,2147483648,0,0,0,0,0,0,0,0,0,0,0,0,0,0,0,0,0,0,0,0,0,0,0,0,0,0,0,0,0,0,0,64,0,0,0,384.428,357.516,0.0717367,0.0444629
Test,MI250X_two_gcd,256,16384,4194304,134217728,512,10,137.439,2147483648,0,0,0,0,0,0,0,0,0,0,0,0,0,0,0,0,0,0,0,0,0,0,0,0,0,0,0,0,0,0,0,64,0,0,0,385.733,356.306,0.363382,0.225226
Test,MI250X_two_gcd,256,16384,4194304,536870912,512,10,549.756,2147483648,0,0,0,0,0,0,0,0,0,0,0,0,0,0,0,0,0,0,0,0,0,0,0,0,0,0,0,0,0,0,0,0,256,0,0,270.888,2029.46,0.35432,0.21961
Test,MI250X_two_gcd,256,16384,4194304,536870912,512,10,549.756,2147483648,0,0,0,0,0,0,0,0,0,0,0,0,0,0,0,0,0,0,0,0,0,0,0,0,0,0,0,0,0,0,0,0,256,0,0,271.945,2021.58,4.25262,2.6358
Test,MI250X_two_gcd,256,16384,4194304,268435456,512,10,274.878,2147483648,0,0,0,0,0,0,0,0,0,0,0,0,0,0,0,0,0,0,0,0,0,0,0,0,0,0,0,0,0,0,0,0,0,128,0,110.941,2477.69,0.510211,0.316232
Test,MI250X_two_gcd,256,16384,4194304,268435456,512,10,274.878,2147483648,0,0,0,0,0,0,0,0,0,0,0,0,0,0,0,0,0,0,0,0,0,0,0,0,0,0,0,0,0,0,0,0,0,128,0,111.371,2468.14,6.22203,3.85646
Test,MI250X_two_gcd,256,16384,4194304,134217728,512,10,137.439,2147483648,0,0,0,0,0,0,0,0,0,0,0,0,0,0,0,0,0,0,0,0,0,0,0,0,0,0,0,0,0,0,0,0,0,0,64,55.5455,2474.35,0.172918,0.107175
Test,MI250X_two_gcd,256,16384,4194304,134217728,512,10,137.439,2147483648,0,0,0,0,0,0,0,0,0,0,0,0,0,0,0,0,0,0,0,0,0,0,0,0,0,0,0,0,0,0,0,0,0,0,64,55.7669,2464.54,6.60098,4.09133
Test,MI250X_two_gcd,256,16384,4194304,1073741824,1024,10,1099.51,2147483648,512,0,0,0,0,0,0,0,0,0,0,0,0,0,0,0,0,0,0,0,0,0,0,0,0,0,0,0,0,0,0,0,0,0,0,102.811,10694.5,1.30492,0.808801
Test,MI250X_two_gcd,256,16384,4194304,1073741824,1024,10,1099.51,2147483648,512,0,0,0,0,0,0,0,0,0,0,0,0,0,0,0,0,0,0,0,0,0,0,0,0,0,0,0,0,0,0,0,0,0,0,103.165,10657.8,26.3162,16.3109
Test,MI250X_two_gcd,256,16384,4194304,536870912,1024,10,549.756,2147483648,0,256,0,0,0,0,0,0,0,0,0,0,0,0,0,0,0,0,0,0,0,0,0,0,0,0,0,0,0,0,0,0,0,0,0,51.5004,10674.8,1.47719,0.915574
Test,MI250X_two_gcd,256,16384,4194304,536870912,1024,10,549.756,2147483648,0,256,0,0,0,0,0,0,0,0,0,0,0,0,0,0,0,0,0,0,0,0,0,0,0,0,0,0,0,0,0,0,0,0,0,51.6818,10637.4,33.6795,20.8748
Test,MI250X_two_gcd,256,16384,4194304,268435456,1024,10,274.878,2147483648,0,0,128,0,0,0,0,0,0,0,0,0,0,0,0,0,0,0,0,0,0,0,0,0,0,0,0,0,0,0,0,0,0,0,0,26.5906,10337.4,3.01131,1.86643
Test,MI250X_two_gcd,256,16384,4194304,268435456,1024,10,274.878,2147483648,0,0,128,0,0,0,0,0,0,0,0,0,0,0,0,0,0,0,0,0,0,0,0,0,0,0,0,0,0,0,0,0,0,0,0,26.6692,10307.1,33.6163,20.8356
Test,MI250X_two_gcd,256,16384,4194304,134217728,1024,10,137.439,2147483648,0,0,0,64,0,0,0,0,0,0,0,0,0,0,0,0,0,0,0,0,0,0,0,0,0,0,0,0,0,0,0,0,0,0,0,26.7519,5137.55,1.34063,0.830932
Test,MI250X_two_gcd,256,16384,4194304,134217728,1024,10,137.439,2147483648,0,0,0,64,0,0,0,0,0,0,0,0,0,0,0,0,0,0,0,0,0,0,0,0,0,0,0,0,0,0,0,0,0,0,0,26.8346,5121.82,22.8151,14.1409
Test,MI250X_two_gcd,256,16384,4194304,536870912,1024,10,549.756,2147483648,0,0,0,0,256,0,0,0,0,0,0,0,0,0,0,0,0,0,0,0,0,0,0,0,0,0,0,0,0,0,0,0,0,0,0,50.6028,10864.1,0.933687,0.578705
Test,MI250X_two_gcd,256,16384,4194304,536870912,1024,10,549.756,2147483648,0,0,0,0,256,0,0,0,0,0,0,0,0,0,0,0,0,0,0,0,0,0,0,0,0,0,0,0,0,0,0,0,0,0,0,50.7751,10827.4,34.732,21.5271
Test,MI250X_two_gcd,256,16384,4194304,268435456,1024,10,274.878,1073741824,0,0,0,0,0,256,0,0,0,0,0,0,0,0,0,0,0,0,0,0,0,0,0,0,0,0,0,0,0,0,0,0,0,0,0,13.5588,20273,12.0447,7.46537
Test,MI250X_two_gcd,256,16384,4194304,268435456,1024,10,274.878,1073741824,0,0,0,0,0,256,0,0,0,0,0,0,0,0,0,0,0,0,0,0,0,0,0,0,0,0,0,0,0,0,0,0,0,0,0,13.6227,20178.6,118.456,73.4196
Test,MI250X_two_gcd,256,16384,4194304,134217728,1024,10,137.439,2147483648,0,0,0,0,0,0,64,0,0,0,0,0,0,0,0,0,0,0,0,0,0,0,0,0,0,0,0,0,0,0,0,0,0,0,0,13.2862,10344.5,5.70411,3.53544
Test,MI250X_two_gcd,256,16384,4194304,134217728,1024,10,137.439,2147483648,0,0,0,0,0,0,64,0,0,0,0,0,0,0,0,0,0,0,0,0,0,0,0,0,0,0,0,0,0,0,0,0,0,0,0,13.357,10290,62.3675,38.6558
Test,MI250X_two_gcd,256,16384,4194304,1073741824,1024,10,1099.51,2147483648,0,0,0,0,0,0,0,512,0,0,0,0,0,0,0,0,0,0,0,0,0,0,0,0,0,0,0,0,0,0,0,0,0,0,0,102.235,10754.7,2.96433,1.83731
Test,MI250X_two_gcd,256,16384,4194304,1073741824,1024,10,1099.51,2147483648,0,0,0,0,0,0,0,512,0,0,0,0,0,0,0,0,0,0,0,0,0,0,0,0,0,0,0,0,0,0,0,0,0,0,0,102.579,10718.7,27.9741,17.3385
Test,MI250X_two_gcd,256,16384,4194304,536870912,1024,10,549.756,2147483648,0,0,0,0,0,0,0,0,256,0,0,0,0,0,0,0,0,0,0,0,0,0,0,0,0,0,0,0,0,0,0,0,0,0,0,51.1997,10737.5,3.90612,2.42104
Test,MI250X_two_gcd,256,16384,4194304,536870912,1024,10,549.756,2147483648,0,0,0,0,0,0,0,0,256,0,0,0,0,0,0,0,0,0,0,0,0,0,0,0,0,0,0,0,0,0,0,0,0,0,0,51.392,10697.4,36.3844,22.5513
Test,MI250X_two_gcd,256,16384,4194304,268435456,1024,10,274.878,2147483648,0,0,0,0,0,0,0,0,0,128,0,0,0,0,0,0,0,0,0,0,0,0,0,0,0,0,0,0,0,0,0,0,0,0,0,26.361,10427.5,4.53677,2.81192
Test,MI250X_two_gcd,256,16384,4194304,268435456,1024,10,274.878,2147483648,0,0,0,0,0,0,0,0,0,128,0,0,0,0,0,0,0,0,0,0,0,0,0,0,0,0,0,0,0,0,0,0,0,0,0,26.4694,10384.9,46.54,28.8458
Test,MI250X_two_gcd,256,16384,4194304,134217728,1024,10,137.439,2147483648,0,0,0,0,0,0,0,0,0,0,64,0,0,0,0,0,0,0,0,0,0,0,0,0,0,0,0,0,0,0,0,0,0,0,0,53.5189,2568.05,0.752257,0.466254
Test,MI250X_two_gcd,256,16384,4194304,134217728,1024,10,137.439,2147483648,0,0,0,0,0,0,0,0,0,0,64,0,0,0,0,0,0,0,0,0,0,0,0,0,0,0,0,0,0,0,0,0,0,0,0,53.6772,2560.51,9.32467,5.77949
Test,MI250X_two_gcd,256,16384,4194304,536870912,1024,10,549.756,2147483648,0,0,0,0,0,0,0,0,0,0,0,256,0,0,0,0,0,0,0,0,0,0,0,0,0,0,0,0,0,0,0,0,0,0,0,50.0127,10992.3,1.39519,0.864749
Test,MI250X_two_gcd,256,16384,4194304,536870912,1024,10,549.756,2147483648,0,0,0,0,0,0,0,0,0,0,0,256,0,0,0,0,0,0,0,0,0,0,0,0,0,0,0,0,0,0,0,0,0,0,0,50.1964,10952.2,35.7356,22.1492
Test,MI250X_two_gcd,256,16384,4194304,268435456,1024,10,274.878,1073741824,0,0,0,0,0,0,0,0,0,0,0,0,256,0,0,0,0,0,0,0,0,0,0,0,0,0,0,0,0,0,0,0,0,0,0,13.0982,20985.9,12.3541,7.65716
Test,MI250X_two_gcd,256,16384,4194304,268435456,1024,10,274.878,1073741824,0,0,0,0,0,0,0,0,0,0,0,0,256,0,0,0,0,0,0,0,0,0,0,0,0,0,0,0,0,0,0,0,0,0,0,13.1713,20870.2,123.746,76.6986
Test,MI250X_two_gcd,256,16384,4194304,134217728,1024,10,137.439,2147483648,0,0,0,0,0,0,0,0,0,0,0,0,0,64,0,0,0,0,0,0,0,0,0,0,0,0,0,0,0,0,0,0,0,0,0,13.4095,10249.4,5.71609,3.54287
Test,MI250X_two_gcd,256,16384,4194304,134217728,1024,10,137.439,2147483648,0,0,0,0,0,0,0,0,0,0,0,0,0,64,0,0,0,0,0,0,0,0,0,0,0,0,0,0,0,0,0,0,0,0,0,13.48,10196.2,61.8169,38.3145
Test,MI250X_two_gcd,256,16384,4194304,1073741824,1024,10,2199.02,2147483648,0,0,0,0,0,0,0,0,0,0,0,0,0,0,1024,0,0,0,0,0,0,0,0,0,0,0,0,0,0,0,0,0,0,0,0,104.587,21025.8,3.25632,2.01829
Test,MI250X_two_gcd,256,16384,4194304,1073741824,1024,10,2199.02,2147483648,0,0,0,0,0,0,0,0,0,0,0,0,0,0,1024,0,0,0,0,0,0,0,0,0,0,0,0,0,0,0,0,0,0,0,0,104.919,20959.4,47.8631,29.6658
Test,MI250X_two_gcd,256,16384,4194304,536870912,1024,10,1099.51,2147483648,0,0,0,0,0,0,0,0,0,0,0,0,0,0,0,512,0,0,0,0,0,0,0,0,0,0,0,0,0,0,0,0,0,0,0,52.1715,21075,2.76358,1.71289
Test,MI250X_two_gcd,256,16384,4194304,536870912,1024,10,1099.51,2147483648,0,0,0,0,0,0,0,0,0,0,0,0,0,0,0,512,0,0,0,0,0,0,0,0,0,0,0,0,0,0,0,0,0,0,0,52.354,21001.7,69.4698,43.0578
Test,MI250X_two_gcd,256,16384,4194304,268435456,1024,10,549.756,2147483648,0,0,0,0,0,0,0,0,0,0,0,0,0,0,0,0,256,0,0,0,0,0,0,0,0,0,0,0,0,0,0,0,0,0,0,30.2784,18156.7,25.0229,15.5094
Test,MI250X_two_gcd,256,16384,4194304,268435456,1024,10,549.756,2147483648,0,0,0,0,0,0,0,0,0,0,0,0,0,0,0,0,256,0,0,0,0,0,0,0,0,0,0,0,0,0,0,0,0,0,0,30.7777,17862.5,77.6399,48.1217
Test,MI250X_two_gcd,256,16384,4194304,134217728,1024,10,274.878,2147483648,0,0,0,0,0,0,0,0,0,0,0,0,0,0,0,0,0,128,0,0,0,0,0,0,0,0,0,0,0,0,0,0,0,0,0,54.589,5035.41,1.02003,0.632218
Test,MI250X_two_gcd,256,16384,4194304,134217728,1024,10,274.878,2147483648,0,0,0,0,0,0,0,0,0,0,0,0,0,0,0,0,0,128,0,0,0,0,0,0,0,0,0,0,0,0,0,0,0,0,0,54.7333,5022.17,14.3814,8.91367
Test,MI250X_two_gcd,256,16384,4194304,536870912,1024,10,1099.51,2147483648,0,0,0,0,0,0,0,0,0,0,0,0,0,0,0,0,0,0,512,0,0,0,0,0,0,0,0,0,0,0,0,0,0,0,0,101.495,10833.1,1.88104,1.16588
Test,MI250X_two_gcd,256,16384,4194304,536870912,1024,10,1099.51,2147483648,0,0,0,0,0,0,0,0,0,0,0,0,0,0,0,0,0,0,512,0,0,0,0,0,0,0,0,0,0,0,0,0,0,0,0,101.841,10796.5,27.2729,16.9039
Test,MI250X_two_gcd,256,16384,4194304,268435456,1024,10,549.756,1073741824,0,0,0,0,0,0,0,0,0,0,0,0,0,0,0,0,0,0,0,512,0,0,0,0,0,0,0,0,0,0,0,0,0,0,0,14.7339,37312.4,30.9091,19.1577
Test,MI250X_two_gcd,256,16384,4194304,268435456,1024,10,549.756,1073741824,0,0,0,0,0,0,0,0,0,0,0,0,0,0,0,0,0,0,0,512,0,0,0,0,0,0,0,0,0,0,0,0,0,0,0,14.9385,36802.4,212.682,131.821
Test,MI250X_two_gcd,256,16384,4194304,134217728,1024,10,274.878,2147483648,0,0,0,0,0,0,0,0,0,0,0,0,0,0,0,0,0,0,0,0,128,0,0,0,0,0,0,0,0,0,0,0,0,0,0,14.8119,18560.5,217.635,134.892
Test,MI250X_two_gcd,256,16384,4194304,134217728,1024,10,274.878,2147483648,0,0,0,0,0,0,0,0,0,0,0,0,0,0,0,0,0,0,0,0,128,0,0,0,0,0,0,0,0,0,0,0,0,0,0,14.9747,18363,354.547,219.751
Test,MI250X_two_gcd,256,16384,4194304,1073741824,1024,10,1099.51,2147483648,0,0,0,0,0,0,0,0,0,0,0,0,0,0,0,0,0,0,0,0,0,512,0,0,0,0,0,0,0,0,0,0,0,0,0,697.872,1575.52,0.130579,0.0809339
Test,MI250X_two_gcd,256,16384,4194304,1073741824,1024,10,1099.51,2147483648,0,0,0,0,0,0,0,0,0,0,0,0,0,0,0,0,0,0,0,0,0,512,0,0,0,0,0,0,0,0,0,0,0,0,0,700.415,1569.81,2.99456,1.85605
Test,MI250X_two_gcd,256,16384,4194304,536870912,1024,10,549.756,2147483648,0,0,0,0,0,0,0,0,0,0,0,0,0,0,0,0,0,0,0,0,0,0,256,0,0,0,0,0,0,0,0,0,0,0,0,349.683,1572.16,0.106086,0.0657527
Test,MI250X_two_gcd,256,16384,4194304,536870912,1024,10,549.756,2147483648,0,0,0,0,0,0,0,0,0,0,0,0,0,0,0,0,0,0,0,0,0,0,256,0,0,0,0,0,0,0,0,0,0,0,0,350.809,1567.11,1.63329,1.01233
Test,MI250X_two_gcd,256,16384,4194304,268435456,1024,10,274.878,2147483648,0,0,0,0,0,0,0,0,0,0,0,0,0,0,0,0,0,0,0,0,0,0,0,128,0,0,0,0,0,0,0,0,0,0,0,276.656,993.574,0.0988094,0.0612427
Test,MI250X_two_gcd,256,16384,4194304,268435456,1024,10,274.878,2147483648,0,0,0,0,0,0,0,0,0,0,0,0,0,0,0,0,0,0,0,0,0,0,0,128,0,0,0,0,0,0,0,0,0,0,0,277.522,990.472,1.25237,0.776229
Test,MI250X_two_gcd,256,16384,4194304,134217728,1024,10,137.439,2147483648,0,0,0,0,0,0,0,0,0,0,0,0,0,0,0,0,0,0,0,0,0,0,0,0,64,0,0,0,0,0,0,0,0,0,0,322.566,426.08,0.0719007,0.0445645
Test,MI250X_two_gcd,256,16384,4194304,134217728,1024,10,137.439,2147483648,0,0,0,0,0,0,0,0,0,0,0,0,0,0,0,0,0,0,0,0,0,0,0,0,64,0,0,0,0,0,0,0,0,0,0,323.558,424.774,0.676522,0.419313
Test,MI250X_two_gcd,256,16384,4194304,536870912,1024,10,549.756,2147483648,0,0,0,0,0,0,0,0,0,0,0,0,0,0,0,0,0,0,0,0,0,0,0,0,0,256,0,0,0,0,0,0,0,0,0,200.125,2747.06,0.252688,0.156618
Test,MI250X_two_gcd,256,16384,4194304,536870912,1024,10,549.756,2147483648,0,0,0,0,0,0,0,0,0,0,0,0,0,0,0,0,0,0,0,0,0,0,0,0,0,256,0,0,0,0,0,0,0,0,0,200.202,2746.02,5.70312,3.53483
Test,MI250X_two_gcd,256,16384,4194304,268435456,1024,10,274.878,2147483648,0,0,0,0,0,0,0,0,0,0,0,0,0,0,0,0,0,0,0,0,0,0,0,0,0,0,128,0,0,0,0,0,0,0,0,358.124,767.549,0.144214,0.089385
Test,MI250X_two_gcd,256,16384,4194304,268435456,1024,10,274.878,2147483648,0,0,0,0,0,0,0,0,0,0,0,0,0,0,0,0,0,0,0,0,0,0,0,0,0,0,128,0,0,0,0,0,0,0,0,359.213,765.224,0.711569,0.441035
Test,MI250X_two_gcd,256,16384,4194304,134217728,1024,10,137.439,2147483648,0,0,0,0,0,0,0,0,0,0,0,0,0,0,0,0,0,0,0,0,0,0,0,0,0,0,0,64,0,0,0,0,0,0,0,189.236,726.283,0.0545836,0.0338313
Test,MI250X_two_gcd,256,16384,4194304,134217728,1024,10,137.439,2147483648,0,0,0,0,0,0,0,0,0,0,0,0,0,0,0,0,0,0,0,0,0,0,0,0,0,0,0,64,0,0,0,0,0,0,0,190.142,722.826,1.39437,0.864241
Test,MI250X_two_gcd,256,16384,4194304,1073741824,1024,10,2199.02,2147483648,0,0,0,0,0,0,0,0,0,0,0,0,0,0,0,0,0,0,0,0,0,0,0,0,0,0,0,0,1024,0,0,0,0,0,0,1092.42,2012.99,0.0776951,0.0481559
Test,MI250X_two_gcd,256,16384,4194304,1073741824,1024,10,2199.02,2147483648,0,0,0,0,0,0,0,0,0,0,0,0,0,0,0,0,0,0,0,0,0,0,0,0,0,0,0,0,1024,0,0,0,0,0,0,1096.45,2005.6,3.81336,2.36355
Test,MI250X_two_gcd,256,16384,4194304,536870912,1024,10,1099.51,2147483648,0,0,0,0,0,0,0,0,0,0,0,0,0,0,0,0,0,0,0,0,0,0,0,0,0,0,0,0,0,512,0,0,0,0,0,545.921,2014.05,0.0808601,0.0501176
Test,MI250X_two_gcd,256,16384,4194304,536870912,1024,10,1099.51,2147483648,0,0,0,0,0,0,0,0,0,0,0,0,0,0,0,0,0,0,0,0,0,0,0,0,0,0,0,0,0,512,0,0,0,0,0,547.834,2007.02,3.72617,2.3095
Test,MI250X_two_gcd,256,16384,4194304,268435456,1024,10,549.756,2147483648,0,0,0,0,0,0,0,0,0,0,0,0,0,0,0,0,0,0,0,0,0,0,0,0,0,0,0,0,0,0,256,0,0,0,0,271.683,2023.52,0.383095,0.237445
Test,MI250X_two_gcd,256,16384,4194304,268435456,1024,10,549.756,2147483648,0,0,0,0,0,0,0,0,0,0,0,0,0,0,0,0,0,0,0,0,0,0,0,0,0,0,0,0,0,0,256,0,0,0,0,272.697,2016.01,4.24616,2.63179
Test,MI250X_two_gcd,256,16384,4194304,134217728,1024,10,274.878,2147483648,0,0,0,0,0,0,0,0,0,0,0,0,0,0,0,0,0,0,0,0,0,0,0,0,0,0,0,0,0,0,0,128,0,0,0,768.035,357.898,0.202988,0.125814
Test,MI250X_two_gcd,256,16384,4194304,134217728,1024,10,274.878,2147483648,0,0,0,0,0,0,0,0,0,0,0,0,0,0,0,0,0,0,0,0,0,0,0,0,0,0,0,0,0,0,0,128,0,0,0,770.572,356.72,0.600557,0.372229
Test,MI250X_two_gcd,256,16384,4194304,536870912,1024,10,1099.51,2147483648,0,0,0,0,0,0,0,0,0,0,0,0,0,0,0,0,0,0,0,0,0,0,0,0,0,0,0,0,0,0,0,0,512,0,0,541.19,2031.65,0.215225,0.133398
Test,MI250X_two_gcd,256,16384,4194304,536870912,1024,10,1099.51,2147483648,0,0,0,0,0,0,0,0,0,0,0,0,0,0,0,0,0,0,0,0,0,0,0,0,0,0,0,0,0,0,0,0,512,0,0,543.023,2024.8,2.59678,1.6095
Test,MI250X_two_gcd,256,16384,4194304,268435456,1024,10,549.756,2147483648,0,0,0,0,0,0,0,0,0,0,0,0,0,0,0,0,0,0,0,0,0,0,0,0,0,0,0,0,0,0,0,0,0,256,0,221.502,2481.94,0.391078,0.242393
Test,MI250X_two_gcd,256,16384,4194304,268435456,1024,10,549.756,2147483648,0,0,0,0,0,0,0,0,0,0,0,0,0,0,0,0,0,0,0,0,0,0,0,0,0,0,0,0,0,0,0,0,0,256,0,222.307,2472.97,5.29842,3.28399
Test,MI250X_two_gcd,256,16384,4194304,134217728,1024,10,274.878,2147483648,0,0,0,0,0,0,0,0,0,0,0,0,0,0,0,0,0,0,0,0,0,0,0,0,0,0,0,0,0,0,0,0,0,0,128,110.853,2479.66,0.46811,0.290137
Test,MI250X_two_gcd,256,16384,4194304,134217728,1024,10,274.878,2147483648,0,0,0,0,0,0,0,0,0,0,0,0,0,0,0,0,0,0,0,0,0,0,0,0,0,0,0,0,0,0,0,0,0,0,128,111.258,2470.64,5.944,3.68413
Test,MI250X_two_gcd,256,16384,4194304,1073741824,2048,10,2199.02,2147483648,1024,0,0,0,0,0,0,0,0,0,0,0,0,0,0,0,0,0,0,0,0,0,0,0,0,0,0,0,0,0,0,0,0,0,0,205.106,10721.4,1.18844,0.736604
Test,MI250X_two_gcd,256,16384,4194304,1073741824,2048,10,2199.02,2147483648,1024,0,0,0,0,0,0,0,0,0,0,0,0,0,0,0,0,0,0,0,0,0,0,0,0,0,0,0,0,0,0,0,0,0,0,205.714,10689.8,22.4803,13.9334
Test,MI250X_two_gcd,256,16384,4194304,536870912,2048,10,1099.51,2147483648,0,512,0,0,0,0,0,0,0,0,0,0,0,0,0,0,0,0,0,0,0,0,0,0,0,0,0,0,0,0,0,0,0,0,0,102.657,10710.5,1.50406,0.932227
Test,MI250X_two_gcd,256,16384,4194304,536870912,2048,10,1099.51,2147483648,0,512,0,0,0,0,0,0,0,0,0,0,0,0,0,0,0,0,0,0,0,0,0,0,0,0,0,0,0,0,0,0,0,0,0,102.959,10679.2,25.7597,15.966
Test,MI250X_two_gcd,256,16384,4194304,268435456,2048,10,549.756,2147483648,0,0,256,0,0,0,0,0,0,0,0,0,0,0,0,0,0,0,0,0,0,0,0,0,0,0,0,0,0,0,0,0,0,0,0,52.991,10374.5,2.45095,1.51912
Test,MI250X_two_gcd,256,16384,4194304,268435456,2048,10,549.756,2147483648,0,0,256,0,0,0,0,0,0,0,0,0,0,0,0,0,0,0,0,0,0,0,0,0,0,0,0,0,0,0,0,0,0,0,0,53.1297,10347.5,31.8495,19.7405
Test,MI250X_two_gcd,256,16384,4194304,134217728,2048,10,274.878,2147483648,0,0,0,128,0,0,0,0,0,0,0,0,0,0,0,0,0,0,0,0,0,0,0,0,0,0,0,0,0,0,0,0,0,0,0,53.3514,5152.22,0.561469,0.348002
Test,MI250X_two_gcd,256,16384,4194304,134217728,2048,10,274.878,2147483648,0,0,0,128,0,0,0,0,0,0,0,0,0,0,0,0,0,0,0,0,0,0,0,0,0,0,0,0,0,0,0,0,0,0,0,53.4729,5140.54,12.2601,7.59892
Test,MI250X_two_gcd,256,16384,4194304,536870912,2048,10,1099.51,2147483648,0,0,0,0,512,0,0,0,0,0,0,0,0,0,0,0,0,0,0,0,0,0,0,0,0,0,0,0,0,0,0,0,0,0,0,100.638,10925.4,2.02767,1.25676
Test,MI250X_two_gcd,256,16384,4194304,536870912,2048,10,1099.51,2147483648,0,0,0,0,512,0,0,0,0,0,0,0,0,0,0,0,0,0,0,0,0,0,0,0,0,0,0,0,0,0,0,0,0,0,0,100.968,10889.8,27.0433,16.7616
Test,MI250X_two_gcd,256,16384,4194304,268435456,2048,10,549.756,1073741824,0,0,0,0,0,512,0,0,0,0,0,0,0,0,0,0,0,0,0,0,0,0,0,0,0,0,0,0,0,0,0,0,0,0,0,27.0075,20355.7,4.89652,3.03489
Test,MI250X_two_gcd,256,16384,4194304,268435456,2048,10,549.756,1073741824,0,0,0,0,0,512,0,0,0,0,0,0,0,0,0,0,0,0,0,0,0,0,0,0,0,0,0,0,0,0,0,0,0,0,0,27.0893,20294.5,81.1053,50.2696
Test,MI250X_two_gcd,256,16384,4194304,134217728,2048,10,274.878,2147483648,0,0,0,0,0,0,128,0,0,0,0,0,0,0,0,0,0,0,0,0,0,0,0,0,0,0,0,0,0,0,0,0,0,0,0,26.4599,10388.5,2.12491,1.31703
Test,MI250X_two_gcd,256,16384,4194304,134217728,2048,10,274.878,2147483648,0,0,0,0,0,0,128,0,0,0,0,0,0,0,0,0,0,0,0,0,0,0,0,0,0,0,0,0,0,0,0,0,0,0,0,26.5336,10359.7,34.5917,21.4401
Test,MI250X_two_gcd,256,16384,4194304,1073741824,2048,10,2199.02,2147483648,0,0,0,0,0,0,0,1024,0,0,0,0,0,0,0,0,0,0,0,0,0,0,0,0,0,0,0,0,0,0,0,0,0,0,0,203.903,10784.7,2.79284,1.73102
Test,MI250X_two_gcd,256,16384,4194304,1073741824,2048,10,2199.02,2147483648,0,0,0,0,0,0,0,1024,0,0,0,0,0,0,0,0,0,0,0,0,0,0,0,0,0,0,0,0,0,0,0,0,0,0,0,204.59,10748.5,23.4852,14.5563
Test,MI250X_two_gcd,256,16384,4194304,536870912,2048,10,1099.51,2147483648,0,0,0,0,0,0,0,0,512,0,0,0,0,0,0,0,0,0,0,0,0,0,0,0,0,0,0,0,0,0,0,0,0,0,0,102.042,10775.1,3.33201,2.0652
Test,MI250X_two_gcd,256,16384,4194304,536870912,2048,10,1099.51,2147483648,0,0,0,0,0,0,0,0,512,0,0,0,0,0,0,0,0,0,0,0,0,0,0,0,0,0,0,0,0,0,0,0,0,0,0,102.401,10737.3,27.4455,17.0109
Test,MI250X_two_gcd,256,16384,4194304,268435456,2048,10,549.756,2147483648,0,0,0,0,0,0,0,0,0,256,0,0,0,0,0,0,0,0,0,0,0,0,0,0,0,0,0,0,0,0,0,0,0,0,0,52.5069,10470.2,4.28205,2.65404
Test,MI250X_two_gcd,256,16384,4194304,268435456,2048,10,549.756,2147483648,0,0,0,0,0,0,0,0,0,256,0,0,0,0,0,0,0,0,0,0,0,0,0,0,0,0,0,0,0,0,0,0,0,0,0,52.6786,10436.1,30.1395,18.6806
Test,MI250X_two_gcd,256,16384,4194304,134217728,2048,10,274.878,2147483648,0,0,0,0,0,0,0,0,0,0,128,0,0,0,0,0,0,0,0,0,0,0,0,0,0,0,0,0,0,0,0,0,0,0,0,107.032,2568.18,1.06742,0.661592
Test,MI250X_two_gcd,256,16384,4194304,134217728,2048,10,274.878,2147483648,0,0,0,0,0,0,0,0,0,0,128,0,0,0,0,0,0,0,0,0,0,0,0,0,0,0,0,0,0,0,0,0,0,0,0,107.321,2561.29,5.70713,3.53732
Test,MI250X_two_gcd,256,16384,4194304,536870912,2048,10,1099.51,2147483648,0,0,0,0,0,0,0,0,0,0,0,512,0,0,0,0,0,0,0,0,0,0,0,0,0,0,0,0,0,0,0,0,0,0,0,99.6702,11031.5,1.61146,0.998794
Test,MI250X_two_gcd,256,16384,4194304,536870912,2048,10,1099.51,2147483648,0,0,0,0,0,0,0,0,0,0,0,512,0,0,0,0,0,0,0,0,0,0,0,0,0,0,0,0,0,0,0,0,0,0,0,99.9871,10996.6,13.622,8.44303
Test,MI250X_two_gcd,256,16384,4194304,268435456,2048,10,549.756,1073741824,0,0,0,0,0,0,0,0,0,0,0,0,512,0,0,0,0,0,0,0,0,0,0,0,0,0,0,0,0,0,0,0,0,0,0,26.0841,21076.3,4.16231,2.57983
Test,MI250X_two_gcd,256,16384,4194304,268435456,2048,10,549.756,1073741824,0,0,0,0,0,0,0,0,0,0,0,0,512,0,0,0,0,0,0,0,0,0,0,0,0,0,0,0,0,0,0,0,0,0,0,26.1832,20996.8,79.6398,49.3613
Test,MI250X_two_gcd,256,16384,4194304,134217728,2048,10,274.878,2147483648,0,0,0,0,0,0,0,0,0,0,0,0,0,128,0,0,0,0,0,0,0,0,0,0,0,0,0,0,0,0,0,0,0,0,0,26.4929,10375.5,2.04146,1.26531
Test,MI250X_two_gcd,256,16384,4194304,134217728,2048,10,274.878,2147483648,0,0,0,0,0,0,0,0,0,0,0,0,0,128,0,0,0,0,0,0,0,0,0,0,0,0,0,0,0,0,0,0,0,0,0,26.5946,10336.1,46.4112,28.766
Test,MI250X_two_gcd,256,16384,4194304,536870912,2048,10,2199.02,2147483648,0,0,0,0,0,0,0,0,0,0,0,0,0,0,0,1024,0,0,0,0,0,0,0,0,0,0,0,0,0,0,0,0,0,0,0,103.883,21168.3,2.62391,1.62631
Test,MI250X_two_gcd,256,16384,4194304,536870912,2048,10,2199.02,2147483648,0,0,0,0,0,0,0,0,0,0,0,0,0,0,0,1024,0,0,0,0,0,0,0,0,0,0,0,0,0,0,0,0,0,0,0,104.225,21098.9,51.5119,31.9274
Test,MI250X_two_gcd,256,16384,4194304,268435456,2048,10,1099.51,2147483648,0,0,0,0,0,0,0,0,0,0,0,0,0,0,0,0,512,0,0,0,0,0,0,0,0,0,0,0,0,0,0,0,0,0,0,60.1716,18273,14.1535,8.7724
Test,MI250X_two_gcd,256,16384,4194304,268435456,2048,10,1099.51,2147483648,0,0,0,0,0,0,0,0,0,0,0,0,0,0,0,0,512,0,0,0,0,0,0,0,0,0,0,0,0,0,0,0,0,0,0,61.0186,18019.5,55.3842,34.3275
Test,MI250X_two_gcd,256,16384,4194304,134217728,2048,10,549.756,2147483648,0,0,0,0,0,0,0,0,0,0,0,0,0,0,0,0,0,256,0,0,0,0,0,0,0,0,0,0,0,0,0,0,0,0,0,108.935,5046.62,0.815406,0.505394
Test,MI250X_two_gcd,256,16384,4194304,134217728,2048,10,549.756,2147483648,0,0,0,0,0,0,0,0,0,0,0,0,0,0,0,0,0,256,0,0,0,0,0,0,0,0,0,0,0,0,0,0,0,0,0,109.254,5031.92,12.1639,7.53926
Test,MI250X_two_gcd,256,16384,4194304,536870912,2048,10,2199.02,2147483648,0,0,0,0,0,0,0,0,0,0,0,0,0,0,0,0,0,0,1024,0,0,0,0,0,0,0,0,0,0,0,0,0,0,0,0,202.45,10862.1,1.29725,0.804043
Test,MI250X_two_gcd,256,16384,4194304,536870912,2048,10,2199.02,2147483648,0,0,0,0,0,0,0,0,0,0,0,0,0,0,0,0,0,0,1024,0,0,0,0,0,0,0,0,0,0,0,0,0,0,0,0,203.128,10825.8,19.8202,12.2847
Test,MI250X_two_gcd,256,16384,4194304,268435456,2048,10,1099.51,1073741824,0,0,0,0,0,0,0,0,0,0,0,0,0,0,0,0,0,0,0,1024,0,0,0,0,0,0,0,0,0,0,0,0,0,0,0,29.118,37760.6,39.5565,24.5174
Test,MI250X_two_gcd,256,16384,4194304,268435456,2048,10,1099.51,1073741824,0,0,0,0,0,0,0,0,0,0,0,0,0,0,0,0,0,0,0,1024,0,0,0,0,0,0,0,0,0,0,0,0,0,0,0,29.5759,37176.8,178.739,110.784
Test,MI250X_two_gcd,256,16384,4194304,134217728,2048,10,549.756,2147483648,0,0,0,0,0,0,0,0,0,0,0,0,0,0,0,0,0,0,0,0,256,0,0,0,0,0,0,0,0,0,0,0,0,0,0,29.2477,18796.6,19.3641,12.002
Test,MI250X_two_gcd,256,16384,4194304,134217728,2048,10,549.756,2147483648,0,0,0,0,0,0,0,0,0,0,0,0,0,0,0,0,0,0,0,0,256,0,0,0,0,0,0,0,0,0,0,0,0,0,0,29.5854,18582.1,37.1737,23.0405
Test,MI250X_two_gcd,256,16384,4194304,1073741824,2048,10,2199.02,2147483648,0,0,0,0,0,0,0,0,0,0,0,0,0,0,0,0,0,0,0,0,0,1024,0,0,0,0,0,0,0,0,0,0,0,0,0,1398.99,1571.87,0.447913,0.277619
Test,MI250X_two_gcd,256,16384,4194304,1073741824,2048,10,2199.02,2147483648,0,0,0,0,0,0,0,0,0,0,0,0,0,0,0,0,0,0,0,0,0,1024,0,0,0,0,0,0,0,0,0,0,0,0,0,1404.05,1566.21,2.97289,1.84261
Test,MI250X_two_gcd,256,16384,4194304,536870912,2048,10,1099.51,2147483648,0,0,0,0,0,0,0,0,0,0,0,0,0,0,0,0,0,0,0,0,0,0,512,0,0,0,0,0,0,0,0,0,0,0,0,700.999,1568.49,0.236732,0.146728
Test,MI250X_two_gcd,256,16384,4194304,536870912,2048,10,1099.51,2147483648,0,0,0,0,0,0,0,0,0,0,0,0,0,0,0,0,0,0,0,0,0,0,512,0,0,0,0,0,0,0,0,0,0,0,0,703.332,1563.29,2.32938,1.44376
Test,MI250X_two_gcd,256,16384,4194304,268435456,2048,10,549.756,2147483648,0,0,0,0,0,0,0,0,0,0,0,0,0,0,0,0,0,0,0,0,0,0,0,256,0,0,0,0,0,0,0,0,0,0,0,553.192,993.788,0.103485,0.0641406
Test,MI250X_two_gcd,256,16384,4194304,268435456,2048,10,549.756,2147483648,0,0,0,0,0,0,0,0,0,0,0,0,0,0,0,0,0,0,0,0,0,0,0,256,0,0,0,0,0,0,0,0,0,0,0,555.156,990.276,1.70552,1.05709
Test,MI250X_two_gcd,256,16384,4194304,134217728,2048,10,274.878,2147483648,0,0,0,0,0,0,0,0,0,0,0,0,0,0,0,0,0,0,0,0,0,0,0,0,128,0,0,0,0,0,0,0,0,0,0,645.446,425.873,0.0649785,0.0402741
Test,MI250X_two_gcd,256,16384,4194304,134217728,2048,10,274.878,2147483648,0,0,0,0,0,0,0,0,0,0,0,0,0,0,0,0,0,0,0,0,0,0,0,0,128,0,0,0,0,0,0,0,0,0,0,647.326,424.637,0.366118,0.226922
Test,MI250X_two_gcd,256,16384,4194304,536870912,2048,10,1099.51,2147483648,0,0,0,0,0,0,0,0,0,0,0,0,0,0,0,0,0,0,0,0,0,0,0,0,0,512,0,0,0,0,0,0,0,0,0,399.616,2751.42,0.276441,0.17134
Test,MI250X_two_gcd,256,16384,4194304,536870912,2048,10,1099.51,2147483648,0,0,0,0,0,0,0,0,0,0,0,0,0,0,0,0,0,0,0,0,0,0,0,0,0,512,0,0,0,0,0,0,0,0,0,401.036,2741.69,5.55293,3.44174
Test,MI250X_two_gcd,256,16384,4194304,268435456,2048,10,549.756,2147483648,0,0,0,0,0,0,0,0,0,0,0,0,0,0,0,0,0,0,0,0,0,0,0,0,0,0,256,0,0,0,0,0,0,0,0,715.886,767.938,0.178621,0.11071
Test,MI250X_two_gcd,256,16384,4194304,268435456,2048,10,549.756,2147483648,0,0,0,0,0,0,0,0,0,0,0,0,0,0,0,0,0,0,0,0,0,0,0,0,0,0,256,0,0,0,0,0,0,0,0,717.816,765.874,0.884791,0.548399
Test,MI250X_two_gcd,256,16384,4194304,134217728,2048,10,274.878,2147483648,0,0,0,0,0,0,0,0,0,0,0,0,0,0,0,0,0,0,0,0,0,0,0,0,0,0,0,128,0,0,0,0,0,0,0,373.544,735.864,0.0681755,0.0422556
Test,MI250X_two_gcd,256,16384,4194304,134217728,2048,10,274.878,2147483648,0,0,0,0,0,0,0,0,0,0,0,0,0,0,0,0,0,0,0,0,0,0,0,0,0,0,0,128,0,0,0,0,0,0,0,374.766,733.466,1.05116,0.651518
Test,MI250X_two_gcd,256,16384,4194304,1073741824,2048,9,4398.05,2147483648,0,0,0,0,0,0,0,0,0,0,0,0,0,0,0,0,0,0,0,0,0,0,0,0,0,0,0,0,2048,0,0,0,0,0,0,2184.44,2013.35,0.122052,0.0797405
Test,MI250X_two_gcd,256,16384,4194304,1073741824,2048,9,4398.05,2147483648,0,0,0,0,0,0,0,0,0,0,0,0,0,0,0,0,0,0,0,0,0,0,0,0,0,0,0,0,2048,0,0,0,0,0,0,2191.61,2006.77,3.92442,2.56396
Test,MI250X_two_gcd,256,16384,4194304,536870912,2048,10,2199.02,2147483648,0,0,0,0,0,0,0,0,0,0,0,0,0,0,0,0,0,0,0,0,0,0,0,0,0,0,0,0,0,1024,0,0,0,0,0,1091.86,2014.02,0.0806093,0.0499622
Test,MI250X_two_gcd,256,16384,4194304,536870912,2048,10,2199.02,2147483648,0,0,0,0,0,0,0,0,0,0,0,0,0,0,0,0,0,0,0,0,0,0,0,0,0,0,0,0,0,1024,0,0,0,0,0,1095.3,2007.69,3.63695,2.25421
Test,MI250X_two_gcd,256,16384,4194304,268435456,2048,10,1099.51,2147483648,0,0,0,0,0,0,0,0,0,0,0,0,0,0,0,0,0,0,0,0,0,0,0,0,0,0,0,0,0,0,512,0,0,0,0,543.333,2023.64,0.149697,0.092783
Test,MI250X_two_gcd,256,16384,4194304,268435456,2048,10,1099.51,2147483648,0,0,0,0,0,0,0,0,0,0,0,0,0,0,0,0,0,0,0,0,0,0,0,0,0,0,0,0,0,0,512,0,0,0,0,545.238,2016.58,4.04147,2.50493
Test,MI250X_two_gcd,256,16384,4194304,134217728,2048,10,549.756,2147483648,0,0,0,0,0,0,0,0,0,0,0,0,0,0,0,0,0,0,0,0,0,0,0,0,0,0,0,0,0,0,0,256,0,0,0,1534.8,358.194,0.0562385,0.034857
Test,MI250X_two_gcd,256,16384,4194304,134217728,2048,10,549.756,2147483648,0,0,0,0,0,0,0,0,0,0,0,0,0,0,0,0,0,0,0,0,0,0,0,0,0,0,0,0,0,0,0,256,0,0,0,1539.99,356.987,0.525059,0.325435
Test,MI250X_two_gcd,256,16384,4194304,536870912,2048,10,2199.02,2147483648,0,0,0,0,0,0,0,0,0,0,0,0,0,0,0,0,0,0,0,0,0,0,0,0,0,0,0,0,0,0,0,0,1024,0,0,1082.16,2032.06,0.128044,0.0793624
Test,MI250X_two_gcd,256,16384,4194304,536870912,2048,10,2199.02,2147483648,0,0,0,0,0,0,0,0,0,0,0,0,0,0,0,0,0,0,0,0,0,0,0,0,0,0,0,0,0,0,0,0,1024,0,0,1085.99,2024.9,3.77083,2.33718
Test,MI250X_two_gcd,256,16384,4194304,268435456,2048,10,1099.51,2147483648,0,0,0,0,0,0,0,0,0,0,0,0,0,0,0,0,0,0,0,0,0,0,0,0,0,0,0,0,0,0,0,0,0,512,0,442.505,2484.74,0.365428,0.226495
Test,MI250X_two_gcd,256,16384,4194304,268435456,2048,10,1099.51,2147483648,0,0,0,0,0,0,0,0,0,0,0,0,0,0,0,0,0,0,0,0,0,0,0,0,0,0,0,0,0,0,0,0,0,512,0,443.926,2476.79,2.74364,1.70052
Test,MI250X_two_gcd,256,16384,4194304,134217728,2048,10,549.756,2147483648,0,0,0,0,0,0,0,0,0,0,0,0,0,0,0,0,0,0,0,0,0,0,0,0,0,0,0,0,0,0,0,0,0,0,256,221.463,2482.38,0.417133,0.258542
Test,MI250X_two_gcd,256,16384,4194304,134217728,2048,10,549.756,2147483648,0,0,0,0,0,0,0,0,0,0,0,0,0,0,0,0,0,0,0,0,0,0,0,0,0,0,0,0,0,0,0,0,0,0,256,222.127,2474.96,0.93761,0.581137
Test,MI250X_two_gcd,256,16384,4194304,1073741824,4096,10,4398.05,2147483648,2048,0,0,0,0,0,0,0,0,0,0,0,0,0,0,0,0,0,0,0,0,0,0,0,0,0,0,0,0,0,0,0,0,0,0,409.645,10736.2,0.817851,0.506909
Test,MI250X_two_gcd,256,16384,4194304,1073741824,4096,10,4398.05,2147483648,2048,0,0,0,0,0,0,0,0,0,0,0,0,0,0,0,0,0,0,0,0,0,0,0,0,0,0,0,0,0,0,0,0,0,0,410.799,10706.1,20.515,12.7153
Test,MI250X_two_gcd,256,16384,4194304,536870912,4096,10,2199.02,2147483648,0,1024,0,0,0,0,0,0,0,0,0,0,0,0,0,0,0,0,0,0,0,0,0,0,0,0,0,0,0,0,0,0,0,0,0,204.886,10732.9,0.949258,0.588356
Test,MI250X_two_gcd,256,16384,4194304,536870912,4096,10,2199.02,2147483648,0,1024,0,0,0,0,0,0,0,0,0,0,0,0,0,0,0,0,0,0,0,0,0,0,0,0,0,0,0,0,0,0,0,0,0,205.473,10702.3,16.6936,10.3468
Test,MI250X_two_gcd,256,16384,4194304,268435456,4096,10,1099.51,2147483648,0,0,512,0,0,0,0,0,0,0,0,0,0,0,0,0,0,0,0,0,0,0,0,0,0,0,0,0,0,0,0,0,0,0,0,105.71,10401.2,1.76938,1.09668
Test,MI250X_two_gcd,256,16384,4194304,268435456,4096,10,1099.51,2147483648,0,0,512,0,0,0,0,0,0,0,0,0,0,0,0,0,0,0,0,0,0,0,0,0,0,0,0,0,0,0,0,0,0,0,0,106,10372.8,22.7528,14.1024
Test,MI250X_two_gcd,256,16384,4194304,134217728,4096,10,549.756,2147483648,0,0,0,256,0,0,0,0,0,0,0,0,0,0,0,0,0,0,0,0,0,0,0,0,0,0,0,0,0,0,0,0,0,0,0,106.523,5160.89,0.585245,0.362739
Test,MI250X_two_gcd,256,16384,4194304,134217728,4096,10,549.756,2147483648,0,0,0,256,0,0,0,0,0,0,0,0,0,0,0,0,0,0,0,0,0,0,0,0,0,0,0,0,0,0,0,0,0,0,0,106.795,5147.77,10.1181,6.27127
Test,MI250X_two_gcd,256,16384,4194304,536870912,4096,10,2199.02,2147483648,0,0,0,0,1024,0,0,0,0,0,0,0,0,0,0,0,0,0,0,0,0,0,0,0,0,0,0,0,0,0,0,0,0,0,0,199.638,11015.1,1.26907,0.786575
Test,MI250X_two_gcd,256,16384,4194304,536870912,4096,10,2199.02,2147483648,0,0,0,0,1024,0,0,0,0,0,0,0,0,0,0,0,0,0,0,0,0,0,0,0,0,0,0,0,0,0,0,0,0,0,0,200.289,10979.3,23.751,14.721
Test,MI250X_two_gcd,256,16384,4194304,268435456,4096,10,1099.51,1073741824,0,0,0,0,0,1024,0,0,0,0,0,0,0,0,0,0,0,0,0,0,0,0,0,0,0,0,0,0,0,0,0,0,0,0,0,56.0594,19613.4,19.3453,11.9904
Test,MI250X_two_gcd,256,16384,4194304,268435456,4096,10,1099.51,1073741824,0,0,0,0,0,1024,0,0,0,0,0,0,0,0,0,0,0,0,0,0,0,0,0,0,0,0,0,0,0,0,0,0,0,0,0,57.0736,19265.1,71.5681,44.3584
Test,MI250X_two_gcd,256,16384,4194304,134217728,4096,10,549.756,2147483648,0,0,0,0,0,0,256,0,0,0,0,0,0,0,0,0,0,0,0,0,0,0,0,0,0,0,0,0,0,0,0,0,0,0,0,52.8101,10410,1.14986,0.712693
Test,MI250X_two_gcd,256,16384,4194304,134217728,4096,10,549.756,2147483648,0,0,0,0,0,0,256,0,0,0,0,0,0,0,0,0,0,0,0,0,0,0,0,0,0,0,0,0,0,0,0,0,0,0,0,52.9758,10377.6,32.9788,20.4405
Test,MI250X_two_gcd,256,16384,4194304,1073741824,4096,10,4398.05,2147483648,0,0,0,0,0,0,0,2048,0,0,0,0,0,0,0,0,0,0,0,0,0,0,0,0,0,0,0,0,0,0,0,0,0,0,0,407.176,10801.3,3.28207,2.03425
Test,MI250X_two_gcd,256,16384,4194304,1073741824,4096,10,4398.05,2147483648,0,0,0,0,0,0,0,2048,0,0,0,0,0,0,0,0,0,0,0,0,0,0,0,0,0,0,0,0,0,0,0,0,0,0,0,408.454,10767.6,13.6763,8.47668
Test,MI250X_two_gcd,256,16384,4194304,536870912,4096,10,2199.02,2147483648,0,0,0,0,0,0,0,0,1024,0,0,0,0,0,0,0,0,0,0,0,0,0,0,0,0,0,0,0,0,0,0,0,0,0,0,203.662,10797.4,3.19275,1.97888
Test,MI250X_two_gcd,256,16384,4194304,536870912,4096,10,2199.02,2147483648,0,0,0,0,0,0,0,0,1024,0,0,0,0,0,0,0,0,0,0,0,0,0,0,0,0,0,0,0,0,0,0,0,0,0,0,204.353,10761,24.0854,14.9283
Test,MI250X_two_gcd,256,16384,4194304,268435456,4096,10,1099.51,2147483648,0,0,0,0,0,0,0,0,0,512,0,0,0,0,0,0,0,0,0,0,0,0,0,0,0,0,0,0,0,0,0,0,0,0,0,104.939,10477.6,4.56491,2.82936
Test,MI250X_two_gcd,256,16384,4194304,268435456,4096,10,1099.51,2147483648,0,0,0,0,0,0,0,0,0,512,0,0,0,0,0,0,0,0,0,0,0,0,0,0,0,0,0,0,0,0,0,0,0,0,0,105.258,10445.9,25.9671,16.0946
Test,MI250X_two_gcd,256,16384,4194304,134217728,4096,10,549.756,2147483648,0,0,0,0,0,0,0,0,0,0,256,0,0,0,0,0,0,0,0,0,0,0,0,0,0,0,0,0,0,0,0,0,0,0,0,213.791,2571.46,0.945395,0.585962
Test,MI250X_two_gcd,256,16384,4194304,134217728,4096,10,549.756,2147483648,0,0,0,0,0,0,0,0,0,0,256,0,0,0,0,0,0,0,0,0,0,0,0,0,0,0,0,0,0,0,0,0,0,0,0,214.375,2564.47,5.46882,3.38961
Test,MI250X_two_gcd,256,16384,4194304,536870912,4096,10,2199.02,2147483648,0,0,0,0,0,0,0,0,0,0,0,1024,0,0,0,0,0,0,0,0,0,0,0,0,0,0,0,0,0,0,0,0,0,0,0,198.9,11055.9,1.24622,0.772413
Test,MI250X_two_gcd,256,16384,4194304,536870912,4096,10,2199.02,2147483648,0,0,0,0,0,0,0,0,0,0,0,1024,0,0,0,0,0,0,0,0,0,0,0,0,0,0,0,0,0,0,0,0,0,0,0,199.587,11017.9,19.8723,12.317
Test,MI250X_two_gcd,256,16384,4194304,268435456,4096,10,1099.51,1073741824,0,0,0,0,0,0,0,0,0,0,0,0,1024,0,0,0,0,0,0,0,0,0,0,0,0,0,0,0,0,0,0,0,0,0,0,53.1938,20669.9,1.91828,1.18896
Test,MI250X_two_gcd,256,16384,4194304,268435456,4096,10,1099.51,1073741824,0,0,0,0,0,0,0,0,0,0,0,0,1024,0,0,0,0,0,0,0,0,0,0,0,0,0,0,0,0,0,0,0,0,0,0,53.3788,20598.5,64.945,40.2533
Test,MI250X_two_gcd,256,16384,4194304,134217728,4096,10,549.756,2147483648,0,0,0,0,0,0,0,0,0,0,0,0,0,256,0,0,0,0,0,0,0,0,0,0,0,0,0,0,0,0,0,0,0,0,0,52.6109,10449.5,1.16529,0.722257
Test,MI250X_two_gcd,256,16384,4194304,134217728,4096,10,549.756,2147483648,0,0,0,0,0,0,0,0,0,0,0,0,0,256,0,0,0,0,0,0,0,0,0,0,0,0,0,0,0,0,0,0,0,0,0,52.7947,10413.2,32.7251,20.2832
Test,MI250X_two_gcd,256,16384,4194304,1073741824,4096,10,8796.09,2147483648,0,0,0,0,0,0,0,0,0,0,0,0,0,0,4096,0,0,0,0,0,0,0,0,0,0,0,0,0,0,0,0,0,0,0,0,419.824,20951.9,2.04968,1.2704
Test,MI250X_two_gcd,256,16384,4194304,1073741824,4096,10,8796.09,2147483648,0,0,0,0,0,0,0,0,0,0,0,0,0,0,4096,0,0,0,0,0,0,0,0,0,0,0,0,0,0,0,0,0,0,0,0,421.093,20888.8,37.7533,23.3997
Test,MI250X_two_gcd,256,16384,4194304,536870912,4096,10,4398.05,2147483648,0,0,0,0,0,0,0,0,0,0,0,0,0,0,0,2048,0,0,0,0,0,0,0,0,0,0,0,0,0,0,0,0,0,0,0,209.244,21018.8,2.67728,1.65939
Test,MI250X_two_gcd,256,16384,4194304,536870912,4096,10,4398.05,2147483648,0,0,0,0,0,0,0,0,0,0,0,0,0,0,0,2048,0,0,0,0,0,0,0,0,0,0,0,0,0,0,0,0,0,0,0,209.878,20955.3,41.2571,25.5714
Test,MI250X_two_gcd,256,16384,4194304,268435456,4096,10,2199.02,2147483648,0,0,0,0,0,0,0,0,0,0,0,0,0,0,0,0,1024,0,0,0,0,0,0,0,0,0,0,0,0,0,0,0,0,0,0,128.739,17081.3,8.44446,5.23393
Test,MI250X_two_gcd,256,16384,4194304,268435456,4096,10,2199.02,2147483648,0,0,0,0,0,0,0,0,0,0,0,0,0,0,0,0,1024,0,0,0,0,0,0,0,0,0,0,0,0,0,0,0,0,0,0,130.772,16815.8,26.7171,16.5594
Test,MI250X_two_gcd,256,16384,4194304,134217728,4096,10,1099.51,2147483648,0,0,0,0,0,0,0,0,0,0,0,0,0,0,0,0,0,512,0,0,0,0,0,0,0,0,0,0,0,0,0,0,0,0,0,217.524,5054.66,0.77914,0.482916
Test,MI250X_two_gcd,256,16384,4194304,134217728,4096,10,1099.51,2147483648,0,0,0,0,0,0,0,0,0,0,0,0,0,0,0,0,0,512,0,0,0,0,0,0,0,0,0,0,0,0,0,0,0,0,0,218.168,5039.78,10.1626,6.29884
Test,MI250X_two_gcd,256,16384,4194304,536870912,4096,10,4398.05,2147483648,0,0,0,0,0,0,0,0,0,0,0,0,0,0,0,0,0,0,2048,0,0,0,0,0,0,0,0,0,0,0,0,0,0,0,0,404.307,10878,0.889695,0.551439
Test,MI250X_two_gcd,256,16384,4194304,536870912,4096,10,4398.05,2147483648,0,0,0,0,0,0,0,0,0,0,0,0,0,0,0,0,0,0,2048,0,0,0,0,0,0,0,0,0,0,0,0,0,0,0,0,405.654,10841.9,15.6955,9.72818
Test,MI250X_two_gcd,256,16384,4194304,268435456,4096,10,2199.02,1073741824,0,0,0,0,0,0,0,0,0,0,0,0,0,0,0,0,0,0,0,2048,0,0,0,0,0,0,0,0,0,0,0,0,0,0,0,61.3252,35858.4,17.8082,11.0376
Test,MI250X_two_gcd,256,16384,4194304,268435456,4096,10,2199.02,1073741824,0,0,0,0,0,0,0,0,0,0,0,0,0,0,0,0,0,0,0,2048,0,0,0,0,0,0,0,0,0,0,0,0,0,0,0,62.4704,35201.4,101.037,62.6237
Test,MI250X_two_gcd,256,16384,4194304,134217728,4096,10,1099.51,2147483648,0,0,0,0,0,0,0,0,0,0,0,0,0,0,0,0,0,0,0,0,512,0,0,0,0,0,0,0,0,0,0,0,0,0,0,56.2686,19540.4,10.5766,6.55544
Test,MI250X_two_gcd,256,16384,4194304,134217728,4096,10,1099.51,2147483648,0,0,0,0,0,0,0,0,0,0,0,0,0,0,0,0,0,0,0,0,512,0,0,0,0,0,0,0,0,0,0,0,0,0,0,57.0433,19275.1,46.9492,29.0994
Test,MI250X_two_gcd,256,16384,4194304,1073741824,4096,7,4398.05,2147483648,0,0,0,0,0,0,0,0,0,0,0,0,0,0,0,0,0,0,0,0,0,2048,0,0,0,0,0,0,0,0,0,0,0,0,0,2798.78,1571.42,0.438292,0.324692
Test,MI250X_two_gcd,256,16384,4194304,1073741824,4096,7,4398.05,2147483648,0,0,0,0,0,0,0,0,0,0,0,0,0,0,0,0,0,0,0,0,0,2048,0,0,0,0,0,0,0,0,0,0,0,0,0,2808.78,1565.82,2.83197,2.09795
Test,MI250X_two_gcd,256,16384,4194304,536870912,4096,10,2199.02,2147483648,0,0,0,0,0,0,0,0,0,0,0,0,0,0,0,0,0,0,0,0,0,0,1024,0,0,0,0,0,0,0,0,0,0,0,0,1400.12,1570.6,0.213423,0.132281
Test,MI250X_two_gcd,256,16384,4194304,536870912,4096,10,2199.02,2147483648,0,0,0,0,0,0,0,0,0,0,0,0,0,0,0,0,0,0,0,0,0,0,1024,0,0,0,0,0,0,0,0,0,0,0,0,1405.14,1564.99,2.74769,1.70303
Test,MI250X_two_gcd,256,16384,4194304,268435456,4096,10,1099.51,2147483648,0,0,0,0,0,0,0,0,0,0,0,0,0,0,0,0,0,0,0,0,0,0,0,512,0,0,0,0,0,0,0,0,0,0,0,1106.61,993.582,0.10039,0.0622225
Test,MI250X_two_gcd,256,16384,4194304,268435456,4096,10,1099.51,2147483648,0,0,0,0,0,0,0,0,0,0,0,0,0,0,0,0,0,0,0,0,0,0,0,512,0,0,0,0,0,0,0,0,0,0,0,1110.29,990.293,1.57369,0.975384
Test,MI250X_two_gcd,256,16384,4194304,134217728,4096,10,549.756,2147483648,0,0,0,0,0,0,0,0,0,0,0,0,0,0,0,0,0,0,0,0,0,0,0,0,256,0,0,0,0,0,0,0,0,0,0,1287.02,427.154,0.0630585,0.0390841
Test,MI250X_two_gcd,256,16384,4194304,134217728,4096,10,549.756,2147483648,0,0,0,0,0,0,0,0,0,0,0,0,0,0,0,0,0,0,0,0,0,0,0,0,256,0,0,0,0,0,0,0,0,0,0,1291.04,425.826,0.652488,0.404416
Test,MI250X_two_gcd,256,16384,4194304,536870912,4096,10,2199.02,2147483648,0,0,0,0,0,0,0,0,0,0,0,0,0,0,0,0,0,0,0,0,0,0,0,0,0,1024,0,0,0,0,0,0,0,0,0,798.353,2754.45,0.174042,0.107873
Test,MI250X_two_gcd,256,16384,4194304,536870912,4096,10,2199.02,2147483648,0,0,0,0,0,0,0,0,0,0,0,0,0,0,0,0,0,0,0,0,0,0,0,0,0,1024,0,0,0,0,0,0,0,0,0,799.807,2749.45,5.20755,3.22767
Test,MI250X_two_gcd,256,16384,4194304,268435456,4096,10,1099.51,2147483648,0,0,0,0,0,0,0,0,0,0,0,0,0,0,0,0,0,0,0,0,0,0,0,0,0,0,512,0,0,0,0,0,0,0,0,1431.18,768.256,0.110803,0.0686764
Test,MI250X_two_gcd,256,16384,4194304,268435456,4096,10,1099.51,2147483648,0,0,0,0,0,0,0,0,0,0,0,0,0,0,0,0,0,0,0,0,0,0,0,0,0,0,512,0,0,0,0,0,0,0,0,1434.56,766.446,0.555911,0.344557
Test,MI250X_two_gcd,256,16384,4194304,134217728,4096,10,549.756,2147483648,0,0,0,0,0,0,0,0,0,0,0,0,0,0,0,0,0,0,0,0,0,0,0,0,0,0,0,256,0,0,0,0,0,0,0,742.884,740.029,0.0795295,0.0492929
Test,MI250X_two_gcd,256,16384,4194304,134217728,4096,10,549.756,2147483648,0,0,0,0,0,0,0,0,0,0,0,0,0,0,0,0,0,0,0,0,0,0,0,0,0,0,0,256,0,0,0,0,0,0,0,745.415,737.519,1.31335,0.81402
Test,MI250X_two_gcd,256,16384,4194304,1073741824,4096,5,8796.09,2147483648,0,0,0,0,0,0,0,0,0,0,0,0,0,0,0,0,0,0,0,0,0,0,0,0,0,0,0,0,4096,0,0,0,0,0,0,4367.59,2013.95,0.304182,0.266627
Test,MI250X_two_gcd,256,16384,4194304,1073741824,4096,5,8796.09,2147483648,0,0,0,0,0,0,0,0,0,0,0,0,0,0,0,0,0,0,0,0,0,0,0,0,0,0,0,0,4096,0,0,0,0,0,0,4384.47,2006.2,4.91636,4.30938
Test,MI250X_two_gcd,256,16384,4194304,536870912,4096,9,4398.05,2147483648,0,0,0,0,0,0,0,0,0,0,0,0,0,0,0,0,0,0,0,0,0,0,0,0,0,0,0,0,0,2048,0,0,0,0,0,2184.27,2013.51,0.298467,0.194998
Test,MI250X_two_gcd,256,16384,4194304,536870912,4096,9,4398.05,2147483648,0,0,0,0,0,0,0,0,0,0,0,0,0,0,0,0,0,0,0,0,0,0,0,0,0,0,0,0,0,2048,0,0,0,0,0,2191.22,2007.13,3.61772,2.36358
Test,MI250X_two_gcd,256,16384,4194304,268435456,4096,10,2199.02,2147483648,0,0,0,0,0,0,0,0,0,0,0,0,0,0,0,0,0,0,0,0,0,0,0,0,0,0,0,0,0,0,1024,0,0,0,0,1087.92,2021.31,0.185246,0.114817
Test,MI250X_two_gcd,256,16384,4194304,268435456,4096,10,2199.02,2147483648,0,0,0,0,0,0,0,0,0,0,0,0,0,0,0,0,0,0,0,0,0,0,0,0,0,0,0,0,0,0,1024,0,0,0,0,1091.4,2014.87,3.58187,2.22007
Test,MI250X_two_gcd,256,16384,4194304,134217728,4096,7,1099.51,2147483648,0,0,0,0,0,0,0,0,0,0,0,0,0,0,0,0,0,0,0,0,0,0,0,0,0,0,0,0,0,0,0,512,0,0,0,3068.94,358.271,0.0147312,0.010913
Test,MI250X_two_gcd,256,16384,4194304,134217728,4096,7,1099.51,2147483648,0,0,0,0,0,0,0,0,0,0,0,0,0,0,0,0,0,0,0,0,0,0,0,0,0,0,0,0,0,0,0,512,0,0,0,3079.82,357.006,0.535624,0.396796
Test,MI250X_two_gcd,256,16384,4194304,536870912,4096,9,4398.05,2147483648,0,0,0,0,0,0,0,0,0,0,0,0,0,0,0,0,0,0,0,0,0,0,0,0,0,0,0,0,0,0,0,0,2048,0,0,2163.46,2032.88,0.202398,0.132233
Test,MI250X_two_gcd,256,16384,4194304,536870912,4096,9,4398.05,2147483648,0,0,0,0,0,0,0,0,0,0,0,0,0,0,0,0,0,0,0,0,0,0,0,0,0,0,0,0,0,0,0,0,2048,0,0,2171.28,2025.56,3.95937,2.58679
Test,MI250X_two_gcd,256,16384,4194304,268435456,4096,10,2199.02,2147483648,0,0,0,0,0,0,0,0,0,0,0,0,0,0,0,0,0,0,0,0,0,0,0,0,0,0,0,0,0,0,0,0,0,1024,0,884.819,2485.28,0.261454,0.162051
Test,MI250X_two_gcd,256,16384,4194304,268435456,4096,10,2199.02,2147483648,0,0,0,0,0,0,0,0,0,0,0,0,0,0,0,0,0,0,0,0,0,0,0,0,0,0,0,0,0,0,0,0,0,1024,0,887.993,2476.41,4.8298,2.99354
Test,MI250X_two_gcd,256,16384,4194304,134217728,4096,10,1099.51,2147483648,0,0,0,0,0,0,0,0,0,0,0,0,0,0,0,0,0,0,0,0,0,0,0,0,0,0,0,0,0,0,0,0,0,0,512,442.48,2484.88,0.272926,0.169161
Test,MI250X_two_gcd,256,16384,4194304,134217728,4096,10,1099.51,2147483648,0,0,0,0,0,0,0,0,0,0,0,0,0,0,0,0,0,0,0,0,0,0,0,0,0,0,0,0,0,0,0,0,0,0,512,443.879,2477.06,2.91992,1.80978
Test,MI250X_two_gcd,256,16384,4194304,1073741824,8192,10,8796.09,2147483648,4096,0,0,0,0,0,0,0,0,0,0,0,0,0,0,0,0,0,0,0,0,0,0,0,0,0,0,0,0,0,0,0,0,0,0,818.553,10745.9,0.903463,0.559972
Test,MI250X_two_gcd,256,16384,4194304,1073741824,8192,10,8796.09,2147483648,4096,0,0,0,0,0,0,0,0,0,0,0,0,0,0,0,0,0,0,0,0,0,0,0,0,0,0,0,0,0,0,0,0,0,0,821.038,10713.4,20.104,12.4606
Test,MI250X_two_gcd,256,16384,4194304,536870912,8192,10,4398.05,2147483648,0,2048,0,0,0,0,0,0,0,0,0,0,0,0,0,0,0,0,0,0,0,0,0,0,0,0,0,0,0,0,0,0,0,0,0,409.274,10746,0.984511,0.610206
Test,MI250X_two_gcd,256,16384,4194304,536870912,8192,10,4398.05,2147483648,0,2048,0,0,0,0,0,0,0,0,0,0,0,0,0,0,0,0,0,0,0,0,0,0,0,0,0,0,0,0,0,0,0,0,0,410.554,10712.5,20.6573,12.8035
Test,MI250X_two_gcd,256,16384,4194304,268435456,8192,10,2199.02,2147483648,0,0,1024,0,0,0,0,0,0,0,0,0,0,0,0,0,0,0,0,0,0,0,0,0,0,0,0,0,0,0,0,0,0,0,0,211.112,10416.4,1.41366,0.876197
Test,MI250X_two_gcd,256,16384,4194304,268435456,8192,10,2199.02,2147483648,0,0,1024,0,0,0,0,0,0,0,0,0,0,0,0,0,0,0,0,0,0,0,0,0,0,0,0,0,0,0,0,0,0,0,0,211.69,10388,17.4797,10.834
Test,MI250X_two_gcd,256,16384,4194304,134217728,8192,10,1099.51,2147483648,0,0,0,512,0,0,0,0,0,0,0,0,0,0,0,0,0,0,0,0,0,0,0,0,0,0,0,0,0,0,0,0,0,0,0,212.904,5164.35,0.68551,0.424884
Test,MI250X_two_gcd,256,16384,4194304,134217728,8192,10,1099.51,2147483648,0,0,0,512,0,0,0,0,0,0,0,0,0,0,0,0,0,0,0,0,0,0,0,0,0,0,0,0,0,0,0,0,0,0,0,213.515,5149.6,9.8452,6.10212
Test,MI250X_two_gcd,256,16384,4194304,536870912,8192,10,4398.05,2147483648,0,0,0,0,2048,0,0,0,0,0,0,0,0,0,0,0,0,0,0,0,0,0,0,0,0,0,0,0,0,0,0,0,0,0,0,396.966,11079.2,0.63553,0.393905
Test,MI250X_two_gcd,256,16384,4194304,536870912,8192,10,4398.05,2147483648,0,0,0,0,2048,0,0,0,0,0,0,0,0,0,0,0,0,0,0,0,0,0,0,0,0,0,0,0,0,0,0,0,0,0,0,398.36,11040.4,22.7705,14.1133
Test,MI250X_two_gcd,256,16384,4194304,268435456,8192,10,2199.02,1073741824,0,0,0,0,0,2048,0,0,0,0,0,0,0,0,0,0,0,0,0,0,0,0,0,0,0,0,0,0,0,0,0,0,0,0,0,111.174,19780,21.1522,13.1103
Test,MI250X_two_gcd,256,16384,4194304,268435456,8192,10,2199.02,1073741824,0,0,0,0,0,2048,0,0,0,0,0,0,0,0,0,0,0,0,0,0,0,0,0,0,0,0,0,0,0,0,0,0,0,0,0,113.485,19377.5,83.6041,51.8184
Test,MI250X_two_gcd,256,16384,4194304,134217728,8192,10,1099.51,2147483648,0,0,0,0,0,0,512,0,0,0,0,0,0,0,0,0,0,0,0,0,0,0,0,0,0,0,0,0,0,0,0,0,0,0,0,106.885,10286.9,1.13994,0.706544
Test,MI250X_two_gcd,256,16384,4194304,134217728,8192,10,1099.51,2147483648,0,0,0,0,0,0,512,0,0,0,0,0,0,0,0,0,0,0,0,0,0,0,0,0,0,0,0,0,0,0,0,0,0,0,0,107.224,10254.4,25.5321,15.8249
Test,MI250X_two_gcd,256,16384,4194304,1073741824,8192,10,8796.09,2147483648,0,0,0,0,0,0,0,4096,0,0,0,0,0,0,0,0,0,0,0,0,0,0,0,0,0,0,0,0,0,0,0,0,0,0,0,813.535,10812.2,3.41601,2.11726
Test,MI250X_two_gcd,256,16384,4194304,1073741824,8192,10,8796.09,2147483648,0,0,0,0,0,0,0,4096,0,0,0,0,0,0,0,0,0,0,0,0,0,0,0,0,0,0,0,0,0,0,0,0,0,0,0,816.412,10774.1,21.1367,13.1007
Test,MI250X_two_gcd,256,16384,4194304,536870912,8192,10,4398.05,2147483648,0,0,0,0,0,0,0,0,2048,0,0,0,0,0,0,0,0,0,0,0,0,0,0,0,0,0,0,0,0,0,0,0,0,0,0,406.822,10810.7,3.27752,2.03143
Test,MI250X_two_gcd,256,16384,4194304,536870912,8192,10,4398.05,2147483648,0,0,0,0,0,0,0,0,2048,0,0,0,0,0,0,0,0,0,0,0,0,0,0,0,0,0,0,0,0,0,0,0,0,0,0,408.257,10772.8,21.7181,13.461
Test,MI250X_two_gcd,256,16384,4194304,268435456,8192,10,2199.02,2147483648,0,0,0,0,0,0,0,0,0,1024,0,0,0,0,0,0,0,0,0,0,0,0,0,0,0,0,0,0,0,0,0,0,0,0,0,210.023,10470.4,3.73097,2.31248
Test,MI250X_two_gcd,256,16384,4194304,268435456,8192,10,2199.02,2147483648,0,0,0,0,0,0,0,0,0,1024,0,0,0,0,0,0,0,0,0,0,0,0,0,0,0,0,0,0,0,0,0,0,0,0,0,210.664,10438.6,23.022,14.2692
Test,MI250X_two_gcd,256,16384,4194304,134217728,8192,10,1099.51,2147483648,0,0,0,0,0,0,0,0,0,0,512,0,0,0,0,0,0,0,0,0,0,0,0,0,0,0,0,0,0,0,0,0,0,0,0,427.087,2574.44,0.831629,0.515449
Test,MI250X_two_gcd,256,16384,4194304,134217728,8192,10,1099.51,2147483648,0,0,0,0,0,0,0,0,0,0,512,0,0,0,0,0,0,0,0,0,0,0,0,0,0,0,0,0,0,0,0,0,0,0,0,428.254,2567.44,4.4083,2.73229
Test,MI250X_two_gcd,256,16384,4194304,536870912,8192,10,4398.05,2147483648,0,0,0,0,0,0,0,0,0,0,0,2048,0,0,0,0,0,0,0,0,0,0,0,0,0,0,0,0,0,0,0,0,0,0,0,397.25,11071.2,1.21604,0.753708
Test,MI250X_two_gcd,256,16384,4194304,536870912,8192,10,4398.05,2147483648,0,0,0,0,0,0,0,0,0,0,0,2048,0,0,0,0,0,0,0,0,0,0,0,0,0,0,0,0,0,0,0,0,0,0,0,398.773,11029,22.243,13.7864
Test,MI250X_two_gcd,256,16384,4194304,268435456,8192,10,2199.02,1073741824,0,0,0,0,0,0,0,0,0,0,0,0,2048,0,0,0,0,0,0,0,0,0,0,0,0,0,0,0,0,0,0,0,0,0,0,106.218,20702.9,3.65395,2.26474
Test,MI250X_two_gcd,256,16384,4194304,268435456,8192,10,2199.02,1073741824,0,0,0,0,0,0,0,0,0,0,0,0,2048,0,0,0,0,0,0,0,0,0,0,0,0,0,0,0,0,0,0,0,0,0,0,106.591,20630.6,49.223,30.5087
Test,MI250X_two_gcd,256,16384,4194304,134217728,8192,10,1099.51,2147483648,0,0,0,0,0,0,0,0,0,0,0,0,0,512,0,0,0,0,0,0,0,0,0,0,0,0,0,0,0,0,0,0,0,0,0,106.604,10314,1.28225,0.794748
Test,MI250X_two_gcd,256,16384,4194304,134217728,8192,10,1099.51,2147483648,0,0,0,0,0,0,0,0,0,0,0,0,0,512,0,0,0,0,0,0,0,0,0,0,0,0,0,0,0,0,0,0,0,0,0,106.943,10281.3,21.5689,13.3685
Test,MI250X_two_gcd,256,16384,4194304,1073741824,8192,10,17592.2,2147483648,0,0,0,0,0,0,0,0,0,0,0,0,0,0,8192,0,0,0,0,0,0,0,0,0,0,0,0,0,0,0,0,0,0,0,0,838.398,20983.1,2.69386,1.66967
Test,MI250X_two_gcd,256,16384,4194304,1073741824,8192,10,17592.2,2147483648,0,0,0,0,0,0,0,0,0,0,0,0,0,0,8192,0,0,0,0,0,0,0,0,0,0,0,0,0,0,0,0,0,0,0,0,841.063,20916.7,39.1397,24.259
Test,MI250X_two_gcd,256,16384,4194304,536870912,8192,10,8796.09,2147483648,0,0,0,0,0,0,0,0,0,0,0,0,0,0,0,4096,0,0,0,0,0,0,0,0,0,0,0,0,0,0,0,0,0,0,0,417.829,21051.9,1.4955,0.926921
Test,MI250X_two_gcd,256,16384,4194304,536870912,8192,10,8796.09,2147483648,0,0,0,0,0,0,0,0,0,0,0,0,0,0,0,4096,0,0,0,0,0,0,0,0,0,0,0,0,0,0,0,0,0,0,0,419.171,20984.6,40.3776,25.0263
Test,MI250X_two_gcd,256,16384,4194304,268435456,8192,10,4398.05,2147483648,0,0,0,0,0,0,0,0,0,0,0,0,0,0,0,0,2048,0,0,0,0,0,0,0,0,0,0,0,0,0,0,0,0,0,0,256.907,17119.2,13.9823,8.66632
Test,MI250X_two_gcd,256,16384,4194304,268435456,8192,10,4398.05,2147483648,0,0,0,0,0,0,0,0,0,0,0,0,0,0,0,0,2048,0,0,0,0,0,0,0,0,0,0,0,0,0,0,0,0,0,0,261.399,16825.1,23.5011,14.5661
Test,MI250X_two_gcd,256,16384,4194304,134217728,8192,10,2199.02,2147483648,0,0,0,0,0,0,0,0,0,0,0,0,0,0,0,0,0,1024,0,0,0,0,0,0,0,0,0,0,0,0,0,0,0,0,0,434.569,5060.23,0.223,0.138217
Test,MI250X_two_gcd,256,16384,4194304,134217728,8192,10,2199.02,2147483648,0,0,0,0,0,0,0,0,0,0,0,0,0,0,0,0,0,1024,0,0,0,0,0,0,0,0,0,0,0,0,0,0,0,0,0,435.917,5044.61,8.62035,5.34295
Test,MI250X_two_gcd,256,16384,4194304,536870912,8192,10,8796.09,2147483648,0,0,0,0,0,0,0,0,0,0,0,0,0,0,0,0,0,0,4096,0,0,0,0,0,0,0,0,0,0,0,0,0,0,0,0,807.633,10891.2,0.701644,0.434883
Test,MI250X_two_gcd,256,16384,4194304,536870912,8192,10,8796.09,2147483648,0,0,0,0,0,0,0,0,0,0,0,0,0,0,0,0,0,0,4096,0,0,0,0,0,0,0,0,0,0,0,0,0,0,0,0,810.62,10851.1,20.8292,12.91
Test,MI250X_two_gcd,256,16384,4194304,268435456,8192,10,4398.05,1073741824,0,0,0,0,0,0,0,0,0,0,0,0,0,0,0,0,0,0,0,4096,0,0,0,0,0,0,0,0,0,0,0,0,0,0,0,122.448,35917.8,15.2374,9.44425
Test,MI250X_two_gcd,256,16384,4194304,268435456,8192,10,4398.05,1073741824,0,0,0,0,0,0,0,0,0,0,0,0,0,0,0,0,0,0,0,4096,0,0,0,0,0,0,0,0,0,0,0,0,0,0,0,124.749,35255.3,84.8517,52.5917
Test,MI250X_two_gcd,256,16384,4194304,134217728,8192,10,2199.02,2147483648,0,0,0,0,0,0,0,0,0,0,0,0,0,0,0,0,0,0,0,0,1024,0,0,0,0,0,0,0,0,0,0,0,0,0,0,117.728,18678.9,11.3113,7.01083
Test,MI250X_two_gcd,256,16384,4194304,134217728,8192,10,2199.02,2147483648,0,0,0,0,0,0,0,0,0,0,0,0,0,0,0,0,0,0,0,0,1024,0,0,0,0,0,0,0,0,0,0,0,0,0,0,119.815,18353.7,60.7144,37.6312
Test,MI250X_two_gcd,256,16384,4194304,1073741824,8192,4,8796.09,2147483648,0,0,0,0,0,0,0,0,0,0,0,0,0,0,0,0,0,0,0,0,0,4096,0,0,0,0,0,0,0,0,0,0,0,0,0,5596.3,1571.77,0.29198,0.28614
Test,MI250X_two_gcd,256,16384,4194304,1073741824,8192,4,8796.09,2147483648,0,0,0,0,0,0,0,0,0,0,0,0,0,0,0,0,0,0,0,0,0,4096,0,0,0,0,0,0,0,0,0,0,0,0,0,5617.43,1565.86,3.07927,3.01768
Test,MI250X_two_gcd,256,16384,4194304,536870912,8192,7,4398.05,2147483648,0,0,0,0,0,0,0,0,0,0,0,0,0,0,0,0,0,0,0,0,0,0,2048,0,0,0,0,0,0,0,0,0,0,0,0,2801.38,1569.96,0.236057,0.174874
Test,MI250X_two_gcd,256,16384,4194304,536870912,8192,7,4398.05,2147483648,0,0,0,0,0,0,0,0,0,0,0,0,0,0,0,0,0,0,0,0,0,0,2048,0,0,0,0,0,0,0,0,0,0,0,0,2811.82,1564.14,2.82363,2.09177
Test,MI250X_two_gcd,256,16384,4194304,268435456,8192,9,2199.02,2147483648,0,0,0,0,0,0,0,0,0,0,0,0,0,0,0,0,0,0,0,0,0,0,0,1024,0,0,0,0,0,0,0,0,0,0,0,2213.82,993.318,0.0991507,0.0647784
Test,MI250X_two_gcd,256,16384,4194304,268435456,8192,9,2199.02,2147483648,0,0,0,0,0,0,0,0,0,0,0,0,0,0,0,0,0,0,0,0,0,0,0,1024,0,0,0,0,0,0,0,0,0,0,0,2221.69,989.799,1.95309,1.27602
Test,MI250X_two_gcd,256,16384,4194304,134217728,8192,8,1099.51,2147483648,0,0,0,0,0,0,0,0,0,0,0,0,0,0,0,0,0,0,0,0,0,0,0,0,512,0,0,0,0,0,0,0,0,0,0,2572.08,427.479,0.103802,0.071931
Test,MI250X_two_gcd,256,16384,4194304,134217728,8192,8,1099.51,2147483648,0,0,0,0,0,0,0,0,0,0,0,0,0,0,0,0,0,0,0,0,0,0,0,0,512,0,0,0,0,0,0,0,0,0,0,2579.66,426.224,0.329637,0.228427
Test,MI250X_two_gcd,256,16384,4194304,536870912,8192,10,4398.05,2147483648,0,0,0,0,0,0,0,0,0,0,0,0,0,0,0,0,0,0,0,0,0,0,0,0,0,2048,0,0,0,0,0,0,0,0,0,1596.65,2754.55,0.167579,0.103867
Test,MI250X_two_gcd,256,16384,4194304,536870912,8192,10,4398.05,2147483648,0,0,0,0,0,0,0,0,0,0,0,0,0,0,0,0,0,0,0,0,0,0,0,0,0,2048,0,0,0,0,0,0,0,0,0,1599.61,2749.46,5.18398,3.21307
Test,MI250X_two_gcd,256,16384,4194304,268435456,8192,7,2199.02,2147483648,0,0,0,0,0,0,0,0,0,0,0,0,0,0,0,0,0,0,0,0,0,0,0,0,0,0,1024,0,0,0,0,0,0,0,0,2861.1,768.594,0.120412,0.0892023
Test,MI250X_two_gcd,256,16384,4194304,268435456,8192,7,2199.02,2147483648,0,0,0,0,0,0,0,0,0,0,0,0,0,0,0,0,0,0,0,0,0,0,0,0,0,0,1024,0,0,0,0,0,0,0,0,2870.49,766.081,0.939657,0.696108
Test,MI250X_two_gcd,256,16384,4194304,134217728,8192,10,1099.51,2147483648,0,0,0,0,0,0,0,0,0,0,0,0,0,0,0,0,0,0,0,0,0,0,0,0,0,0,0,512,0,0,0,0,0,0,0,1484.59,740.616,0.10727,0.0664868
Test,MI250X_two_gcd,256,16384,4194304,134217728,8192,10,1099.51,2147483648,0,0,0,0,0,0,0,0,0,0,0,0,0,0,0,0,0,0,0,0,0,0,0,0,0,0,0,512,0,0,0,0,0,0,0,1489.62,738.118,1.16177,0.720072
Test,MI250X_two_gcd,256,16384,4194304,1073741824,8192,2,17592.2,2147483648,0,0,0,0,0,0,0,0,0,0,0,0,0,0,0,0,0,0,0,0,0,0,0,0,0,0,0,0,8192,0,0,0,0,0,0,8733.55,2014.32,0.239624,0.332102
Test,MI250X_two_gcd,256,16384,4194304,1073741824,8192,2,17592.2,2147483648,0,0,0,0,0,0,0,0,0,0,0,0,0,0,0,0,0,0,0,0,0,0,0,0,0,0,0,0,8192,0,0,0,0,0,0,8775.82,2004.63,3.77155,5.2271
Test,MI250X_two_gcd,256,16384,4194304,536870912,8192,5,8796.09,2147483648,0,0,0,0,0,0,0,0,0,0,0,0,0,0,0,0,0,0,0,0,0,0,0,0,0,0,0,0,0,4096,0,0,0,0,0,4367.1,2014.17,0.179264,0.157132
Test,MI250X_two_gcd,256,16384,4194304,536870912,8192,5,8796.09,2147483648,0,0,0,0,0,0,0,0,0,0,0,0,0,0,0,0,0,0,0,0,0,0,0,0,0,0,0,0,0,4096,0,0,0,0,0,4382.75,2006.98,2.59203,2.27201
Test,MI250X_two_gcd,256,16384,4194304,268435456,8192,9,4398.05,2147483648,0,0,0,0,0,0,0,0,0,0,0,0,0,0,0,0,0,0,0,0,0,0,0,0,0,0,0,0,0,0,2048,0,0,0,0,2174.77,2022.3,0.299902,0.195936
Test,MI250X_two_gcd,256,16384,4194304,268435456,8192,9,4398.05,2147483648,0,0,0,0,0,0,0,0,0,0,0,0,0,0,0,0,0,0,0,0,0,0,0,0,0,0,0,0,0,0,2048,0,0,0,0,2183.46,2014.26,3.91183,2.55573
Test,MI250X_two_gcd,256,16384,4194304,134217728,8192,3,2199.02,2147483648,0,0,0,0,0,0,0,0,0,0,0,0,0,0,0,0,0,0,0,0,0,0,0,0,0,0,0,0,0,0,0,1024,0,0,0,6140.84,358.098,0.0180314,0.0204045
Test,MI250X_two_gcd,256,16384,4194304,134217728,8192,3,2199.02,2147483648,0,0,0,0,0,0,0,0,0,0,0,0,0,0,0,0,0,0,0,0,0,0,0,0,0,0,0,0,0,0,0,1024,0,0,0,6167.54,356.549,0.597993,0.676693
Test,MI250X_two_gcd,256,16384,4194304,536870912,8192,5,8796.09,2147483648,0,0,0,0,0,0,0,0,0,0,0,0,0,0,0,0,0,0,0,0,0,0,0,0,0,0,0,0,0,0,0,0,4096,0,0,4325.35,2033.61,0.11017,0.0965679
Test,MI250X_two_gcd,256,16384,4194304,536870912,8192,5,8796.09,2147483648,0,0,0,0,0,0,0,0,0,0,0,0,0,0,0,0,0,0,0,0,0,0,0,0,0,0,0,0,0,0,0,0,4096,0,0,4345.25,2024.31,4.98631,4.37069
Test,MI250X_two_gcd,256,16384,4194304,268435456,8192,10,4398.05,2147483648,0,0,0,0,0,0,0,0,0,0,0,0,0,0,0,0,0,0,0,0,0,0,0,0,0,0,0,0,0,0,0,0,0,2048,0,1768.74,2486.55,0.155693,0.0964995
Test,MI250X_two_gcd,256,16384,4194304,268435456,8192,10,4398.05,2147483648,0,0,0,0,0,0,0,0,0,0,0,0,0,0,0,0,0,0,0,0,0,0,0,0,0,0,0,0,0,0,0,0,0,2048,0,1776.18,2476.14,4.67725,2.89899
Test,MI250X_two_gcd,256,16384,4194304,134217728,8192,10,2199.02,2147483648,0,0,0,0,0,0,0,0,0,0,0,0,0,0,0,0,0,0,0,0,0,0,0,0,0,0,0,0,0,0,0,0,0,0,1024,884.38,2486.51,0.206382,0.127917
Test,MI250X_two_gcd,256,16384,4194304,134217728,8192,10,2199.02,2147483648,0,0,0,0,0,0,0,0,0,0,0,0,0,0,0,0,0,0,0,0,0,0,0,0,0,0,0,0,0,0,0,0,0,0,1024,888.031,2476.3,4.88379,3.027
Test,MI250X_two_gcd,256,16384,4194304,1073741824,16384,10,17592.2,2147483648,8192,0,0,0,0,0,0,0,0,0,0,0,0,0,0,0,0,0,0,0,0,0,0,0,0,0,0,0,0,0,0,0,0,0,0,1636.11,10752.5,1.21968,0.755967
Test,MI250X_two_gcd,256,16384,4194304,1073741824,16384,10,17592.2,2147483648,8192,0,0,0,0,0,0,0,0,0,0,0,0,0,0,0,0,0,0,0,0,0,0,0,0,0,0,0,0,0,0,0,0,0,0,1641.51,10717.1,19.6083,12.1534
Test,MI250X_two_gcd,256,16384,4194304,536870912,16384,10,8796.09,2147483648,0,4096,0,0,0,0,0,0,0,0,0,0,0,0,0,0,0,0,0,0,0,0,0,0,0,0,0,0,0,0,0,0,0,0,0,817.817,10755.6,1.06846,0.662237
Test,MI250X_two_gcd,256,16384,4194304,536870912,16384,10,8796.09,2147483648,0,4096,0,0,0,0,0,0,0,0,0,0,0,0,0,0,0,0,0,0,0,0,0,0,0,0,0,0,0,0,0,0,0,0,0,820.63,10718.7,20.1925,12.5155
Test,MI250X_two_gcd,256,16384,4194304,268435456,16384,10,4398.05,2147483648,0,0,2048,0,0,0,0,0,0,0,0,0,0,0,0,0,0,0,0,0,0,0,0,0,0,0,0,0,0,0,0,0,0,0,0,421.82,10426.4,1.10889,0.687297
Test,MI250X_two_gcd,256,16384,4194304,268435456,16384,10,4398.05,2147483648,0,0,2048,0,0,0,0,0,0,0,0,0,0,0,0,0,0,0,0,0,0,0,0,0,0,0,0,0,0,0,0,0,0,0,0,423.076,10395.5,19.4344,12.0456
Test,MI250X_two_gcd,256,16384,4194304,134217728,16384,10,2199.02,2147483648,0,0,0,1024,0,0,0,0,0,0,0,0,0,0,0,0,0,0,0,0,0,0,0,0,0,0,0,0,0,0,0,0,0,0,0,425.407,5169.22,0.446026,0.27645
Test,MI250X_two_gcd,256,16384,4194304,134217728,16384,10,2199.02,2147483648,0,0,0,1024,0,0,0,0,0,0,0,0,0,0,0,0,0,0,0,0,0,0,0,0,0,0,0,0,0,0,0,0,0,0,0,426.592,5154.88,9.5855,5.94115
Test,MI250X_two_gcd,256,16384,4194304,536870912,16384,10,8796.09,2147483648,0,0,0,0,4096,0,0,0,0,0,0,0,0,0,0,0,0,0,0,0,0,0,0,0,0,0,0,0,0,0,0,0,0,0,0,791.329,11115.6,0.861793,0.534145
Test,MI250X_two_gcd,256,16384,4194304,536870912,16384,10,8796.09,2147483648,0,0,0,0,4096,0,0,0,0,0,0,0,0,0,0,0,0,0,0,0,0,0,0,0,0,0,0,0,0,0,0,0,0,0,0,794.404,11072.6,21.664,13.4275
Test,MI250X_two_gcd,256,16384,4194304,268435456,16384,10,4398.05,1073741824,0,0,0,0,0,4096,0,0,0,0,0,0,0,0,0,0,0,0,0,0,0,0,0,0,0,0,0,0,0,0,0,0,0,0,0,221.533,19852.8,29.6499,18.3772
Test,MI250X_two_gcd,256,16384,4194304,268435456,16384,10,4398.05,1073741824,0,0,0,0,0,4096,0,0,0,0,0,0,0,0,0,0,0,0,0,0,0,0,0,0,0,0,0,0,0,0,0,0,0,0,0,227.095,19367,92.0297,57.0406
Test,MI250X_two_gcd,256,16384,4194304,134217728,16384,10,2199.02,2147483648,0,0,0,0,0,0,1024,0,0,0,0,0,0,0,0,0,0,0,0,0,0,0,0,0,0,0,0,0,0,0,0,0,0,0,0,213.675,10291.5,1.38109,0.856007
Test,MI250X_two_gcd,256,16384,4194304,134217728,16384,10,2199.02,2147483648,0,0,0,0,0,0,1024,0,0,0,0,0,0,0,0,0,0,0,0,0,0,0,0,0,0,0,0,0,0,0,0,0,0,0,0,214.335,10259.8,13.6676,8.47127
Test,MI250X_two_gcd,256,16384,4194304,1073741824,16384,10,17592.2,2147483648,0,0,0,0,0,0,0,8192,0,0,0,0,0,0,0,0,0,0,0,0,0,0,0,0,0,0,0,0,0,0,0,0,0,0,0,1625.61,10821.9,3.00164,1.86044
Test,MI250X_two_gcd,256,16384,4194304,1073741824,16384,10,17592.2,2147483648,0,0,0,0,0,0,0,8192,0,0,0,0,0,0,0,0,0,0,0,0,0,0,0,0,0,0,0,0,0,0,0,0,0,0,0,1631.83,10780.7,21.1389,13.102
Test,MI250X_two_gcd,256,16384,4194304,536870912,16384,10,8796.09,2147483648,0,0,0,0,0,0,0,0,4096,0,0,0,0,0,0,0,0,0,0,0,0,0,0,0,0,0,0,0,0,0,0,0,0,0,0,812.732,10822.9,3.58041,2.21916
Test,MI250X_two_gcd,256,16384,4194304,536870912,16384,10,8796.09,2147483648,0,0,0,0,0,0,0,0,4096,0,0,0,0,0,0,0,0,0,0,0,0,0,0,0,0,0,0,0,0,0,0,0,0,0,0,815.916,10780.7,20.5949,12.7649
Test,MI250X_two_gcd,256,16384,4194304,268435456,16384,10,4398.05,2147483648,0,0,0,0,0,0,0,0,0,2048,0,0,0,0,0,0,0,0,0,0,0,0,0,0,0,0,0,0,0,0,0,0,0,0,0,419.483,10484.4,3.44248,2.13367
Test,MI250X_two_gcd,256,16384,4194304,268435456,16384,10,4398.05,2147483648,0,0,0,0,0,0,0,0,0,2048,0,0,0,0,0,0,0,0,0,0,0,0,0,0,0,0,0,0,0,0,0,0,0,0,0,420.85,10450.4,16.7381,10.3744
Test,MI250X_two_gcd,256,16384,4194304,134217728,16384,10,2199.02,2147483648,0,0,0,0,0,0,0,0,0,0,1024,0,0,0,0,0,0,0,0,0,0,0,0,0,0,0,0,0,0,0,0,0,0,0,0,853.391,2576.81,0.714839,0.443062
Test,MI250X_two_gcd,256,16384,4194304,134217728,16384,10,2199.02,2147483648,0,0,0,0,0,0,0,0,0,0,1024,0,0,0,0,0,0,0,0,0,0,0,0,0,0,0,0,0,0,0,0,0,0,0,0,856.268,2568.16,4.78769,2.96744
Test,MI250X_two_gcd,256,16384,4194304,536870912,16384,10,8796.09,2147483648,0,0,0,0,0,0,0,0,0,0,0,4096,0,0,0,0,0,0,0,0,0,0,0,0,0,0,0,0,0,0,0,0,0,0,0,793.499,11085.2,0.980811,0.607913
Test,MI250X_two_gcd,256,16384,4194304,536870912,16384,10,8796.09,2147483648,0,0,0,0,0,0,0,0,0,0,0,4096,0,0,0,0,0,0,0,0,0,0,0,0,0,0,0,0,0,0,0,0,0,0,0,796.901,11037.9,21.6615,13.4259
Test,MI250X_two_gcd,256,16384,4194304,268435456,16384,10,4398.05,1073741824,0,0,0,0,0,0,0,0,0,0,0,0,4096,0,0,0,0,0,0,0,0,0,0,0,0,0,0,0,0,0,0,0,0,0,0,212.281,20718.1,2.6245,1.62668
Test,MI250X_two_gcd,256,16384,4194304,268435456,16384,10,4398.05,1073741824,0,0,0,0,0,0,0,0,0,0,0,0,4096,0,0,0,0,0,0,0,0,0,0,0,0,0,0,0,0,0,0,0,0,0,0,213.031,20645.1,41.584,25.774
Test,MI250X_two_gcd,256,16384,4194304,134217728,16384,10,2199.02,2147483648,0,0,0,0,0,0,0,0,0,0,0,0,0,1024,0,0,0,0,0,0,0,0,0,0,0,0,0,0,0,0,0,0,0,0,0,212.74,10336.7,1.19611,0.741354
Test,MI250X_two_gcd,256,16384,4194304,134217728,16384,10,2199.02,2147483648,0,0,0,0,0,0,0,0,0,0,0,0,0,1024,0,0,0,0,0,0,0,0,0,0,0,0,0,0,0,0,0,0,0,0,0,213.513,10299.3,20.1473,12.4874
Test,MI250X_two_gcd,256,16384,4194304,1073741824,16384,10,35184.4,2147483648,0,0,0,0,0,0,0,0,0,0,0,0,0,0,16384,0,0,0,0,0,0,0,0,0,0,0,0,0,0,0,0,0,0,0,0,1675.22,21002.8,1.24844,0.773788
Test,MI250X_two_gcd,256,16384,4194304,1073741824,16384,10,35184.4,2147483648,0,0,0,0,0,0,0,0,0,0,0,0,0,0,16384,0,0,0,0,0,0,0,0,0,0,0,0,0,0,0,0,0,0,0,0,1681.49,20924.6,37.2731,23.1021
Test,MI250X_two_gcd,256,16384,4194304,536870912,16384,10,17592.2,2147483648,0,0,0,0,0,0,0,0,0,0,0,0,0,0,0,8192,0,0,0,0,0,0,0,0,0,0,0,0,0,0,0,0,0,0,0,834.677,21076.6,1.01003,0.626024
Test,MI250X_two_gcd,256,16384,4194304,536870912,16384,10,17592.2,2147483648,0,0,0,0,0,0,0,0,0,0,0,0,0,0,0,8192,0,0,0,0,0,0,0,0,0,0,0,0,0,0,0,0,0,0,0,837.861,20996.6,39.4854,24.4733
Test,MI250X_two_gcd,256,16384,4194304,268435456,16384,10,8796.09,2147483648,0,0,0,0,0,0,0,0,0,0,0,0,0,0,0,0,4096,0,0,0,0,0,0,0,0,0,0,0,0,0,0,0,0,0,0,513.415,17132.5,9.20367,5.70449
Test,MI250X_two_gcd,256,16384,4194304,268435456,16384,10,8796.09,2147483648,0,0,0,0,0,0,0,0,0,0,0,0,0,0,0,0,4096,0,0,0,0,0,0,0,0,0,0,0,0,0,0,0,0,0,0,522.496,16834.8,19.8529,12.3049
Test,MI250X_two_gcd,256,16384,4194304,134217728,16384,10,4398.05,2147483648,0,0,0,0,0,0,0,0,0,0,0,0,0,0,0,0,0,2048,0,0,0,0,0,0,0,0,0,0,0,0,0,0,0,0,0,868.468,5064.14,0.581093,0.360165
Test,MI250X_two_gcd,256,16384,4194304,134217728,16384,10,4398.05,2147483648,0,0,0,0,0,0,0,0,0,0,0,0,0,0,0,0,0,2048,0,0,0,0,0,0,0,0,0,0,0,0,0,0,0,0,0,871.462,5046.76,9.19882,5.70149
Test,MI250X_two_gcd,256,16384,4194304,536870912,16384,10,17592.2,2147483648,0,0,0,0,0,0,0,0,0,0,0,0,0,0,0,0,0,0,8192,0,0,0,0,0,0,0,0,0,0,0,0,0,0,0,0,1615.15,10892,0.920327,0.570424
Test,MI250X_two_gcd,256,16384,4194304,536870912,16384,10,17592.2,2147483648,0,0,0,0,0,0,0,0,0,0,0,0,0,0,0,0,0,0,8192,0,0,0,0,0,0,0,0,0,0,0,0,0,0,0,0,1621.48,10849.5,20.3113,12.5891
Test,MI250X_two_gcd,256,16384,4194304,268435456,16384,10,8796.09,1073741824,0,0,0,0,0,0,0,0,0,0,0,0,0,0,0,0,0,0,0,8192,0,0,0,0,0,0,0,0,0,0,0,0,0,0,0,244.807,35930.8,30.2907,18.7744
Test,MI250X_two_gcd,256,16384,4194304,268435456,16384,10,8796.09,1073741824,0,0,0,0,0,0,0,0,0,0,0,0,0,0,0,0,0,0,0,8192,0,0,0,0,0,0,0,0,0,0,0,0,0,0,0,249.459,35260.8,74.3082,46.0567
Test,MI250X_two_gcd,256,16384,4194304,134217728,16384,10,4398.05,2147483648,0,0,0,0,0,0,0,0,0,0,0,0,0,0,0,0,0,0,0,0,2048,0,0,0,0,0,0,0,0,0,0,0,0,0,0,233.907,18802.6,22.1206,13.7105
Test,MI250X_two_gcd,256,16384,4194304,134217728,16384,10,4398.05,2147483648,0,0,0,0,0,0,0,0,0,0,0,0,0,0,0,0,0,0,0,0,2048,0,0,0,0,0,0,0,0,0,0,0,0,0,0,238.667,18427.9,71.4756,44.301
Test,MI250X_two_gcd,256,16384,4194304,1073741824,16384,2,17592.2,2147483648,0,0,0,0,0,0,0,0,0,0,0,0,0,0,0,0,0,0,0,0,0,8192,0,0,0,0,0,0,0,0,0,0,0,0,0,11193.6,1571.62,0.249939,0.346398
Test,MI250X_two_gcd,256,16384,4194304,1073741824,16384,2,17592.2,2147483648,0,0,0,0,0,0,0,0,0,0,0,0,0,0,0,0,0,0,0,0,0,8192,0,0,0,0,0,0,0,0,0,0,0,0,0,11250.6,1563.67,1.97058,2.73109
Test,MI250X_two_gcd,256,16384,4194304,536870912,16384,4,8796.09,2147483648,0,0,0,0,0,0,0,0,0,0,0,0,0,0,0,0,0,0,0,0,0,0,4096,0,0,0,0,0,0,0,0,0,0,0,0,5602.25,1570.1,0.401856,0.393819
Test,MI250X_two_gcd,256,16384,4194304,536870912,16384,4,8796.09,2147483648,0,0,0,0,0,0,0,0,0,0,0,0,0,0,0,0,0,0,0,0,0,0,4096,0,0,0,0,0,0,0,0,0,0,0,0,5625.38,1563.65,2.53101,2.48039
Test,MI250X_two_gcd,256,16384,4194304,268435456,16384,5,4398.05,2147483648,0,0,0,0,0,0,0,0,0,0,0,0,0,0,0,0,0,0,0,0,0,0,0,2048,0,0,0,0,0,0,0,0,0,0,0,4427.31,993.389,0.192898,0.169083
Test,MI250X_two_gcd,256,16384,4194304,268435456,16384,5,4398.05,2147483648,0,0,0,0,0,0,0,0,0,0,0,0,0,0,0,0,0,0,0,0,0,0,0,2048,0,0,0,0,0,0,0,0,0,0,0,4445.1,989.417,1.81485,1.59078
Test,MI250X_two_gcd,256,16384,4194304,134217728,16384,4,2199.02,2147483648,0,0,0,0,0,0,0,0,0,0,0,0,0,0,0,0,0,0,0,0,0,0,0,0,1024,0,0,0,0,0,0,0,0,0,0,5132.75,428.43,0.0634794,0.0622098
Test,MI250X_two_gcd,256,16384,4194304,134217728,16384,4,2199.02,2147483648,0,0,0,0,0,0,0,0,0,0,0,0,0,0,0,0,0,0,0,0,0,0,0,0,1024,0,0,0,0,0,0,0,0,0,0,5151,426.912,0.107424,0.105276
Test,MI250X_two_gcd,256,16384,4194304,536870912,16384,6,8796.09,2147483648,0,0,0,0,0,0,0,0,0,0,0,0,0,0,0,0,0,0,0,0,0,0,0,0,0,4096,0,0,0,0,0,0,0,0,0,3193.72,2754.18,0.188839,0.151103
Test,MI250X_two_gcd,256,16384,4194304,536870912,16384,6,8796.09,2147483648,0,0,0,0,0,0,0,0,0,0,0,0,0,0,0,0,0,0,0,0,0,0,0,0,0,4096,0,0,0,0,0,0,0,0,0,3192.38,2755.34,0.323079,0.258517
Test,MI250X_two_gcd,256,16384,4194304,268435456,16384,3,4398.05,2147483648,0,0,0,0,0,0,0,0,0,0,0,0,0,0,0,0,0,0,0,0,0,0,0,0,0,0,2048,0,0,0,0,0,0,0,0,5723.93,768.361,0.0348988,0.0394918
Test,MI250X_two_gcd,256,16384,4194304,268435456,16384,3,4398.05,2147483648,0,0,0,0,0,0,0,0,0,0,0,0,0,0,0,0,0,0,0,0,0,0,0,0,0,0,2048,0,0,0,0,0,0,0,0,5743.63,765.727,0.528255,0.597777
Test,MI250X_two_gcd,256,16384,4194304,134217728,16384,7,2199.02,2147483648,0,0,0,0,0,0,0,0,0,0,0,0,0,0,0,0,0,0,0,0,0,0,0,0,0,0,0,1024,0,0,0,0,0,0,0,2968.04,740.9,0.208872,0.154734
Test,MI250X_two_gcd,256,16384,4194304,134217728,16384,7,2199.02,2147483648,0,0,0,0,0,0,0,0,0,0,0,0,0,0,0,0,0,0,0,0,0,0,0,0,0,0,0,1024,0,0,0,0,0,0,0,2977.86,738.459,1.1747,0.870233
Test,MI250X_two_gcd,256,16384,4194304,1073741824,16384,1,35184.4,2147483648,0,0,0,0,0,0,0,0,0,0,0,0,0,0,0,0,0,0,0,0,0,0,0,0,0,0,0,0,16384,0,0,0,0,0,0,17457,2015.49,0,0
Test,MI250X_two_gcd,256,16384,4194304,1073741824,16384,1,35184.4,2147483648,0,0,0,0,0,0,0,0,0,0,0,0,0,0,0,0,0,0,0,0,0,0,0,0,0,0,0,0,16384,0,0,0,0,0,0,17514.4,2008.88,0,0
Test,MI250X_two_gcd,256,16384,4194304,536870912,16384,2,17592.2,2147483648,0,0,0,0,0,0,0,0,0,0,0,0,0,0,0,0,0,0,0,0,0,0,0,0,0,0,0,0,0,8192,0,0,0,0,0,8731.33,2014.84,0.0256959,0.0356127
Test,MI250X_two_gcd,256,16384,4194304,536870912,16384,2,17592.2,2147483648,0,0,0,0,0,0,0,0,0,0,0,0,0,0,0,0,0,0,0,0,0,0,0,0,0,0,0,0,0,8192,0,0,0,0,0,8778.35,2004.05,3.88605,5.38579
Test,MI250X_two_gcd,256,16384,4194304,268435456,16384,5,8796.09,2147483648,0,0,0,0,0,0,0,0,0,0,0,0,0,0,0,0,0,0,0,0,0,0,0,0,0,0,0,0,0,0,4096,0,0,0,0,4347.08,2023.45,0.182563,0.160024
Test,MI250X_two_gcd,256,16384,4194304,268435456,16384,5,8796.09,2147483648,0,0,0,0,0,0,0,0,0,0,0,0,0,0,0,0,0,0,0,0,0,0,0,0,0,0,0,0,0,0,4096,0,0,0,0,4366.66,2014.39,4.6399,4.06705
Test,MI250X_two_gcd,256,16384,4194304,134217728,16384,2,4398.05,2147483648,0,0,0,0,0,0,0,0,0,0,0,0,0,0,0,0,0,0,0,0,0,0,0,0,0,0,0,0,0,0,0,2048,0,0,0,12271.6,358.392,0.0207977,0.0288242
Test,MI250X_two_gcd,256,16384,4194304,134217728,16384,2,4398.05,2147483648,0,0,0,0,0,0,0,0,0,0,0,0,0,0,0,0,0,0,0,0,0,0,0,0,0,0,0,0,0,0,0,2048,0,0,0,12325.5,356.824,0.385437,0.534188
Test,MI250X_two_gcd,256,16384,4194304,536870912,16384,2,17592.2,2147483648,0,0,0,0,0,0,0,0,0,0,0,0,0,0,0,0,0,0,0,0,0,0,0,0,0,0,0,0,0,0,0,0,8192,0,0,8650.63,2033.63,0.0339355,0.0470323
Test,MI250X_two_gcd,256,16384,4194304,536870912,16384,2,17592.2,2147483648,0,0,0,0,0,0,0,0,0,0,0,0,0,0,0,0,0,0,0,0,0,0,0,0,0,0,0,0,0,0,0,0,8192,0,0,8705.87,2020.74,5.71478,7.92028
Test,MI250X_two_gcd,256,16384,4194304,268435456,16384,6,8796.09,2147483648,0,0,0,0,0,0,0,0,0,0,0,0,0,0,0,0,0,0,0,0,0,0,0,0,0,0,0,0,0,0,0,0,0,4096,0,3536.45,2487.27,0.137264,0.109834
Test,MI250X_two_gcd,256,16384,4194304,268435456,16384,6,8796.09,2147483648,0,0,0,0,0,0,0,0,0,0,0,0,0,0,0,0,0,0,0,0,0,0,0,0,0,0,0,0,0,0,0,0,0,4096,0,3552.38,2476.13,5.88489,4.70889
Test,MI250X_two_gcd,256,16384,4194304,134217728,16384,10,4398.05,2147483648,0,0,0,0,0,0,0,0,0,0,0,0,0,0,0,0,0,0,0,0,0,0,0,0,0,0,0,0,0,0,0,0,0,0,2048,1768.23,2487.26,0.143235,0.0887781
Test,MI250X_two_gcd,256,16384,4194304,134217728,16384,10,4398.05,2147483648,0,0,0,0,0,0,0,0,0,0,0,0,0,0,0,0,0,0,0,0,0,0,0,0,0,0,0,0,0,0,0,0,0,0,2048,1775.51,2477.07,4.69522,2.91013
Test,MI250X_two_gcd,256,16384,4194304,1073741824,32768,6,35184.4,2147483648,16384,0,0,0,0,0,0,0,0,0,0,0,0,0,0,0,0,0,0,0,0,0,0,0,0,0,0,0,0,0,0,0,0,0,0,3271.7,10754.2,1.36285,1.0905
Test,MI250X_two_gcd,256,16384,4194304,1073741824,32768,6,35184.4,2147483648,16384,0,0,0,0,0,0,0,0,0,0,0,0,0,0,0,0,0,0,0,0,0,0,0,0,0,0,0,0,0,0,0,0,0,0,3281.63,10721.6,12.9318,10.3476
Test,MI250X_two_gcd,256,16384,4194304,536870912,32768,10,17592.2,2147483648,0,8192,0,0,0,0,0,0,0,0,0,0,0,0,0,0,0,0,0,0,0,0,0,0,0,0,0,0,0,0,0,0,0,0,0,1635,10759.7,0.885791,0.549019
Test,MI250X_two_gcd,256,16384,4194304,536870912,32768,10,17592.2,2147483648,0,8192,0,0,0,0,0,0,0,0,0,0,0,0,0,0,0,0,0,0,0,0,0,0,0,0,0,0,0,0,0,0,0,0,0,1640.46,10723.9,19.2535,11.9335
Test,MI250X_two_gcd,256,16384,4194304,268435456,32768,10,8796.09,2147483648,0,0,4096,0,0,0,0,0,0,0,0,0,0,0,0,0,0,0,0,0,0,0,0,0,0,0,0,0,0,0,0,0,0,0,0,843.052,10433.6,1.07268,0.664856
Test,MI250X_two_gcd,256,16384,4194304,268435456,32768,10,8796.09,2147483648,0,0,4096,0,0,0,0,0,0,0,0,0,0,0,0,0,0,0,0,0,0,0,0,0,0,0,0,0,0,0,0,0,0,0,0,845.464,10403.9,16.3943,10.1613
Test,MI250X_two_gcd,256,16384,4194304,134217728,32768,10,4398.05,2147483648,0,0,0,2048,0,0,0,0,0,0,0,0,0,0,0,0,0,0,0,0,0,0,0,0,0,0,0,0,0,0,0,0,0,0,0,850.313,5172.27,0.385262,0.238788
Test,MI250X_two_gcd,256,16384,4194304,134217728,32768,10,4398.05,2147483648,0,0,0,2048,0,0,0,0,0,0,0,0,0,0,0,0,0,0,0,0,0,0,0,0,0,0,0,0,0,0,0,0,0,0,0,852.713,5157.72,8.83982,5.47898
Test,MI250X_two_gcd,256,16384,4194304,536870912,32768,10,17592.2,2147483648,0,0,0,0,8192,0,0,0,0,0,0,0,0,0,0,0,0,0,0,0,0,0,0,0,0,0,0,0,0,0,0,0,0,0,0,1580.15,11133.2,1.16486,0.721987
Test,MI250X_two_gcd,256,16384,4194304,536870912,32768,10,17592.2,2147483648,0,0,0,0,8192,0,0,0,0,0,0,0,0,0,0,0,0,0,0,0,0,0,0,0,0,0,0,0,0,0,0,0,0,0,0,1586.23,11090.6,21.3799,13.2514
Test,MI250X_two_gcd,256,16384,4194304,268435456,32768,10,8796.09,1073741824,0,0,0,0,0,8192,0,0,0,0,0,0,0,0,0,0,0,0,0,0,0,0,0,0,0,0,0,0,0,0,0,0,0,0,0,428.635,20521.2,2.53471,1.57103
Test,MI250X_two_gcd,256,16384,4194304,268435456,32768,10,8796.09,1073741824,0,0,0,0,0,8192,0,0,0,0,0,0,0,0,0,0,0,0,0,0,0,0,0,0,0,0,0,0,0,0,0,0,0,0,0,429.885,20461.6,37.2305,23.0757
Test,MI250X_two_gcd,256,16384,4194304,134217728,32768,10,4398.05,2147483648,0,0,0,0,0,0,2048,0,0,0,0,0,0,0,0,0,0,0,0,0,0,0,0,0,0,0,0,0,0,0,0,0,0,0,0,421.785,10427.2,1.20725,0.748263
Test,MI250X_two_gcd,256,16384,4194304,134217728,32768,10,4398.05,2147483648,0,0,0,0,0,0,2048,0,0,0,0,0,0,0,0,0,0,0,0,0,0,0,0,0,0,0,0,0,0,0,0,0,0,0,0,423.184,10392.8,18.1835,11.2702
Test,MI250X_two_gcd,256,16384,4194304,1073741824,32768,6,35184.4,2147483648,0,0,0,0,0,0,0,16384,0,0,0,0,0,0,0,0,0,0,0,0,0,0,0,0,0,0,0,0,0,0,0,0,0,0,0,3250.29,10825,3.06648,2.45369
Test,MI250X_two_gcd,256,16384,4194304,1073741824,32768,6,35184.4,2147483648,0,0,0,0,0,0,0,16384,0,0,0,0,0,0,0,0,0,0,0,0,0,0,0,0,0,0,0,0,0,0,0,0,0,0,0,3264.06,10779.4,23.6617,18.9333
Test,MI250X_two_gcd,256,16384,4194304,536870912,32768,10,17592.2,2147483648,0,0,0,0,0,0,0,0,8192,0,0,0,0,0,0,0,0,0,0,0,0,0,0,0,0,0,0,0,0,0,0,0,0,0,0,1624.96,10826.2,3.34823,2.07525
Test,MI250X_two_gcd,256,16384,4194304,536870912,32768,10,17592.2,2147483648,0,0,0,0,0,0,0,0,8192,0,0,0,0,0,0,0,0,0,0,0,0,0,0,0,0,0,0,0,0,0,0,0,0,0,0,1631.23,10784.7,20.6595,12.8049
Test,MI250X_two_gcd,256,16384,4194304,268435456,32768,10,8796.09,2147483648,0,0,0,0,0,0,0,0,0,4096,0,0,0,0,0,0,0,0,0,0,0,0,0,0,0,0,0,0,0,0,0,0,0,0,0,838.621,10488.8,3.77071,2.33711
Test,MI250X_two_gcd,256,16384,4194304,268435456,32768,10,8796.09,2147483648,0,0,0,0,0,0,0,0,0,4096,0,0,0,0,0,0,0,0,0,0,0,0,0,0,0,0,0,0,0,0,0,0,0,0,0,841.536,10452.5,18.9945,11.7729
Test,MI250X_two_gcd,256,16384,4194304,134217728,32768,10,4398.05,2147483648,0,0,0,0,0,0,0,0,0,0,2048,0,0,0,0,0,0,0,0,0,0,0,0,0,0,0,0,0,0,0,0,0,0,0,0,1706.41,2577.37,0.829684,0.514243
Test,MI250X_two_gcd,256,16384,4194304,134217728,32768,10,4398.05,2147483648,0,0,0,0,0,0,0,0,0,0,2048,0,0,0,0,0,0,0,0,0,0,0,0,0,0,0,0,0,0,0,0,0,0,0,0,1711.78,2569.29,4.54549,2.81732
Test,MI250X_two_gcd,256,16384,4194304,536870912,32768,10,17592.2,2147483648,0,0,0,0,0,0,0,0,0,0,0,8192,0,0,0,0,0,0,0,0,0,0,0,0,0,0,0,0,0,0,0,0,0,0,0,1586.45,11089,0.685886,0.425117
Test,MI250X_two_gcd,256,16384,4194304,536870912,32768,10,17592.2,2147483648,0,0,0,0,0,0,0,0,0,0,0,8192,0,0,0,0,0,0,0,0,0,0,0,0,0,0,0,0,0,0,0,0,0,0,0,1593.01,11043.4,21.2181,13.1511
Test,MI250X_two_gcd,256,16384,4194304,268435456,32768,10,8796.09,1073741824,0,0,0,0,0,0,0,0,0,0,0,0,8192,0,0,0,0,0,0,0,0,0,0,0,0,0,0,0,0,0,0,0,0,0,0,414.879,21201.6,1.63108,1.01095
Test,MI250X_two_gcd,256,16384,4194304,268435456,32768,10,8796.09,1073741824,0,0,0,0,0,0,0,0,0,0,0,0,8192,0,0,0,0,0,0,0,0,0,0,0,0,0,0,0,0,0,0,0,0,0,0,416.332,21127.6,21.8513,13.5436
Test,MI250X_two_gcd,256,16384,4194304,134217728,32768,10,4398.05,2147483648,0,0,0,0,0,0,0,0,0,0,0,0,0,2048,0,0,0,0,0,0,0,0,0,0,0,0,0,0,0,0,0,0,0,0,0,418.062,10520.1,0.939156,0.582095
Test,MI250X_two_gcd,256,16384,4194304,134217728,32768,10,4398.05,2147483648,0,0,0,0,0,0,0,0,0,0,0,0,0,2048,0,0,0,0,0,0,0,0,0,0,0,0,0,0,0,0,0,0,0,0,0,419.632,10480.8,19.9323,12.3542
Test,MI250X_two_gcd,256,16384,4194304,1073741824,32768,6,70368.7,2147483648,0,0,0,0,0,0,0,0,0,0,0,0,0,0,32768,0,0,0,0,0,0,0,0,0,0,0,0,0,0,0,0,0,0,0,0,3316.43,21218.2,2.16939,1.73587
Test,MI250X_two_gcd,256,16384,4194304,1073741824,32768,6,70368.7,2147483648,0,0,0,0,0,0,0,0,0,0,0,0,0,0,32768,0,0,0,0,0,0,0,0,0,0,0,0,0,0,0,0,0,0,0,0,3330.24,21130.4,46.6926,37.3619
Test,MI250X_two_gcd,256,16384,4194304,536870912,32768,10,35184.4,2147483648,0,0,0,0,0,0,0,0,0,0,0,0,0,0,0,16384,0,0,0,0,0,0,0,0,0,0,0,0,0,0,0,0,0,0,0,1651.29,21307.2,1.08297,0.671232
Test,MI250X_two_gcd,256,16384,4194304,536870912,32768,10,35184.4,2147483648,0,0,0,0,0,0,0,0,0,0,0,0,0,0,0,16384,0,0,0,0,0,0,0,0,0,0,0,0,0,0,0,0,0,0,0,1657.26,21230.6,38.8222,24.0622
Test,MI250X_two_gcd,256,16384,4194304,268435456,32768,10,17592.2,2147483648,0,0,0,0,0,0,0,0,0,0,0,0,0,0,0,0,8192,0,0,0,0,0,0,0,0,0,0,0,0,0,0,0,0,0,0,996.478,17654.4,12.3222,7.63738
Test,MI250X_two_gcd,256,16384,4194304,268435456,32768,10,17592.2,2147483648,0,0,0,0,0,0,0,0,0,0,0,0,0,0,0,0,8192,0,0,0,0,0,0,0,0,0,0,0,0,0,0,0,0,0,0,1015.35,17326.3,27.5854,17.0976
Test,MI250X_two_gcd,256,16384,4194304,134217728,32768,10,8796.09,2147483648,0,0,0,0,0,0,0,0,0,0,0,0,0,0,0,0,0,4096,0,0,0,0,0,0,0,0,0,0,0,0,0,0,0,0,0,1735.18,5069.27,0.596634,0.369797
Test,MI250X_two_gcd,256,16384,4194304,134217728,32768,10,8796.09,2147483648,0,0,0,0,0,0,0,0,0,0,0,0,0,0,0,0,0,4096,0,0,0,0,0,0,0,0,0,0,0,0,0,0,0,0,0,1740.82,5052.87,9.05231,5.61068
Test,MI250X_two_gcd,256,16384,4194304,536870912,32768,6,35184.4,2147483648,0,0,0,0,0,0,0,0,0,0,0,0,0,0,0,0,0,0,16384,0,0,0,0,0,0,0,0,0,0,0,0,0,0,0,0,3229.12,10896,1.19553,0.956625
Test,MI250X_two_gcd,256,16384,4194304,536870912,32768,6,35184.4,2147483648,0,0,0,0,0,0,0,0,0,0,0,0,0,0,0,0,0,0,16384,0,0,0,0,0,0,0,0,0,0,0,0,0,0,0,0,3243.1,10849.1,24.1134,19.2948
Test,MI250X_two_gcd,256,16384,4194304,268435456,32768,10,17592.2,1073741824,0,0,0,0,0,0,0,0,0,0,0,0,0,0,0,0,0,0,0,16384,0,0,0,0,0,0,0,0,0,0,0,0,0,0,0,459.995,38244.4,54.1188,33.5432
Test,MI250X_two_gcd,256,16384,4194304,268435456,32768,10,17592.2,1073741824,0,0,0,0,0,0,0,0,0,0,0,0,0,0,0,0,0,0,0,16384,0,0,0,0,0,0,0,0,0,0,0,0,0,0,0,469.885,37439.7,125.062,77.514
Test,MI250X_two_gcd,256,16384,4194304,134217728,32768,10,8796.09,2147483648,0,0,0,0,0,0,0,0,0,0,0,0,0,0,0,0,0,0,0,0,4096,0,0,0,0,0,0,0,0,0,0,0,0,0,0,434.386,20249.5,3.53251,2.18947
Test,MI250X_two_gcd,256,16384,4194304,134217728,32768,10,8796.09,2147483648,0,0,0,0,0,0,0,0,0,0,0,0,0,0,0,0,0,0,0,0,4096,0,0,0,0,0,0,0,0,0,0,0,0,0,0,436.806,20137.4,40.7962,25.2858
Test,MI250X_two_gcd,256,16384,4194304,1073741824,32768,1,35184.4,2147483648,0,0,0,0,0,0,0,0,0,0,0,0,0,0,0,0,0,0,0,0,0,16384,0,0,0,0,0,0,0,0,0,0,0,0,0,22403.7,1570.47,0,0
Test,MI250X_two_gcd,256,16384,4194304,1073741824,32768,1,35184.4,2147483648,0,0,0,0,0,0,0,0,0,0,0,0,0,0,0,0,0,0,0,0,0,16384,0,0,0,0,0,0,0,0,0,0,0,0,0,22474,1565.56,0,0
Test,MI250X_two_gcd,256,16384,4194304,536870912,32768,2,17592.2,2147483648,0,0,0,0,0,0,0,0,0,0,0,0,0,0,0,0,0,0,0,0,0,0,8192,0,0,0,0,0,0,0,0,0,0,0,0,11197,1571.16,0.338623,0.469308
Test,MI250X_two_gcd,256,16384,4194304,536870912,32768,2,17592.2,2147483648,0,0,0,0,0,0,0,0,0,0,0,0,0,0,0,0,0,0,0,0,0,0,8192,0,0,0,0,0,0,0,0,0,0,0,0,11251.2,1563.58,2.48511,3.44418
Test,MI250X_two_gcd,256,16384,4194304,268435456,32768,2,8796.09,2147483648,0,0,0,0,0,0,0,0,0,0,0,0,0,0,0,0,0,0,0,0,0,0,0,4096,0,0,0,0,0,0,0,0,0,0,0,8847.73,994.164,0.0340271,0.0471592
Test,MI250X_two_gcd,256,16384,4194304,268435456,32768,2,8796.09,2147483648,0,0,0,0,0,0,0,0,0,0,0,0,0,0,0,0,0,0,0,0,0,0,0,4096,0,0,0,0,0,0,0,0,0,0,0,8895.88,988.787,2.00052,2.77258
Test,MI250X_two_gcd,256,16384,4194304,134217728,32768,2,4398.05,2147483648,0,0,0,0,0,0,0,0,0,0,0,0,0,0,0,0,0,0,0,0,0,0,0,0,2048,0,0,0,0,0,0,0,0,0,0,10259,428.7,0.0344543,0.0477513
Test,MI250X_two_gcd,256,16384,4194304,134217728,32768,2,4398.05,2147483648,0,0,0,0,0,0,0,0,0,0,0,0,0,0,0,0,0,0,0,0,0,0,0,0,2048,0,0,0,0,0,0,0,0,0,0,10291.6,427.342,0.0495605,0.0686874
Test,MI250X_two_gcd,256,16384,4194304,536870912,32768,3,17592.2,2147483648,0,0,0,0,0,0,0,0,0,0,0,0,0,0,0,0,0,0,0,0,0,0,0,0,0,8192,0,0,0,0,0,0,0,0,0,6385.16,2755.17,0.200641,0.227046
Test,MI250X_two_gcd,256,16384,4194304,536870912,32768,3,17592.2,2147483648,0,0,0,0,0,0,0,0,0,0,0,0,0,0,0,0,0,0,0,0,0,0,0,0,0,8192,0,0,0,0,0,0,0,0,0,6376.83,2758.77,0.182099,0.206064
Test,MI250X_two_gcd,256,16384,4194304,268435456,32768,2,8796.09,2147483648,0,0,0,0,0,0,0,0,0,0,0,0,0,0,0,0,0,0,0,0,0,0,0,0,0,0,4096,0,0,0,0,0,0,0,0,11433.4,769.334,0.209625,0.290526
Test,MI250X_two_gcd,256,16384,4194304,268435456,32768,2,8796.09,2147483648,0,0,0,0,0,0,0,0,0,0,0,0,0,0,0,0,0,0,0,0,0,0,0,0,0,0,4096,0,0,0,0,0,0,0,0,11479.8,766.222,0.668152,0.926011
Test,MI250X_two_gcd,256,16384,4194304,134217728,32768,3,4398.05,2147483648,0,0,0,0,0,0,0,0,0,0,0,0,0,0,0,0,0,0,0,0,0,0,0,0,0,0,0,2048,0,0,0,0,0,0,0,5925.7,742.198,0.119472,0.135196
Test,MI250X_two_gcd,256,16384,4194304,134217728,32768,3,4398.05,2147483648,0,0,0,0,0,0,0,0,0,0,0,0,0,0,0,0,0,0,0,0,0,0,0,0,0,0,0,2048,0,0,0,0,0,0,0,5950.16,739.149,0.950938,1.07609
Test,MI250X_two_gcd,256,16384,4194304,1073741824,32768,1,70368.7,2147483648,0,0,0,0,0,0,0,0,0,0,0,0,0,0,0,0,0,0,0,0,0,0,0,0,0,0,0,0,32768,0,0,0,0,0,0,34885.3,2017.14,0,0
Test,MI250X_two_gcd,256,16384,4194304,1073741824,32768,1,70368.7,2147483648,0,0,0,0,0,0,0,0,0,0,0,0,0,0,0,0,0,0,0,0,0,0,0,0,0,0,0,0,32768,0,0,0,0,0,0,35004.7,2010.26,0,0
Test,MI250X_two_gcd,256,16384,4194304,536870912,32768,1,35184.4,2147483648,0,0,0,0,0,0,0,0,0,0,0,0,0,0,0,0,0,0,0,0,0,0,0,0,0,0,0,0,0,16384,0,0,0,0,0,17456,2015.6,0,0
Test,MI250X_two_gcd,256,16384,4194304,536870912,32768,1,35184.4,2147483648,0,0,0,0,0,0,0,0,0,0,0,0,0,0,0,0,0,0,0,0,0,0,0,0,0,0,0,0,0,16384,0,0,0,0,0,17520.5,2008.19,0,0
Test,MI250X_two_gcd,256,16384,4194304,268435456,32768,2,17592.2,2147483648,0,0,0,0,0,0,0,0,0,0,0,0,0,0,0,0,0,0,0,0,0,0,0,0,0,0,0,0,0,0,8192,0,0,0,0,8692.31,2023.88,0.0349121,0.0483857
Test,MI250X_two_gcd,256,16384,4194304,268435456,32768,2,17592.2,2147483648,0,0,0,0,0,0,0,0,0,0,0,0,0,0,0,0,0,0,0,0,0,0,0,0,0,0,0,0,0,0,8192,0,0,0,0,8736.97,2013.54,3.99274,5.53365
Test,MI250X_two_gcd,256,16384,4194304,134217728,32768,1,8796.09,2147483648,0,0,0,0,0,0,0,0,0,0,0,0,0,0,0,0,0,0,0,0,0,0,0,0,0,0,0,0,0,0,0,4096,0,0,0,24556.5,358.198,0,0
Test,MI250X_two_gcd,256,16384,4194304,134217728,32768,1,8796.09,2147483648,0,0,0,0,0,0,0,0,0,0,0,0,0,0,0,0,0,0,0,0,0,0,0,0,0,0,0,0,0,0,0,4096,0,0,0,24646.6,356.889,0,0
Test,MI250X_two_gcd,256,16384,4194304,536870912,32768,1,35184.4,2147483648,0,0,0,0,0,0,0,0,0,0,0,0,0,0,0,0,0,0,0,0,0,0,0,0,0,0,0,0,0,0,0,0,16384,0,0,17299.9,2033.78,0,0
Test,MI250X_two_gcd,256,16384,4194304,536870912,32768,1,35184.4,2147483648,0,0,0,0,0,0,0,0,0,0,0,0,0,0,0,0,0,0,0,0,0,0,0,0,0,0,0,0,0,0,0,0,16384,0,0,17361.4,2026.59,0,0
Test,MI250X_two_gcd,256,16384,4194304,268435456,32768,3,17592.2,2147483648,0,0,0,0,0,0,0,0,0,0,0,0,0,0,0,0,0,0,0,0,0,0,0,0,0,0,0,0,0,0,0,0,0,8192,0,7073.2,2487.16,0.0852617,0.0964827
Test,MI250X_two_gcd,256,16384,4194304,268435456,32768,3,17592.2,2147483648,0,0,0,0,0,0,0,0,0,0,0,0,0,0,0,0,0,0,0,0,0,0,0,0,0,0,0,0,0,0,0,0,0,8192,0,7104.93,2476.06,4.30242,4.86865
Test,MI250X_two_gcd,256,16384,4194304,134217728,32768,6,8796.09,2147483648,0,0,0,0,0,0,0,0,0,0,0,0,0,0,0,0,0,0,0,0,0,0,0,0,0,0,0,0,0,0,0,0,0,0,4096,3536.38,2487.32,0.0722076,0.0577781
Test,MI250X_two_gcd,256,16384,4194304,134217728,32768,6,8796.09,2147483648,0,0,0,0,0,0,0,0,0,0,0,0,0,0,0,0,0,0,0,0,0,0,0,0,0,0,0,0,0,0,0,0,0,0,4096,3551.53,2476.72,5.93586,4.74967
Test,MI250X_two_gcd,256,16384,4194304,1073741824,1,3701,1.07374,2147483648,0.5,0,0,0,0,0,0,0,0,0,0,0,0,0,0,0,0,0,0,0,0,0,0,0,0,0,0,0,0,0,0,0,0,0,0,5.37743,199.723,3.09217,0.0996232
Test,MI250X_two_gcd,256,16384,4194304,1073741824,1,3701,1.07374,2147483648,0.5,0,0,0,0,0,0,0,0,0,0,0,0,0,0,0,0,0,0,0,0,0,0,0,0,0,0,0,0,0,0,0,0,0,0,5.41792,198.219,2.6912,0.0867046
Test,MI250X_two_gcd,256,16384,4194304,536870912,1,6282,0.536871,2147483648,0,0.25,0,0,0,0,0,0,0,0,0,0,0,0,0,0,0,0,0,0,0,0,0,0,0,0,0,0,0,0,0,0,0,0,0,3.18364,168.636,0.616714,0.0152507
Test,MI250X_two_gcd,256,16384,4194304,536870912,1,6282,0.536871,2147483648,0,0.25,0,0,0,0,0,0,0,0,0,0,0,0,0,0,0,0,0,0,0,0,0,0,0,0,0,0,0,0,0,0,0,0,0,3.18412,168.611,0.625155,0.0154595
Test,MI250X_two_gcd,256,16384,4194304,268435456,1,11604,0.268435,2147483648,0,0,0.125,0,0,0,0,0,0,0,0,0,0,0,0,0,0,0,0,0,0,0,0,0,0,0,0,0,0,0,0,0,0,0,0,1.72276,155.818,0.347204,0.00631737
Test,MI250X_two_gcd,256,16384,4194304,268435456,1,11604,0.268435,2147483648,0,0,0.125,0,0,0,0,0,0,0,0,0,0,0,0,0,0,0,0,0,0,0,0,0,0,0,0,0,0,0,0,0,0,0,0,1.72242,155.848,0.322139,0.00586132
Test,MI250X_two_gcd,256,16384,4194304,134217728,1,11631,0.134218,2147483648,0,0,0,0.0625,0,0,0,0,0,0,0,0,0,0,0,0,0,0,0,0,0,0,0,0,0,0,0,0,0,0,0,0,0,0,0,1.71975,78.0466,0.336797,0.00612092
Test,MI250X_two_gcd,256,16384,4194304,134217728,1,11631,0.134218,2147483648,0,0,0,0.0625,0,0,0,0,0,0,0,0,0,0,0,0,0,0,0,0,0,0,0,0,0,0,0,0,0,0,0,0,0,0,0,1.71761,78.1438,0.346348,0.00629448
Test,MI250X_two_gcd,256,16384,4194304,536870912,1,6196,0.536871,2147483648,0,0,0,0,0.25,0,0,0,0,0,0,0,0,0,0,0,0,0,0,0,0,0,0,0,0,0,0,0,0,0,0,0,0,0,0,3.2284,166.298,0.591603,0.014731
Test,MI250X_two_gcd,256,16384,4194304,536870912,1,6196,0.536871,2147483648,0,0,0,0,0.25,0,0,0,0,0,0,0,0,0,0,0,0,0,0,0,0,0,0,0,0,0,0,0,0,0,0,0,0,0,0,3.22803,166.318,0.582849,0.014513
Test,MI250X_two_gcd,256,16384,4194304,268435456,1,23332,0.268435,1073741824,0,0,0,0,0,0.25,0,0,0,0,0,0,0,0,0,0,0,0,0,0,0,0,0,0,0,0,0,0,0,0,0,0,0,0,0,0.859304,312.413,2.90595,0.0372879
Test,MI250X_two_gcd,256,16384,4194304,268435456,1,23332,0.268435,1073741824,0,0,0,0,0,0.25,0,0,0,0,0,0,0,0,0,0,0,0,0,0,0,0,0,0,0,0,0,0,0,0,0,0,0,0,0,0.857681,313.007,3.0165,0.0387065
Test,MI250X_two_gcd,256,16384,4194304,134217728,1,11490,0.134218,2147483648,0,0,0,0,0,0,0.0625,0,0,0,0,0,0,0,0,0,0,0,0,0,0,0,0,0,0,0,0,0,0,0,0,0,0,0,0,1.73868,77.1966,0.325552,0.00595273
Test,MI250X_two_gcd,256,16384,4194304,134217728,1,11490,0.134218,2147483648,0,0,0,0,0,0,0.0625,0,0,0,0,0,0,0,0,0,0,0,0,0,0,0,0,0,0,0,0,0,0,0,0,0,0,0,0,1.73841,77.2084,0.349095,0.00638321
Test,MI250X_two_gcd,256,16384,4194304,1073741824,1,3709,1.07374,2147483648,0,0,0,0,0,0,0,0.5,0,0,0,0,0,0,0,0,0,0,0,0,0,0,0,0,0,0,0,0,0,0,0,0,0,0,0,5.36173,200.312,3.26335,0.105025
Test,MI250X_two_gcd,256,16384,4194304,1073741824,1,3709,1.07374,2147483648,0,0,0,0,0,0,0,0.5,0,0,0,0,0,0,0,0,0,0,0,0,0,0,0,0,0,0,0,0,0,0,0,0,0,0,0,5.4038,198.74,2.80169,0.0901671
Test,MI250X_two_gcd,256,16384,4194304,536870912,1,6293,0.536871,2147483648,0,0,0,0,0,0,0,0,0.25,0,0,0,0,0,0,0,0,0,0,0,0,0,0,0,0,0,0,0,0,0,0,0,0,0,0,3.18323,168.659,0.625024,0.0154427
Test,MI250X_two_gcd,256,16384,4194304,536870912,1,6293,0.536871,2147483648,0,0,0,0,0,0,0,0,0.25,0,0,0,0,0,0,0,0,0,0,0,0,0,0,0,0,0,0,0,0,0,0,0,0,0,0,3.18379,168.628,0.615023,0.0151956
Test,MI250X_two_gcd,256,16384,4194304,268435456,1,11618,0.268435,2147483648,0,0,0,0,0,0,0,0,0,0.125,0,0,0,0,0,0,0,0,0,0,0,0,0,0,0,0,0,0,0,0,0,0,0,0,0,1.72278,155.816,0.351418,0.00639021
Test,MI250X_two_gcd,256,16384,4194304,268435456,1,11618,0.268435,2147483648,0,0,0,0,0,0,0,0,0,0.125,0,0,0,0,0,0,0,0,0,0,0,0,0,0,0,0,0,0,0,0,0,0,0,0,0,1.72271,155.822,0.333486,0.00606411
Test,MI250X_two_gcd,256,16384,4194304,134217728,1,11626,0.134218,2147483648,0,0,0,0,0,0,0,0,0,0,0.0625,0,0,0,0,0,0,0,0,0,0,0,0,0,0,0,0,0,0,0,0,0,0,0,0,1.71951,78.0569,0.327832,0.00595927
Test,MI250X_two_gcd,256,16384,4194304,134217728,1,11626,0.134218,2147483648,0,0,0,0,0,0,0,0,0,0,0.0625,0,0,0,0,0,0,0,0,0,0,0,0,0,0,0,0,0,0,0,0,0,0,0,0,1.71768,78.1405,0.339501,0.00617138
Test,MI250X_two_gcd,256,16384,4194304,536870912,1,6186,0.536871,2147483648,0,0,0,0,0,0,0,0,0,0,0,0.25,0,0,0,0,0,0,0,0,0,0,0,0,0,0,0,0,0,0,0,0,0,0,0,3.22823,166.308,0.590135,0.0147063
Test,MI250X_two_gcd,256,16384,4194304,536870912,1,6186,0.536871,2147483648,0,0,0,0,0,0,0,0,0,0,0,0.25,0,0,0,0,0,0,0,0,0,0,0,0,0,0,0,0,0,0,0,0,0,0,0,3.22844,166.297,0.597957,0.0149012
Test,MI250X_two_gcd,256,16384,4194304,268435456,1,23401,0.268435,1073741824,0,0,0,0,0,0,0,0,0,0,0,0,0.25,0,0,0,0,0,0,0,0,0,0,0,0,0,0,0,0,0,0,0,0,0,0,0.858626,312.657,2.85805,0.0366192
Test,MI250X_two_gcd,256,16384,4194304,268435456,1,23401,0.268435,1073741824,0,0,0,0,0,0,0,0,0,0,0,0,0.25,0,0,0,0,0,0,0,0,0,0,0,0,0,0,0,0,0,0,0,0,0,0,0.857909,312.924,3.00687,0.038526
Test,MI250X_two_gcd,256,16384,4194304,134217728,1,11512,0.134218,2147483648,0,0,0,0,0,0,0,0,0,0,0,0,0,0.0625,0,0,0,0,0,0,0,0,0,0,0,0,0,0,0,0,0,0,0,0,0,1.7382,77.2174,0.323728,0.00591373
Test,MI250X_two_gcd,256,16384,4194304,134217728,1,11512,0.134218,2147483648,0,0,0,0,0,0,0,0,0,0,0,0,0,0.0625,0,0,0,0,0,0,0,0,0,0,0,0,0,0,0,0,0,0,0,0,0,1.73816,77.2201,0.346111,0.00632261
Test,MI250X_two_gcd,256,16384,4194304,1073741824,1,3755,2.14748,2147483648,0,0,0,0,0,0,0,0,0,0,0,0,0,0,1,0,0,0,0,0,0,0,0,0,0,0,0,0,0,0,0,0,0,0,0,5.27524,407.228,7.66107,0.245042
Test,MI250X_two_gcd,256,16384,4194304,1073741824,1,3755,2.14748,2147483648,0,0,0,0,0,0,0,0,0,0,0,0,0,0,1,0,0,0,0,0,0,0,0,0,0,0,0,0,0,0,0,0,0,0,0,5.3078,404.678,5.99355,0.191706
Test,MI250X_two_gcd,256,16384,4194304,536870912,1,6172,1.07374,2147483648,0,0,0,0,0,0,0,0,0,0,0,0,0,0,0,0.5,0,0,0,0,0,0,0,0,0,0,0,0,0,0,0,0,0,0,0,3.23939,331.469,1.23104,0.0307125
Test,MI250X_two_gcd,256,16384,4194304,536870912,1,6172,1.07374,2147483648,0,0,0,0,0,0,0,0,0,0,0,0,0,0,0,0.5,0,0,0,0,0,0,0,0,0,0,0,0,0,0,0,0,0,0,0,3.23949,331.459,1.24281,0.0310063
Test,MI250X_two_gcd,256,16384,4194304,268435456,1,11540,0.536871,2147483648,0,0,0,0,0,0,0,0,0,0,0,0,0,0,0,0,0.25,0,0,0,0,0,0,0,0,0,0,0,0,0,0,0,0,0,0,1.73421,309.579,0.848042,0.0154728
Test,MI250X_two_gcd,256,16384,4194304,268435456,1,11540,0.536871,2147483648,0,0,0,0,0,0,0,0,0,0,0,0,0,0,0,0,0.25,0,0,0,0,0,0,0,0,0,0,0,0,0,0,0,0,0,0,1.73298,309.799,0.785079,0.0143241
Test,MI250X_two_gcd,256,16384,4194304,134217728,1,11484,0.268435,2147483648,0,0,0,0,0,0,0,0,0,0,0,0,0,0,0,0,0,0.125,0,0,0,0,0,0,0,0,0,0,0,0,0,0,0,0,0,1.74006,154.271,0.616707,0.0112795
Test,MI250X_two_gcd,256,16384,4194304,134217728,1,11484,0.268435,2147483648,0,0,0,0,0,0,0,0,0,0,0,0,0,0,0,0,0,0.125,0,0,0,0,0,0,0,0,0,0,0,0,0,0,0,0,0,1.74063,154.221,0.681953,0.0124728
Test,MI250X_two_gcd,256,16384,4194304,536870912,1,6151,1.07374,2147483648,0,0,0,0,0,0,0,0,0,0,0,0,0,0,0,0,0,0,0.5,0,0,0,0,0,0,0,0,0,0,0,0,0,0,0,0,3.25213,330.17,1.23268,0.0308058
Test,MI250X_two_gcd,256,16384,4194304,536870912,1,6151,1.07374,2147483648,0,0,0,0,0,0,0,0,0,0,0,0,0,0,0,0,0,0,0.5,0,0,0,0,0,0,0,0,0,0,0,0,0,0,0,0,3.25151,330.234,1.20072,0.0300072
Test,MI250X_two_gcd,256,16384,4194304,268435456,1,23515,0.536871,1073741824,0,0,0,0,0,0,0,0,0,0,0,0,0,0,0,0,0,0,0,0.5,0,0,0,0,0,0,0,0,0,0,0,0,0,0,0,0.860954,623.626,5.85134,0.0747892
Test,MI250X_two_gcd,256,16384,4194304,268435456,1,23515,0.536871,1073741824,0,0,0,0,0,0,0,0,0,0,0,0,0,0,0,0,0,0,0,0.5,0,0,0,0,0,0,0,0,0,0,0,0,0,0,0,0.860383,624.05,6.01393,0.0768673
Test,MI250X_two_gcd,256,16384,4194304,134217728,1,11491,0.268435,2147483648,0,0,0,0,0,0,0,0,0,0,0,0,0,0,0,0,0,0,0,0,0.125,0,0,0,0,0,0,0,0,0,0,0,0,0,0,1.74071,154.214,0.635414,0.0116181
Test,MI250X_two_gcd,256,16384,4194304,134217728,1,11491,0.268435,2147483648,0,0,0,0,0,0,0,0,0,0,0,0,0,0,0,0,0,0,0,0,0.125,0,0,0,0,0,0,0,0,0,0,0,0,0,0,1.74083,154.203,0.677333,0.0123845
Test,MI250X_two_gcd,256,16384,4194304,1073741824,1,3342,1.07374,2147483648,0,0,0,0,0,0,0,0,0,0,0,0,0,0,0,0,0,0,0,0,0,0.5,0,0,0,0,0,0,0,0,0,0,0,0,0,5.99702,179.059,1.5543,0.0526972
Test,MI250X_two_gcd,256,16384,4194304,1073741824,1,3342,1.07374,2147483648,0,0,0,0,0,0,0,0,0,0,0,0,0,0,0,0,0,0,0,0,0,0.5,0,0,0,0,0,0,0,0,0,0,0,0,0,6.00306,178.876,1.36532,0.0462899
Test,MI250X_two_gcd,256,16384,4194304,536870912,1,5865,0.536871,2147483648,0,0,0,0,0,0,0,0,0,0,0,0,0,0,0,0,0,0,0,0,0,0,0.25,0,0,0,0,0,0,0,0,0,0,0,0,3.40289,157.771,0.427915,0.0109517
Test,MI250X_two_gcd,256,16384,4194304,536870912,1,5865,0.536871,2147483648,0,0,0,0,0,0,0,0,0,0,0,0,0,0,0,0,0,0,0,0,0,0,0.25,0,0,0,0,0,0,0,0,0,0,0,0,3.40496,157.675,0.431529,0.0110441
Test,MI250X_two_gcd,256,16384,4194304,268435456,1,11299,0.268435,2147483648,0,0,0,0,0,0,0,0,0,0,0,0,0,0,0,0,0,0,0,0,0,0,0,0.125,0,0,0,0,0,0,0,0,0,0,0,1.7676,151.869,0.879612,0.0162191
Test,MI250X_two_gcd,256,16384,4194304,268435456,1,11299,0.268435,2147483648,0,0,0,0,0,0,0,0,0,0,0,0,0,0,0,0,0,0,0,0,0,0,0,0.125,0,0,0,0,0,0,0,0,0,0,0,1.7614,152.4,0.578448,0.010666
Test,MI250X_two_gcd,256,16384,4194304,134217728,1,11558,0.134218,2147483648,0,0,0,0,0,0,0,0,0,0,0,0,0,0,0,0,0,0,0,0,0,0,0,0,0.0625,0,0,0,0,0,0,0,0,0,0,1.72982,77.5906,0.13271,0.00241947
Test,MI250X_two_gcd,256,16384,4194304,134217728,1,11558,0.134218,2147483648,0,0,0,0,0,0,0,0,0,0,0,0,0,0,0,0,0,0,0,0,0,0,0,0,0.0625,0,0,0,0,0,0,0,0,0,0,1.72836,77.6564,0.129416,0.00235941
Test,MI250X_two_gcd,256,16384,4194304,536870912,1,6000,0.536871,2147483648,0,0,0,0,0,0,0,0,0,0,0,0,0,0,0,0,0,0,0,0,0,0,0,0,0,0.25,0,0,0,0,0,0,0,0,0,3.33155,161.149,0.48738,0.0123324
Test,MI250X_two_gcd,256,16384,4194304,536870912,1,6000,0.536871,2147483648,0,0,0,0,0,0,0,0,0,0,0,0,0,0,0,0,0,0,0,0,0,0,0,0,0,0.25,0,0,0,0,0,0,0,0,0,3.33254,161.101,0.488201,0.0123532
Test,MI250X_two_gcd,256,16384,4194304,268435456,1,11261,0.268435,2147483648,0,0,0,0,0,0,0,0,0,0,0,0,0,0,0,0,0,0,0,0,0,0,0,0,0,0,0.125,0,0,0,0,0,0,0,0,1.77306,151.402,0.862869,0.0159372
Test,MI250X_two_gcd,256,16384,4194304,268435456,1,11261,0.268435,2147483648,0,0,0,0,0,0,0,0,0,0,0,0,0,0,0,0,0,0,0,0,0,0,0,0,0,0,0.125,0,0,0,0,0,0,0,0,1.76568,152.031,0.642065,0.011859
Test,MI250X_two_gcd,256,16384,4194304,134217728,1,11505,0.134218,2147483648,0,0,0,0,0,0,0,0,0,0,0,0,0,0,0,0,0,0,0,0,0,0,0,0,0,0,0,0.0625,0,0,0,0,0,0,0,1.73501,77.3594,0.275647,0.00503694
Test,MI250X_two_gcd,256,16384,4194304,134217728,1,11505,0.134218,2147483648,0,0,0,0,0,0,0,0,0,0,0,0,0,0,0,0,0,0,0,0,0,0,0,0,0,0,0,0.0625,0,0,0,0,0,0,0,1.73545,77.3402,0.301295,0.0055056
Test,MI250X_two_gcd,256,16384,4194304,1073741824,1,3224,2.14748,2147483648,0,0,0,0,0,0,0,0,0,0,0,0,0,0,0,0,0,0,0,0,0,0,0,0,0,0,0,0,1,0,0,0,0,0,0,6.18265,347.356,2.35046,0.0811355
Test,MI250X_two_gcd,256,16384,4194304,1073741824,1,3224,2.14748,2147483648,0,0,0,0,0,0,0,0,0,0,0,0,0,0,0,0,0,0,0,0,0,0,0,0,0,0,0,0,1,0,0,0,0,0,0,6.17838,347.602,2.75958,0.095258
Test,MI250X_two_gcd,256,16384,4194304,536870912,1,5866,1.07374,2147483648,0,0,0,0,0,0,0,0,0,0,0,0,0,0,0,0,0,0,0,0,0,0,0,0,0,0,0,0,0,0.5,0,0,0,0,0,3.40671,315.186,0.787311,0.020148
Test,MI250X_two_gcd,256,16384,4194304,536870912,1,5866,1.07374,2147483648,0,0,0,0,0,0,0,0,0,0,0,0,0,0,0,0,0,0,0,0,0,0,0,0,0,0,0,0,0,0.5,0,0,0,0,0,3.40782,315.083,0.805118,0.0206037
Test,MI250X_two_gcd,256,16384,4194304,268435456,1,11305,0.536871,2147483648,0,0,0,0,0,0,0,0,0,0,0,0,0,0,0,0,0,0,0,0,0,0,0,0,0,0,0,0,0,0,0.25,0,0,0,0,1.76633,303.96,1.95707,0.0360767
Test,MI250X_two_gcd,256,16384,4194304,268435456,1,11305,0.536871,2147483648,0,0,0,0,0,0,0,0,0,0,0,0,0,0,0,0,0,0,0,0,0,0,0,0,0,0,0,0,0,0,0.25,0,0,0,0,1.75748,305.482,1.19829,0.0220893
Test,MI250X_two_gcd,256,16384,4194304,134217728,1,11552,0.268435,2147483648,0,0,0,0,0,0,0,0,0,0,0,0,0,0,0,0,0,0,0,0,0,0,0,0,0,0,0,0,0,0,0,0.125,0,0,0,1.73011,155.156,0.288804,0.00526661
Test,MI250X_two_gcd,256,16384,4194304,134217728,1,11552,0.268435,2147483648,0,0,0,0,0,0,0,0,0,0,0,0,0,0,0,0,0,0,0,0,0,0,0,0,0,0,0,0,0,0,0,0.125,0,0,0,1.72917,155.24,0.331054,0.00603708
Test,MI250X_two_gcd,256,16384,4194304,536870912,1,5851,1.07374,2147483648,0,0,0,0,0,0,0,0,0,0,0,0,0,0,0,0,0,0,0,0,0,0,0,0,0,0,0,0,0,0,0,0,0.5,0,0,3.41581,314.345,0.777402,0.0199199
Test,MI250X_two_gcd,256,16384,4194304,536870912,1,5851,1.07374,2147483648,0,0,0,0,0,0,0,0,0,0,0,0,0,0,0,0,0,0,0,0,0,0,0,0,0,0,0,0,0,0,0,0,0.5,0,0,3.41637,314.294,0.800064,0.0205006
Test,MI250X_two_gcd,256,16384,4194304,268435456,1,11304,0.536871,2147483648,0,0,0,0,0,0,0,0,0,0,0,0,0,0,0,0,0,0,0,0,0,0,0,0,0,0,0,0,0,0,0,0,0,0.25,0,1.76674,303.886,1.80507,0.0332762
Test,MI250X_two_gcd,256,16384,4194304,268435456,1,11304,0.536871,2147483648,0,0,0,0,0,0,0,0,0,0,0,0,0,0,0,0,0,0,0,0,0,0,0,0,0,0,0,0,0,0,0,0,0,0.25,0,1.7584,305.324,1.17469,0.0216553
Test,MI250X_two_gcd,256,16384,4194304,134217728,1,11516,0.268435,2147483648,0,0,0,0,0,0,0,0,0,0,0,0,0,0,0,0,0,0,0,0,0,0,0,0,0,0,0,0,0,0,0,0,0,0,0.125,1.73669,154.568,0.586876,0.0107189
Test,MI250X_two_gcd,256,16384,4194304,134217728,1,11516,0.268435,2147483648,0,0,0,0,0,0,0,0,0,0,0,0,0,0,0,0,0,0,0,0,0,0,0,0,0,0,0,0,0,0,0,0,0,0,0.125,1.737,154.542,0.619694,0.0113183
Test,MI250X_two_gcd,256,16384,4194304,1073741824,2,3738,2.14748,2147483648,1,0,0,0,0,0,0,0,0,0,0,0,0,0,0,0,0,0,0,0,0,0,0,0,0,0,0,0,0,0,0,0,0,0,0,5.36801,400.15,6.33752,0.203168
Test,MI250X_two_gcd,256,16384,4194304,1073741824,2,3738,2.14748,2147483648,1,0,0,0,0,0,0,0,0,0,0,0,0,0,0,0,0,0,0,0,0,0,0,0,0,0,0,0,0,0,0,0,0,0,0,5.40151,397.644,5.45216,0.174785
Test,MI250X_two_gcd,256,16384,4194304,536870912,2,6278,1.07374,2147483648,0,0.5,0,0,0,0,0,0,0,0,0,0,0,0,0,0,0,0,0,0,0,0,0,0,0,0,0,0,0,0,0,0,0,0,0,3.18341,337.297,1.23783,0.03062
Test,MI250X_two_gcd,256,16384,4194304,536870912,2,6278,1.07374,2147483648,0,0.5,0,0,0,0,0,0,0,0,0,0,0,0,0,0,0,0,0,0,0,0,0,0,0,0,0,0,0,0,0,0,0,0,0,3.18415,337.22,1.23407,0.0305272
Test,MI250X_two_gcd,256,16384,4194304,268435456,2,11597,0.536871,2147483648,0,0,0.25,0,0,0,0,0,0,0,0,0,0,0,0,0,0,0,0,0,0,0,0,0,0,0,0,0,0,0,0,0,0,0,0,1.72274,311.639,0.682356,0.0124192
Test,MI250X_two_gcd,256,16384,4194304,268435456,2,11597,0.536871,2147483648,0,0,0.25,0,0,0,0,0,0,0,0,0,0,0,0,0,0,0,0,0,0,0,0,0,0,0,0,0,0,0,0,0,0,0,0,1.72244,311.696,0.655999,0.0119395
Test,MI250X_two_gcd,256,16384,4194304,134217728,2,11622,0.268435,2147483648,0,0,0,0.125,0,0,0,0,0,0,0,0,0,0,0,0,0,0,0,0,0,0,0,0,0,0,0,0,0,0,0,0,0,0,0,1.71987,156.082,0.66798,0.0121445
Test,MI250X_two_gcd,256,16384,4194304,134217728,2,11622,0.268435,2147483648,0,0,0,0.125,0,0,0,0,0,0,0,0,0,0,0,0,0,0,0,0,0,0,0,0,0,0,0,0,0,0,0,0,0,0,0,1.71797,156.255,0.70533,0.0128235
Test,MI250X_two_gcd,256,16384,4194304,536870912,2,6173,1.07374,2147483648,0,0,0,0,0.5,0,0,0,0,0,0,0,0,0,0,0,0,0,0,0,0,0,0,0,0,0,0,0,0,0,0,0,0,0,0,3.24072,331.331,1.12418,0.0280442
Test,MI250X_two_gcd,256,16384,4194304,536870912,2,6173,1.07374,2147483648,0,0,0,0,0.5,0,0,0,0,0,0,0,0,0,0,0,0,0,0,0,0,0,0,0,0,0,0,0,0,0,0,0,0,0,0,3.24173,331.229,1.1385,0.0284014
Test,MI250X_two_gcd,256,16384,4194304,268435456,2,23481,0.536871,1073741824,0,0,0,0,0,0.5,0,0,0,0,0,0,0,0,0,0,0,0,0,0,0,0,0,0,0,0,0,0,0,0,0,0,0,0,0,0.85746,626.165,5.71805,0.0731384
Test,MI250X_two_gcd,256,16384,4194304,268435456,2,23481,0.536871,1073741824,0,0,0,0,0,0.5,0,0,0,0,0,0,0,0,0,0,0,0,0,0,0,0,0,0,0,0,0,0,0,0,0,0,0,0,0,0.857807,625.921,5.98065,0.0764973
Test,MI250X_two_gcd,256,16384,4194304,134217728,2,11509,0.268435,2147483648,0,0,0,0,0,0,0.125,0,0,0,0,0,0,0,0,0,0,0,0,0,0,0,0,0,0,0,0,0,0,0,0,0,0,0,0,1.73833,154.423,0.643868,0.0117634
Test,MI250X_two_gcd,256,16384,4194304,134217728,2,11509,0.268435,2147483648,0,0,0,0,0,0,0.125,0,0,0,0,0,0,0,0,0,0,0,0,0,0,0,0,0,0,0,0,0,0,0,0,0,0,0,0,1.73834,154.425,0.696203,0.0127196
Test,MI250X_two_gcd,256,16384,4194304,1073741824,2,3748,2.14748,2147483648,0,0,0,0,0,0,0,1,0,0,0,0,0,0,0,0,0,0,0,0,0,0,0,0,0,0,0,0,0,0,0,0,0,0,0,5.36009,400.74,6.27722,0.200966
Test,MI250X_two_gcd,256,16384,4194304,1073741824,2,3748,2.14748,2147483648,0,0,0,0,0,0,0,1,0,0,0,0,0,0,0,0,0,0,0,0,0,0,0,0,0,0,0,0,0,0,0,0,0,0,0,5.39309,398.264,5.35448,0.171425
Test,MI250X_two_gcd,256,16384,4194304,536870912,2,6280,1.07374,2147483648,0,0,0,0,0,0,0,0,0.5,0,0,0,0,0,0,0,0,0,0,0,0,0,0,0,0,0,0,0,0,0,0,0,0,0,0,3.18353,337.285,1.24512,0.0307955
Test,MI250X_two_gcd,256,16384,4194304,536870912,2,6280,1.07374,2147483648,0,0,0,0,0,0,0,0,0.5,0,0,0,0,0,0,0,0,0,0,0,0,0,0,0,0,0,0,0,0,0,0,0,0,0,0,3.18401,337.234,1.24402,0.0307683
Test,MI250X_two_gcd,256,16384,4194304,268435456,2,11605,0.536871,2147483648,0,0,0,0,0,0,0,0,0,0.25,0,0,0,0,0,0,0,0,0,0,0,0,0,0,0,0,0,0,0,0,0,0,0,0,0,1.72304,311.586,0.695143,0.0126476
Test,MI250X_two_gcd,256,16384,4194304,268435456,2,11605,0.536871,2147483648,0,0,0,0,0,0,0,0,0,0.25,0,0,0,0,0,0,0,0,0,0,0,0,0,0,0,0,0,0,0,0,0,0,0,0,0,1.72245,311.691,0.671838,0.0122236
Test,MI250X_two_gcd,256,16384,4194304,134217728,2,11622,0.268435,2147483648,0,0,0,0,0,0,0,0,0,0,0.125,0,0,0,0,0,0,0,0,0,0,0,0,0,0,0,0,0,0,0,0,0,0,0,0,1.71753,156.294,0.66259,0.0120465
Test,MI250X_two_gcd,256,16384,4194304,134217728,2,11622,0.268435,2147483648,0,0,0,0,0,0,0,0,0,0,0.125,0,0,0,0,0,0,0,0,0,0,0,0,0,0,0,0,0,0,0,0,0,0,0,0,1.71768,156.281,0.676326,0.0122962
Test,MI250X_two_gcd,256,16384,4194304,536870912,2,6183,1.07374,2147483648,0,0,0,0,0,0,0,0,0,0,0,0.5,0,0,0,0,0,0,0,0,0,0,0,0,0,0,0,0,0,0,0,0,0,0,0,3.24157,331.245,1.13467,0.028283
Test,MI250X_two_gcd,256,16384,4194304,536870912,2,6183,1.07374,2147483648,0,0,0,0,0,0,0,0,0,0,0,0.5,0,0,0,0,0,0,0,0,0,0,0,0,0,0,0,0,0,0,0,0,0,0,0,3.24129,331.274,1.12535,0.0280507
Test,MI250X_two_gcd,256,16384,4194304,268435456,2,23382,0.536871,1073741824,0,0,0,0,0,0,0,0,0,0,0,0,0.5,0,0,0,0,0,0,0,0,0,0,0,0,0,0,0,0,0,0,0,0,0,0,0.857506,626.138,5.72165,0.0733392
Test,MI250X_two_gcd,256,16384,4194304,268435456,2,23382,0.536871,1073741824,0,0,0,0,0,0,0,0,0,0,0,0,0.5,0,0,0,0,0,0,0,0,0,0,0,0,0,0,0,0,0,0,0,0,0,0,0.857988,625.789,6.02235,0.0771936
Test,MI250X_two_gcd,256,16384,4194304,134217728,2,11511,0.268435,2147483648,0,0,0,0,0,0,0,0,0,0,0,0,0,0.125,0,0,0,0,0,0,0,0,0,0,0,0,0,0,0,0,0,0,0,0,0,1.73834,154.423,0.649649,0.011868
Test,MI250X_two_gcd,256,16384,4194304,134217728,2,11511,0.268435,2147483648,0,0,0,0,0,0,0,0,0,0,0,0,0,0.125,0,0,0,0,0,0,0,0,0,0,0,0,0,0,0,0,0,0,0,0,0,1.73799,154.455,0.681065,0.0124419
Test,MI250X_two_gcd,256,16384,4194304,1073741824,2,3701,4.29497,2147483648,0,0,0,0,0,0,0,0,0,0,0,0,0,0,2,0,0,0,0,0,0,0,0,0,0,0,0,0,0,0,0,0,0,0,0,5.3667,800.483,12.1998,0.39305
Test,MI250X_two_gcd,256,16384,4194304,1073741824,2,3701,4.29497,2147483648,0,0,0,0,0,0,0,0,0,0,0,0,0,0,2,0,0,0,0,0,0,0,0,0,0,0,0,0,0,0,0,0,0,0,0,5.40277,795.089,10.3601,0.333781
Test,MI250X_two_gcd,256,16384,4194304,536870912,2,6151,2.14748,2147483648,0,0,0,0,0,0,0,0,0,0,0,0,0,0,0,1,0,0,0,0,0,0,0,0,0,0,0,0,0,0,0,0,0,0,0,3.25496,659.765,2.34563,0.0586197
Test,MI250X_two_gcd,256,16384,4194304,536870912,2,6151,2.14748,2147483648,0,0,0,0,0,0,0,0,0,0,0,0,0,0,0,1,0,0,0,0,0,0,0,0,0,0,0,0,0,0,0,0,0,0,0,3.2554,659.677,2.41091,0.0602509
Test,MI250X_two_gcd,256,16384,4194304,268435456,2,11517,1.07374,2147483648,0,0,0,0,0,0,0,0,0,0,0,0,0,0,0,0,0.5,0,0,0,0,0,0,0,0,0,0,0,0,0,0,0,0,0,0,1.73676,618.249,1.8203,0.0332452
Test,MI250X_two_gcd,256,16384,4194304,268435456,2,11517,1.07374,2147483648,0,0,0,0,0,0,0,0,0,0,0,0,0,0,0,0,0.5,0,0,0,0,0,0,0,0,0,0,0,0,0,0,0,0,0,0,1.73489,618.914,1.51904,0.0277432
Test,MI250X_two_gcd,256,16384,4194304,134217728,2,11489,0.536871,2147483648,0,0,0,0,0,0,0,0,0,0,0,0,0,0,0,0,0,0.25,0,0,0,0,0,0,0,0,0,0,0,0,0,0,0,0,0,1.73908,308.714,1.15042,0.0210363
Test,MI250X_two_gcd,256,16384,4194304,134217728,2,11489,0.536871,2147483648,0,0,0,0,0,0,0,0,0,0,0,0,0,0,0,0,0,0.25,0,0,0,0,0,0,0,0,0,0,0,0,0,0,0,0,0,1.74005,308.542,1.29365,0.0236555
Test,MI250X_two_gcd,256,16384,4194304,536870912,2,5985,2.14748,2147483648,0,0,0,0,0,0,0,0,0,0,0,0,0,0,0,0,0,0,1,0,0,0,0,0,0,0,0,0,0,0,0,0,0,0,0,3.33956,643.048,1.96412,0.0497613
Test,MI250X_two_gcd,256,16384,4194304,536870912,2,5985,2.14748,2147483648,0,0,0,0,0,0,0,0,0,0,0,0,0,0,0,0,0,0,1,0,0,0,0,0,0,0,0,0,0,0,0,0,0,0,0,3.34041,642.888,2.00277,0.0507407
Test,MI250X_two_gcd,256,16384,4194304,268435456,2,23338,1.07374,1073741824,0,0,0,0,0,0,0,0,0,0,0,0,0,0,0,0,0,0,0,1,0,0,0,0,0,0,0,0,0,0,0,0,0,0,0,0.859783,1248.95,11.4848,0.14735
Test,MI250X_two_gcd,256,16384,4194304,268435456,2,23338,1.07374,1073741824,0,0,0,0,0,0,0,0,0,0,0,0,0,0,0,0,0,0,0,1,0,0,0,0,0,0,0,0,0,0,0,0,0,0,0,0.859979,1248.69,12.005,0.154023
Test,MI250X_two_gcd,256,16384,4194304,134217728,2,11484,0.536871,2147483648,0,0,0,0,0,0,0,0,0,0,0,0,0,0,0,0,0,0,0,0,0.25,0,0,0,0,0,0,0,0,0,0,0,0,0,0,1.74038,308.484,1.24986,0.0228596
Test,MI250X_two_gcd,256,16384,4194304,134217728,2,11484,0.536871,2147483648,0,0,0,0,0,0,0,0,0,0,0,0,0,0,0,0,0,0,0,0,0.25,0,0,0,0,0,0,0,0,0,0,0,0,0,0,1.74012,308.529,1.32967,0.0243195
Test,MI250X_two_gcd,256,16384,4194304,1073741824,2,3194,2.14748,2147483648,0,0,0,0,0,0,0,0,0,0,0,0,0,0,0,0,0,0,0,0,0,1,0,0,0,0,0,0,0,0,0,0,0,0,0,6.25163,343.517,1.72001,0.0596513
Test,MI250X_two_gcd,256,16384,4194304,1073741824,2,3194,2.14748,2147483648,0,0,0,0,0,0,0,0,0,0,0,0,0,0,0,0,0,0,0,0,0,1,0,0,0,0,0,0,0,0,0,0,0,0,0,6.25625,343.263,1.72349,0.0597718
Test,MI250X_two_gcd,256,16384,4194304,536870912,2,5812,1.07374,2147483648,0,0,0,0,0,0,0,0,0,0,0,0,0,0,0,0,0,0,0,0,0,0,0.5,0,0,0,0,0,0,0,0,0,0,0,0,3.43876,312.249,0.782022,0.0201054
Test,MI250X_two_gcd,256,16384,4194304,536870912,2,5812,1.07374,2147483648,0,0,0,0,0,0,0,0,0,0,0,0,0,0,0,0,0,0,0,0,0,0,0.5,0,0,0,0,0,0,0,0,0,0,0,0,3.44019,312.119,0.780976,0.0200785
Test,MI250X_two_gcd,256,16384,4194304,268435456,2,11279,0.536871,2147483648,0,0,0,0,0,0,0,0,0,0,0,0,0,0,0,0,0,0,0,0,0,0,0,0.25,0,0,0,0,0,0,0,0,0,0,0,1.77623,302.261,1.50905,0.0278499
Test,MI250X_two_gcd,256,16384,4194304,268435456,2,11279,0.536871,2147483648,0,0,0,0,0,0,0,0,0,0,0,0,0,0,0,0,0,0,0,0,0,0,0,0.25,0,0,0,0,0,0,0,0,0,0,0,1.77265,302.87,1.25947,0.0232439
Test,MI250X_two_gcd,256,16384,4194304,134217728,2,11589,0.268435,2147483648,0,0,0,0,0,0,0,0,0,0,0,0,0,0,0,0,0,0,0,0,0,0,0,0,0.125,0,0,0,0,0,0,0,0,0,0,1.72897,155.257,0.209938,0.00382229
Test,MI250X_two_gcd,256,16384,4194304,134217728,2,11589,0.268435,2147483648,0,0,0,0,0,0,0,0,0,0,0,0,0,0,0,0,0,0,0,0,0,0,0,0,0.125,0,0,0,0,0,0,0,0,0,0,1.72887,155.266,0.209058,0.00380627
Test,MI250X_two_gcd,256,16384,4194304,536870912,2,5867,1.07374,2147483648,0,0,0,0,0,0,0,0,0,0,0,0,0,0,0,0,0,0,0,0,0,0,0,0,0,0.5,0,0,0,0,0,0,0,0,0,3.41131,314.761,0.83112,0.0212673
Test,MI250X_two_gcd,256,16384,4194304,536870912,2,5867,1.07374,2147483648,0,0,0,0,0,0,0,0,0,0,0,0,0,0,0,0,0,0,0,0,0,0,0,0,0,0.5,0,0,0,0,0,0,0,0,0,3.41205,314.693,0.83462,0.0213568
Test,MI250X_two_gcd,256,16384,4194304,268435456,2,11230,0.536871,2147483648,0,0,0,0,0,0,0,0,0,0,0,0,0,0,0,0,0,0,0,0,0,0,0,0,0,0,0.25,0,0,0,0,0,0,0,0,1.78654,300.514,1.38977,0.0257044
Test,MI250X_two_gcd,256,16384,4194304,268435456,2,11230,0.536871,2147483648,0,0,0,0,0,0,0,0,0,0,0,0,0,0,0,0,0,0,0,0,0,0,0,0,0,0,0.25,0,0,0,0,0,0,0,0,1.78179,301.316,1.25101,0.0231381
Test,MI250X_two_gcd,256,16384,4194304,134217728,2,11542,0.268435,2147483648,0,0,0,0,0,0,0,0,0,0,0,0,0,0,0,0,0,0,0,0,0,0,0,0,0,0,0,0.125,0,0,0,0,0,0,0,1.7287,155.284,0.424409,0.00774284
Test,MI250X_two_gcd,256,16384,4194304,134217728,2,11542,0.268435,2147483648,0,0,0,0,0,0,0,0,0,0,0,0,0,0,0,0,0,0,0,0,0,0,0,0,0,0,0,0.125,0,0,0,0,0,0,0,1.72803,155.344,0.495842,0.00904605
Test,MI250X_two_gcd,256,16384,4194304,1073741824,2,3140,4.29497,2147483648,0,0,0,0,0,0,0,0,0,0,0,0,0,0,0,0,0,0,0,0,0,0,0,0,0,0,0,0,2,0,0,0,0,0,0,6.36143,675.175,3.44209,0.120396
Test,MI250X_two_gcd,256,16384,4194304,1073741824,2,3140,4.29497,2147483648,0,0,0,0,0,0,0,0,0,0,0,0,0,0,0,0,0,0,0,0,0,0,0,0,0,0,0,0,2,0,0,0,0,0,0,6.36506,674.784,2.73319,0.0956006
Test,MI250X_two_gcd,256,16384,4194304,536870912,2,5799,2.14748,2147483648,0,0,0,0,0,0,0,0,0,0,0,0,0,0,0,0,0,0,0,0,0,0,0,0,0,0,0,0,0,1,0,0,0,0,0,3.44986,622.489,1.40395,0.0361353
Test,MI250X_two_gcd,256,16384,4194304,536870912,2,5799,2.14748,2147483648,0,0,0,0,0,0,0,0,0,0,0,0,0,0,0,0,0,0,0,0,0,0,0,0,0,0,0,0,0,1,0,0,0,0,0,3.45149,622.194,1.4017,0.0360773
Test,MI250X_two_gcd,256,16384,4194304,268435456,2,11269,1.07374,2147483648,0,0,0,0,0,0,0,0,0,0,0,0,0,0,0,0,0,0,0,0,0,0,0,0,0,0,0,0,0,0,0.5,0,0,0,0,1.77255,605.776,3.18128,0.0587374
Test,MI250X_two_gcd,256,16384,4194304,268435456,2,11269,1.07374,2147483648,0,0,0,0,0,0,0,0,0,0,0,0,0,0,0,0,0,0,0,0,0,0,0,0,0,0,0,0,0,0,0.5,0,0,0,0,1.76759,607.474,2.46315,0.0454783
Test,MI250X_two_gcd,256,16384,4194304,134217728,2,11496,0.536871,2147483648,0,0,0,0,0,0,0,0,0,0,0,0,0,0,0,0,0,0,0,0,0,0,0,0,0,0,0,0,0,0,0,0.25,0,0,0,1.77329,302.755,0.512138,0.00936202
Test,MI250X_two_gcd,256,16384,4194304,134217728,2,11496,0.536871,2147483648,0,0,0,0,0,0,0,0,0,0,0,0,0,0,0,0,0,0,0,0,0,0,0,0,0,0,0,0,0,0,0,0.25,0,0,0,1.77557,302.366,0.570565,0.0104301
Test,MI250X_two_gcd,256,16384,4194304,536870912,2,5773,2.14748,2147483648,0,0,0,0,0,0,0,0,0,0,0,0,0,0,0,0,0,0,0,0,0,0,0,0,0,0,0,0,0,0,0,0,1,0,0,3.4599,620.679,1.44488,0.0372723
Test,MI250X_two_gcd,256,16384,4194304,536870912,2,5773,2.14748,2147483648,0,0,0,0,0,0,0,0,0,0,0,0,0,0,0,0,0,0,0,0,0,0,0,0,0,0,0,0,0,0,0,0,1,0,0,3.46087,620.508,1.43329,0.0369733
Test,MI250X_two_gcd,256,16384,4194304,268435456,2,11661,1.07374,2147483648,0,0,0,0,0,0,0,0,0,0,0,0,0,0,0,0,0,0,0,0,0,0,0,0,0,0,0,0,0,0,0,0,0,0.5,0,1.77452,605.107,3.43123,0.0622785
Test,MI250X_two_gcd,256,16384,4194304,268435456,2,11661,1.07374,2147483648,0,0,0,0,0,0,0,0,0,0,0,0,0,0,0,0,0,0,0,0,0,0,0,0,0,0,0,0,0,0,0,0,0,0.5,0,1.76873,607.083,2.63624,0.047849
Test,MI250X_two_gcd,256,16384,4194304,134217728,2,11527,0.536871,2147483648,0,0,0,0,0,0,0,0,0,0,0,0,0,0,0,0,0,0,0,0,0,0,0,0,0,0,0,0,0,0,0,0,0,0,0.25,1.73473,309.488,1.0337,0.018871
Test,MI250X_two_gcd,256,16384,4194304,134217728,2,11527,0.536871,2147483648,0,0,0,0,0,0,0,0,0,0,0,0,0,0,0,0,0,0,0,0,0,0,0,0,0,0,0,0,0,0,0,0,0,0,0.25,1.73502,309.436,1.14823,0.0209617
Test,MI250X_two_gcd,256,16384,4194304,1073741824,4,3534,4.29497,2147483648,2,0,0,0,0,0,0,0,0,0,0,0,0,0,0,0,0,0,0,0,0,0,0,0,0,0,0,0,0,0,0,0,0,0,0,5.63929,761.724,9.20878,0.303616
Test,MI250X_two_gcd,256,16384,4194304,1073741824,4,3534,4.29497,2147483648,2,0,0,0,0,0,0,0,0,0,0,0,0,0,0,0,0,0,0,0,0,0,0,0,0,0,0,0,0,0,0,0,0,0,0,5.66004,758.907,8.12971,0.268039
Test,MI250X_two_gcd,256,16384,4194304,536870912,4,6106,2.14748,2147483648,0,1,0,0,0,0,0,0,0,0,0,0,0,0,0,0,0,0,0,0,0,0,0,0,0,0,0,0,0,0,0,0,0,0,0,3.28111,654.505,1.99803,0.0501165
Test,MI250X_two_gcd,256,16384,4194304,536870912,4,6106,2.14748,2147483648,0,1,0,0,0,0,0,0,0,0,0,0,0,0,0,0,0,0,0,0,0,0,0,0,0,0,0,0,0,0,0,0,0,0,0,3.28308,654.113,1.96676,0.0493321
Test,MI250X_two_gcd,256,16384,4194304,268435456,4,11547,1.07374,2147483648,0,0,0.5,0,0,0,0,0,0,0,0,0,0,0,0,0,0,0,0,0,0,0,0,0,0,0,0,0,0,0,0,0,0,0,0,1.73365,619.359,2.01245,0.0367067
Test,MI250X_two_gcd,256,16384,4194304,268435456,4,11547,1.07374,2147483648,0,0,0.5,0,0,0,0,0,0,0,0,0,0,0,0,0,0,0,0,0,0,0,0,0,0,0,0,0,0,0,0,0,0,0,0,1.73112,620.262,1.54018,0.0280926
Test,MI250X_two_gcd,256,16384,4194304,134217728,4,11608,0.536871,2147483648,0,0,0,0.25,0,0,0,0,0,0,0,0,0,0,0,0,0,0,0,0,0,0,0,0,0,0,0,0,0,0,0,0,0,0,0,1.72029,312.088,1.32194,0.0240486
Test,MI250X_two_gcd,256,16384,4194304,134217728,4,11608,0.536871,2147483648,0,0,0,0.25,0,0,0,0,0,0,0,0,0,0,0,0,0,0,0,0,0,0,0,0,0,0,0,0,0,0,0,0,0,0,0,1.71833,312.444,1.38222,0.0251452
Test,MI250X_two_gcd,256,16384,4194304,536870912,4,6028,2.14748,2147483648,0,0,0,0,1,0,0,0,0,0,0,0,0,0,0,0,0,0,0,0,0,0,0,0,0,0,0,0,0,0,0,0,0,0,0,3.31448,647.914,1.91323,0.0482987
Test,MI250X_two_gcd,256,16384,4194304,536870912,4,6028,2.14748,2147483648,0,0,0,0,1,0,0,0,0,0,0,0,0,0,0,0,0,0,0,0,0,0,0,0,0,0,0,0,0,0,0,0,0,0,0,3.31522,647.769,1.93522,0.048854
Test,MI250X_two_gcd,256,16384,4194304,268435456,4,23425,1.07374,1073741824,0,0,0,0,0,1,0,0,0,0,0,0,0,0,0,0,0,0,0,0,0,0,0,0,0,0,0,0,0,0,0,0,0,0,0,0.857689,1252.01,11.6328,0.148971
Test,MI250X_two_gcd,256,16384,4194304,268435456,4,23425,1.07374,1073741824,0,0,0,0,0,1,0,0,0,0,0,0,0,0,0,0,0,0,0,0,0,0,0,0,0,0,0,0,0,0,0,0,0,0,0,0.857461,1252.34,11.9724,0.15332
Test,MI250X_two_gcd,256,16384,4194304,134217728,4,11526,0.536871,2147483648,0,0,0,0,0,0,0.25,0,0,0,0,0,0,0,0,0,0,0,0,0,0,0,0,0,0,0,0,0,0,0,0,0,0,0,0,1.73813,308.883,1.30145,0.0237599
Test,MI250X_two_gcd,256,16384,4194304,134217728,4,11526,0.536871,2147483648,0,0,0,0,0,0,0.25,0,0,0,0,0,0,0,0,0,0,0,0,0,0,0,0,0,0,0,0,0,0,0,0,0,0,0,0,1.7384,308.837,1.39159,0.0254055
Test,MI250X_two_gcd,256,16384,4194304,1073741824,4,3563,4.29497,2147483648,0,0,0,0,0,0,0,2,0,0,0,0,0,0,0,0,0,0,0,0,0,0,0,0,0,0,0,0,0,0,0,0,0,0,0,5.62896,763.123,9.23318,0.303179
Test,MI250X_two_gcd,256,16384,4194304,1073741824,4,3563,4.29497,2147483648,0,0,0,0,0,0,0,2,0,0,0,0,0,0,0,0,0,0,0,0,0,0,0,0,0,0,0,0,0,0,0,0,0,0,0,5.64487,760.949,8.25196,0.27096
Test,MI250X_two_gcd,256,16384,4194304,536870912,4,6092,2.14748,2147483648,0,0,0,0,0,0,0,0,1,0,0,0,0,0,0,0,0,0,0,0,0,0,0,0,0,0,0,0,0,0,0,0,0,0,0,3.27967,654.794,1.96339,0.049304
Test,MI250X_two_gcd,256,16384,4194304,536870912,4,6092,2.14748,2147483648,0,0,0,0,0,0,0,0,1,0,0,0,0,0,0,0,0,0,0,0,0,0,0,0,0,0,0,0,0,0,0,0,0,0,0,3.28154,654.421,2.02902,0.0509521
Test,MI250X_two_gcd,256,16384,4194304,268435456,4,11545,1.07374,2147483648,0,0,0,0,0,0,0,0,0,0.5,0,0,0,0,0,0,0,0,0,0,0,0,0,0,0,0,0,0,0,0,0,0,0,0,0,1.73411,619.197,2.13603,0.0389642
Test,MI250X_two_gcd,256,16384,4194304,268435456,4,11545,1.07374,2147483648,0,0,0,0,0,0,0,0,0,0.5,0,0,0,0,0,0,0,0,0,0,0,0,0,0,0,0,0,0,0,0,0,0,0,0,0,1.73119,620.236,1.5639,0.0285277
Test,MI250X_two_gcd,256,16384,4194304,134217728,4,11620,0.536871,2147483648,0,0,0,0,0,0,0,0,0,0,0.25,0,0,0,0,0,0,0,0,0,0,0,0,0,0,0,0,0,0,0,0,0,0,0,0,1.71892,312.335,1.26359,0.0229752
Test,MI250X_two_gcd,256,16384,4194304,134217728,4,11620,0.536871,2147483648,0,0,0,0,0,0,0,0,0,0,0.25,0,0,0,0,0,0,0,0,0,0,0,0,0,0,0,0,0,0,0,0,0,0,0,0,1.71742,312.609,1.31081,0.0238338
Test,MI250X_two_gcd,256,16384,4194304,536870912,4,6030,2.14748,2147483648,0,0,0,0,0,0,0,0,0,0,0,1,0,0,0,0,0,0,0,0,0,0,0,0,0,0,0,0,0,0,0,0,0,0,0,3.31394,648.018,1.95318,0.0492991
Test,MI250X_two_gcd,256,16384,4194304,536870912,4,6030,2.14748,2147483648,0,0,0,0,0,0,0,0,0,0,0,1,0,0,0,0,0,0,0,0,0,0,0,0,0,0,0,0,0,0,0,0,0,0,0,3.31515,647.782,1.95697,0.0493949
Test,MI250X_two_gcd,256,16384,4194304,268435456,4,23414,1.07374,1073741824,0,0,0,0,0,0,0,0,0,0,0,0,1,0,0,0,0,0,0,0,0,0,0,0,0,0,0,0,0,0,0,0,0,0,0,0.856818,1253.28,11.3657,0.145584
Test,MI250X_two_gcd,256,16384,4194304,268435456,4,23414,1.07374,1073741824,0,0,0,0,0,0,0,0,0,0,0,0,1,0,0,0,0,0,0,0,0,0,0,0,0,0,0,0,0,0,0,0,0,0,0,0.857212,1252.71,12.0095,0.153831
Test,MI250X_two_gcd,256,16384,4194304,134217728,4,11497,0.536871,2147483648,0,0,0,0,0,0,0,0,0,0,0,0,0,0.25,0,0,0,0,0,0,0,0,0,0,0,0,0,0,0,0,0,0,0,0,0,1.73771,308.958,1.28256,0.0234445
Test,MI250X_two_gcd,256,16384,4194304,134217728,4,11497,0.536871,2147483648,0,0,0,0,0,0,0,0,0,0,0,0,0,0.25,0,0,0,0,0,0,0,0,0,0,0,0,0,0,0,0,0,0,0,0,0,1.73773,308.955,1.37318,0.0251011
Test,MI250X_two_gcd,256,16384,4194304,1073741824,4,3488,8.58993,2147483648,0,0,0,0,0,0,0,0,0,0,0,0,0,0,4,0,0,0,0,0,0,0,0,0,0,0,0,0,0,0,0,0,0,0,0,5.73253,1498.63,16.536,0.548781
Test,MI250X_two_gcd,256,16384,4194304,1073741824,4,3488,8.58993,2147483648,0,0,0,0,0,0,0,0,0,0,0,0,0,0,4,0,0,0,0,0,0,0,0,0,0,0,0,0,0,0,0,0,0,0,0,5.75476,1492.8,13.9899,0.464284
Test,MI250X_two_gcd,256,16384,4194304,536870912,4,5975,4.29497,2147483648,0,0,0,0,0,0,0,0,0,0,0,0,0,0,0,2,0,0,0,0,0,0,0,0,0,0,0,0,0,0,0,0,0,0,0,3.34699,1283.24,3.79295,0.0961755
Test,MI250X_two_gcd,256,16384,4194304,536870912,4,5975,4.29497,2147483648,0,0,0,0,0,0,0,0,0,0,0,0,0,0,0,2,0,0,0,0,0,0,0,0,0,0,0,0,0,0,0,0,0,0,0,3.34844,1282.69,3.96661,0.100579
Test,MI250X_two_gcd,256,16384,4194304,268435456,4,11441,2.14748,2147483648,0,0,0,0,0,0,0,0,0,0,0,0,0,0,0,0,1,0,0,0,0,0,0,0,0,0,0,0,0,0,0,0,0,0,0,1.74859,1228.14,5.02396,0.0920599
Test,MI250X_two_gcd,256,16384,4194304,268435456,4,11441,2.14748,2147483648,0,0,0,0,0,0,0,0,0,0,0,0,0,0,0,0,1,0,0,0,0,0,0,0,0,0,0,0,0,0,0,0,0,0,0,1.74441,1231.07,3.45374,0.063287
Test,MI250X_two_gcd,256,16384,4194304,134217728,4,11510,1.07374,2147483648,0,0,0,0,0,0,0,0,0,0,0,0,0,0,0,0,0,0.5,0,0,0,0,0,0,0,0,0,0,0,0,0,0,0,0,0,1.73626,618.427,1.95405,0.0356989
Test,MI250X_two_gcd,256,16384,4194304,134217728,4,11510,1.07374,2147483648,0,0,0,0,0,0,0,0,0,0,0,0,0,0,0,0,0,0.5,0,0,0,0,0,0,0,0,0,0,0,0,0,0,0,0,0,1.73629,618.42,2.34302,0.042805
Test,MI250X_two_gcd,256,16384,4194304,536870912,4,5849,4.29497,2147483648,0,0,0,0,0,0,0,0,0,0,0,0,0,0,0,0,0,0,2,0,0,0,0,0,0,0,0,0,0,0,0,0,0,0,0,3.41976,1255.94,3.32899,0.0853154
Test,MI250X_two_gcd,256,16384,4194304,536870912,4,5849,4.29497,2147483648,0,0,0,0,0,0,0,0,0,0,0,0,0,0,0,0,0,0,2,0,0,0,0,0,0,0,0,0,0,0,0,0,0,0,0,3.42168,1255.23,3.33837,0.0855557
Test,MI250X_two_gcd,256,16384,4194304,268435456,4,23337,2.14748,1073741824,0,0,0,0,0,0,0,0,0,0,0,0,0,0,0,0,0,0,0,2,0,0,0,0,0,0,0,0,0,0,0,0,0,0,0,0.860055,2497.12,23.3751,0.299907
Test,MI250X_two_gcd,256,16384,4194304,268435456,4,23337,2.14748,1073741824,0,0,0,0,0,0,0,0,0,0,0,0,0,0,0,0,0,0,0,2,0,0,0,0,0,0,0,0,0,0,0,0,0,0,0,0.859678,2498.24,23.9978,0.307897
Test,MI250X_two_gcd,256,16384,4194304,134217728,4,11512,1.07374,2147483648,0,0,0,0,0,0,0,0,0,0,0,0,0,0,0,0,0,0,0,0,0.5,0,0,0,0,0,0,0,0,0,0,0,0,0,0,1.73995,617.118,2.44798,0.0447186
Test,MI250X_two_gcd,256,16384,4194304,134217728,4,11512,1.07374,2147483648,0,0,0,0,0,0,0,0,0,0,0,0,0,0,0,0,0,0,0,0,0.5,0,0,0,0,0,0,0,0,0,0,0,0,0,0,1.74007,617.077,2.70562,0.0494252
Test,MI250X_two_gcd,256,16384,4194304,1073741824,4,3095,4.29497,2147483648,0,0,0,0,0,0,0,0,0,0,0,0,0,0,0,0,0,0,0,0,0,2,0,0,0,0,0,0,0,0,0,0,0,0,0,6.45544,665.343,3.47757,0.122519
Test,MI250X_two_gcd,256,16384,4194304,1073741824,4,3095,4.29497,2147483648,0,0,0,0,0,0,0,0,0,0,0,0,0,0,0,0,0,0,0,0,0,2,0,0,0,0,0,0,0,0,0,0,0,0,0,6.46921,663.922,2.9323,0.103308
Test,MI250X_two_gcd,256,16384,4194304,536870912,4,5665,2.14748,2147483648,0,0,0,0,0,0,0,0,0,0,0,0,0,0,0,0,0,0,0,0,0,0,1,0,0,0,0,0,0,0,0,0,0,0,0,3.5267,608.926,1.42821,0.0371918
Test,MI250X_two_gcd,256,16384,4194304,536870912,4,5665,2.14748,2147483648,0,0,0,0,0,0,0,0,0,0,0,0,0,0,0,0,0,0,0,0,0,0,1,0,0,0,0,0,0,0,0,0,0,0,0,3.52918,608.5,1.39842,0.0364161
Test,MI250X_two_gcd,256,16384,4194304,268435456,4,11151,1.07374,2147483648,0,0,0,0,0,0,0,0,0,0,0,0,0,0,0,0,0,0,0,0,0,0,0,0.5,0,0,0,0,0,0,0,0,0,0,0,1.7979,597.226,1.7858,0.033146
Test,MI250X_two_gcd,256,16384,4194304,268435456,4,11151,1.07374,2147483648,0,0,0,0,0,0,0,0,0,0,0,0,0,0,0,0,0,0,0,0,0,0,0,0.5,0,0,0,0,0,0,0,0,0,0,0,1.79947,596.704,1.82694,0.0339096
Test,MI250X_two_gcd,256,16384,4194304,134217728,4,11515,0.536871,2147483648,0,0,0,0,0,0,0,0,0,0,0,0,0,0,0,0,0,0,0,0,0,0,0,0,0.25,0,0,0,0,0,0,0,0,0,0,1.73824,308.857,0.440637,0.00804832
Test,MI250X_two_gcd,256,16384,4194304,134217728,4,11515,0.536871,2147483648,0,0,0,0,0,0,0,0,0,0,0,0,0,0,0,0,0,0,0,0,0,0,0,0,0.25,0,0,0,0,0,0,0,0,0,0,1.73776,308.943,0.436484,0.00797246
Test,MI250X_two_gcd,256,16384,4194304,536870912,4,5805,2.14748,2147483648,0,0,0,0,0,0,0,0,0,0,0,0,0,0,0,0,0,0,0,0,0,0,0,0,0,1,0,0,0,0,0,0,0,0,0,3.44458,623.441,1.52548,0.0392429
Test,MI250X_two_gcd,256,16384,4194304,536870912,4,5805,2.14748,2147483648,0,0,0,0,0,0,0,0,0,0,0,0,0,0,0,0,0,0,0,0,0,0,0,0,0,1,0,0,0,0,0,0,0,0,0,3.44545,623.286,1.52997,0.0393584
Test,MI250X_two_gcd,256,16384,4194304,268435456,4,10812,1.07374,2147483648,0,0,0,0,0,0,0,0,0,0,0,0,0,0,0,0,0,0,0,0,0,0,0,0,0,0,0.5,0,0,0,0,0,0,0,0,1.92766,557.024,1.47421,0.0277882
Test,MI250X_two_gcd,256,16384,4194304,268435456,4,10812,1.07374,2147483648,0,0,0,0,0,0,0,0,0,0,0,0,0,0,0,0,0,0,0,0,0,0,0,0,0,0,0.5,0,0,0,0,0,0,0,0,1.92691,557.238,1.21429,0.0228889
Test,MI250X_two_gcd,256,16384,4194304,134217728,4,11591,0.536871,2147483648,0,0,0,0,0,0,0,0,0,0,0,0,0,0,0,0,0,0,0,0,0,0,0,0,0,0,0,0.25,0,0,0,0,0,0,0,1.72155,311.855,0.443043,0.00806569
Test,MI250X_two_gcd,256,16384,4194304,134217728,4,11591,0.536871,2147483648,0,0,0,0,0,0,0,0,0,0,0,0,0,0,0,0,0,0,0,0,0,0,0,0,0,0,0,0.25,0,0,0,0,0,0,0,1.72095,311.963,0.442656,0.00805864
Test,MI250X_two_gcd,256,16384,4194304,1073741824,4,2998,8.58993,2147483648,0,0,0,0,0,0,0,0,0,0,0,0,0,0,0,0,0,0,0,0,0,0,0,0,0,0,0,0,4,0,0,0,0,0,0,6.65258,1291.23,3.51939,0.125982
Test,MI250X_two_gcd,256,16384,4194304,1073741824,4,2998,8.58993,2147483648,0,0,0,0,0,0,0,0,0,0,0,0,0,0,0,0,0,0,0,0,0,0,0,0,0,0,0,0,4,0,0,0,0,0,0,6.67252,1287.37,3.56445,0.127595
Test,MI250X_two_gcd,256,16384,4194304,536870912,4,5526,4.29497,2147483648,0,0,0,0,0,0,0,0,0,0,0,0,0,0,0,0,0,0,0,0,0,0,0,0,0,0,0,0,0,2,0,0,0,0,0,3.62047,1186.3,2.3012,0.0606744
Test,MI250X_two_gcd,256,16384,4194304,536870912,4,5526,4.29497,2147483648,0,0,0,0,0,0,0,0,0,0,0,0,0,0,0,0,0,0,0,0,0,0,0,0,0,0,0,0,0,2,0,0,0,0,0,3.62341,1185.34,2.37841,0.06271
Test,MI250X_two_gcd,256,16384,4194304,268435456,4,11155,2.14748,2147483648,0,0,0,0,0,0,0,0,0,0,0,0,0,0,0,0,0,0,0,0,0,0,0,0,0,0,0,0,0,0,1,0,0,0,0,1.79201,1198.37,3.4746,0.0644802
Test,MI250X_two_gcd,256,16384,4194304,268435456,4,11155,2.14748,2147483648,0,0,0,0,0,0,0,0,0,0,0,0,0,0,0,0,0,0,0,0,0,0,0,0,0,0,0,0,0,0,1,0,0,0,0,1.79265,1197.95,3.39294,0.0629648
Test,MI250X_two_gcd,256,16384,4194304,134217728,4,6460,1.07374,2147483648,0,0,0,0,0,0,0,0,0,0,0,0,0,0,0,0,0,0,0,0,0,0,0,0,0,0,0,0,0,0,0,0.5,0,0,0,3.10054,346.302,0.0927076,0.00226076
Test,MI250X_two_gcd,256,16384,4194304,134217728,4,6460,1.07374,2147483648,0,0,0,0,0,0,0,0,0,0,0,0,0,0,0,0,0,0,0,0,0,0,0,0,0,0,0,0,0,0,0,0.5,0,0,0,3.109,345.371,0.241353,0.00588562
Test,MI250X_two_gcd,256,16384,4194304,536870912,4,5499,4.29497,2147483648,0,0,0,0,0,0,0,0,0,0,0,0,0,0,0,0,0,0,0,0,0,0,0,0,0,0,0,0,0,0,0,0,2,0,0,3.63398,1181.89,2.29264,0.0605967
Test,MI250X_two_gcd,256,16384,4194304,536870912,4,5499,4.29497,2147483648,0,0,0,0,0,0,0,0,0,0,0,0,0,0,0,0,0,0,0,0,0,0,0,0,0,0,0,0,0,0,0,0,2,0,0,3.6364,1181.11,2.27138,0.060035
Test,MI250X_two_gcd,256,16384,4194304,268435456,4,11194,2.14748,2147483648,0,0,0,0,0,0,0,0,0,0,0,0,0,0,0,0,0,0,0,0,0,0,0,0,0,0,0,0,0,0,0,0,0,1,0,1.78947,1200.09,4.71971,0.0874338
Test,MI250X_two_gcd,256,16384,4194304,268435456,4,11194,2.14748,2147483648,0,0,0,0,0,0,0,0,0,0,0,0,0,0,0,0,0,0,0,0,0,0,0,0,0,0,0,0,0,0,0,0,0,1,0,1.78719,1201.61,4.34015,0.0804022
Test,MI250X_two_gcd,256,16384,4194304,134217728,4,11553,1.07374,2147483648,0,0,0,0,0,0,0,0,0,0,0,0,0,0,0,0,0,0,0,0,0,0,0,0,0,0,0,0,0,0,0,0,0,0,0.5,1.7328,619.658,1.81333,0.0330664
Test,MI250X_two_gcd,256,16384,4194304,134217728,4,11553,1.07374,2147483648,0,0,0,0,0,0,0,0,0,0,0,0,0,0,0,0,0,0,0,0,0,0,0,0,0,0,0,0,0,0,0,0,0,0,0.5,1.7332,619.522,2.1413,0.0390469
Test,MI250X_two_gcd,256,16384,4194304,1073741824,8,3326,8.58993,2147483648,4,0,0,0,0,0,0,0,0,0,0,0,0,0,0,0,0,0,0,0,0,0,0,0,0,0,0,0,0,0,0,0,0,0,0,6.03873,1422.61,13.8542,0.470843
Test,MI250X_two_gcd,256,16384,4194304,1073741824,8,3326,8.58993,2147483648,4,0,0,0,0,0,0,0,0,0,0,0,0,0,0,0,0,0,0,0,0,0,0,0,0,0,0,0,0,0,0,0,0,0,0,6.04736,1420.51,9.77284,0.332136
Test,MI250X_two_gcd,256,16384,4194304,536870912,8,5923,4.29497,2147483648,0,2,0,0,0,0,0,0,0,0,0,0,0,0,0,0,0,0,0,0,0,0,0,0,0,0,0,0,0,0,0,0,0,0,0,3.3782,1271.38,3.38293,0.0861545
Test,MI250X_two_gcd,256,16384,4194304,536870912,8,5923,4.29497,2147483648,0,2,0,0,0,0,0,0,0,0,0,0,0,0,0,0,0,0,0,0,0,0,0,0,0,0,0,0,0,0,0,0,0,0,0,3.38061,1270.48,3.38345,0.0861678
Test,MI250X_two_gcd,256,16384,4194304,268435456,8,11404,2.14748,2147483648,0,0,1,0,0,0,0,0,0,0,0,0,0,0,0,0,0,0,0,0,0,0,0,0,0,0,0,0,0,0,0,0,0,0,0,1.75235,1225.52,6.30417,0.115706
Test,MI250X_two_gcd,256,16384,4194304,268435456,8,11404,2.14748,2147483648,0,0,1,0,0,0,0,0,0,0,0,0,0,0,0,0,0,0,0,0,0,0,0,0,0,0,0,0,0,0,0,0,0,0,0,1.74673,1229.45,4.45132,0.0816988
Test,MI250X_two_gcd,256,16384,4194304,134217728,8,11660,1.07374,2147483648,0,0,0,0.5,0,0,0,0,0,0,0,0,0,0,0,0,0,0,0,0,0,0,0,0,0,0,0,0,0,0,0,0,0,0,0,1.7188,624.717,2.56279,0.0465178
Test,MI250X_two_gcd,256,16384,4194304,134217728,8,11660,1.07374,2147483648,0,0,0,0.5,0,0,0,0,0,0,0,0,0,0,0,0,0,0,0,0,0,0,0,0,0,0,0,0,0,0,0,0,0,0,0,1.71724,625.281,2.58869,0.046988
Test,MI250X_two_gcd,256,16384,4194304,536870912,8,5877,4.29497,2147483648,0,0,0,0,2,0,0,0,0,0,0,0,0,0,0,0,0,0,0,0,0,0,0,0,0,0,0,0,0,0,0,0,0,0,0,3.39525,1265,3.33983,0.085389
Test,MI250X_two_gcd,256,16384,4194304,536870912,8,5877,4.29497,2147483648,0,0,0,0,2,0,0,0,0,0,0,0,0,0,0,0,0,0,0,0,0,0,0,0,0,0,0,0,0,0,0,0,0,0,0,3.39708,1264.32,3.29458,0.0842323
Test,MI250X_two_gcd,256,16384,4194304,268435456,8,23437,2.14748,1073741824,0,0,0,0,0,2,0,0,0,0,0,0,0,0,0,0,0,0,0,0,0,0,0,0,0,0,0,0,0,0,0,0,0,0,0,0.855369,2510.72,17.8857,0.228988
Test,MI250X_two_gcd,256,16384,4194304,268435456,8,23437,2.14748,1073741824,0,0,0,0,0,2,0,0,0,0,0,0,0,0,0,0,0,0,0,0,0,0,0,0,0,0,0,0,0,0,0,0,0,0,0,0.855577,2510.11,19.1286,0.2449
Test,MI250X_two_gcd,256,16384,4194304,134217728,8,11486,1.07374,2147483648,0,0,0,0,0,0,0.5,0,0,0,0,0,0,0,0,0,0,0,0,0,0,0,0,0,0,0,0,0,0,0,0,0,0,0,0,1.73702,618.161,2.48584,0.0454616
Test,MI250X_two_gcd,256,16384,4194304,134217728,8,11486,1.07374,2147483648,0,0,0,0,0,0,0.5,0,0,0,0,0,0,0,0,0,0,0,0,0,0,0,0,0,0,0,0,0,0,0,0,0,0,0,0,1.73771,617.919,2.63269,0.0481472
Test,MI250X_two_gcd,256,16384,4194304,1073741824,8,3328,8.58993,2147483648,0,0,0,0,0,0,0,4,0,0,0,0,0,0,0,0,0,0,0,0,0,0,0,0,0,0,0,0,0,0,0,0,0,0,0,6.02865,1424.98,13.5876,0.461644
Test,MI250X_two_gcd,256,16384,4194304,1073741824,8,3328,8.58993,2147483648,0,0,0,0,0,0,0,4,0,0,0,0,0,0,0,0,0,0,0,0,0,0,0,0,0,0,0,0,0,0,0,0,0,0,0,6.03908,1422.47,10.5014,0.35679
Test,MI250X_two_gcd,256,16384,4194304,536870912,8,5925,4.29497,2147483648,0,0,0,0,0,0,0,0,2,0,0,0,0,0,0,0,0,0,0,0,0,0,0,0,0,0,0,0,0,0,0,0,0,0,0,3.3775,1271.65,3.38868,0.0862864
Test,MI250X_two_gcd,256,16384,4194304,536870912,8,5925,4.29497,2147483648,0,0,0,0,0,0,0,0,2,0,0,0,0,0,0,0,0,0,0,0,0,0,0,0,0,0,0,0,0,0,0,0,0,0,0,3.37971,1270.82,3.3441,0.0851512
Test,MI250X_two_gcd,256,16384,4194304,268435456,8,11405,2.14748,2147483648,0,0,0,0,0,0,0,0,0,1,0,0,0,0,0,0,0,0,0,0,0,0,0,0,0,0,0,0,0,0,0,0,0,0,0,1.75193,1225.82,6.2128,0.114024
Test,MI250X_two_gcd,256,16384,4194304,268435456,8,11405,2.14748,2147483648,0,0,0,0,0,0,0,0,0,1,0,0,0,0,0,0,0,0,0,0,0,0,0,0,0,0,0,0,0,0,0,0,0,0,0,1.74618,1229.83,4.22639,0.0775671
Test,MI250X_two_gcd,256,16384,4194304,134217728,8,11652,1.07374,2147483648,0,0,0,0,0,0,0,0,0,0,0.5,0,0,0,0,0,0,0,0,0,0,0,0,0,0,0,0,0,0,0,0,0,0,0,0,1.71575,625.819,2.06428,0.0374822
Test,MI250X_two_gcd,256,16384,4194304,134217728,8,11652,1.07374,2147483648,0,0,0,0,0,0,0,0,0,0,0.5,0,0,0,0,0,0,0,0,0,0,0,0,0,0,0,0,0,0,0,0,0,0,0,0,1.71454,626.262,2.09195,0.0379846
Test,MI250X_two_gcd,256,16384,4194304,536870912,8,5881,4.29497,2147483648,0,0,0,0,0,0,0,0,0,0,0,2,0,0,0,0,0,0,0,0,0,0,0,0,0,0,0,0,0,0,0,0,0,0,0,3.3943,1265.36,3.37795,0.0863344
Test,MI250X_two_gcd,256,16384,4194304,536870912,8,5881,4.29497,2147483648,0,0,0,0,0,0,0,0,0,0,0,2,0,0,0,0,0,0,0,0,0,0,0,0,0,0,0,0,0,0,0,0,0,0,0,3.39583,1264.79,3.33544,0.0852479
Test,MI250X_two_gcd,256,16384,4194304,268435456,8,23503,2.14748,1073741824,0,0,0,0,0,0,0,0,0,0,0,0,2,0,0,0,0,0,0,0,0,0,0,0,0,0,0,0,0,0,0,0,0,0,0,0.85514,2511.37,17.7084,0.226398
Test,MI250X_two_gcd,256,16384,4194304,268435456,8,23503,2.14748,1073741824,0,0,0,0,0,0,0,0,0,0,0,0,2,0,0,0,0,0,0,0,0,0,0,0,0,0,0,0,0,0,0,0,0,0,0,0.855759,2509.57,19.1202,0.244448
Test,MI250X_two_gcd,256,16384,4194304,134217728,8,11511,1.07374,2147483648,0,0,0,0,0,0,0,0,0,0,0,0,0,0.5,0,0,0,0,0,0,0,0,0,0,0,0,0,0,0,0,0,0,0,0,0,1.73695,618.184,2.49264,0.0455365
Test,MI250X_two_gcd,256,16384,4194304,134217728,8,11511,1.07374,2147483648,0,0,0,0,0,0,0,0,0,0,0,0,0,0.5,0,0,0,0,0,0,0,0,0,0,0,0,0,0,0,0,0,0,0,0,0,1.73722,618.091,2.61518,0.047775
Test,MI250X_two_gcd,256,16384,4194304,1073741824,8,3240,17.1799,2147483648,0,0,0,0,0,0,0,0,0,0,0,0,0,0,8,0,0,0,0,0,0,0,0,0,0,0,0,0,0,0,0,0,0,0,0,6.15229,2792.72,28.7929,0.991446
Test,MI250X_two_gcd,256,16384,4194304,1073741824,8,3240,17.1799,2147483648,0,0,0,0,0,0,0,0,0,0,0,0,0,0,8,0,0,0,0,0,0,0,0,0,0,0,0,0,0,0,0,0,0,0,0,6.15707,2790.53,27.5312,0.948
Test,MI250X_two_gcd,256,16384,4194304,536870912,8,5850,8.58993,2147483648,0,0,0,0,0,0,0,0,0,0,0,0,0,0,0,4,0,0,0,0,0,0,0,0,0,0,0,0,0,0,0,0,0,0,0,3.4197,2511.91,6.70192,0.171742
Test,MI250X_two_gcd,256,16384,4194304,536870912,8,5850,8.58993,2147483648,0,0,0,0,0,0,0,0,0,0,0,0,0,0,0,4,0,0,0,0,0,0,0,0,0,0,0,0,0,0,0,0,0,0,0,3.42139,2510.67,6.77124,0.173519
Test,MI250X_two_gcd,256,16384,4194304,268435456,8,11333,4.29497,2147483648,0,0,0,0,0,0,0,0,0,0,0,0,0,0,0,0,2,0,0,0,0,0,0,0,0,0,0,0,0,0,0,0,0,0,0,1.76497,2433.53,14.8994,0.274317
Test,MI250X_two_gcd,256,16384,4194304,268435456,8,11333,4.29497,2147483648,0,0,0,0,0,0,0,0,0,0,0,0,0,0,0,0,2,0,0,0,0,0,0,0,0,0,0,0,0,0,0,0,0,0,0,1.75677,2444.83,9.22514,0.169846
Test,MI250X_two_gcd,256,16384,4194304,134217728,8,11520,2.14748,2147483648,0,0,0,0,0,0,0,0,0,0,0,0,0,0,0,0,0,1,0,0,0,0,0,0,0,0,0,0,0,0,0,0,0,0,0,1.73423,1238.3,3.39812,0.0620539
Test,MI250X_two_gcd,256,16384,4194304,134217728,8,11520,2.14748,2147483648,0,0,0,0,0,0,0,0,0,0,0,0,0,0,0,0,0,1,0,0,0,0,0,0,0,0,0,0,0,0,0,0,0,0,0,1.734,1238.47,4.06624,0.0742545
Test,MI250X_two_gcd,256,16384,4194304,536870912,8,5801,8.58993,2147483648,0,0,0,0,0,0,0,0,0,0,0,0,0,0,0,0,0,0,4,0,0,0,0,0,0,0,0,0,0,0,0,0,0,0,0,3.44773,2491.49,5.87117,0.151088
Test,MI250X_two_gcd,256,16384,4194304,536870912,8,5801,8.58993,2147483648,0,0,0,0,0,0,0,0,0,0,0,0,0,0,0,0,0,0,4,0,0,0,0,0,0,0,0,0,0,0,0,0,0,0,0,3.44907,2490.52,5.99514,0.154278
Test,MI250X_two_gcd,256,16384,4194304,268435456,8,23276,4.29497,1073741824,0,0,0,0,0,0,0,0,0,0,0,0,0,0,0,0,0,0,0,4,0,0,0,0,0,0,0,0,0,0,0,0,0,0,0,0.863458,4974.53,41.9659,0.539136
Test,MI250X_two_gcd,256,16384,4194304,268435456,8,23276,4.29497,1073741824,0,0,0,0,0,0,0,0,0,0,0,0,0,0,0,0,0,0,0,4,0,0,0,0,0,0,0,0,0,0,0,0,0,0,0,0.864483,4968.66,44.336,0.569585
Test,MI250X_two_gcd,256,16384,4194304,134217728,8,11518,2.14748,2147483648,0,0,0,0,0,0,0,0,0,0,0,0,0,0,0,0,0,0,0,0,1,0,0,0,0,0,0,0,0,0,0,0,0,0,0,1.73828,1235.42,4.47645,0.0817526
Test,MI250X_two_gcd,256,16384,4194304,134217728,8,11518,2.14748,2147483648,0,0,0,0,0,0,0,0,0,0,0,0,0,0,0,0,0,0,0,0,1,0,0,0,0,0,0,0,0,0,0,0,0,0,0,1.73592,1237.11,5.22624,0.0954458
Test,MI250X_two_gcd,256,16384,4194304,1073741824,8,2923,8.58993,2147483648,0,0,0,0,0,0,0,0,0,0,0,0,0,0,0,0,0,0,0,0,0,4,0,0,0,0,0,0,0,0,0,0,0,0,0,6.84705,1254.55,2.57483,0.0933449
Test,MI250X_two_gcd,256,16384,4194304,1073741824,8,2923,8.58993,2147483648,0,0,0,0,0,0,0,0,0,0,0,0,0,0,0,0,0,0,0,0,0,4,0,0,0,0,0,0,0,0,0,0,0,0,0,6.8685,1250.63,2.55143,0.0924964
Test,MI250X_two_gcd,256,16384,4194304,536870912,8,5224,4.29497,2147483648,0,0,0,0,0,0,0,0,0,0,0,0,0,0,0,0,0,0,0,0,0,0,2,0,0,0,0,0,0,0,0,0,0,0,0,3.82596,1122.59,2.03526,0.0551917
Test,MI250X_two_gcd,256,16384,4194304,536870912,8,5224,4.29497,2147483648,0,0,0,0,0,0,0,0,0,0,0,0,0,0,0,0,0,0,0,0,0,0,2,0,0,0,0,0,0,0,0,0,0,0,0,3.82945,1121.56,2.11039,0.0572292
Test,MI250X_two_gcd,256,16384,4194304,268435456,8,8567,2.14748,2147483648,0,0,0,0,0,0,0,0,0,0,0,0,0,0,0,0,0,0,0,0,0,0,0,1,0,0,0,0,0,0,0,0,0,0,0,2.33695,918.922,0.510077,0.0108013
Test,MI250X_two_gcd,256,16384,4194304,268435456,8,8567,2.14748,2147483648,0,0,0,0,0,0,0,0,0,0,0,0,0,0,0,0,0,0,0,0,0,0,0,1,0,0,0,0,0,0,0,0,0,0,0,2.34343,916.375,0.625152,0.0132382
Test,MI250X_two_gcd,256,16384,4194304,134217728,8,7702,1.07374,2147483648,0,0,0,0,0,0,0,0,0,0,0,0,0,0,0,0,0,0,0,0,0,0,0,0,0.5,0,0,0,0,0,0,0,0,0,0,2.64663,405.708,1.02039,0.0227887
Test,MI250X_two_gcd,256,16384,4194304,134217728,8,7702,1.07374,2147483648,0,0,0,0,0,0,0,0,0,0,0,0,0,0,0,0,0,0,0,0,0,0,0,0,0.5,0,0,0,0,0,0,0,0,0,0,2.65069,405.08,0.882583,0.0197111
Test,MI250X_two_gcd,256,16384,4194304,536870912,8,5647,4.29497,2147483648,0,0,0,0,0,0,0,0,0,0,0,0,0,0,0,0,0,0,0,0,0,0,0,0,0,2,0,0,0,0,0,0,0,0,0,3.5459,1211.25,2.62474,0.0684594
Test,MI250X_two_gcd,256,16384,4194304,536870912,8,5647,4.29497,2147483648,0,0,0,0,0,0,0,0,0,0,0,0,0,0,0,0,0,0,0,0,0,0,0,0,0,2,0,0,0,0,0,0,0,0,0,3.54798,1210.54,2.65871,0.0693454
Test,MI250X_two_gcd,256,16384,4194304,268435456,8,6423,2.14748,2147483648,0,0,0,0,0,0,0,0,0,0,0,0,0,0,0,0,0,0,0,0,0,0,0,0,0,0,1,0,0,0,0,0,0,0,0,3.32232,646.385,1.86096,0.0455118
Test,MI250X_two_gcd,256,16384,4194304,268435456,8,6423,2.14748,2147483648,0,0,0,0,0,0,0,0,0,0,0,0,0,0,0,0,0,0,0,0,0,0,0,0,0,0,1,0,0,0,0,0,0,0,0,3.32646,645.588,2.74352,0.0670957
Test,MI250X_two_gcd,256,16384,4194304,134217728,8,9750,1.07374,2147483648,0,0,0,0,0,0,0,0,0,0,0,0,0,0,0,0,0,0,0,0,0,0,0,0,0,0,0,0.5,0,0,0,0,0,0,0,2.19109,490.058,1.84043,0.0365321
Test,MI250X_two_gcd,256,16384,4194304,134217728,8,9750,1.07374,2147483648,0,0,0,0,0,0,0,0,0,0,0,0,0,0,0,0,0,0,0,0,0,0,0,0,0,0,0,0.5,0,0,0,0,0,0,0,2.1938,489.455,1.709,0.0339231
Test,MI250X_two_gcd,256,16384,4194304,1073741824,8,2229,17.1799,2147483648,0,0,0,0,0,0,0,0,0,0,0,0,0,0,0,0,0,0,0,0,0,0,0,0,0,0,0,0,8,0,0,0,0,0,0,8.96596,1916.12,0.501173,0.020806
Test,MI250X_two_gcd,256,16384,4194304,1073741824,8,2229,17.1799,2147483648,0,0,0,0,0,0,0,0,0,0,0,0,0,0,0,0,0,0,0,0,0,0,0,0,0,0,0,0,8,0,0,0,0,0,0,8.9984,1909.21,0.837736,0.0347783
Test,MI250X_two_gcd,256,16384,4194304,536870912,8,4280,8.58993,2147483648,0,0,0,0,0,0,0,0,0,0,0,0,0,0,0,0,0,0,0,0,0,0,0,0,0,0,0,0,0,4,0,0,0,0,0,4.67367,1837.95,1.52098,0.0455679
Test,MI250X_two_gcd,256,16384,4194304,536870912,8,4280,8.58993,2147483648,0,0,0,0,0,0,0,0,0,0,0,0,0,0,0,0,0,0,0,0,0,0,0,0,0,0,0,0,0,4,0,0,0,0,0,4.68506,1833.46,1.76378,0.052842
Test,MI250X_two_gcd,256,16384,4194304,268435456,8,8684,4.29497,2147483648,0,0,0,0,0,0,0,0,0,0,0,0,0,0,0,0,0,0,0,0,0,0,0,0,0,0,0,0,0,0,2,0,0,0,0,2.30452,1863.69,0.829168,0.0174397
Test,MI250X_two_gcd,256,16384,4194304,268435456,8,8684,4.29497,2147483648,0,0,0,0,0,0,0,0,0,0,0,0,0,0,0,0,0,0,0,0,0,0,0,0,0,0,0,0,0,0,2,0,0,0,0,2.3106,1858.82,1.11133,0.0233743
Test,MI250X_two_gcd,256,16384,4194304,134217728,8,3290,2.14748,2147483648,0,0,0,0,0,0,0,0,0,0,0,0,0,0,0,0,0,0,0,0,0,0,0,0,0,0,0,0,0,0,0,1,0,0,0,6.08272,353.045,0.0741399,0.00253344
Test,MI250X_two_gcd,256,16384,4194304,134217728,8,3290,2.14748,2147483648,0,0,0,0,0,0,0,0,0,0,0,0,0,0,0,0,0,0,0,0,0,0,0,0,0,0,0,0,0,0,0,1,0,0,0,6.10029,352.028,0.22673,0.00774761
Test,MI250X_two_gcd,256,16384,4194304,536870912,8,4239,8.58993,2147483648,0,0,0,0,0,0,0,0,0,0,0,0,0,0,0,0,0,0,0,0,0,0,0,0,0,0,0,0,0,0,0,0,4,0,0,4.72097,1819.53,1.4577,0.0438827
Test,MI250X_two_gcd,256,16384,4194304,536870912,8,4239,8.58993,2147483648,0,0,0,0,0,0,0,0,0,0,0,0,0,0,0,0,0,0,0,0,0,0,0,0,0,0,0,0,0,0,0,0,4,0,0,4.73136,1815.54,1.63921,0.0493468
Test,MI250X_two_gcd,256,16384,4194304,268435456,8,9982,4.29497,2147483648,0,0,0,0,0,0,0,0,0,0,0,0,0,0,0,0,0,0,0,0,0,0,0,0,0,0,0,0,0,0,0,0,0,2,0,2.03591,2109.64,3.89591,0.0764287
Test,MI250X_two_gcd,256,16384,4194304,268435456,8,9982,4.29497,2147483648,0,0,0,0,0,0,0,0,0,0,0,0,0,0,0,0,0,0,0,0,0,0,0,0,0,0,0,0,0,0,0,0,0,2,0,2.03715,2108.35,3.84109,0.0753532
Test,MI250X_two_gcd,256,16384,4194304,134217728,8,11564,2.14748,2147483648,0,0,0,0,0,0,0,0,0,0,0,0,0,0,0,0,0,0,0,0,0,0,0,0,0,0,0,0,0,0,0,0,0,0,1,1.72726,1243.3,1.76908,0.0322441
Test,MI250X_two_gcd,256,16384,4194304,134217728,8,11564,2.14748,2147483648,0,0,0,0,0,0,0,0,0,0,0,0,0,0,0,0,0,0,0,0,0,0,0,0,0,0,0,0,0,0,0,0,0,0,1,1.72695,1243.51,1.75376,0.0319648
Test,MI250X_two_gcd,256,16384,4194304,1073741824,16,3172,17.1799,2147483648,8,0,0,0,0,0,0,0,0,0,0,0,0,0,0,0,0,0,0,0,0,0,0,0,0,0,0,0,0,0,0,0,0,0,0,6.30784,2723.65,14.6386,0.509436
Test,MI250X_two_gcd,256,16384,4194304,1073741824,16,3172,17.1799,2147483648,8,0,0,0,0,0,0,0,0,0,0,0,0,0,0,0,0,0,0,0,0,0,0,0,0,0,0,0,0,0,0,0,0,0,0,6.30887,2723.19,12.4212,0.432269
Test,MI250X_two_gcd,256,16384,4194304,536870912,16,5879,8.58993,2147483648,0,4,0,0,0,0,0,0,0,0,0,0,0,0,0,0,0,0,0,0,0,0,0,0,0,0,0,0,0,0,0,0,0,0,0,3.40115,2525.61,6.10873,0.156155
Test,MI250X_two_gcd,256,16384,4194304,536870912,16,5879,8.58993,2147483648,0,4,0,0,0,0,0,0,0,0,0,0,0,0,0,0,0,0,0,0,0,0,0,0,0,0,0,0,0,0,0,0,0,0,0,3.40351,2523.87,6.13519,0.156831
Test,MI250X_two_gcd,256,16384,4194304,268435456,16,11349,4.29497,2147483648,0,0,2,0,0,0,0,0,0,0,0,0,0,0,0,0,0,0,0,0,0,0,0,0,0,0,0,0,0,0,0,0,0,0,0,1.76281,2436.5,12.7469,0.234522
Test,MI250X_two_gcd,256,16384,4194304,268435456,16,11349,4.29497,2147483648,0,0,2,0,0,0,0,0,0,0,0,0,0,0,0,0,0,0,0,0,0,0,0,0,0,0,0,0,0,0,0,0,0,0,0,1.75713,2444.34,10.3282,0.190021
Test,MI250X_two_gcd,256,16384,4194304,134217728,16,11674,2.14748,2147483648,0,0,0,1,0,0,0,0,0,0,0,0,0,0,0,0,0,0,0,0,0,0,0,0,0,0,0,0,0,0,0,0,0,0,0,1.71521,1252.04,4.03928,0.073274
Test,MI250X_two_gcd,256,16384,4194304,134217728,16,11674,2.14748,2147483648,0,0,0,1,0,0,0,0,0,0,0,0,0,0,0,0,0,0,0,0,0,0,0,0,0,0,0,0,0,0,0,0,0,0,0,1.71422,1252.75,4.08713,0.074142
Test,MI250X_two_gcd,256,16384,4194304,536870912,16,5843,8.58993,2147483648,0,0,0,0,4,0,0,0,0,0,0,0,0,0,0,0,0,0,0,0,0,0,0,0,0,0,0,0,0,0,0,0,0,0,0,3.41783,2513.28,5.99134,0.153625
Test,MI250X_two_gcd,256,16384,4194304,536870912,16,5843,8.58993,2147483648,0,0,0,0,4,0,0,0,0,0,0,0,0,0,0,0,0,0,0,0,0,0,0,0,0,0,0,0,0,0,0,0,0,0,0,3.41921,2512.27,6.14947,0.15768
Test,MI250X_two_gcd,256,16384,4194304,268435456,16,23339,4.29497,1073741824,0,0,0,0,0,4,0,0,0,0,0,0,0,0,0,0,0,0,0,0,0,0,0,0,0,0,0,0,0,0,0,0,0,0,0,0.863581,4973.8,43.0051,0.551741
Test,MI250X_two_gcd,256,16384,4194304,268435456,16,23339,4.29497,1073741824,0,0,0,0,0,4,0,0,0,0,0,0,0,0,0,0,0,0,0,0,0,0,0,0,0,0,0,0,0,0,0,0,0,0,0,0.865033,4965.48,45.0436,0.577894
Test,MI250X_two_gcd,256,16384,4194304,134217728,16,11506,2.14748,2147483648,0,0,0,0,0,0,1,0,0,0,0,0,0,0,0,0,0,0,0,0,0,0,0,0,0,0,0,0,0,0,0,0,0,0,0,1.73528,1237.55,4.24791,0.0776191
Test,MI250X_two_gcd,256,16384,4194304,134217728,16,11506,2.14748,2147483648,0,0,0,0,0,0,1,0,0,0,0,0,0,0,0,0,0,0,0,0,0,0,0,0,0,0,0,0,0,0,0,0,0,0,0,1.73576,1237.22,4.77199,0.0871954
Test,MI250X_two_gcd,256,16384,4194304,1073741824,16,3179,17.1799,2147483648,0,0,0,0,0,0,0,8,0,0,0,0,0,0,0,0,0,0,0,0,0,0,0,0,0,0,0,0,0,0,0,0,0,0,0,6.29018,2731.3,14.9138,0.518442
Test,MI250X_two_gcd,256,16384,4194304,1073741824,16,3179,17.1799,2147483648,0,0,0,0,0,0,0,8,0,0,0,0,0,0,0,0,0,0,0,0,0,0,0,0,0,0,0,0,0,0,0,0,0,0,0,6.29874,2727.55,10.9474,0.380557
Test,MI250X_two_gcd,256,16384,4194304,536870912,16,5879,8.58993,2147483648,0,0,0,0,0,0,0,0,4,0,0,0,0,0,0,0,0,0,0,0,0,0,0,0,0,0,0,0,0,0,0,0,0,0,0,3.40037,2526.2,6.09943,0.155917
Test,MI250X_two_gcd,256,16384,4194304,536870912,16,5879,8.58993,2147483648,0,0,0,0,0,0,0,0,4,0,0,0,0,0,0,0,0,0,0,0,0,0,0,0,0,0,0,0,0,0,0,0,0,0,0,3.40187,2525.07,6.20868,0.15871
Test,MI250X_two_gcd,256,16384,4194304,268435456,16,11330,4.29497,2147483648,0,0,0,0,0,0,0,0,0,2,0,0,0,0,0,0,0,0,0,0,0,0,0,0,0,0,0,0,0,0,0,0,0,0,0,1.76224,2437.28,12.8674,0.236936
Test,MI250X_two_gcd,256,16384,4194304,268435456,16,11330,4.29497,2147483648,0,0,0,0,0,0,0,0,0,2,0,0,0,0,0,0,0,0,0,0,0,0,0,0,0,0,0,0,0,0,0,0,0,0,0,1.75618,2445.67,10.0042,0.184215
Test,MI250X_two_gcd,256,16384,4194304,134217728,16,11680,2.14748,2147483648,0,0,0,0,0,0,0,0,0,0,1,0,0,0,0,0,0,0,0,0,0,0,0,0,0,0,0,0,0,0,0,0,0,0,0,1.70894,1256.61,1.67157,0.0303151
Test,MI250X_two_gcd,256,16384,4194304,134217728,16,11680,2.14748,2147483648,0,0,0,0,0,0,0,0,0,0,1,0,0,0,0,0,0,0,0,0,0,0,0,0,0,0,0,0,0,0,0,0,0,0,0,1.70878,1256.73,1.68831,0.0306187
Test,MI250X_two_gcd,256,16384,4194304,536870912,16,5848,8.58993,2147483648,0,0,0,0,0,0,0,0,0,0,0,4,0,0,0,0,0,0,0,0,0,0,0,0,0,0,0,0,0,0,0,0,0,0,0,3.41561,2514.91,5.96831,0.152969
Test,MI250X_two_gcd,256,16384,4194304,536870912,16,5848,8.58993,2147483648,0,0,0,0,0,0,0,0,0,0,0,4,0,0,0,0,0,0,0,0,0,0,0,0,0,0,0,0,0,0,0,0,0,0,0,3.41685,2514,6.06113,0.155348
Test,MI250X_two_gcd,256,16384,4194304,268435456,16,23313,4.29497,1073741824,0,0,0,0,0,0,0,0,0,0,0,0,4,0,0,0,0,0,0,0,0,0,0,0,0,0,0,0,0,0,0,0,0,0,0,0.863309,4975.41,43.4952,0.558339
Test,MI250X_two_gcd,256,16384,4194304,268435456,16,23313,4.29497,1073741824,0,0,0,0,0,0,0,0,0,0,0,0,4,0,0,0,0,0,0,0,0,0,0,0,0,0,0,0,0,0,0,0,0,0,0,0.864753,4967.09,44.7492,0.574437
Test,MI250X_two_gcd,256,16384,4194304,134217728,16,11518,2.14748,2147483648,0,0,0,0,0,0,0,0,0,0,0,0,0,1,0,0,0,0,0,0,0,0,0,0,0,0,0,0,0,0,0,0,0,0,0,1.73477,1237.91,4.2571,0.0777467
Test,MI250X_two_gcd,256,16384,4194304,134217728,16,11518,2.14748,2147483648,0,0,0,0,0,0,0,0,0,0,0,0,0,1,0,0,0,0,0,0,0,0,0,0,0,0,0,0,0,0,0,0,0,0,0,1.73514,1237.66,4.692,0.0856891
Test,MI250X_two_gcd,256,16384,4194304,1073741824,16,3131,34.3597,2147483648,0,0,0,0,0,0,0,0,0,0,0,0,0,0,16,0,0,0,0,0,0,0,0,0,0,0,0,0,0,0,0,0,0,0,0,6.38289,5383.24,26.834,0.939939
Test,MI250X_two_gcd,256,16384,4194304,1073741824,16,3131,34.3597,2147483648,0,0,0,0,0,0,0,0,0,0,0,0,0,0,16,0,0,0,0,0,0,0,0,0,0,0,0,0,0,0,0,0,0,0,0,6.39755,5370.83,19.9556,0.699003
Test,MI250X_two_gcd,256,16384,4194304,536870912,16,5810,17.1799,2147483648,0,0,0,0,0,0,0,0,0,0,0,0,0,0,0,8,0,0,0,0,0,0,0,0,0,0,0,0,0,0,0,0,0,0,0,3.44599,4985.5,11.7988,0.303393
Test,MI250X_two_gcd,256,16384,4194304,536870912,16,5810,17.1799,2147483648,0,0,0,0,0,0,0,0,0,0,0,0,0,0,0,8,0,0,0,0,0,0,0,0,0,0,0,0,0,0,0,0,0,0,0,3.44797,4982.63,12.1537,0.312518
Test,MI250X_two_gcd,256,16384,4194304,268435456,16,11253,8.58993,2147483648,0,0,0,0,0,0,0,0,0,0,0,0,0,0,0,0,4,0,0,0,0,0,0,0,0,0,0,0,0,0,0,0,0,0,0,1.77405,4842.16,27.9453,0.516335
Test,MI250X_two_gcd,256,16384,4194304,268435456,16,11253,8.58993,2147483648,0,0,0,0,0,0,0,0,0,0,0,0,0,0,0,0,4,0,0,0,0,0,0,0,0,0,0,0,0,0,0,0,0,0,0,1.76872,4856.69,20.8231,0.384739
Test,MI250X_two_gcd,256,16384,4194304,134217728,16,11568,4.29497,2147483648,0,0,0,0,0,0,0,0,0,0,0,0,0,0,0,0,0,2,0,0,0,0,0,0,0,0,0,0,0,0,0,0,0,0,0,1.72529,2489.45,3.27346,0.0596533
Test,MI250X_two_gcd,256,16384,4194304,134217728,16,11568,4.29497,2147483648,0,0,0,0,0,0,0,0,0,0,0,0,0,0,0,0,0,2,0,0,0,0,0,0,0,0,0,0,0,0,0,0,0,0,0,1.72444,2490.66,3.26752,0.059545
Test,MI250X_two_gcd,256,16384,4194304,536870912,16,5626,17.1799,2147483648,0,0,0,0,0,0,0,0,0,0,0,0,0,0,0,0,0,0,8,0,0,0,0,0,0,0,0,0,0,0,0,0,0,0,0,3.55386,4834.17,10.2192,0.267037
Test,MI250X_two_gcd,256,16384,4194304,536870912,16,5626,17.1799,2147483648,0,0,0,0,0,0,0,0,0,0,0,0,0,0,0,0,0,0,8,0,0,0,0,0,0,0,0,0,0,0,0,0,0,0,0,3.55612,4831.11,10.2087,0.266764
Test,MI250X_two_gcd,256,16384,4194304,268435456,16,23380,8.58993,1073741824,0,0,0,0,0,0,0,0,0,0,0,0,0,0,0,0,0,0,0,8,0,0,0,0,0,0,0,0,0,0,0,0,0,0,0,0.864787,9933.86,88.4595,1.13391
Test,MI250X_two_gcd,256,16384,4194304,268435456,16,23380,8.58993,1073741824,0,0,0,0,0,0,0,0,0,0,0,0,0,0,0,0,0,0,0,8,0,0,0,0,0,0,0,0,0,0,0,0,0,0,0,0.866024,9919.69,91.184,1.16883
Test,MI250X_two_gcd,256,16384,4194304,134217728,16,11530,4.29497,2147483648,0,0,0,0,0,0,0,0,0,0,0,0,0,0,0,0,0,0,0,0,2,0,0,0,0,0,0,0,0,0,0,0,0,0,0,1.73529,2475.09,7.59558,0.138644
Test,MI250X_two_gcd,256,16384,4194304,134217728,16,11530,4.29497,2147483648,0,0,0,0,0,0,0,0,0,0,0,0,0,0,0,0,0,0,0,0,2,0,0,0,0,0,0,0,0,0,0,0,0,0,0,1.73528,2475.12,9.13786,0.166796
Test,MI250X_two_gcd,256,16384,4194304,1073741824,16,1760,17.1799,2147483648,0,0,0,0,0,0,0,0,0,0,0,0,0,0,0,0,0,0,0,0,0,8,0,0,0,0,0,0,0,0,0,0,0,0,0,11.3581,1512.56,0.362017,0.0169133
Test,MI250X_two_gcd,256,16384,4194304,1073741824,16,1760,17.1799,2147483648,0,0,0,0,0,0,0,0,0,0,0,0,0,0,0,0,0,0,0,0,0,8,0,0,0,0,0,0,0,0,0,0,0,0,0,11.3975,1507.34,0.859232,0.040143
Test,MI250X_two_gcd,256,16384,4194304,536870912,16,3458,8.58993,2147483648,0,0,0,0,0,0,0,0,0,0,0,0,0,0,0,0,0,0,0,0,0,0,4,0,0,0,0,0,0,0,0,0,0,0,0,5.78396,1485.13,0.492434,0.0164132
Test,MI250X_two_gcd,256,16384,4194304,536870912,16,3458,8.58993,2147483648,0,0,0,0,0,0,0,0,0,0,0,0,0,0,0,0,0,0,0,0,0,0,4,0,0,0,0,0,0,0,0,0,0,0,0,5.80095,1480.78,0.755644,0.0251861
Test,MI250X_two_gcd,256,16384,4194304,268435456,16,4461,4.29497,2147483648,0,0,0,0,0,0,0,0,0,0,0,0,0,0,0,0,0,0,0,0,0,0,0,2,0,0,0,0,0,0,0,0,0,0,0,4.48614,957.383,0.302469,0.00887606
Test,MI250X_two_gcd,256,16384,4194304,268435456,16,4461,4.29497,2147483648,0,0,0,0,0,0,0,0,0,0,0,0,0,0,0,0,0,0,0,0,0,0,0,2,0,0,0,0,0,0,0,0,0,0,0,4.49813,954.833,0.448631,0.0131653
Test,MI250X_two_gcd,256,16384,4194304,134217728,16,3942,2.14748,2147483648,0,0,0,0,0,0,0,0,0,0,0,0,0,0,0,0,0,0,0,0,0,0,0,0,1,0,0,0,0,0,0,0,0,0,0,5.0774,422.953,0.0975768,0.0030461
Test,MI250X_two_gcd,256,16384,4194304,134217728,16,3942,2.14748,2147483648,0,0,0,0,0,0,0,0,0,0,0,0,0,0,0,0,0,0,0,0,0,0,0,0,1,0,0,0,0,0,0,0,0,0,0,5.09149,421.78,0.282676,0.00882443
Test,MI250X_two_gcd,256,16384,4194304,536870912,16,4984,8.58993,2147483648,0,0,0,0,0,0,0,0,0,0,0,0,0,0,0,0,0,0,0,0,0,0,0,0,0,4,0,0,0,0,0,0,0,0,0,4.01469,2139.63,3.25046,0.0902426
Test,MI250X_two_gcd,256,16384,4194304,536870912,16,4984,8.58993,2147483648,0,0,0,0,0,0,0,0,0,0,0,0,0,0,0,0,0,0,0,0,0,0,0,0,0,4,0,0,0,0,0,0,0,0,0,4.01866,2137.52,3.35133,0.093043
Test,MI250X_two_gcd,256,16384,4194304,268435456,16,3312,4.29497,2147483648,0,0,0,0,0,0,0,0,0,0,0,0,0,0,0,0,0,0,0,0,0,0,0,0,0,0,2,0,0,0,0,0,0,0,0,6.22698,689.739,1.83104,0.0623603
Test,MI250X_two_gcd,256,16384,4194304,268435456,16,3312,4.29497,2147483648,0,0,0,0,0,0,0,0,0,0,0,0,0,0,0,0,0,0,0,0,0,0,0,0,0,0,2,0,0,0,0,0,0,0,0,6.22071,690.433,1.56335,0.0532437
Test,MI250X_two_gcd,256,16384,4194304,134217728,16,5237,2.14748,2147483648,0,0,0,0,0,0,0,0,0,0,0,0,0,0,0,0,0,0,0,0,0,0,0,0,0,0,0,1,0,0,0,0,0,0,0,3.93957,545.107,1.20043,0.0325126
Test,MI250X_two_gcd,256,16384,4194304,134217728,16,5237,2.14748,2147483648,0,0,0,0,0,0,0,0,0,0,0,0,0,0,0,0,0,0,0,0,0,0,0,0,0,0,0,1,0,0,0,0,0,0,0,3.94533,544.312,1.19013,0.0322335
Test,MI250X_two_gcd,256,16384,4194304,1073741824,16,1140,34.3597,2147483648,0,0,0,0,0,0,0,0,0,0,0,0,0,0,0,0,0,0,0,0,0,0,0,0,0,0,0,0,16,0,0,0,0,0,0,17.5237,1960.77,0.335504,0.0194761
Test,MI250X_two_gcd,256,16384,4194304,1073741824,16,1140,34.3597,2147483648,0,0,0,0,0,0,0,0,0,0,0,0,0,0,0,0,0,0,0,0,0,0,0,0,0,0,0,0,16,0,0,0,0,0,0,17.5837,1954.07,1.11834,0.0649198
Test,MI250X_two_gcd,256,16384,4194304,536870912,16,2265,17.1799,2147483648,0,0,0,0,0,0,0,0,0,0,0,0,0,0,0,0,0,0,0,0,0,0,0,0,0,0,0,0,0,8,0,0,0,0,0,8.83097,1945.42,0.450655,0.0185595
Test,MI250X_two_gcd,256,16384,4194304,536870912,16,2265,17.1799,2147483648,0,0,0,0,0,0,0,0,0,0,0,0,0,0,0,0,0,0,0,0,0,0,0,0,0,0,0,0,0,8,0,0,0,0,0,8.85683,1939.73,0.832621,0.0342901
Test,MI250X_two_gcd,256,16384,4194304,268435456,16,4522,8.58993,2147483648,0,0,0,0,0,0,0,0,0,0,0,0,0,0,0,0,0,0,0,0,0,0,0,0,0,0,0,0,0,0,4,0,0,0,0,4.42495,1941.25,0.592215,0.0172612
Test,MI250X_two_gcd,256,16384,4194304,268435456,16,4522,8.58993,2147483648,0,0,0,0,0,0,0,0,0,0,0,0,0,0,0,0,0,0,0,0,0,0,0,0,0,0,0,0,0,0,4,0,0,0,0,4.43692,1936,1.2583,0.0366755
Test,MI250X_two_gcd,256,16384,4194304,134217728,16,1660,4.29497,2147483648,0,0,0,0,0,0,0,0,0,0,0,0,0,0,0,0,0,0,0,0,0,0,0,0,0,0,0,0,0,0,0,2,0,0,0,12.0488,356.463,0.0717027,0.00344935
Test,MI250X_two_gcd,256,16384,4194304,134217728,16,1660,4.29497,2147483648,0,0,0,0,0,0,0,0,0,0,0,0,0,0,0,0,0,0,0,0,0,0,0,0,0,0,0,0,0,0,0,2,0,0,0,12.0834,355.443,0.211518,0.0101753
Test,MI250X_two_gcd,256,16384,4194304,536870912,16,2251,17.1799,2147483648,0,0,0,0,0,0,0,0,0,0,0,0,0,0,0,0,0,0,0,0,0,0,0,0,0,0,0,0,0,0,0,0,8,0,0,8.88344,1933.92,0.435551,0.0179932
Test,MI250X_two_gcd,256,16384,4194304,536870912,16,2251,17.1799,2147483648,0,0,0,0,0,0,0,0,0,0,0,0,0,0,0,0,0,0,0,0,0,0,0,0,0,0,0,0,0,0,0,0,8,0,0,8.90791,1928.61,0.816908,0.0337475
Test,MI250X_two_gcd,256,16384,4194304,268435456,16,5384,8.58993,2147483648,0,0,0,0,0,0,0,0,0,0,0,0,0,0,0,0,0,0,0,0,0,0,0,0,0,0,0,0,0,0,0,0,0,4,0,3.71798,2310.39,0.762464,0.0203668
Test,MI250X_two_gcd,256,16384,4194304,268435456,16,5384,8.58993,2147483648,0,0,0,0,0,0,0,0,0,0,0,0,0,0,0,0,0,0,0,0,0,0,0,0,0,0,0,0,0,0,0,0,0,4,0,3.72598,2305.42,1.63711,0.0437302
Test,MI250X_two_gcd,256,16384,4194304,134217728,16,10432,4.29497,2147483648,0,0,0,0,0,0,0,0,0,0,0,0,0,0,0,0,0,0,0,0,0,0,0,0,0,0,0,0,0,0,0,0,0,0,2,2.06074,2084.19,7.0211,0.134734
Test,MI250X_two_gcd,256,16384,4194304,134217728,16,10432,4.29497,2147483648,0,0,0,0,0,0,0,0,0,0,0,0,0,0,0,0,0,0,0,0,0,0,0,0,0,0,0,0,0,0,0,0,0,0,2,2.06574,2079.2,10.233,0.196369
Test,MI250X_two_gcd,256,16384,4194304,1073741824,32,3031,34.3597,2147483648,16,0,0,0,0,0,0,0,0,0,0,0,0,0,0,0,0,0,0,0,0,0,0,0,0,0,0,0,0,0,0,0,0,0,0,6.58345,5219.2,21.4219,0.762643
Test,MI250X_two_gcd,256,16384,4194304,1073741824,32,3031,34.3597,2147483648,16,0,0,0,0,0,0,0,0,0,0,0,0,0,0,0,0,0,0,0,0,0,0,0,0,0,0,0,0,0,0,0,0,0,0,6.59395,5210.9,21.0299,0.748688
Test,MI250X_two_gcd,256,16384,4194304,536870912,32,5715,17.1799,2147483648,0,8,0,0,0,0,0,0,0,0,0,0,0,0,0,0,0,0,0,0,0,0,0,0,0,0,0,0,0,0,0,0,0,0,0,3.50297,4904.39,10.4492,0.270914
Test,MI250X_two_gcd,256,16384,4194304,536870912,32,5715,17.1799,2147483648,0,8,0,0,0,0,0,0,0,0,0,0,0,0,0,0,0,0,0,0,0,0,0,0,0,0,0,0,0,0,0,0,0,0,0,3.50573,4900.55,10.6773,0.276827
Test,MI250X_two_gcd,256,16384,4194304,268435456,32,11283,8.58993,2147483648,0,0,4,0,0,0,0,0,0,0,0,0,0,0,0,0,0,0,0,0,0,0,0,0,0,0,0,0,0,0,0,0,0,0,0,1.77959,4827.01,20.7621,0.383103
Test,MI250X_two_gcd,256,16384,4194304,268435456,32,11283,8.58993,2147483648,0,0,4,0,0,0,0,0,0,0,0,0,0,0,0,0,0,0,0,0,0,0,0,0,0,0,0,0,0,0,0,0,0,0,0,1.77689,4834.36,18.8635,0.348069
Test,MI250X_two_gcd,256,16384,4194304,134217728,32,11678,4.29497,2147483648,0,0,0,2,0,0,0,0,0,0,0,0,0,0,0,0,0,0,0,0,0,0,0,0,0,0,0,0,0,0,0,0,0,0,0,1.70825,2514.26,3.36585,0.0610473
Test,MI250X_two_gcd,256,16384,4194304,134217728,32,11678,4.29497,2147483648,0,0,0,2,0,0,0,0,0,0,0,0,0,0,0,0,0,0,0,0,0,0,0,0,0,0,0,0,0,0,0,0,0,0,0,1.70809,2514.48,3.36499,0.0610318
Test,MI250X_two_gcd,256,16384,4194304,536870912,32,5687,17.1799,2147483648,0,0,0,0,8,0,0,0,0,0,0,0,0,0,0,0,0,0,0,0,0,0,0,0,0,0,0,0,0,0,0,0,0,0,0,3.51591,4886.36,10.3539,0.269104
Test,MI250X_two_gcd,256,16384,4194304,536870912,32,5687,17.1799,2147483648,0,0,0,0,8,0,0,0,0,0,0,0,0,0,0,0,0,0,0,0,0,0,0,0,0,0,0,0,0,0,0,0,0,0,0,3.51819,4883.2,10.5083,0.273115
Test,MI250X_two_gcd,256,16384,4194304,268435456,32,23492,8.58993,1073741824,0,0,0,0,0,8,0,0,0,0,0,0,0,0,0,0,0,0,0,0,0,0,0,0,0,0,0,0,0,0,0,0,0,0,0,0.861204,9975.17,89.9837,1.15069
Test,MI250X_two_gcd,256,16384,4194304,268435456,32,23492,8.58993,1073741824,0,0,0,0,0,8,0,0,0,0,0,0,0,0,0,0,0,0,0,0,0,0,0,0,0,0,0,0,0,0,0,0,0,0,0,0.85901,10000.8,99.8285,1.27659
Test,MI250X_two_gcd,256,16384,4194304,134217728,32,11547,4.29497,2147483648,0,0,0,0,0,0,2,0,0,0,0,0,0,0,0,0,0,0,0,0,0,0,0,0,0,0,0,0,0,0,0,0,0,0,0,1.73286,2478.55,7.42996,0.135521
Test,MI250X_two_gcd,256,16384,4194304,134217728,32,11547,4.29497,2147483648,0,0,0,0,0,0,2,0,0,0,0,0,0,0,0,0,0,0,0,0,0,0,0,0,0,0,0,0,0,0,0,0,0,0,0,1.7332,2478.09,8.64363,0.157659
Test,MI250X_two_gcd,256,16384,4194304,1073741824,32,3051,34.3597,2147483648,0,0,0,0,0,0,0,16,0,0,0,0,0,0,0,0,0,0,0,0,0,0,0,0,0,0,0,0,0,0,0,0,0,0,0,6.55739,5239.93,21.3409,0.757266
Test,MI250X_two_gcd,256,16384,4194304,1073741824,32,3051,34.3597,2147483648,0,0,0,0,0,0,0,16,0,0,0,0,0,0,0,0,0,0,0,0,0,0,0,0,0,0,0,0,0,0,0,0,0,0,0,6.56977,5230.06,20.5818,0.730328
Test,MI250X_two_gcd,256,16384,4194304,536870912,32,5716,17.1799,2147483648,0,0,0,0,0,0,0,0,8,0,0,0,0,0,0,0,0,0,0,0,0,0,0,0,0,0,0,0,0,0,0,0,0,0,0,3.49994,4908.65,10.2324,0.26527
Test,MI250X_two_gcd,256,16384,4194304,536870912,32,5716,17.1799,2147483648,0,0,0,0,0,0,0,0,8,0,0,0,0,0,0,0,0,0,0,0,0,0,0,0,0,0,0,0,0,0,0,0,0,0,0,3.50264,4904.86,10.2977,0.266962
Test,MI250X_two_gcd,256,16384,4194304,268435456,32,11270,8.58993,2147483648,0,0,0,0,0,0,0,0,0,4,0,0,0,0,0,0,0,0,0,0,0,0,0,0,0,0,0,0,0,0,0,0,0,0,0,1.77522,4838.9,20.6809,0.381825
Test,MI250X_two_gcd,256,16384,4194304,268435456,32,11270,8.58993,2147483648,0,0,0,0,0,0,0,0,0,4,0,0,0,0,0,0,0,0,0,0,0,0,0,0,0,0,0,0,0,0,0,0,0,0,0,1.77507,4839.27,18.7716,0.346573
Test,MI250X_two_gcd,256,16384,4194304,134217728,32,11104,4.29497,2147483648,0,0,0,0,0,0,0,0,0,0,2,0,0,0,0,0,0,0,0,0,0,0,0,0,0,0,0,0,0,0,0,0,0,0,0,2.12557,2020.79,19.7681,0.367689
Test,MI250X_two_gcd,256,16384,4194304,134217728,32,11104,4.29497,2147483648,0,0,0,0,0,0,0,0,0,0,2,0,0,0,0,0,0,0,0,0,0,0,0,0,0,0,0,0,0,0,0,0,0,0,0,2.12141,2024.6,7.34597,0.136636
Test,MI250X_two_gcd,256,16384,4194304,536870912,32,5693,17.1799,2147483648,0,0,0,0,0,0,0,0,0,0,0,8,0,0,0,0,0,0,0,0,0,0,0,0,0,0,0,0,0,0,0,0,0,0,0,3.51124,4892.86,10.1526,0.263732
Test,MI250X_two_gcd,256,16384,4194304,536870912,32,5693,17.1799,2147483648,0,0,0,0,0,0,0,0,0,0,0,8,0,0,0,0,0,0,0,0,0,0,0,0,0,0,0,0,0,0,0,0,0,0,0,3.51361,4889.55,10.3189,0.268053
Test,MI250X_two_gcd,256,16384,4194304,268435456,32,23279,8.58993,1073741824,0,0,0,0,0,0,0,0,0,0,0,0,8,0,0,0,0,0,0,0,0,0,0,0,0,0,0,0,0,0,0,0,0,0,0,0.863065,9953.6,88.7667,1.14031
Test,MI250X_two_gcd,256,16384,4194304,268435456,32,23279,8.58993,1073741824,0,0,0,0,0,0,0,0,0,0,0,0,8,0,0,0,0,0,0,0,0,0,0,0,0,0,0,0,0,0,0,0,0,0,0,0.86543,9926.35,82.0679,1.05426
Test,MI250X_two_gcd,256,16384,4194304,134217728,32,11556,4.29497,2147483648,0,0,0,0,0,0,0,0,0,0,0,0,0,2,0,0,0,0,0,0,0,0,0,0,0,0,0,0,0,0,0,0,0,0,0,1.72753,2486.22,6.32958,0.115406
Test,MI250X_two_gcd,256,16384,4194304,134217728,32,11556,4.29497,2147483648,0,0,0,0,0,0,0,0,0,0,0,0,0,2,0,0,0,0,0,0,0,0,0,0,0,0,0,0,0,0,0,0,0,0,0,1.72658,2487.58,7.40393,0.134994
Test,MI250X_two_gcd,256,16384,4194304,1073741824,32,2989,68.7195,2147483648,0,0,0,0,0,0,0,0,0,0,0,0,0,0,32,0,0,0,0,0,0,0,0,0,0,0,0,0,0,0,0,0,0,0,0,6.68432,10280.8,35.5204,1.27342
Test,MI250X_two_gcd,256,16384,4194304,1073741824,32,2989,68.7195,2147483648,0,0,0,0,0,0,0,0,0,0,0,0,0,0,32,0,0,0,0,0,0,0,0,0,0,0,0,0,0,0,0,0,0,0,0,6.69879,10258.6,31.8169,1.14065
Test,MI250X_two_gcd,256,16384,4194304,536870912,32,5623,34.3597,2147483648,0,0,0,0,0,0,0,0,0,0,0,0,0,0,0,16,0,0,0,0,0,0,0,0,0,0,0,0,0,0,0,0,0,0,0,3.55698,9659.83,19.9932,0.522581
Test,MI250X_two_gcd,256,16384,4194304,536870912,32,5623,34.3597,2147483648,0,0,0,0,0,0,0,0,0,0,0,0,0,0,0,16,0,0,0,0,0,0,0,0,0,0,0,0,0,0,0,0,0,0,0,3.55981,9652.21,20.3449,0.531775
Test,MI250X_two_gcd,256,16384,4194304,268435456,32,11171,17.1799,2147483648,0,0,0,0,0,0,0,0,0,0,0,0,0,0,0,0,8,0,0,0,0,0,0,0,0,0,0,0,0,0,0,0,0,0,0,1.80007,9544.17,39.2746,0.728319
Test,MI250X_two_gcd,256,16384,4194304,268435456,32,11171,17.1799,2147483648,0,0,0,0,0,0,0,0,0,0,0,0,0,0,0,0,8,0,0,0,0,0,0,0,0,0,0,0,0,0,0,0,0,0,0,1.79705,9560.21,37.0012,0.686161
Test,MI250X_two_gcd,256,16384,4194304,134217728,32,10403,8.58993,2147483648,0,0,0,0,0,0,0,0,0,0,0,0,0,0,0,0,0,4,0,0,0,0,0,0,0,0,0,0,0,0,0,0,0,0,0,2.18693,3928.02,23.1446,0.444762
Test,MI250X_two_gcd,256,16384,4194304,134217728,32,10403,8.58993,2147483648,0,0,0,0,0,0,0,0,0,0,0,0,0,0,0,0,0,4,0,0,0,0,0,0,0,0,0,0,0,0,0,0,0,0,0,2.18284,3935.39,26.6808,0.512714
Test,MI250X_two_gcd,256,16384,4194304,536870912,32,4970,34.3597,2147483648,0,0,0,0,0,0,0,0,0,0,0,0,0,0,0,0,0,0,16,0,0,0,0,0,0,0,0,0,0,0,0,0,0,0,0,4.02471,8537.23,12.5032,0.347614
Test,MI250X_two_gcd,256,16384,4194304,536870912,32,4970,34.3597,2147483648,0,0,0,0,0,0,0,0,0,0,0,0,0,0,0,0,0,0,16,0,0,0,0,0,0,0,0,0,0,0,0,0,0,0,0,4.02857,8529.05,12.562,0.349251
Test,MI250X_two_gcd,256,16384,4194304,268435456,32,23338,17.1799,1073741824,0,0,0,0,0,0,0,0,0,0,0,0,0,0,0,0,0,0,0,16,0,0,0,0,0,0,0,0,0,0,0,0,0,0,0,0.865171,19858.3,149.951,1.92386
Test,MI250X_two_gcd,256,16384,4194304,268435456,32,23338,17.1799,1073741824,0,0,0,0,0,0,0,0,0,0,0,0,0,0,0,0,0,0,0,16,0,0,0,0,0,0,0,0,0,0,0,0,0,0,0,0.864712,19869.2,160.063,2.0536
Test,MI250X_two_gcd,256,16384,4194304,134217728,32,11529,8.58993,2147483648,0,0,0,0,0,0,0,0,0,0,0,0,0,0,0,0,0,0,0,0,4,0,0,0,0,0,0,0,0,0,0,0,0,0,0,1.72664,4974.96,10.7368,0.195991
Test,MI250X_two_gcd,256,16384,4194304,134217728,32,11529,8.58993,2147483648,0,0,0,0,0,0,0,0,0,0,0,0,0,0,0,0,0,0,0,0,4,0,0,0,0,0,0,0,0,0,0,0,0,0,0,1.72539,4978.59,12.161,0.221987
Test,MI250X_two_gcd,256,16384,4194304,1073741824,32,898,34.3597,2147483648,0,0,0,0,0,0,0,0,0,0,0,0,0,0,0,0,0,0,0,0,0,16,0,0,0,0,0,0,0,0,0,0,0,0,0,22.2682,1543,0.289239,0.018918
Test,MI250X_two_gcd,256,16384,4194304,1073741824,32,898,34.3597,2147483648,0,0,0,0,0,0,0,0,0,0,0,0,0,0,0,0,0,0,0,0,0,16,0,0,0,0,0,0,0,0,0,0,0,0,0,22.3493,1537.4,0.657518,0.0430057
Test,MI250X_two_gcd,256,16384,4194304,536870912,32,1782,17.1799,2147483648,0,0,0,0,0,0,0,0,0,0,0,0,0,0,0,0,0,0,0,0,0,0,8,0,0,0,0,0,0,0,0,0,0,0,0,11.2255,1530.42,0.331461,0.0153899
Test,MI250X_two_gcd,256,16384,4194304,536870912,32,1782,17.1799,2147483648,0,0,0,0,0,0,0,0,0,0,0,0,0,0,0,0,0,0,0,0,0,0,8,0,0,0,0,0,0,0,0,0,0,0,0,11.2595,1525.81,0.670531,0.031133
Test,MI250X_two_gcd,256,16384,4194304,268435456,32,2274,8.58993,2147483648,0,0,0,0,0,0,0,0,0,0,0,0,0,0,0,0,0,0,0,0,0,0,0,4,0,0,0,0,0,0,0,0,0,0,0,8.79742,976.418,0.187627,0.00771183
Test,MI250X_two_gcd,256,16384,4194304,268435456,32,2274,8.58993,2147483648,0,0,0,0,0,0,0,0,0,0,0,0,0,0,0,0,0,0,0,0,0,0,0,4,0,0,0,0,0,0,0,0,0,0,0,8.82345,973.534,0.565507,0.0232434
Test,MI250X_two_gcd,256,16384,4194304,134217728,32,1993,4.29497,2147483648,0,0,0,0,0,0,0,0,0,0,0,0,0,0,0,0,0,0,0,0,0,0,0,0,2,0,0,0,0,0,0,0,0,0,0,10.0339,428.045,0.0719075,0.00315701
Test,MI250X_two_gcd,256,16384,4194304,134217728,32,1993,4.29497,2147483648,0,0,0,0,0,0,0,0,0,0,0,0,0,0,0,0,0,0,0,0,0,0,0,0,2,0,0,0,0,0,0,0,0,0,0,10.0633,426.793,0.253495,0.0111294
Test,MI250X_two_gcd,256,16384,4194304,536870912,32,3000,17.1799,2147483648,0,0,0,0,0,0,0,0,0,0,0,0,0,0,0,0,0,0,0,0,0,0,0,0,0,8,0,0,0,0,0,0,0,0,0,6.66448,2577.8,0.700556,0.0250691
Test,MI250X_two_gcd,256,16384,4194304,536870912,32,3000,17.1799,2147483648,0,0,0,0,0,0,0,0,0,0,0,0,0,0,0,0,0,0,0,0,0,0,0,0,0,8,0,0,0,0,0,0,0,0,0,6.68441,2570.14,1.22414,0.0438053
Test,MI250X_two_gcd,256,16384,4194304,268435456,32,1689,8.58993,2147483648,0,0,0,0,0,0,0,0,0,0,0,0,0,0,0,0,0,0,0,0,0,0,0,0,0,0,4,0,0,0,0,0,0,0,0,11.8402,725.486,0.233321,0.0111275
Test,MI250X_two_gcd,256,16384,4194304,268435456,32,1689,8.58993,2147483648,0,0,0,0,0,0,0,0,0,0,0,0,0,0,0,0,0,0,0,0,0,0,0,0,0,0,4,0,0,0,0,0,0,0,0,11.8667,723.872,0.373625,0.0178187
Test,MI250X_two_gcd,256,16384,4194304,134217728,32,2708,4.29497,2147483648,0,0,0,0,0,0,0,0,0,0,0,0,0,0,0,0,0,0,0,0,0,0,0,0,0,0,0,2,0,0,0,0,0,0,0,7.37253,582.567,1.45876,0.0549432
Test,MI250X_two_gcd,256,16384,4194304,134217728,32,2708,4.29497,2147483648,0,0,0,0,0,0,0,0,0,0,0,0,0,0,0,0,0,0,0,0,0,0,0,0,0,0,0,2,0,0,0,0,0,0,0,7.3501,584.346,1.496,0.0563462
Test,MI250X_two_gcd,256,16384,4194304,1073741824,32,578,68.7195,2147483648,0,0,0,0,0,0,0,0,0,0,0,0,0,0,0,0,0,0,0,0,0,0,0,0,0,0,0,0,32,0,0,0,0,0,0,34.5989,1986.18,0.433808,0.0353663
Test,MI250X_two_gcd,256,16384,4194304,1073741824,32,578,68.7195,2147483648,0,0,0,0,0,0,0,0,0,0,0,0,0,0,0,0,0,0,0,0,0,0,0,0,0,0,0,0,32,0,0,0,0,0,0,34.7196,1979.27,0.834608,0.0680416
Test,MI250X_two_gcd,256,16384,4194304,536870912,32,1152,34.3597,2147483648,0,0,0,0,0,0,0,0,0,0,0,0,0,0,0,0,0,0,0,0,0,0,0,0,0,0,0,0,0,16,0,0,0,0,0,17.3585,1979.42,0.310518,0.0179315
Test,MI250X_two_gcd,256,16384,4194304,536870912,32,1152,34.3597,2147483648,0,0,0,0,0,0,0,0,0,0,0,0,0,0,0,0,0,0,0,0,0,0,0,0,0,0,0,0,0,16,0,0,0,0,0,17.4141,1973.1,1.1281,0.0651446
Test,MI250X_two_gcd,256,16384,4194304,268435456,32,2305,17.1799,2147483648,0,0,0,0,0,0,0,0,0,0,0,0,0,0,0,0,0,0,0,0,0,0,0,0,0,0,0,0,0,0,8,0,0,0,0,8.67546,1980.28,0.358016,0.0146158
Test,MI250X_two_gcd,256,16384,4194304,268435456,32,2305,17.1799,2147483648,0,0,0,0,0,0,0,0,0,0,0,0,0,0,0,0,0,0,0,0,0,0,0,0,0,0,0,0,0,0,8,0,0,0,0,8.7036,1973.88,1.13079,0.046164
Test,MI250X_two_gcd,256,16384,4194304,134217728,32,835,8.58993,2147483648,0,0,0,0,0,0,0,0,0,0,0,0,0,0,0,0,0,0,0,0,0,0,0,0,0,0,0,0,0,0,0,4,0,0,0,23.9463,358.717,0.0503032,0.00341199
Test,MI250X_two_gcd,256,16384,4194304,134217728,32,835,8.58993,2147483648,0,0,0,0,0,0,0,0,0,0,0,0,0,0,0,0,0,0,0,0,0,0,0,0,0,0,0,0,0,0,0,4,0,0,0,24.0218,357.589,0.203556,0.0138069
Test,MI250X_two_gcd,256,16384,4194304,536870912,32,1152,34.3597,2147483648,0,0,0,0,0,0,0,0,0,0,0,0,0,0,0,0,0,0,0,0,0,0,0,0,0,0,0,0,0,0,0,0,16,0,0,17.356,1979.7,0.360184,0.0207995
Test,MI250X_two_gcd,256,16384,4194304,536870912,32,1152,34.3597,2147483648,0,0,0,0,0,0,0,0,0,0,0,0,0,0,0,0,0,0,0,0,0,0,0,0,0,0,0,0,0,0,0,0,16,0,0,17.4095,1973.61,1.11423,0.0643437
Test,MI250X_two_gcd,256,16384,4194304,268435456,32,2774,17.1799,2147483648,0,0,0,0,0,0,0,0,0,0,0,0,0,0,0,0,0,0,0,0,0,0,0,0,0,0,0,0,0,0,0,0,0,8,0,7.21053,2382.61,0.503222,0.0187268
Test,MI250X_two_gcd,256,16384,4194304,268435456,32,2774,17.1799,2147483648,0,0,0,0,0,0,0,0,0,0,0,0,0,0,0,0,0,0,0,0,0,0,0,0,0,0,0,0,0,0,0,0,0,8,0,7.23123,2375.79,1.39167,0.0517893
Test,MI250X_two_gcd,256,16384,4194304,134217728,32,5474,8.58993,2147483648,0,0,0,0,0,0,0,0,0,0,0,0,0,0,0,0,0,0,0,0,0,0,0,0,0,0,0,0,0,0,0,0,0,0,4,3.65723,2348.74,0.596228,0.0157949
Test,MI250X_two_gcd,256,16384,4194304,134217728,32,5474,8.58993,2147483648,0,0,0,0,0,0,0,0,0,0,0,0,0,0,0,0,0,0,0,0,0,0,0,0,0,0,0,0,0,0,0,0,0,0,4,3.66688,2342.57,1.45609,0.0385736
Test,MI250X_two_gcd,256,16384,4194304,1073741824,64,2753,68.7195,2147483648,32,0,0,0,0,0,0,0,0,0,0,0,0,0,0,0,0,0,0,0,0,0,0,0,0,0,0,0,0,0,0,0,0,0,0,7.26121,9463.92,16.2866,0.608391
Test,MI250X_two_gcd,256,16384,4194304,1073741824,64,2753,68.7195,2147483648,32,0,0,0,0,0,0,0,0,0,0,0,0,0,0,0,0,0,0,0,0,0,0,0,0,0,0,0,0,0,0,0,0,0,0,7.28086,9438.42,16.2162,0.605762
Test,MI250X_two_gcd,256,16384,4194304,536870912,64,5031,34.3597,2147483648,0,16,0,0,0,0,0,0,0,0,0,0,0,0,0,0,0,0,0,0,0,0,0,0,0,0,0,0,0,0,0,0,0,0,0,3.9763,8641.16,13.6417,0.376963
Test,MI250X_two_gcd,256,16384,4194304,536870912,64,5031,34.3597,2147483648,0,16,0,0,0,0,0,0,0,0,0,0,0,0,0,0,0,0,0,0,0,0,0,0,0,0,0,0,0,0,0,0,0,0,0,3.9806,8631.81,14.3464,0.396436
Test,MI250X_two_gcd,256,16384,4194304,268435456,64,10466,17.1799,2147483648,0,0,8,0,0,0,0,0,0,0,0,0,0,0,0,0,0,0,0,0,0,0,0,0,0,0,0,0,0,0,0,0,0,0,0,1.99801,8598.55,20.9277,0.400948
Test,MI250X_two_gcd,256,16384,4194304,268435456,64,10466,17.1799,2147483648,0,0,8,0,0,0,0,0,0,0,0,0,0,0,0,0,0,0,0,0,0,0,0,0,0,0,0,0,0,0,0,0,0,0,0,2.00061,8587.43,27.7812,0.532251
Test,MI250X_two_gcd,256,16384,4194304,134217728,64,11147,8.58993,2147483648,0,0,0,4,0,0,0,0,0,0,0,0,0,0,0,0,0,0,0,0,0,0,0,0,0,0,0,0,0,0,0,0,0,0,0,2.12431,4044.07,44.8293,0.832221
Test,MI250X_two_gcd,256,16384,4194304,134217728,64,11147,8.58993,2147483648,0,0,0,4,0,0,0,0,0,0,0,0,0,0,0,0,0,0,0,0,0,0,0,0,0,0,0,0,0,0,0,0,0,0,0,2.11786,4056,14.9048,0.276697
Test,MI250X_two_gcd,256,16384,4194304,536870912,64,5037,34.3597,2147483648,0,0,0,0,16,0,0,0,0,0,0,0,0,0,0,0,0,0,0,0,0,0,0,0,0,0,0,0,0,0,0,0,0,0,0,3.97136,8651.92,13.5848,0.375167
Test,MI250X_two_gcd,256,16384,4194304,536870912,64,5037,34.3597,2147483648,0,0,0,0,16,0,0,0,0,0,0,0,0,0,0,0,0,0,0,0,0,0,0,0,0,0,0,0,0,0,0,0,0,0,0,3.97435,8645.39,13.2991,0.367277
Test,MI250X_two_gcd,256,16384,4194304,268435456,64,19581,17.1799,1073741824,0,0,0,0,0,16,0,0,0,0,0,0,0,0,0,0,0,0,0,0,0,0,0,0,0,0,0,0,0,0,0,0,0,0,0,0.999094,17195.6,38.2822,0.536211
Test,MI250X_two_gcd,256,16384,4194304,268435456,64,19581,17.1799,1073741824,0,0,0,0,0,16,0,0,0,0,0,0,0,0,0,0,0,0,0,0,0,0,0,0,0,0,0,0,0,0,0,0,0,0,0,1.00058,17169.9,64.5945,0.904761
Test,MI250X_two_gcd,256,16384,4194304,134217728,64,11572,8.58993,2147483648,0,0,0,0,0,0,4,0,0,0,0,0,0,0,0,0,0,0,0,0,0,0,0,0,0,0,0,0,0,0,0,0,0,0,0,1.7236,4983.71,6.59796,0.120216
Test,MI250X_two_gcd,256,16384,4194304,134217728,64,11572,8.58993,2147483648,0,0,0,0,0,0,4,0,0,0,0,0,0,0,0,0,0,0,0,0,0,0,0,0,0,0,0,0,0,0,0,0,0,0,0,1.72286,4985.86,6.65363,0.12123
Test,MI250X_two_gcd,256,16384,4194304,1073741824,64,2767,68.7195,2147483648,0,0,0,0,0,0,0,32,0,0,0,0,0,0,0,0,0,0,0,0,0,0,0,0,0,0,0,0,0,0,0,0,0,0,0,7.22185,9515.53,16.9196,0.630436
Test,MI250X_two_gcd,256,16384,4194304,1073741824,64,2767,68.7195,2147483648,0,0,0,0,0,0,0,32,0,0,0,0,0,0,0,0,0,0,0,0,0,0,0,0,0,0,0,0,0,0,0,0,0,0,0,7.24527,9484.77,16.6944,0.622047
Test,MI250X_two_gcd,256,16384,4194304,536870912,64,5045,34.3597,2147483648,0,0,0,0,0,0,0,0,16,0,0,0,0,0,0,0,0,0,0,0,0,0,0,0,0,0,0,0,0,0,0,0,0,0,0,3.96547,8664.78,13.7141,0.378437
Test,MI250X_two_gcd,256,16384,4194304,536870912,64,5045,34.3597,2147483648,0,0,0,0,0,0,0,0,16,0,0,0,0,0,0,0,0,0,0,0,0,0,0,0,0,0,0,0,0,0,0,0,0,0,0,3.96966,8655.64,13.3654,0.368813
Test,MI250X_two_gcd,256,16384,4194304,268435456,64,10530,17.1799,2147483648,0,0,0,0,0,0,0,0,0,8,0,0,0,0,0,0,0,0,0,0,0,0,0,0,0,0,0,0,0,0,0,0,0,0,0,1.96317,8751.14,18.5013,0.353381
Test,MI250X_two_gcd,256,16384,4194304,268435456,64,10530,17.1799,2147483648,0,0,0,0,0,0,0,0,0,8,0,0,0,0,0,0,0,0,0,0,0,0,0,0,0,0,0,0,0,0,0,0,0,0,0,1.96181,8757.19,18.8692,0.360409
Test,MI250X_two_gcd,256,16384,4194304,134217728,64,5794,8.58993,2147483648,0,0,0,0,0,0,0,0,0,0,4,0,0,0,0,0,0,0,0,0,0,0,0,0,0,0,0,0,0,0,0,0,0,0,0,3.78984,2266.61,9.8034,0.252431
Test,MI250X_two_gcd,256,16384,4194304,134217728,64,5794,8.58993,2147483648,0,0,0,0,0,0,0,0,0,0,4,0,0,0,0,0,0,0,0,0,0,0,0,0,0,0,0,0,0,0,0,0,0,0,0,3.78578,2269.02,5.6822,0.146313
Test,MI250X_two_gcd,256,16384,4194304,536870912,64,5063,34.3597,2147483648,0,0,0,0,0,0,0,0,0,0,0,16,0,0,0,0,0,0,0,0,0,0,0,0,0,0,0,0,0,0,0,0,0,0,0,3.95132,8695.8,13.2944,0.366202
Test,MI250X_two_gcd,256,16384,4194304,536870912,64,5063,34.3597,2147483648,0,0,0,0,0,0,0,0,0,0,0,16,0,0,0,0,0,0,0,0,0,0,0,0,0,0,0,0,0,0,0,0,0,0,0,3.9559,8685.71,14.0444,0.386862
Test,MI250X_two_gcd,256,16384,4194304,268435456,64,21666,17.1799,1073741824,0,0,0,0,0,0,0,0,0,0,0,0,16,0,0,0,0,0,0,0,0,0,0,0,0,0,0,0,0,0,0,0,0,0,0,0.949301,18097.6,42.1344,0.561052
Test,MI250X_two_gcd,256,16384,4194304,268435456,64,21666,17.1799,1073741824,0,0,0,0,0,0,0,0,0,0,0,0,16,0,0,0,0,0,0,0,0,0,0,0,0,0,0,0,0,0,0,0,0,0,0,0.950204,18080.5,53.1045,0.707128
Test,MI250X_two_gcd,256,16384,4194304,134217728,64,11579,8.58993,2147483648,0,0,0,0,0,0,0,0,0,0,0,0,0,4,0,0,0,0,0,0,0,0,0,0,0,0,0,0,0,0,0,0,0,0,0,1.72249,4986.93,7.0507,0.128426
Test,MI250X_two_gcd,256,16384,4194304,134217728,64,11579,8.58993,2147483648,0,0,0,0,0,0,0,0,0,0,0,0,0,4,0,0,0,0,0,0,0,0,0,0,0,0,0,0,0,0,0,0,0,0,0,1.72218,4987.83,7.05791,0.128557
Test,MI250X_two_gcd,256,16384,4194304,1073741824,64,2681,137.439,2147483648,0,0,0,0,0,0,0,0,0,0,0,0,0,0,64,0,0,0,0,0,0,0,0,0,0,0,0,0,0,0,0,0,0,0,0,7.45818,18428,27.8142,1.05287
Test,MI250X_two_gcd,256,16384,4194304,1073741824,64,2681,137.439,2147483648,0,0,0,0,0,0,0,0,0,0,0,0,0,0,64,0,0,0,0,0,0,0,0,0,0,0,0,0,0,0,0,0,0,0,0,7.47753,18380.3,27.689,1.04813
Test,MI250X_two_gcd,256,16384,4194304,536870912,64,4931,68.7195,2147483648,0,0,0,0,0,0,0,0,0,0,0,0,0,0,0,32,0,0,0,0,0,0,0,0,0,0,0,0,0,0,0,0,0,0,0,4.05933,16928.7,24.7597,0.691089
Test,MI250X_two_gcd,256,16384,4194304,536870912,64,4931,68.7195,2147483648,0,0,0,0,0,0,0,0,0,0,0,0,0,0,0,32,0,0,0,0,0,0,0,0,0,0,0,0,0,0,0,0,0,0,0,4.06347,16911.5,25.8443,0.721362
Test,MI250X_two_gcd,256,16384,4194304,268435456,64,9105,34.3597,2147483648,0,0,0,0,0,0,0,0,0,0,0,0,0,0,0,0,16,0,0,0,0,0,0,0,0,0,0,0,0,0,0,0,0,0,0,2.22188,15464.4,46.3451,0.951963
Test,MI250X_two_gcd,256,16384,4194304,268435456,64,9105,34.3597,2147483648,0,0,0,0,0,0,0,0,0,0,0,0,0,0,0,0,16,0,0,0,0,0,0,0,0,0,0,0,0,0,0,0,0,0,0,2.21894,15484.9,42.8781,0.880747
Test,MI250X_two_gcd,256,16384,4194304,134217728,64,5523,17.1799,2147483648,0,0,0,0,0,0,0,0,0,0,0,0,0,0,0,0,0,8,0,0,0,0,0,0,0,0,0,0,0,0,0,0,0,0,0,3.95144,4347.85,21.5849,0.569269
Test,MI250X_two_gcd,256,16384,4194304,134217728,64,5523,17.1799,2147483648,0,0,0,0,0,0,0,0,0,0,0,0,0,0,0,0,0,8,0,0,0,0,0,0,0,0,0,0,0,0,0,0,0,0,0,3.94766,4351.95,13.3184,0.351252
Test,MI250X_two_gcd,256,16384,4194304,536870912,64,2980,68.7195,2147483648,0,0,0,0,0,0,0,0,0,0,0,0,0,0,0,0,0,0,32,0,0,0,0,0,0,0,0,0,0,0,0,0,0,0,0,6.7111,10239.7,2.61535,0.0939026
Test,MI250X_two_gcd,256,16384,4194304,536870912,64,2980,68.7195,2147483648,0,0,0,0,0,0,0,0,0,0,0,0,0,0,0,0,0,0,32,0,0,0,0,0,0,0,0,0,0,0,0,0,0,0,0,6.73001,10210.9,2.28725,0.0821225
Test,MI250X_two_gcd,256,16384,4194304,268435456,64,17916,34.3597,1073741824,0,0,0,0,0,0,0,0,0,0,0,0,0,0,0,0,0,0,0,32,0,0,0,0,0,0,0,0,0,0,0,0,0,0,0,1.08772,31589.3,114.304,1.67377
Test,MI250X_two_gcd,256,16384,4194304,268435456,64,17916,34.3597,1073741824,0,0,0,0,0,0,0,0,0,0,0,0,0,0,0,0,0,0,0,32,0,0,0,0,0,0,0,0,0,0,0,0,0,0,0,1.10971,30964.5,216.481,3.16997
Test,MI250X_two_gcd,256,16384,4194304,134217728,64,11562,17.1799,2147483648,0,0,0,0,0,0,0,0,0,0,0,0,0,0,0,0,0,0,0,0,8,0,0,0,0,0,0,0,0,0,0,0,0,0,0,1.73027,9929.01,14.8165,0.270075
Test,MI250X_two_gcd,256,16384,4194304,134217728,64,11562,17.1799,2147483648,0,0,0,0,0,0,0,0,0,0,0,0,0,0,0,0,0,0,0,0,8,0,0,0,0,0,0,0,0,0,0,0,0,0,0,1.72981,9931.66,14.6756,0.267508
Test,MI250X_two_gcd,256,16384,4194304,1073741824,64,454,68.7195,2147483648,0,0,0,0,0,0,0,0,0,0,0,0,0,0,0,0,0,0,0,0,0,32,0,0,0,0,0,0,0,0,0,0,0,0,0,44.0479,1560.11,0.308439,0.0283725
Test,MI250X_two_gcd,256,16384,4194304,1073741824,64,454,68.7195,2147483648,0,0,0,0,0,0,0,0,0,0,0,0,0,0,0,0,0,0,0,0,0,32,0,0,0,0,0,0,0,0,0,0,0,0,0,44.1886,1555.14,0.887661,0.0816536
Test,MI250X_two_gcd,256,16384,4194304,536870912,64,904,34.3597,2147483648,0,0,0,0,0,0,0,0,0,0,0,0,0,0,0,0,0,0,0,0,0,0,16,0,0,0,0,0,0,0,0,0,0,0,0,22.1121,1553.89,0.275846,0.017982
Test,MI250X_two_gcd,256,16384,4194304,536870912,64,904,34.3597,2147483648,0,0,0,0,0,0,0,0,0,0,0,0,0,0,0,0,0,0,0,0,0,0,16,0,0,0,0,0,0,0,0,0,0,0,0,22.1716,1549.72,0.856737,0.0558495
Test,MI250X_two_gcd,256,16384,4194304,268435456,64,1148,17.1799,2147483648,0,0,0,0,0,0,0,0,0,0,0,0,0,0,0,0,0,0,0,0,0,0,0,8,0,0,0,0,0,0,0,0,0,0,0,17.4143,986.541,0.165978,0.00960145
Test,MI250X_two_gcd,256,16384,4194304,268435456,64,1148,17.1799,2147483648,0,0,0,0,0,0,0,0,0,0,0,0,0,0,0,0,0,0,0,0,0,0,0,8,0,0,0,0,0,0,0,0,0,0,0,17.4639,983.736,0.528433,0.0305686
Test,MI250X_two_gcd,256,16384,4194304,134217728,64,1002,8.58993,2147483648,0,0,0,0,0,0,0,0,0,0,0,0,0,0,0,0,0,0,0,0,0,0,0,0,4,0,0,0,0,0,0,0,0,0,0,19.9497,430.58,0.0603302,0.00373557
Test,MI250X_two_gcd,256,16384,4194304,134217728,64,1002,8.58993,2147483648,0,0,0,0,0,0,0,0,0,0,0,0,0,0,0,0,0,0,0,0,0,0,0,0,4,0,0,0,0,0,0,0,0,0,0,19.9983,429.535,0.255979,0.0158499
Test,MI250X_two_gcd,256,16384,4194304,536870912,64,1547,34.3597,2147483648,0,0,0,0,0,0,0,0,0,0,0,0,0,0,0,0,0,0,0,0,0,0,0,0,0,16,0,0,0,0,0,0,0,0,0,12.9197,2659.49,0.547595,0.0272879
Test,MI250X_two_gcd,256,16384,4194304,536870912,64,1547,34.3597,2147483648,0,0,0,0,0,0,0,0,0,0,0,0,0,0,0,0,0,0,0,0,0,0,0,0,0,16,0,0,0,0,0,0,0,0,0,12.9526,2652.73,1.07113,0.0533771
Test,MI250X_two_gcd,256,16384,4194304,268435456,64,867,17.1799,2147483648,0,0,0,0,0,0,0,0,0,0,0,0,0,0,0,0,0,0,0,0,0,0,0,0,0,0,8,0,0,0,0,0,0,0,0,23.0386,745.702,0.174395,0.0116086
Test,MI250X_two_gcd,256,16384,4194304,268435456,64,867,17.1799,2147483648,0,0,0,0,0,0,0,0,0,0,0,0,0,0,0,0,0,0,0,0,0,0,0,0,0,0,8,0,0,0,0,0,0,0,0,23.0886,744.085,0.449986,0.0299534
Test,MI250X_two_gcd,256,16384,4194304,134217728,64,1386,8.58993,2147483648,0,0,0,0,0,0,0,0,0,0,0,0,0,0,0,0,0,0,0,0,0,0,0,0,0,0,0,4,0,0,0,0,0,0,0,14.4924,592.839,8.47327,0.446093
Test,MI250X_two_gcd,256,16384,4194304,134217728,64,1386,8.58993,2147483648,0,0,0,0,0,0,0,0,0,0,0,0,0,0,0,0,0,0,0,0,0,0,0,0,0,0,0,4,0,0,0,0,0,0,0,14.7169,583.865,10.5396,0.554881
Test,MI250X_two_gcd,256,16384,4194304,1073741824,64,291,137.439,2147483648,0,0,0,0,0,0,0,0,0,0,0,0,0,0,0,0,0,0,0,0,0,0,0,0,0,0,0,0,64,0,0,0,0,0,0,68.7341,1999.57,0.386542,0.0444126
Test,MI250X_two_gcd,256,16384,4194304,1073741824,64,291,137.439,2147483648,0,0,0,0,0,0,0,0,0,0,0,0,0,0,0,0,0,0,0,0,0,0,0,0,0,0,0,0,64,0,0,0,0,0,0,68.9537,1993.21,1.36537,0.156877
Test,MI250X_two_gcd,256,16384,4194304,536870912,64,581,68.7195,2147483648,0,0,0,0,0,0,0,0,0,0,0,0,0,0,0,0,0,0,0,0,0,0,0,0,0,0,0,0,0,32,0,0,0,0,0,34.3964,1997.87,0.295507,0.024029
Test,MI250X_two_gcd,256,16384,4194304,536870912,64,581,68.7195,2147483648,0,0,0,0,0,0,0,0,0,0,0,0,0,0,0,0,0,0,0,0,0,0,0,0,0,0,0,0,0,32,0,0,0,0,0,34.4995,1991.9,1.17088,0.0952094
Test,MI250X_two_gcd,256,16384,4194304,268435456,64,1164,34.3597,2147483648,0,0,0,0,0,0,0,0,0,0,0,0,0,0,0,0,0,0,0,0,0,0,0,0,0,0,0,0,0,0,16,0,0,0,0,17.1728,2000.83,0.339609,0.0195101
Test,MI250X_two_gcd,256,16384,4194304,268435456,64,1164,34.3597,2147483648,0,0,0,0,0,0,0,0,0,0,0,0,0,0,0,0,0,0,0,0,0,0,0,0,0,0,0,0,0,0,16,0,0,0,0,17.2252,1994.74,1.11948,0.0643123
Test,MI250X_two_gcd,256,16384,4194304,134217728,64,418,17.1799,2147483648,0,0,0,0,0,0,0,0,0,0,0,0,0,0,0,0,0,0,0,0,0,0,0,0,0,0,0,0,0,0,0,8,0,0,0,47.762,359.697,0.0615049,0.00589627
Test,MI250X_two_gcd,256,16384,4194304,134217728,64,418,17.1799,2147483648,0,0,0,0,0,0,0,0,0,0,0,0,0,0,0,0,0,0,0,0,0,0,0,0,0,0,0,0,0,0,0,8,0,0,0,47.9083,358.599,0.209769,0.0201099
Test,MI250X_two_gcd,256,16384,4194304,536870912,64,583,68.7195,2147483648,0,0,0,0,0,0,0,0,0,0,0,0,0,0,0,0,0,0,0,0,0,0,0,0,0,0,0,0,0,0,0,0,32,0,0,34.2784,2004.75,0.35672,0.0289568
Test,MI250X_two_gcd,256,16384,4194304,536870912,64,583,68.7195,2147483648,0,0,0,0,0,0,0,0,0,0,0,0,0,0,0,0,0,0,0,0,0,0,0,0,0,0,0,0,0,0,0,0,32,0,0,34.3792,1998.87,1.15371,0.093652
Test,MI250X_two_gcd,256,16384,4194304,268435456,64,1414,34.3597,2147483648,0,0,0,0,0,0,0,0,0,0,0,0,0,0,0,0,0,0,0,0,0,0,0,0,0,0,0,0,0,0,0,0,0,16,0,14.1352,2430.8,0.388306,0.0202398
Test,MI250X_two_gcd,256,16384,4194304,268435456,64,1414,34.3597,2147483648,0,0,0,0,0,0,0,0,0,0,0,0,0,0,0,0,0,0,0,0,0,0,0,0,0,0,0,0,0,0,0,0,0,16,0,14.1748,2424.01,1.04111,0.0542661
Test,MI250X_two_gcd,256,16384,4194304,134217728,64,2809,17.1799,2147483648,0,0,0,0,0,0,0,0,0,0,0,0,0,0,0,0,0,0,0,0,0,0,0,0,0,0,0,0,0,0,0,0,0,0,8,7.12196,2412.24,0.51596,0.0190808
Test,MI250X_two_gcd,256,16384,4194304,134217728,64,2809,17.1799,2147483648,0,0,0,0,0,0,0,0,0,0,0,0,0,0,0,0,0,0,0,0,0,0,0,0,0,0,0,0,0,0,0,0,0,0,8,7.14153,2405.63,1.05179,0.0388964
Test,MI250X_two_gcd,256,16384,4194304,1073741824,128,1511,137.439,2147483648,64,0,0,0,0,0,0,0,0,0,0,0,0,0,0,0,0,0,0,0,0,0,0,0,0,0,0,0,0,0,0,0,0,0,0,13.2261,10391.5,2.32706,0.117336
Test,MI250X_two_gcd,256,16384,4194304,1073741824,128,1511,137.439,2147483648,64,0,0,0,0,0,0,0,0,0,0,0,0,0,0,0,0,0,0,0,0,0,0,0,0,0,0,0,0,0,0,0,0,0,0,13.2617,10363.6,6.10316,0.307736
Test,MI250X_two_gcd,256,16384,4194304,536870912,128,2988,68.7195,2147483648,0,32,0,0,0,0,0,0,0,0,0,0,0,0,0,0,0,0,0,0,0,0,0,0,0,0,0,0,0,0,0,0,0,0,0,6.69158,10269.6,2.56339,0.0919139
Test,MI250X_two_gcd,256,16384,4194304,536870912,128,2988,68.7195,2147483648,0,32,0,0,0,0,0,0,0,0,0,0,0,0,0,0,0,0,0,0,0,0,0,0,0,0,0,0,0,0,0,0,0,0,0,6.70804,10244.4,3.10401,0.111299
Test,MI250X_two_gcd,256,16384,4194304,268435456,128,5774,34.3597,2147483648,0,0,16,0,0,0,0,0,0,0,0,0,0,0,0,0,0,0,0,0,0,0,0,0,0,0,0,0,0,0,0,0,0,0,0,3.58871,9574.45,22.9277,0.591397
Test,MI250X_two_gcd,256,16384,4194304,268435456,128,5774,34.3597,2147483648,0,0,16,0,0,0,0,0,0,0,0,0,0,0,0,0,0,0,0,0,0,0,0,0,0,0,0,0,0,0,0,0,0,0,0,3.58818,9575.86,23.8718,0.615748
Test,MI250X_two_gcd,256,16384,4194304,134217728,128,5816,17.1799,2147483648,0,0,0,8,0,0,0,0,0,0,0,0,0,0,0,0,0,0,0,0,0,0,0,0,0,0,0,0,0,0,0,0,0,0,0,3.77407,4552.16,19.834,0.509747
Test,MI250X_two_gcd,256,16384,4194304,134217728,128,5816,17.1799,2147483648,0,0,0,8,0,0,0,0,0,0,0,0,0,0,0,0,0,0,0,0,0,0,0,0,0,0,0,0,0,0,0,0,0,0,0,3.76783,4559.69,19.7001,0.506305
Test,MI250X_two_gcd,256,16384,4194304,536870912,128,3031,68.7195,2147483648,0,0,0,0,32,0,0,0,0,0,0,0,0,0,0,0,0,0,0,0,0,0,0,0,0,0,0,0,0,0,0,0,0,0,0,6.59602,10418.4,3.0689,0.109256
Test,MI250X_two_gcd,256,16384,4194304,536870912,128,3031,68.7195,2147483648,0,0,0,0,32,0,0,0,0,0,0,0,0,0,0,0,0,0,0,0,0,0,0,0,0,0,0,0,0,0,0,0,0,0,0,6.61304,10391.5,4.81383,0.171378
Test,MI250X_two_gcd,256,16384,4194304,268435456,128,10925,34.3597,1073741824,0,0,0,0,0,32,0,0,0,0,0,0,0,0,0,0,0,0,0,0,0,0,0,0,0,0,0,0,0,0,0,0,0,0,0,1.86259,18447.6,46.8179,0.877925
Test,MI250X_two_gcd,256,16384,4194304,268435456,128,10925,34.3597,1073741824,0,0,0,0,0,32,0,0,0,0,0,0,0,0,0,0,0,0,0,0,0,0,0,0,0,0,0,0,0,0,0,0,0,0,0,1.85852,18487.7,38.3437,0.719016
Test,MI250X_two_gcd,256,16384,4194304,134217728,128,11194,17.1799,2147483648,0,0,0,0,0,0,8,0,0,0,0,0,0,0,0,0,0,0,0,0,0,0,0,0,0,0,0,0,0,0,0,0,0,0,0,2.07813,8267.31,56.5107,1.04687
Test,MI250X_two_gcd,256,16384,4194304,134217728,128,11194,17.1799,2147483648,0,0,0,0,0,0,8,0,0,0,0,0,0,0,0,0,0,0,0,0,0,0,0,0,0,0,0,0,0,0,0,0,0,0,0,2.07541,8277.89,28.3587,0.525352
Test,MI250X_two_gcd,256,16384,4194304,1073741824,128,1520,137.439,2147483648,0,0,0,0,0,0,0,64,0,0,0,0,0,0,0,0,0,0,0,0,0,0,0,0,0,0,0,0,0,0,0,0,0,0,0,13.1461,10454.8,3.6104,0.181506
Test,MI250X_two_gcd,256,16384,4194304,1073741824,128,1520,137.439,2147483648,0,0,0,0,0,0,0,64,0,0,0,0,0,0,0,0,0,0,0,0,0,0,0,0,0,0,0,0,0,0,0,0,0,0,0,13.1811,10427,5.45682,0.27433
Test,MI250X_two_gcd,256,16384,4194304,536870912,128,3007,68.7195,2147483648,0,0,0,0,0,0,0,0,32,0,0,0,0,0,0,0,0,0,0,0,0,0,0,0,0,0,0,0,0,0,0,0,0,0,0,6.65097,10332.3,4.06655,0.14535
Test,MI250X_two_gcd,256,16384,4194304,536870912,128,3007,68.7195,2147483648,0,0,0,0,0,0,0,0,32,0,0,0,0,0,0,0,0,0,0,0,0,0,0,0,0,0,0,0,0,0,0,0,0,0,0,6.66651,10308.2,6.66423,0.238199
Test,MI250X_two_gcd,256,16384,4194304,268435456,128,5832,34.3597,2147483648,0,0,0,0,0,0,0,0,0,16,0,0,0,0,0,0,0,0,0,0,0,0,0,0,0,0,0,0,0,0,0,0,0,0,0,3.49685,9825.99,24.5578,0.630286
Test,MI250X_two_gcd,256,16384,4194304,268435456,128,5832,34.3597,2147483648,0,0,0,0,0,0,0,0,0,16,0,0,0,0,0,0,0,0,0,0,0,0,0,0,0,0,0,0,0,0,0,0,0,0,0,3.5,9817.12,21.6383,0.555354
Test,MI250X_two_gcd,256,16384,4194304,134217728,128,2945,17.1799,2147483648,0,0,0,0,0,0,0,0,0,0,8,0,0,0,0,0,0,0,0,0,0,0,0,0,0,0,0,0,0,0,0,0,0,0,0,7.04893,2437.24,5.10926,0.184532
Test,MI250X_two_gcd,256,16384,4194304,134217728,128,2945,17.1799,2147483648,0,0,0,0,0,0,0,0,0,0,8,0,0,0,0,0,0,0,0,0,0,0,0,0,0,0,0,0,0,0,0,0,0,0,0,7.04198,2439.65,4.85693,0.175418
Test,MI250X_two_gcd,256,16384,4194304,536870912,128,3068,68.7195,2147483648,0,0,0,0,0,0,0,0,0,0,0,32,0,0,0,0,0,0,0,0,0,0,0,0,0,0,0,0,0,0,0,0,0,0,0,6.51866,10542,2.72777,0.0965241
Test,MI250X_two_gcd,256,16384,4194304,536870912,128,3068,68.7195,2147483648,0,0,0,0,0,0,0,0,0,0,0,32,0,0,0,0,0,0,0,0,0,0,0,0,0,0,0,0,0,0,0,0,0,0,0,6.53573,10514.4,2.52627,0.0893941
Test,MI250X_two_gcd,256,16384,4194304,268435456,128,11646,34.3597,1073741824,0,0,0,0,0,0,0,0,0,0,0,0,32,0,0,0,0,0,0,0,0,0,0,0,0,0,0,0,0,0,0,0,0,0,0,1.72992,19862.4,46.7636,0.849329
Test,MI250X_two_gcd,256,16384,4194304,268435456,128,11646,34.3597,1073741824,0,0,0,0,0,0,0,0,0,0,0,0,32,0,0,0,0,0,0,0,0,0,0,0,0,0,0,0,0,0,0,0,0,0,0,1.7315,19844,42.2971,0.768207
Test,MI250X_two_gcd,256,16384,4194304,134217728,128,9318,17.1799,2147483648,0,0,0,0,0,0,0,0,0,0,0,0,0,8,0,0,0,0,0,0,0,0,0,0,0,0,0,0,0,0,0,0,0,0,0,2.35136,7306.45,30.9181,0.627781
Test,MI250X_two_gcd,256,16384,4194304,134217728,128,9318,17.1799,2147483648,0,0,0,0,0,0,0,0,0,0,0,0,0,8,0,0,0,0,0,0,0,0,0,0,0,0,0,0,0,0,0,0,0,0,0,2.34557,7324.47,26.7034,0.542202
Test,MI250X_two_gcd,256,16384,4194304,1073741824,128,1467,274.878,2147483648,0,0,0,0,0,0,0,0,0,0,0,0,0,0,128,0,0,0,0,0,0,0,0,0,0,0,0,0,0,0,0,0,0,0,0,13.6205,20181.2,4.99571,0.255646
Test,MI250X_two_gcd,256,16384,4194304,1073741824,128,1467,274.878,2147483648,0,0,0,0,0,0,0,0,0,0,0,0,0,0,128,0,0,0,0,0,0,0,0,0,0,0,0,0,0,0,0,0,0,0,0,13.6578,20126.1,10.028,0.513161
Test,MI250X_two_gcd,256,16384,4194304,536870912,128,2912,137.439,2147483648,0,0,0,0,0,0,0,0,0,0,0,0,0,0,0,64,0,0,0,0,0,0,0,0,0,0,0,0,0,0,0,0,0,0,0,6.86705,20014.3,5.90948,0.21464
Test,MI250X_two_gcd,256,16384,4194304,536870912,128,2912,137.439,2147483648,0,0,0,0,0,0,0,0,0,0,0,0,0,0,0,64,0,0,0,0,0,0,0,0,0,0,0,0,0,0,0,0,0,0,0,6.88486,19962.5,12.6871,0.460811
Test,MI250X_two_gcd,256,16384,4194304,268435456,128,4928,68.7195,2147483648,0,0,0,0,0,0,0,0,0,0,0,0,0,0,0,0,32,0,0,0,0,0,0,0,0,0,0,0,0,0,0,0,0,0,0,4.05121,16962.8,45.0179,1.25692
Test,MI250X_two_gcd,256,16384,4194304,268435456,128,4928,68.7195,2147483648,0,0,0,0,0,0,0,0,0,0,0,0,0,0,0,0,32,0,0,0,0,0,0,0,0,0,0,0,0,0,0,0,0,0,0,4.05278,16956.1,32.9783,0.920765
Test,MI250X_two_gcd,256,16384,4194304,134217728,128,2902,34.3597,2147483648,0,0,0,0,0,0,0,0,0,0,0,0,0,0,0,0,0,16,0,0,0,0,0,0,0,0,0,0,0,0,0,0,0,0,0,7.35768,4669.95,13.9913,0.509054
Test,MI250X_two_gcd,256,16384,4194304,134217728,128,2902,34.3597,2147483648,0,0,0,0,0,0,0,0,0,0,0,0,0,0,0,0,0,16,0,0,0,0,0,0,0,0,0,0,0,0,0,0,0,0,0,7.36812,4663.35,15.4222,0.561118
Test,MI250X_two_gcd,256,16384,4194304,536870912,128,1534,137.439,2147483648,0,0,0,0,0,0,0,0,0,0,0,0,0,0,0,0,0,0,64,0,0,0,0,0,0,0,0,0,0,0,0,0,0,0,0,13.033,10545.5,2.39185,0.119695
Test,MI250X_two_gcd,256,16384,4194304,536870912,128,1534,137.439,2147483648,0,0,0,0,0,0,0,0,0,0,0,0,0,0,0,0,0,0,64,0,0,0,0,0,0,0,0,0,0,0,0,0,0,0,0,13.0697,10515.8,4.20359,0.21036
Test,MI250X_two_gcd,256,16384,4194304,268435456,128,9868,68.7195,1073741824,0,0,0,0,0,0,0,0,0,0,0,0,0,0,0,0,0,0,0,64,0,0,0,0,0,0,0,0,0,0,0,0,0,0,0,1.96612,34952.2,92.816,1.83132
Test,MI250X_two_gcd,256,16384,4194304,268435456,128,9868,68.7195,1073741824,0,0,0,0,0,0,0,0,0,0,0,0,0,0,0,0,0,0,0,64,0,0,0,0,0,0,0,0,0,0,0,0,0,0,0,1.97742,34752.9,154.949,3.05724
Test,MI250X_two_gcd,256,16384,4194304,134217728,128,8228,34.3597,2147483648,0,0,0,0,0,0,0,0,0,0,0,0,0,0,0,0,0,0,0,0,16,0,0,0,0,0,0,0,0,0,0,0,0,0,0,2.51997,13635.1,43.5578,0.941186
Test,MI250X_two_gcd,256,16384,4194304,134217728,128,8228,34.3597,2147483648,0,0,0,0,0,0,0,0,0,0,0,0,0,0,0,0,0,0,0,0,16,0,0,0,0,0,0,0,0,0,0,0,0,0,0,2.52083,13630.4,36.9008,0.797342
Test,MI250X_two_gcd,256,16384,4194304,1073741824,128,228,137.439,2147483648,0,0,0,0,0,0,0,0,0,0,0,0,0,0,0,0,0,0,0,0,0,64,0,0,0,0,0,0,0,0,0,0,0,0,0,87.5289,1570.21,0.259774,0.0337198
Test,MI250X_two_gcd,256,16384,4194304,1073741824,128,228,137.439,2147483648,0,0,0,0,0,0,0,0,0,0,0,0,0,0,0,0,0,0,0,0,0,64,0,0,0,0,0,0,0,0,0,0,0,0,0,87.8115,1565.16,0.982825,0.127575
Test,MI250X_two_gcd,256,16384,4194304,536870912,128,456,68.7195,2147483648,0,0,0,0,0,0,0,0,0,0,0,0,0,0,0,0,0,0,0,0,0,0,32,0,0,0,0,0,0,0,0,0,0,0,0,43.8612,1566.75,0.241013,0.0221214
Test,MI250X_two_gcd,256,16384,4194304,536870912,128,456,68.7195,2147483648,0,0,0,0,0,0,0,0,0,0,0,0,0,0,0,0,0,0,0,0,0,0,32,0,0,0,0,0,0,0,0,0,0,0,0,43.9943,1562.01,0.86632,0.0795156
Test,MI250X_two_gcd,256,16384,4194304,268435456,128,577,34.3597,2147483648,0,0,0,0,0,0,0,0,0,0,0,0,0,0,0,0,0,0,0,0,0,0,0,16,0,0,0,0,0,0,0,0,0,0,0,34.6355,992.038,0.162976,0.0132982
Test,MI250X_two_gcd,256,16384,4194304,268435456,128,577,34.3597,2147483648,0,0,0,0,0,0,0,0,0,0,0,0,0,0,0,0,0,0,0,0,0,0,0,16,0,0,0,0,0,0,0,0,0,0,0,34.7403,989.045,0.559606,0.0456616
Test,MI250X_two_gcd,256,16384,4194304,134217728,128,501,17.1799,2147483648,0,0,0,0,0,0,0,0,0,0,0,0,0,0,0,0,0,0,0,0,0,0,0,0,8,0,0,0,0,0,0,0,0,0,0,39.8923,430.656,0.0797239,0.00698113
Test,MI250X_two_gcd,256,16384,4194304,134217728,128,501,17.1799,2147483648,0,0,0,0,0,0,0,0,0,0,0,0,0,0,0,0,0,0,0,0,0,0,0,0,8,0,0,0,0,0,0,0,0,0,0,40.0024,429.472,0.235844,0.020652
Test,MI250X_two_gcd,256,16384,4194304,536870912,128,787,68.7195,2147483648,0,0,0,0,0,0,0,0,0,0,0,0,0,0,0,0,0,0,0,0,0,0,0,0,0,32,0,0,0,0,0,0,0,0,0,25.4037,2705.1,0.5688,0.03974
Test,MI250X_two_gcd,256,16384,4194304,536870912,128,787,68.7195,2147483648,0,0,0,0,0,0,0,0,0,0,0,0,0,0,0,0,0,0,0,0,0,0,0,0,0,32,0,0,0,0,0,0,0,0,0,25.4782,2697.18,1.62862,0.113786
Test,MI250X_two_gcd,256,16384,4194304,268435456,128,441,34.3597,2147483648,0,0,0,0,0,0,0,0,0,0,0,0,0,0,0,0,0,0,0,0,0,0,0,0,0,0,16,0,0,0,0,0,0,0,0,45.2481,759.364,0.177675,0.016583
Test,MI250X_two_gcd,256,16384,4194304,268435456,128,441,34.3597,2147483648,0,0,0,0,0,0,0,0,0,0,0,0,0,0,0,0,0,0,0,0,0,0,0,0,0,0,16,0,0,0,0,0,0,0,0,45.3687,757.344,0.425434,0.0397072
Test,MI250X_two_gcd,256,16384,4194304,134217728,128,704,17.1799,2147483648,0,0,0,0,0,0,0,0,0,0,0,0,0,0,0,0,0,0,0,0,0,0,0,0,0,0,0,8,0,0,0,0,0,0,0,28.6838,598.939,0.601584,0.0444392
Test,MI250X_two_gcd,256,16384,4194304,134217728,128,704,17.1799,2147483648,0,0,0,0,0,0,0,0,0,0,0,0,0,0,0,0,0,0,0,0,0,0,0,0,0,0,0,8,0,0,0,0,0,0,0,29.1843,588.669,1.12224,0.0829002
Test,MI250X_two_gcd,256,16384,4194304,1073741824,128,146,274.878,2147483648,0,0,0,0,0,0,0,0,0,0,0,0,0,0,0,0,0,0,0,0,0,0,0,0,0,0,0,0,128,0,0,0,0,0,0,136.949,2007.15,0.441216,0.07157
Test,MI250X_two_gcd,256,16384,4194304,1073741824,128,146,274.878,2147483648,0,0,0,0,0,0,0,0,0,0,0,0,0,0,0,0,0,0,0,0,0,0,0,0,0,0,0,0,128,0,0,0,0,0,0,137.376,2000.92,1.33841,0.217105
Test,MI250X_two_gcd,256,16384,4194304,536870912,128,292,137.439,2147483648,0,0,0,0,0,0,0,0,0,0,0,0,0,0,0,0,0,0,0,0,0,0,0,0,0,0,0,0,0,64,0,0,0,0,0,68.4538,2007.76,0.376382,0.0431711
Test,MI250X_two_gcd,256,16384,4194304,536870912,128,292,137.439,2147483648,0,0,0,0,0,0,0,0,0,0,0,0,0,0,0,0,0,0,0,0,0,0,0,0,0,0,0,0,0,64,0,0,0,0,0,68.6608,2001.71,1.37042,0.157187
Test,MI250X_two_gcd,256,16384,4194304,268435456,128,585,68.7195,2147483648,0,0,0,0,0,0,0,0,0,0,0,0,0,0,0,0,0,0,0,0,0,0,0,0,0,0,0,0,0,0,32,0,0,0,0,34.1489,2012.35,0.336126,0.0272383
Test,MI250X_two_gcd,256,16384,4194304,268435456,128,585,68.7195,2147483648,0,0,0,0,0,0,0,0,0,0,0,0,0,0,0,0,0,0,0,0,0,0,0,0,0,0,0,0,0,0,32,0,0,0,0,34.2535,2006.21,1.18357,0.0959115
Test,MI250X_two_gcd,256,16384,4194304,134217728,128,209,34.3597,2147483648,0,0,0,0,0,0,0,0,0,0,0,0,0,0,0,0,0,0,0,0,0,0,0,0,0,0,0,0,0,0,0,16,0,0,0,95.8241,358.571,0.0777903,0.0105465
Test,MI250X_two_gcd,256,16384,4194304,134217728,128,209,34.3597,2147483648,0,0,0,0,0,0,0,0,0,0,0,0,0,0,0,0,0,0,0,0,0,0,0,0,0,0,0,0,0,0,0,16,0,0,0,96.1004,357.54,0.233539,0.0316623
Test,MI250X_two_gcd,256,16384,4194304,536870912,128,294,137.439,2147483648,0,0,0,0,0,0,0,0,0,0,0,0,0,0,0,0,0,0,0,0,0,0,0,0,0,0,0,0,0,0,0,0,64,0,0,68.0879,2018.55,0.394032,0.0450417
Test,MI250X_two_gcd,256,16384,4194304,536870912,128,294,137.439,2147483648,0,0,0,0,0,0,0,0,0,0,0,0,0,0,0,0,0,0,0,0,0,0,0,0,0,0,0,0,0,0,0,0,64,0,0,68.2947,2012.44,1.39965,0.159994
Test,MI250X_two_gcd,256,16384,4194304,268435456,128,715,68.7195,2147483648,0,0,0,0,0,0,0,0,0,0,0,0,0,0,0,0,0,0,0,0,0,0,0,0,0,0,0,0,0,0,0,0,0,32,0,27.9674,2457.13,0.385695,0.0282714
Test,MI250X_two_gcd,256,16384,4194304,268435456,128,715,68.7195,2147483648,0,0,0,0,0,0,0,0,0,0,0,0,0,0,0,0,0,0,0,0,0,0,0,0,0,0,0,0,0,0,0,0,0,32,0,28.0543,2449.51,1.41437,0.103673
Test,MI250X_two_gcd,256,16384,4194304,134217728,128,1423,34.3597,2147483648,0,0,0,0,0,0,0,0,0,0,0,0,0,0,0,0,0,0,0,0,0,0,0,0,0,0,0,0,0,0,0,0,0,0,16,14.0465,2446.14,0.431995,0.0224456
Test,MI250X_two_gcd,256,16384,4194304,134217728,128,1423,34.3597,2147483648,0,0,0,0,0,0,0,0,0,0,0,0,0,0,0,0,0,0,0,0,0,0,0,0,0,0,0,0,0,0,0,0,0,0,16,14.0871,2439.09,1.02406,0.0532084
Test,MI250X_two_gcd,256,16384,4194304,1073741824,256,767,274.878,2147483648,128,0,0,0,0,0,0,0,0,0,0,0,0,0,0,0,0,0,0,0,0,0,0,0,0,0,0,0,0,0,0,0,0,0,0,26.026,10561.7,2.8013,0.198252
Test,MI250X_two_gcd,256,16384,4194304,1073741824,256,767,274.878,2147483648,128,0,0,0,0,0,0,0,0,0,0,0,0,0,0,0,0,0,0,0,0,0,0,0,0,0,0,0,0,0,0,0,0,0,0,26.1026,10530.7,4.53561,0.320992
Test,MI250X_two_gcd,256,16384,4194304,536870912,256,1527,137.439,2147483648,0,64,0,0,0,0,0,0,0,0,0,0,0,0,0,0,0,0,0,0,0,0,0,0,0,0,0,0,0,0,0,0,0,0,0,13.0916,10498.2,2.45495,0.123134
Test,MI250X_two_gcd,256,16384,4194304,536870912,256,1527,137.439,2147483648,0,64,0,0,0,0,0,0,0,0,0,0,0,0,0,0,0,0,0,0,0,0,0,0,0,0,0,0,0,0,0,0,0,0,0,13.1246,10471.9,6.30325,0.316156
Test,MI250X_two_gcd,256,16384,4194304,268435456,256,2955,68.7195,2147483648,0,0,32,0,0,0,0,0,0,0,0,0,0,0,0,0,0,0,0,0,0,0,0,0,0,0,0,0,0,0,0,0,0,0,0,6.79109,10119.1,17.3401,0.625215
Test,MI250X_two_gcd,256,16384,4194304,268435456,256,2955,68.7195,2147483648,0,0,32,0,0,0,0,0,0,0,0,0,0,0,0,0,0,0,0,0,0,0,0,0,0,0,0,0,0,0,0,0,0,0,0,6.79903,10107.3,15.9901,0.576537
Test,MI250X_two_gcd,256,16384,4194304,134217728,256,2956,34.3597,2147483648,0,0,0,16,0,0,0,0,0,0,0,0,0,0,0,0,0,0,0,0,0,0,0,0,0,0,0,0,0,0,0,0,0,0,0,7.00335,4906.21,12.8003,0.46145
Test,MI250X_two_gcd,256,16384,4194304,134217728,256,2956,34.3597,2147483648,0,0,0,16,0,0,0,0,0,0,0,0,0,0,0,0,0,0,0,0,0,0,0,0,0,0,0,0,0,0,0,0,0,0,0,6.98991,4915.65,10.0144,0.361019
Test,MI250X_two_gcd,256,16384,4194304,536870912,256,1551,137.439,2147483648,0,0,0,0,64,0,0,0,0,0,0,0,0,0,0,0,0,0,0,0,0,0,0,0,0,0,0,0,0,0,0,0,0,0,0,12.8884,10663.7,2.34112,0.116513
Test,MI250X_two_gcd,256,16384,4194304,536870912,256,1551,137.439,2147483648,0,0,0,0,64,0,0,0,0,0,0,0,0,0,0,0,0,0,0,0,0,0,0,0,0,0,0,0,0,0,0,0,0,0,0,12.9224,10635.7,5.85665,0.291474
Test,MI250X_two_gcd,256,16384,4194304,268435456,256,5791,68.7195,1073741824,0,0,0,0,0,64,0,0,0,0,0,0,0,0,0,0,0,0,0,0,0,0,0,0,0,0,0,0,0,0,0,0,0,0,0,3.55434,19334.2,57.8027,1.48877
Test,MI250X_two_gcd,256,16384,4194304,268435456,256,5791,68.7195,1073741824,0,0,0,0,0,64,0,0,0,0,0,0,0,0,0,0,0,0,0,0,0,0,0,0,0,0,0,0,0,0,0,0,0,0,0,3.55115,19351.5,50.4887,1.30039
Test,MI250X_two_gcd,256,16384,4194304,134217728,256,5880,34.3597,2147483648,0,0,0,0,0,0,16,0,0,0,0,0,0,0,0,0,0,0,0,0,0,0,0,0,0,0,0,0,0,0,0,0,0,0,0,3.66449,9376.5,35.2335,0.900581
Test,MI250X_two_gcd,256,16384,4194304,134217728,256,5880,34.3597,2147483648,0,0,0,0,0,0,16,0,0,0,0,0,0,0,0,0,0,0,0,0,0,0,0,0,0,0,0,0,0,0,0,0,0,0,0,3.67023,9361.93,41.6786,1.06532
Test,MI250X_two_gcd,256,16384,4194304,1073741824,256,772,274.878,2147483648,0,0,0,0,0,0,0,128,0,0,0,0,0,0,0,0,0,0,0,0,0,0,0,0,0,0,0,0,0,0,0,0,0,0,0,25.8695,10625.6,3.91361,0.276074
Test,MI250X_two_gcd,256,16384,4194304,1073741824,256,772,274.878,2147483648,0,0,0,0,0,0,0,128,0,0,0,0,0,0,0,0,0,0,0,0,0,0,0,0,0,0,0,0,0,0,0,0,0,0,0,25.947,10593.8,5.37323,0.379038
Test,MI250X_two_gcd,256,16384,4194304,536870912,256,1536,137.439,2147483648,0,0,0,0,0,0,0,0,64,0,0,0,0,0,0,0,0,0,0,0,0,0,0,0,0,0,0,0,0,0,0,0,0,0,0,13.0118,10562.7,3.72716,0.186397
Test,MI250X_two_gcd,256,16384,4194304,536870912,256,1536,137.439,2147483648,0,0,0,0,0,0,0,0,64,0,0,0,0,0,0,0,0,0,0,0,0,0,0,0,0,0,0,0,0,0,0,0,0,0,0,13.0486,10532.9,6.6678,0.33346
Test,MI250X_two_gcd,256,16384,4194304,268435456,256,2982,68.7195,2147483648,0,0,0,0,0,0,0,0,0,32,0,0,0,0,0,0,0,0,0,0,0,0,0,0,0,0,0,0,0,0,0,0,0,0,0,6.70682,10246.2,4.4774,0.160705
Test,MI250X_two_gcd,256,16384,4194304,268435456,256,2982,68.7195,2147483648,0,0,0,0,0,0,0,0,0,32,0,0,0,0,0,0,0,0,0,0,0,0,0,0,0,0,0,0,0,0,0,0,0,0,0,6.72182,10223.3,6.37124,0.228679
Test,MI250X_two_gcd,256,16384,4194304,134217728,256,1485,34.3597,2147483648,0,0,0,0,0,0,0,0,0,0,16,0,0,0,0,0,0,0,0,0,0,0,0,0,0,0,0,0,0,0,0,0,0,0,0,13.4929,2546.51,2.8474,0.144824
Test,MI250X_two_gcd,256,16384,4194304,134217728,256,1485,34.3597,2147483648,0,0,0,0,0,0,0,0,0,0,16,0,0,0,0,0,0,0,0,0,0,0,0,0,0,0,0,0,0,0,0,0,0,0,0,13.5185,2541.69,3.16093,0.160771
Test,MI250X_two_gcd,256,16384,4194304,536870912,256,1570,137.439,2147483648,0,0,0,0,0,0,0,0,0,0,0,64,0,0,0,0,0,0,0,0,0,0,0,0,0,0,0,0,0,0,0,0,0,0,0,12.7334,10793.6,2.53006,0.125152
Test,MI250X_two_gcd,256,16384,4194304,536870912,256,1570,137.439,2147483648,0,0,0,0,0,0,0,0,0,0,0,64,0,0,0,0,0,0,0,0,0,0,0,0,0,0,0,0,0,0,0,0,0,0,0,12.7659,10766.1,6.14994,0.304213
Test,MI250X_two_gcd,256,16384,4194304,268435456,256,5987,68.7195,1073741824,0,0,0,0,0,0,0,0,0,0,0,0,64,0,0,0,0,0,0,0,0,0,0,0,0,0,0,0,0,0,0,0,0,0,0,3.34458,20546.3,8.79131,0.222692
Test,MI250X_two_gcd,256,16384,4194304,268435456,256,5987,68.7195,1073741824,0,0,0,0,0,0,0,0,0,0,0,0,64,0,0,0,0,0,0,0,0,0,0,0,0,0,0,0,0,0,0,0,0,0,0,3.35263,20496.9,7.06071,0.178854
Test,MI250X_two_gcd,256,16384,4194304,134217728,256,5131,34.3597,2147483648,0,0,0,0,0,0,0,0,0,0,0,0,0,16,0,0,0,0,0,0,0,0,0,0,0,0,0,0,0,0,0,0,0,0,0,4.10027,8380.01,32.027,0.876338
Test,MI250X_two_gcd,256,16384,4194304,134217728,256,5131,34.3597,2147483648,0,0,0,0,0,0,0,0,0,0,0,0,0,16,0,0,0,0,0,0,0,0,0,0,0,0,0,0,0,0,0,0,0,0,0,4.08531,8410.6,18.3243,0.501398
Test,MI250X_two_gcd,256,16384,4194304,1073741824,256,751,549.756,2147483648,0,0,0,0,0,0,0,0,0,0,0,0,0,0,256,0,0,0,0,0,0,0,0,0,0,0,0,0,0,0,0,0,0,0,0,26.5999,20667.6,5.29478,0.37869
Test,MI250X_two_gcd,256,16384,4194304,1073741824,256,751,549.756,2147483648,0,0,0,0,0,0,0,0,0,0,0,0,0,0,256,0,0,0,0,0,0,0,0,0,0,0,0,0,0,0,0,0,0,0,0,26.6779,20607.2,9.00076,0.643747
Test,MI250X_two_gcd,256,16384,4194304,536870912,256,1499,274.878,2147483648,0,0,0,0,0,0,0,0,0,0,0,0,0,0,0,128,0,0,0,0,0,0,0,0,0,0,0,0,0,0,0,0,0,0,0,13.3328,20616.6,5.18324,0.262396
Test,MI250X_two_gcd,256,16384,4194304,536870912,256,1499,274.878,2147483648,0,0,0,0,0,0,0,0,0,0,0,0,0,0,0,128,0,0,0,0,0,0,0,0,0,0,0,0,0,0,0,0,0,0,0,13.3687,20561.2,9.96255,0.504343
Test,MI250X_two_gcd,256,16384,4194304,268435456,256,2553,137.439,2147483648,0,0,0,0,0,0,0,0,0,0,0,0,0,0,0,0,64,0,0,0,0,0,0,0,0,0,0,0,0,0,0,0,0,0,0,7.66358,17934.1,42.1842,1.63637
Test,MI250X_two_gcd,256,16384,4194304,268435456,256,2553,137.439,2147483648,0,0,0,0,0,0,0,0,0,0,0,0,0,0,0,0,64,0,0,0,0,0,0,0,0,0,0,0,0,0,0,0,0,0,0,7.68128,17892.9,59.7647,2.31833
Test,MI250X_two_gcd,256,16384,4194304,134217728,256,1463,68.7195,2147483648,0,0,0,0,0,0,0,0,0,0,0,0,0,0,0,0,0,32,0,0,0,0,0,0,0,0,0,0,0,0,0,0,0,0,0,14.1376,4860.78,11.3312,0.580646
Test,MI250X_two_gcd,256,16384,4194304,134217728,256,1463,68.7195,2147483648,0,0,0,0,0,0,0,0,0,0,0,0,0,0,0,0,0,32,0,0,0,0,0,0,0,0,0,0,0,0,0,0,0,0,0,14.115,4868.56,9.21425,0.472165
Test,MI250X_two_gcd,256,16384,4194304,536870912,256,779,274.878,2147483648,0,0,0,0,0,0,0,0,0,0,0,0,0,0,0,0,0,0,128,0,0,0,0,0,0,0,0,0,0,0,0,0,0,0,0,25.6639,10710.7,1.71042,0.120113
Test,MI250X_two_gcd,256,16384,4194304,536870912,256,779,274.878,2147483648,0,0,0,0,0,0,0,0,0,0,0,0,0,0,0,0,0,0,128,0,0,0,0,0,0,0,0,0,0,0,0,0,0,0,0,25.736,10680.7,5.90626,0.414763
Test,MI250X_two_gcd,256,16384,4194304,268435456,256,5182,137.439,1073741824,0,0,0,0,0,0,0,0,0,0,0,0,0,0,0,0,0,0,0,128,0,0,0,0,0,0,0,0,0,0,0,0,0,0,0,3.72918,36855.2,90.64,2.4679
Test,MI250X_two_gcd,256,16384,4194304,268435456,256,5182,137.439,1073741824,0,0,0,0,0,0,0,0,0,0,0,0,0,0,0,0,0,0,0,128,0,0,0,0,0,0,0,0,0,0,0,0,0,0,0,3.73433,36804.6,120.103,3.27011
Test,MI250X_two_gcd,256,16384,4194304,134217728,256,4580,68.7195,2147483648,0,0,0,0,0,0,0,0,0,0,0,0,0,0,0,0,0,0,0,0,32,0,0,0,0,0,0,0,0,0,0,0,0,0,0,4.46356,15395.9,47.3395,1.37103
Test,MI250X_two_gcd,256,16384,4194304,134217728,256,4580,68.7195,2147483648,0,0,0,0,0,0,0,0,0,0,0,0,0,0,0,0,0,0,0,0,32,0,0,0,0,0,0,0,0,0,0,0,0,0,0,4.45703,15418.4,48.4635,1.40358
Test,MI250X_two_gcd,256,16384,4194304,1073741824,256,115,274.878,2147483648,0,0,0,0,0,0,0,0,0,0,0,0,0,0,0,0,0,0,0,0,0,128,0,0,0,0,0,0,0,0,0,0,0,0,0,174.375,1576.36,0.274721,0.050211
Test,MI250X_two_gcd,256,16384,4194304,1073741824,256,115,274.878,2147483648,0,0,0,0,0,0,0,0,0,0,0,0,0,0,0,0,0,0,0,0,0,128,0,0,0,0,0,0,0,0,0,0,0,0,0,174.873,1571.88,1.16419,0.21278
Test,MI250X_two_gcd,256,16384,4194304,536870912,256,229,137.439,2147483648,0,0,0,0,0,0,0,0,0,0,0,0,0,0,0,0,0,0,0,0,0,0,64,0,0,0,0,0,0,0,0,0,0,0,0,87.3275,1573.83,0.218592,0.0283122
Test,MI250X_two_gcd,256,16384,4194304,536870912,256,229,137.439,2147483648,0,0,0,0,0,0,0,0,0,0,0,0,0,0,0,0,0,0,0,0,0,0,64,0,0,0,0,0,0,0,0,0,0,0,0,87.5739,1569.4,0.983293,0.127356
Test,MI250X_two_gcd,256,16384,4194304,268435456,256,290,68.7195,2147483648,0,0,0,0,0,0,0,0,0,0,0,0,0,0,0,0,0,0,0,0,0,0,0,32,0,0,0,0,0,0,0,0,0,0,0,69.0183,995.67,0.170261,0.0195962
Test,MI250X_two_gcd,256,16384,4194304,268435456,256,290,68.7195,2147483648,0,0,0,0,0,0,0,0,0,0,0,0,0,0,0,0,0,0,0,0,0,0,0,32,0,0,0,0,0,0,0,0,0,0,0,69.214,992.856,0.672763,0.0774318
Test,MI250X_two_gcd,256,16384,4194304,134217728,256,249,34.3597,2147483648,0,0,0,0,0,0,0,0,0,0,0,0,0,0,0,0,0,0,0,0,0,0,0,0,16,0,0,0,0,0,0,0,0,0,0,80.1646,428.615,0.120485,0.0149654
Test,MI250X_two_gcd,256,16384,4194304,134217728,256,249,34.3597,2147483648,0,0,0,0,0,0,0,0,0,0,0,0,0,0,0,0,0,0,0,0,0,0,0,0,16,0,0,0,0,0,0,0,0,0,0,80.374,427.499,0.282555,0.0350961
Test,MI250X_two_gcd,256,16384,4194304,536870912,256,397,137.439,2147483648,0,0,0,0,0,0,0,0,0,0,0,0,0,0,0,0,0,0,0,0,0,0,0,0,0,64,0,0,0,0,0,0,0,0,0,50.3675,2728.73,0.441792,0.0434589
Test,MI250X_two_gcd,256,16384,4194304,536870912,256,397,137.439,2147483648,0,0,0,0,0,0,0,0,0,0,0,0,0,0,0,0,0,0,0,0,0,0,0,0,0,64,0,0,0,0,0,0,0,0,0,50.3288,2730.82,1.21333,0.119355
Test,MI250X_two_gcd,256,16384,4194304,268435456,256,223,68.7195,2147483648,0,0,0,0,0,0,0,0,0,0,0,0,0,0,0,0,0,0,0,0,0,0,0,0,0,0,32,0,0,0,0,0,0,0,0,89.6935,766.159,0.127929,0.0167908
Test,MI250X_two_gcd,256,16384,4194304,268435456,256,223,68.7195,2147483648,0,0,0,0,0,0,0,0,0,0,0,0,0,0,0,0,0,0,0,0,0,0,0,0,0,0,32,0,0,0,0,0,0,0,0,89.9224,764.209,0.492403,0.0646285
Test,MI250X_two_gcd,256,16384,4194304,134217728,256,368,34.3597,2147483648,0,0,0,0,0,0,0,0,0,0,0,0,0,0,0,0,0,0,0,0,0,0,0,0,0,0,0,16,0,0,0,0,0,0,0,54.7237,627.881,1.6537,0.168962
Test,MI250X_two_gcd,256,16384,4194304,134217728,256,368,34.3597,2147483648,0,0,0,0,0,0,0,0,0,0,0,0,0,0,0,0,0,0,0,0,0,0,0,0,0,0,0,16,0,0,0,0,0,0,0,55.4623,619.519,1.50224,0.153487
Test,MI250X_two_gcd,256,16384,4194304,1073741824,256,73,549.756,2147483648,0,0,0,0,0,0,0,0,0,0,0,0,0,0,0,0,0,0,0,0,0,0,0,0,0,0,0,0,256,0,0,0,0,0,0,273.429,2010.6,0.244031,0.0559809
Test,MI250X_two_gcd,256,16384,4194304,1073741824,256,73,549.756,2147483648,0,0,0,0,0,0,0,0,0,0,0,0,0,0,0,0,0,0,0,0,0,0,0,0,0,0,0,0,256,0,0,0,0,0,0,274.21,2004.87,1.68594,0.386755
Test,MI250X_two_gcd,256,16384,4194304,536870912,256,146,274.878,2147483648,0,0,0,0,0,0,0,0,0,0,0,0,0,0,0,0,0,0,0,0,0,0,0,0,0,0,0,0,0,128,0,0,0,0,0,136.577,2012.62,0.48321,0.0783818
Test,MI250X_two_gcd,256,16384,4194304,536870912,256,146,274.878,2147483648,0,0,0,0,0,0,0,0,0,0,0,0,0,0,0,0,0,0,0,0,0,0,0,0,0,0,0,0,0,128,0,0,0,0,0,136.967,2006.9,1.34341,0.217916
Test,MI250X_two_gcd,256,16384,4194304,268435456,256,294,137.439,2147483648,0,0,0,0,0,0,0,0,0,0,0,0,0,0,0,0,0,0,0,0,0,0,0,0,0,0,0,0,0,0,64,0,0,0,0,68.0906,2018.47,0.420128,0.0480247
Test,MI250X_two_gcd,256,16384,4194304,268435456,256,294,137.439,2147483648,0,0,0,0,0,0,0,0,0,0,0,0,0,0,0,0,0,0,0,0,0,0,0,0,0,0,0,0,0,0,64,0,0,0,0,68.2949,2012.44,1.38471,0.158286
Test,MI250X_two_gcd,256,16384,4194304,134217728,256,104,68.7195,2147483648,0,0,0,0,0,0,0,0,0,0,0,0,0,0,0,0,0,0,0,0,0,0,0,0,0,0,0,0,0,0,0,32,0,0,0,191.905,358.091,0.0970068,0.0186441
Test,MI250X_two_gcd,256,16384,4194304,134217728,256,104,68.7195,2147483648,0,0,0,0,0,0,0,0,0,0,0,0,0,0,0,0,0,0,0,0,0,0,0,0,0,0,0,0,0,0,0,32,0,0,0,192.454,357.069,0.267947,0.0514977
Test,MI250X_two_gcd,256,16384,4194304,536870912,256,147,274.878,2147483648,0,0,0,0,0,0,0,0,0,0,0,0,0,0,0,0,0,0,0,0,0,0,0,0,0,0,0,0,0,0,0,0,128,0,0,135.7,2025.63,0.365093,0.0590202
Test,MI250X_two_gcd,256,16384,4194304,536870912,256,147,274.878,2147483648,0,0,0,0,0,0,0,0,0,0,0,0,0,0,0,0,0,0,0,0,0,0,0,0,0,0,0,0,0,0,0,0,128,0,0,136.089,2019.84,1.3418,0.216912
Test,MI250X_two_gcd,256,16384,4194304,268435456,256,359,137.439,2147483648,0,0,0,0,0,0,0,0,0,0,0,0,0,0,0,0,0,0,0,0,0,0,0,0,0,0,0,0,0,0,0,0,0,64,0,55.6302,2470.58,0.429383,0.0444174
Test,MI250X_two_gcd,256,16384,4194304,268435456,256,359,137.439,2147483648,0,0,0,0,0,0,0,0,0,0,0,0,0,0,0,0,0,0,0,0,0,0,0,0,0,0,0,0,0,0,0,0,0,64,0,55.785,2463.73,1.12444,0.116318
Test,MI250X_two_gcd,256,16384,4194304,134217728,256,717,68.7195,2147483648,0,0,0,0,0,0,0,0,0,0,0,0,0,0,0,0,0,0,0,0,0,0,0,0,0,0,0,0,0,0,0,0,0,0,32,27.8836,2464.52,0.442863,0.0324165
Test,MI250X_two_gcd,256,16384,4194304,134217728,256,717,68.7195,2147483648,0,0,0,0,0,0,0,0,0,0,0,0,0,0,0,0,0,0,0,0,0,0,0,0,0,0,0,0,0,0,0,0,0,0,32,27.9623,2457.58,1.38472,0.101358
Test,MI250X_two_gcd,256,16384,4194304,1073741824,512,387,549.756,2147483648,256,0,0,0,0,0,0,0,0,0,0,0,0,0,0,0,0,0,0,0,0,0,0,0,0,0,0,0,0,0,0,0,0,0,0,51.6087,10652.4,2.39578,0.238697
Test,MI250X_two_gcd,256,16384,4194304,1073741824,512,387,549.756,2147483648,256,0,0,0,0,0,0,0,0,0,0,0,0,0,0,0,0,0,0,0,0,0,0,0,0,0,0,0,0,0,0,0,0,0,0,51.7357,10626.2,7.06382,0.703785
Test,MI250X_two_gcd,256,16384,4194304,536870912,512,772,274.878,2147483648,0,128,0,0,0,0,0,0,0,0,0,0,0,0,0,0,0,0,0,0,0,0,0,0,0,0,0,0,0,0,0,0,0,0,0,25.8865,10618.6,2.45057,0.172868
Test,MI250X_two_gcd,256,16384,4194304,536870912,512,772,274.878,2147483648,0,128,0,0,0,0,0,0,0,0,0,0,0,0,0,0,0,0,0,0,0,0,0,0,0,0,0,0,0,0,0,0,0,0,0,25.9498,10592.7,6.06697,0.427976
Test,MI250X_two_gcd,256,16384,4194304,268435456,512,1495,137.439,2147483648,0,0,64,0,0,0,0,0,0,0,0,0,0,0,0,0,0,0,0,0,0,0,0,0,0,0,0,0,0,0,0,0,0,0,0,13.3717,10278.3,3.99957,0.202745
Test,MI250X_two_gcd,256,16384,4194304,268435456,512,1495,137.439,2147483648,0,0,64,0,0,0,0,0,0,0,0,0,0,0,0,0,0,0,0,0,0,0,0,0,0,0,0,0,0,0,0,0,0,0,0,13.3974,10258.6,6.23861,0.316245
Test,MI250X_two_gcd,256,16384,4194304,134217728,512,1489,68.7195,2147483648,0,0,0,32,0,0,0,0,0,0,0,0,0,0,0,0,0,0,0,0,0,0,0,0,0,0,0,0,0,0,0,0,0,0,0,13.4256,5118.53,1.69273,0.0859799
Test,MI250X_two_gcd,256,16384,4194304,134217728,512,1489,68.7195,2147483648,0,0,0,32,0,0,0,0,0,0,0,0,0,0,0,0,0,0,0,0,0,0,0,0,0,0,0,0,0,0,0,0,0,0,0,13.4477,5110.15,3.11484,0.158214
Test,MI250X_two_gcd,256,16384,4194304,536870912,512,785,274.878,2147483648,0,0,0,0,128,0,0,0,0,0,0,0,0,0,0,0,0,0,0,0,0,0,0,0,0,0,0,0,0,0,0,0,0,0,0,25.4621,10795.6,2.09994,0.146902
Test,MI250X_two_gcd,256,16384,4194304,536870912,512,785,274.878,2147483648,0,0,0,0,128,0,0,0,0,0,0,0,0,0,0,0,0,0,0,0,0,0,0,0,0,0,0,0,0,0,0,0,0,0,0,25.5217,10770.4,6.09062,0.426072
Test,MI250X_two_gcd,256,16384,4194304,268435456,512,2931,137.439,1073741824,0,0,0,0,0,128,0,0,0,0,0,0,0,0,0,0,0,0,0,0,0,0,0,0,0,0,0,0,0,0,0,0,0,0,0,6.86475,20021,31.7128,1.14811
Test,MI250X_two_gcd,256,16384,4194304,268435456,512,2931,137.439,1073741824,0,0,0,0,0,128,0,0,0,0,0,0,0,0,0,0,0,0,0,0,0,0,0,0,0,0,0,0,0,0,0,0,0,0,0,6.86963,20006.8,29.5435,1.06957
Test,MI250X_two_gcd,256,16384,4194304,134217728,512,2989,68.7195,2147483648,0,0,0,0,0,0,32,0,0,0,0,0,0,0,0,0,0,0,0,0,0,0,0,0,0,0,0,0,0,0,0,0,0,0,0,6.75742,10169.5,12.8279,0.459886
Test,MI250X_two_gcd,256,16384,4194304,134217728,512,2989,68.7195,2147483648,0,0,0,0,0,0,32,0,0,0,0,0,0,0,0,0,0,0,0,0,0,0,0,0,0,0,0,0,0,0,0,0,0,0,0,6.76594,10156.7,20.6353,0.739784
Test,MI250X_two_gcd,256,16384,4194304,1073741824,512,390,549.756,2147483648,0,0,0,0,0,0,0,256,0,0,0,0,0,0,0,0,0,0,0,0,0,0,0,0,0,0,0,0,0,0,0,0,0,0,0,51.3084,10714.7,3.55891,0.353216
Test,MI250X_two_gcd,256,16384,4194304,1073741824,512,390,549.756,2147483648,0,0,0,0,0,0,0,256,0,0,0,0,0,0,0,0,0,0,0,0,0,0,0,0,0,0,0,0,0,0,0,0,0,0,0,51.4596,10683.2,6.63621,0.658633
Test,MI250X_two_gcd,256,16384,4194304,536870912,512,776,274.878,2147483648,0,0,0,0,0,0,0,0,128,0,0,0,0,0,0,0,0,0,0,0,0,0,0,0,0,0,0,0,0,0,0,0,0,0,0,25.7394,10679.3,3.5315,0.248476
Test,MI250X_two_gcd,256,16384,4194304,536870912,512,776,274.878,2147483648,0,0,0,0,0,0,0,0,128,0,0,0,0,0,0,0,0,0,0,0,0,0,0,0,0,0,0,0,0,0,0,0,0,0,0,25.8089,10650.5,5.30571,0.373309
Test,MI250X_two_gcd,256,16384,4194304,268435456,512,1508,137.439,2147483648,0,0,0,0,0,0,0,0,0,64,0,0,0,0,0,0,0,0,0,0,0,0,0,0,0,0,0,0,0,0,0,0,0,0,0,13.2514,10371.7,4.73541,0.239008
Test,MI250X_two_gcd,256,16384,4194304,268435456,512,1508,137.439,2147483648,0,0,0,0,0,0,0,0,0,64,0,0,0,0,0,0,0,0,0,0,0,0,0,0,0,0,0,0,0,0,0,0,0,0,0,13.2811,10348.5,7.08468,0.357582
Test,MI250X_two_gcd,256,16384,4194304,134217728,512,745,68.7195,2147483648,0,0,0,0,0,0,0,0,0,0,32,0,0,0,0,0,0,0,0,0,0,0,0,0,0,0,0,0,0,0,0,0,0,0,0,26.8056,2563.62,1.10416,0.0792884
Test,MI250X_two_gcd,256,16384,4194304,134217728,512,745,68.7195,2147483648,0,0,0,0,0,0,0,0,0,0,32,0,0,0,0,0,0,0,0,0,0,0,0,0,0,0,0,0,0,0,0,0,0,0,0,26.855,2558.91,1.59844,0.114782
Test,MI250X_two_gcd,256,16384,4194304,536870912,512,795,274.878,2147483648,0,0,0,0,0,0,0,0,0,0,0,128,0,0,0,0,0,0,0,0,0,0,0,0,0,0,0,0,0,0,0,0,0,0,0,25.16,10925.2,1.83678,0.127682
Test,MI250X_two_gcd,256,16384,4194304,536870912,512,795,274.878,2147483648,0,0,0,0,0,0,0,0,0,0,0,128,0,0,0,0,0,0,0,0,0,0,0,0,0,0,0,0,0,0,0,0,0,0,0,25.2302,10894.8,5.92439,0.411828
Test,MI250X_two_gcd,256,16384,4194304,268435456,512,3033,137.439,1073741824,0,0,0,0,0,0,0,0,0,0,0,0,128,0,0,0,0,0,0,0,0,0,0,0,0,0,0,0,0,0,0,0,0,0,0,6.59751,20832.1,6.52913,0.232367
Test,MI250X_two_gcd,256,16384,4194304,268435456,512,3033,137.439,1073741824,0,0,0,0,0,0,0,0,0,0,0,0,128,0,0,0,0,0,0,0,0,0,0,0,0,0,0,0,0,0,0,0,0,0,0,6.61207,20786.1,10.3045,0.366729
Test,MI250X_two_gcd,256,16384,4194304,134217728,512,2924,68.7195,2147483648,0,0,0,0,0,0,0,0,0,0,0,0,0,32,0,0,0,0,0,0,0,0,0,0,0,0,0,0,0,0,0,0,0,0,0,7.22312,9513.9,28.7649,1.04263
Test,MI250X_two_gcd,256,16384,4194304,134217728,512,2924,68.7195,2147483648,0,0,0,0,0,0,0,0,0,0,0,0,0,32,0,0,0,0,0,0,0,0,0,0,0,0,0,0,0,0,0,0,0,0,0,7.21142,9529.33,22.6768,0.821956
Test,MI250X_two_gcd,256,16384,4194304,1073741824,512,380,1099.51,2147483648,0,0,0,0,0,0,0,0,0,0,0,0,0,0,512,0,0,0,0,0,0,0,0,0,0,0,0,0,0,0,0,0,0,0,0,52.5835,20909.8,4.61704,0.464225
Test,MI250X_two_gcd,256,16384,4194304,1073741824,512,380,1099.51,2147483648,0,0,0,0,0,0,0,0,0,0,0,0,0,0,512,0,0,0,0,0,0,0,0,0,0,0,0,0,0,0,0,0,0,0,0,52.7102,20859.6,12.9239,1.29944
Test,MI250X_two_gcd,256,16384,4194304,536870912,512,761,549.756,2147483648,0,0,0,0,0,0,0,0,0,0,0,0,0,0,0,256,0,0,0,0,0,0,0,0,0,0,0,0,0,0,0,0,0,0,0,26.2732,20924.6,5.82276,0.413707
Test,MI250X_two_gcd,256,16384,4194304,536870912,512,761,549.756,2147483648,0,0,0,0,0,0,0,0,0,0,0,0,0,0,0,256,0,0,0,0,0,0,0,0,0,0,0,0,0,0,0,0,0,0,0,26.3363,20874.5,12.1883,0.865979
Test,MI250X_two_gcd,256,16384,4194304,268435456,512,1302,274.878,2147483648,0,0,0,0,0,0,0,0,0,0,0,0,0,0,0,0,128,0,0,0,0,0,0,0,0,0,0,0,0,0,0,0,0,0,0,14.7822,18595.3,44.858,2.43663
Test,MI250X_two_gcd,256,16384,4194304,268435456,512,1302,274.878,2147483648,0,0,0,0,0,0,0,0,0,0,0,0,0,0,0,0,128,0,0,0,0,0,0,0,0,0,0,0,0,0,0,0,0,0,0,14.8505,18510.2,94.2259,5.11824
Test,MI250X_two_gcd,256,16384,4194304,134217728,512,734,137.439,2147483648,0,0,0,0,0,0,0,0,0,0,0,0,0,0,0,0,0,64,0,0,0,0,0,0,0,0,0,0,0,0,0,0,0,0,0,27.4694,5003.36,5.36337,0.388012
Test,MI250X_two_gcd,256,16384,4194304,134217728,512,734,137.439,2147483648,0,0,0,0,0,0,0,0,0,0,0,0,0,0,0,0,0,64,0,0,0,0,0,0,0,0,0,0,0,0,0,0,0,0,0,27.5062,4996.68,9.55237,0.691066
Test,MI250X_two_gcd,256,16384,4194304,536870912,512,392,549.756,2147483648,0,0,0,0,0,0,0,0,0,0,0,0,0,0,0,0,0,0,256,0,0,0,0,0,0,0,0,0,0,0,0,0,0,0,0,50.9384,10792.6,2.37432,0.235046
Test,MI250X_two_gcd,256,16384,4194304,536870912,512,392,549.756,2147483648,0,0,0,0,0,0,0,0,0,0,0,0,0,0,0,0,0,0,256,0,0,0,0,0,0,0,0,0,0,0,0,0,0,0,0,51.0779,10763.1,5.82665,0.576809
Test,MI250X_two_gcd,256,16384,4194304,268435456,512,2657,274.878,1073741824,0,0,0,0,0,0,0,0,0,0,0,0,0,0,0,0,0,0,0,256,0,0,0,0,0,0,0,0,0,0,0,0,0,0,0,7.24542,37938.4,103.055,3.91857
Test,MI250X_two_gcd,256,16384,4194304,268435456,512,2657,274.878,1073741824,0,0,0,0,0,0,0,0,0,0,0,0,0,0,0,0,0,0,0,256,0,0,0,0,0,0,0,0,0,0,0,0,0,0,0,7.31396,37584.4,244.147,9.2835
Test,MI250X_two_gcd,256,16384,4194304,134217728,512,2538,137.439,2147483648,0,0,0,0,0,0,0,0,0,0,0,0,0,0,0,0,0,0,0,0,64,0,0,0,0,0,0,0,0,0,0,0,0,0,0,7.95467,17277.8,32.6967,1.27208
Test,MI250X_two_gcd,256,16384,4194304,134217728,512,2538,137.439,2147483648,0,0,0,0,0,0,0,0,0,0,0,0,0,0,0,0,0,0,0,0,64,0,0,0,0,0,0,0,0,0,0,0,0,0,0,7.94947,17289.2,37.1935,1.44703
Test,MI250X_two_gcd,256,16384,4194304,1073741824,512,57,549.756,2147483648,0,0,0,0,0,0,0,0,0,0,0,0,0,0,0,0,0,0,0,0,0,256,0,0,0,0,0,0,0,0,0,0,0,0,0,348.226,1578.73,0.292949,0.0760519
Test,MI250X_two_gcd,256,16384,4194304,1073741824,512,57,549.756,2147483648,0,0,0,0,0,0,0,0,0,0,0,0,0,0,0,0,0,0,0,0,0,256,0,0,0,0,0,0,0,0,0,0,0,0,0,349.359,1573.61,1.46302,0.379812
Test,MI250X_two_gcd,256,16384,4194304,536870912,512,115,274.878,2147483648,0,0,0,0,0,0,0,0,0,0,0,0,0,0,0,0,0,0,0,0,0,0,128,0,0,0,0,0,0,0,0,0,0,0,0,174.298,1577.06,0.297469,0.0543687
Test,MI250X_two_gcd,256,16384,4194304,536870912,512,115,274.878,2147483648,0,0,0,0,0,0,0,0,0,0,0,0,0,0,0,0,0,0,0,0,0,0,128,0,0,0,0,0,0,0,0,0,0,0,0,174.834,1572.23,1.10339,0.201667
Test,MI250X_two_gcd,256,16384,4194304,268435456,512,145,137.439,2147483648,0,0,0,0,0,0,0,0,0,0,0,0,0,0,0,0,0,0,0,0,0,0,0,64,0,0,0,0,0,0,0,0,0,0,0,137.789,997.461,0.144625,0.0235404
Test,MI250X_two_gcd,256,16384,4194304,268435456,512,145,137.439,2147483648,0,0,0,0,0,0,0,0,0,0,0,0,0,0,0,0,0,0,0,0,0,0,0,64,0,0,0,0,0,0,0,0,0,0,0,138.201,994.489,0.684123,0.111354
Test,MI250X_two_gcd,256,16384,4194304,134217728,512,124,68.7195,2147483648,0,0,0,0,0,0,0,0,0,0,0,0,0,0,0,0,0,0,0,0,0,0,0,0,32,0,0,0,0,0,0,0,0,0,0,161.002,426.824,0.137111,0.0241333
Test,MI250X_two_gcd,256,16384,4194304,134217728,512,124,68.7195,2147483648,0,0,0,0,0,0,0,0,0,0,0,0,0,0,0,0,0,0,0,0,0,0,0,0,32,0,0,0,0,0,0,0,0,0,0,161.435,425.679,0.232988,0.0410089
Test,MI250X_two_gcd,256,16384,4194304,536870912,512,199,274.878,2147483648,0,0,0,0,0,0,0,0,0,0,0,0,0,0,0,0,0,0,0,0,0,0,0,0,0,128,0,0,0,0,0,0,0,0,0,100.304,2740.44,0.577059,0.080177
Test,MI250X_two_gcd,256,16384,4194304,536870912,512,199,274.878,2147483648,0,0,0,0,0,0,0,0,0,0,0,0,0,0,0,0,0,0,0,0,0,0,0,0,0,128,0,0,0,0,0,0,0,0,0,100.119,2745.5,0.296269,0.0411639
Test,MI250X_two_gcd,256,16384,4194304,268435456,512,112,137.439,2147483648,0,0,0,0,0,0,0,0,0,0,0,0,0,0,0,0,0,0,0,0,0,0,0,0,0,0,64,0,0,0,0,0,0,0,0,178.715,769.039,0.177365,0.0328485
Test,MI250X_two_gcd,256,16384,4194304,268435456,512,112,137.439,2147483648,0,0,0,0,0,0,0,0,0,0,0,0,0,0,0,0,0,0,0,0,0,0,0,0,0,0,64,0,0,0,0,0,0,0,0,179.205,766.939,0.528892,0.0979521
Test,MI250X_two_gcd,256,16384,4194304,134217728,512,203,68.7195,2147483648,0,0,0,0,0,0,0,0,0,0,0,0,0,0,0,0,0,0,0,0,0,0,0,0,0,0,0,32,0,0,0,0,0,0,0,98.8084,695.483,0.917014,0.126149
Test,MI250X_two_gcd,256,16384,4194304,134217728,512,203,68.7195,2147483648,0,0,0,0,0,0,0,0,0,0,0,0,0,0,0,0,0,0,0,0,0,0,0,0,0,0,0,32,0,0,0,0,0,0,0,100.243,685.535,1.55454,0.21385
Test,MI250X_two_gcd,256,16384,4194304,1073741824,512,37,1099.51,2147483648,0,0,0,0,0,0,0,0,0,0,0,0,0,0,0,0,0,0,0,0,0,0,0,0,0,0,0,0,512,0,0,0,0,0,0,546.485,2011.97,0.246737,0.079504
Test,MI250X_two_gcd,256,16384,4194304,1073741824,512,37,1099.51,2147483648,0,0,0,0,0,0,0,0,0,0,0,0,0,0,0,0,0,0,0,0,0,0,0,0,0,0,0,0,512,0,0,0,0,0,0,548.073,2006.14,2.1541,0.694098
Test,MI250X_two_gcd,256,16384,4194304,536870912,512,73,549.756,2147483648,0,0,0,0,0,0,0,0,0,0,0,0,0,0,0,0,0,0,0,0,0,0,0,0,0,0,0,0,0,256,0,0,0,0,0,272.871,2014.71,0.348022,0.0798365
Test,MI250X_two_gcd,256,16384,4194304,536870912,512,73,549.756,2147483648,0,0,0,0,0,0,0,0,0,0,0,0,0,0,0,0,0,0,0,0,0,0,0,0,0,0,0,0,0,256,0,0,0,0,0,273.69,2008.68,1.62506,0.372789
Test,MI250X_two_gcd,256,16384,4194304,268435456,512,147,274.878,2147483648,0,0,0,0,0,0,0,0,0,0,0,0,0,0,0,0,0,0,0,0,0,0,0,0,0,0,0,0,0,0,128,0,0,0,0,136.003,2021.11,0.449249,0.0726247
Test,MI250X_two_gcd,256,16384,4194304,268435456,512,147,274.878,2147483648,0,0,0,0,0,0,0,0,0,0,0,0,0,0,0,0,0,0,0,0,0,0,0,0,0,0,0,0,0,0,128,0,0,0,0,136.399,2015.24,1.36465,0.220606
Test,MI250X_two_gcd,256,16384,4194304,134217728,512,52,137.439,2147483648,0,0,0,0,0,0,0,0,0,0,0,0,0,0,0,0,0,0,0,0,0,0,0,0,0,0,0,0,0,0,0,64,0,0,0,384.547,357.405,0.0780734,0.0212206
Test,MI250X_two_gcd,256,16384,4194304,134217728,512,52,137.439,2147483648,0,0,0,0,0,0,0,0,0,0,0,0,0,0,0,0,0,0,0,0,0,0,0,0,0,0,0,0,0,0,0,64,0,0,0,385.64,356.392,0.22371,0.060805
Test,MI250X_two_gcd,256,16384,4194304,536870912,512,74,549.756,2147483648,0,0,0,0,0,0,0,0,0,0,0,0,0,0,0,0,0,0,0,0,0,0,0,0,0,0,0,0,0,0,0,0,256,0,0,270.952,2028.98,0.414812,0.0945131
Test,MI250X_two_gcd,256,16384,4194304,536870912,512,74,549.756,2147483648,0,0,0,0,0,0,0,0,0,0,0,0,0,0,0,0,0,0,0,0,0,0,0,0,0,0,0,0,0,0,0,0,256,0,0,271.798,2022.67,1.66189,0.378655
Test,MI250X_two_gcd,256,16384,4194304,268435456,512,180,274.878,2147483648,0,0,0,0,0,0,0,0,0,0,0,0,0,0,0,0,0,0,0,0,0,0,0,0,0,0,0,0,0,0,0,0,0,128,0,110.943,2477.66,0.584604,0.0854047
Test,MI250X_two_gcd,256,16384,4194304,268435456,512,180,274.878,2147483648,0,0,0,0,0,0,0,0,0,0,0,0,0,0,0,0,0,0,0,0,0,0,0,0,0,0,0,0,0,0,0,0,0,128,0,111.298,2469.76,1.60257,0.234119
Test,MI250X_two_gcd,256,16384,4194304,134217728,512,360,137.439,2147483648,0,0,0,0,0,0,0,0,0,0,0,0,0,0,0,0,0,0,0,0,0,0,0,0,0,0,0,0,0,0,0,0,0,0,64,55.5476,2474.25,0.457504,0.0472606
Test,MI250X_two_gcd,256,16384,4194304,134217728,512,360,137.439,2147483648,0,0,0,0,0,0,0,0,0,0,0,0,0,0,0,0,0,0,0,0,0,0,0,0,0,0,0,0,0,0,0,0,0,0,64,55.7225,2466.49,1.37558,0.142099
Test,MI250X_two_gcd,256,16384,4194304,1073741824,1024,195,1099.51,2147483648,512,0,0,0,0,0,0,0,0,0,0,0,0,0,0,0,0,0,0,0,0,0,0,0,0,0,0,0,0,0,0,0,0,0,0,102.735,10702.4,2.70102,0.379111
Test,MI250X_two_gcd,256,16384,4194304,1073741824,1024,195,1099.51,2147483648,512,0,0,0,0,0,0,0,0,0,0,0,0,0,0,0,0,0,0,0,0,0,0,0,0,0,0,0,0,0,0,0,0,0,0,103.009,10674,6.99099,0.981245
Test,MI250X_two_gcd,256,16384,4194304,536870912,1024,388,549.756,2147483648,0,256,0,0,0,0,0,0,0,0,0,0,0,0,0,0,0,0,0,0,0,0,0,0,0,0,0,0,0,0,0,0,0,0,0,51.4575,10683.7,3.41502,0.339808
Test,MI250X_two_gcd,256,16384,4194304,536870912,1024,388,549.756,2147483648,0,256,0,0,0,0,0,0,0,0,0,0,0,0,0,0,0,0,0,0,0,0,0,0,0,0,0,0,0,0,0,0,0,0,0,51.5888,10656.5,6.64244,0.660949
Test,MI250X_two_gcd,256,16384,4194304,268435456,1024,752,274.878,2147483648,0,0,128,0,0,0,0,0,0,0,0,0,0,0,0,0,0,0,0,0,0,0,0,0,0,0,0,0,0,0,0,0,0,0,0,26.5672,10346.5,3.90526,0.279124
Test,MI250X_two_gcd,256,16384,4194304,268435456,1024,752,274.878,2147483648,0,0,128,0,0,0,0,0,0,0,0,0,0,0,0,0,0,0,0,0,0,0,0,0,0,0,0,0,0,0,0,0,0,0,0,26.6189,10326.4,6.1036,0.436248
Test,MI250X_two_gcd,256,16384,4194304,134217728,1024,748,137.439,2147483648,0,0,0,64,0,0,0,0,0,0,0,0,0,0,0,0,0,0,0,0,0,0,0,0,0,0,0,0,0,0,0,0,0,0,0,26.7177,5144.13,1.83882,0.131778
Test,MI250X_two_gcd,256,16384,4194304,134217728,1024,748,137.439,2147483648,0,0,0,64,0,0,0,0,0,0,0,0,0,0,0,0,0,0,0,0,0,0,0,0,0,0,0,0,0,0,0,0,0,0,0,26.7692,5134.22,3.19842,0.229214
Test,MI250X_two_gcd,256,16384,4194304,536870912,1024,395,549.756,2147483648,0,0,0,0,256,0,0,0,0,0,0,0,0,0,0,0,0,0,0,0,0,0,0,0,0,0,0,0,0,0,0,0,0,0,0,50.5718,10870.8,2.97473,0.293363
Test,MI250X_two_gcd,256,16384,4194304,536870912,1024,395,549.756,2147483648,0,0,0,0,256,0,0,0,0,0,0,0,0,0,0,0,0,0,0,0,0,0,0,0,0,0,0,0,0,0,0,0,0,0,0,50.703,10842.7,4.16762,0.411003
Test,MI250X_two_gcd,256,16384,4194304,268435456,1024,1476,274.878,1073741824,0,0,0,0,0,256,0,0,0,0,0,0,0,0,0,0,0,0,0,0,0,0,0,0,0,0,0,0,0,0,0,0,0,0,0,13.5447,20294.1,9.78308,0.499101
Test,MI250X_two_gcd,256,16384,4194304,268435456,1024,1476,274.878,1073741824,0,0,0,0,0,256,0,0,0,0,0,0,0,0,0,0,0,0,0,0,0,0,0,0,0,0,0,0,0,0,0,0,0,0,0,13.572,20253.4,13.4636,0.686868
Test,MI250X_two_gcd,256,16384,4194304,134217728,1024,1506,137.439,2147483648,0,0,0,0,0,0,64,0,0,0,0,0,0,0,0,0,0,0,0,0,0,0,0,0,0,0,0,0,0,0,0,0,0,0,0,13.2793,10349.9,4.43029,0.223757
Test,MI250X_two_gcd,256,16384,4194304,134217728,1024,1506,137.439,2147483648,0,0,0,0,0,0,64,0,0,0,0,0,0,0,0,0,0,0,0,0,0,0,0,0,0,0,0,0,0,0,0,0,0,0,0,13.3081,10327.4,6.38259,0.322359
Test,MI250X_two_gcd,256,16384,4194304,1073741824,1024,196,1099.51,2147483648,0,0,0,0,0,0,0,512,0,0,0,0,0,0,0,0,0,0,0,0,0,0,0,0,0,0,0,0,0,0,0,0,0,0,0,102.175,10761.1,3.95054,0.553076
Test,MI250X_two_gcd,256,16384,4194304,1073741824,1024,196,1099.51,2147483648,0,0,0,0,0,0,0,512,0,0,0,0,0,0,0,0,0,0,0,0,0,0,0,0,0,0,0,0,0,0,0,0,0,0,0,102.454,10731.8,7.97043,1.11586
Test,MI250X_two_gcd,256,16384,4194304,536870912,1024,391,549.756,2147483648,0,0,0,0,0,0,0,0,256,0,0,0,0,0,0,0,0,0,0,0,0,0,0,0,0,0,0,0,0,0,0,0,0,0,0,51.173,10743.1,3.84987,0.381605
Test,MI250X_two_gcd,256,16384,4194304,536870912,1024,391,549.756,2147483648,0,0,0,0,0,0,0,0,256,0,0,0,0,0,0,0,0,0,0,0,0,0,0,0,0,0,0,0,0,0,0,0,0,0,0,51.3135,10713.7,6.49757,0.644049
Test,MI250X_two_gcd,256,16384,4194304,268435456,1024,759,274.878,2147483648,0,0,0,0,0,0,0,0,0,128,0,0,0,0,0,0,0,0,0,0,0,0,0,0,0,0,0,0,0,0,0,0,0,0,0,26.3398,10435.8,5.16078,0.367156
Test,MI250X_two_gcd,256,16384,4194304,268435456,1024,759,274.878,2147483648,0,0,0,0,0,0,0,0,0,128,0,0,0,0,0,0,0,0,0,0,0,0,0,0,0,0,0,0,0,0,0,0,0,0,0,26.3965,10413.4,7.04969,0.50154
Test,MI250X_two_gcd,256,16384,4194304,134217728,1024,374,137.439,2147483648,0,0,0,0,0,0,0,0,0,0,64,0,0,0,0,0,0,0,0,0,0,0,0,0,0,0,0,0,0,0,0,0,0,0,0,53.4692,2570.43,1.25003,0.126689
Test,MI250X_two_gcd,256,16384,4194304,134217728,1024,374,137.439,2147483648,0,0,0,0,0,0,0,0,0,0,64,0,0,0,0,0,0,0,0,0,0,0,0,0,0,0,0,0,0,0,0,0,0,0,0,53.5742,2565.4,2.03019,0.205758
Test,MI250X_two_gcd,256,16384,4194304,536870912,1024,400,549.756,2147483648,0,0,0,0,0,0,0,0,0,0,0,256,0,0,0,0,0,0,0,0,0,0,0,0,0,0,0,0,0,0,0,0,0,0,0,50.0058,10993.8,1.92411,0.188563
Test,MI250X_two_gcd,256,16384,4194304,536870912,1024,400,549.756,2147483648,0,0,0,0,0,0,0,0,0,0,0,256,0,0,0,0,0,0,0,0,0,0,0,0,0,0,0,0,0,0,0,0,0,0,0,50.143,10963.8,6.2443,0.611942
Test,MI250X_two_gcd,256,16384,4194304,268435456,1024,1527,274.878,1073741824,0,0,0,0,0,0,0,0,0,0,0,0,256,0,0,0,0,0,0,0,0,0,0,0,0,0,0,0,0,0,0,0,0,0,0,13.0957,20989.9,5.80891,0.291361
Test,MI250X_two_gcd,256,16384,4194304,268435456,1024,1527,274.878,1073741824,0,0,0,0,0,0,0,0,0,0,0,0,256,0,0,0,0,0,0,0,0,0,0,0,0,0,0,0,0,0,0,0,0,0,0,13.1278,20938.7,9.79192,0.491139
Test,MI250X_two_gcd,256,16384,4194304,134217728,1024,1491,137.439,2147483648,0,0,0,0,0,0,0,0,0,0,0,0,0,64,0,0,0,0,0,0,0,0,0,0,0,0,0,0,0,0,0,0,0,0,0,13.4062,10251.9,4.23901,0.21517
Test,MI250X_two_gcd,256,16384,4194304,134217728,1024,1491,137.439,2147483648,0,0,0,0,0,0,0,0,0,0,0,0,0,64,0,0,0,0,0,0,0,0,0,0,0,0,0,0,0,0,0,0,0,0,0,13.4362,10229,6.10025,0.309645
Test,MI250X_two_gcd,256,16384,4194304,1073741824,1024,191,2199.02,2147483648,0,0,0,0,0,0,0,0,0,0,0,0,0,0,1024,0,0,0,0,0,0,0,0,0,0,0,0,0,0,0,0,0,0,0,0,104.561,21030.9,6.29088,0.892176
Test,MI250X_two_gcd,256,16384,4194304,1073741824,1024,191,2199.02,2147483648,0,0,0,0,0,0,0,0,0,0,0,0,0,0,1024,0,0,0,0,0,0,0,0,0,0,0,0,0,0,0,0,0,0,0,0,104.787,20985.6,13.7031,1.94338
Test,MI250X_two_gcd,256,16384,4194304,536870912,1024,383,1099.51,2147483648,0,0,0,0,0,0,0,0,0,0,0,0,0,0,0,512,0,0,0,0,0,0,0,0,0,0,0,0,0,0,0,0,0,0,0,52.1611,21079.1,6.51853,0.65284
Test,MI250X_two_gcd,256,16384,4194304,536870912,1024,383,1099.51,2147483648,0,0,0,0,0,0,0,0,0,0,0,0,0,0,0,512,0,0,0,0,0,0,0,0,0,0,0,0,0,0,0,0,0,0,0,52.278,21032,13.0524,1.30722
Test,MI250X_two_gcd,256,16384,4194304,268435456,1024,659,549.756,2147483648,0,0,0,0,0,0,0,0,0,0,0,0,0,0,0,0,256,0,0,0,0,0,0,0,0,0,0,0,0,0,0,0,0,0,0,30.2221,18190.5,29.8795,2.28133
Test,MI250X_two_gcd,256,16384,4194304,268435456,1024,659,549.756,2147483648,0,0,0,0,0,0,0,0,0,0,0,0,0,0,0,0,256,0,0,0,0,0,0,0,0,0,0,0,0,0,0,0,0,0,0,30.8644,17812,36.1196,2.75776
Test,MI250X_two_gcd,256,16384,4194304,134217728,1024,366,274.878,2147483648,0,0,0,0,0,0,0,0,0,0,0,0,0,0,0,0,0,128,0,0,0,0,0,0,0,0,0,0,0,0,0,0,0,0,0,54.7189,5023.46,7.21207,0.738883
Test,MI250X_two_gcd,256,16384,4194304,134217728,1024,366,274.878,2147483648,0,0,0,0,0,0,0,0,0,0,0,0,0,0,0,0,0,128,0,0,0,0,0,0,0,0,0,0,0,0,0,0,0,0,0,54.7922,5016.74,5.73529,0.587585
Test,MI250X_two_gcd,256,16384,4194304,536870912,1024,197,1099.51,2147483648,0,0,0,0,0,0,0,0,0,0,0,0,0,0,0,0,0,0,512,0,0,0,0,0,0,0,0,0,0,0,0,0,0,0,0,101.481,10834.6,2.21528,0.309351
Test,MI250X_two_gcd,256,16384,4194304,536870912,1024,197,1099.51,2147483648,0,0,0,0,0,0,0,0,0,0,0,0,0,0,0,0,0,0,512,0,0,0,0,0,0,0,0,0,0,0,0,0,0,0,0,101.74,10807.1,6.47516,0.904219
Test,MI250X_two_gcd,256,16384,4194304,268435456,1024,1357,549.756,1073741824,0,0,0,0,0,0,0,0,0,0,0,0,0,0,0,0,0,0,0,512,0,0,0,0,0,0,0,0,0,0,0,0,0,0,0,14.7212,37344.9,130.423,6.93935
Test,MI250X_two_gcd,256,16384,4194304,268435456,1024,1357,549.756,1073741824,0,0,0,0,0,0,0,0,0,0,0,0,0,0,0,0,0,0,0,512,0,0,0,0,0,0,0,0,0,0,0,0,0,0,0,15.0412,36550.4,138.751,7.38246
Test,MI250X_two_gcd,256,16384,4194304,134217728,1024,1323,274.878,2147483648,0,0,0,0,0,0,0,0,0,0,0,0,0,0,0,0,0,0,0,0,128,0,0,0,0,0,0,0,0,0,0,0,0,0,0,14.7663,18615.3,40.9563,2.20697
Test,MI250X_two_gcd,256,16384,4194304,134217728,1024,1323,274.878,2147483648,0,0,0,0,0,0,0,0,0,0,0,0,0,0,0,0,0,0,0,0,128,0,0,0,0,0,0,0,0,0,0,0,0,0,0,14.808,18563,64.6583,3.48418
Test,MI250X_two_gcd,256,16384,4194304,1073741824,1024,29,1099.51,2147483648,0,0,0,0,0,0,0,0,0,0,0,0,0,0,0,0,0,0,0,0,0,512,0,0,0,0,0,0,0,0,0,0,0,0,0,698.03,1575.16,0.250271,0.0910894
Test,MI250X_two_gcd,256,16384,4194304,1073741824,1024,29,1099.51,2147483648,0,0,0,0,0,0,0,0,0,0,0,0,0,0,0,0,0,0,0,0,0,512,0,0,0,0,0,0,0,0,0,0,0,0,0,699.998,1570.74,1.80383,0.656527
Test,MI250X_two_gcd,256,16384,4194304,536870912,1024,57,549.756,2147483648,0,0,0,0,0,0,0,0,0,0,0,0,0,0,0,0,0,0,0,0,0,0,256,0,0,0,0,0,0,0,0,0,0,0,0,349.739,1571.9,0.256124,0.066492
Test,MI250X_two_gcd,256,16384,4194304,536870912,1024,57,549.756,2147483648,0,0,0,0,0,0,0,0,0,0,0,0,0,0,0,0,0,0,0,0,0,0,256,0,0,0,0,0,0,0,0,0,0,0,0,350.75,1567.37,1.33656,0.346981
Test,MI250X_two_gcd,256,16384,4194304,268435456,1024,72,274.878,2147483648,0,0,0,0,0,0,0,0,0,0,0,0,0,0,0,0,0,0,0,0,0,0,0,128,0,0,0,0,0,0,0,0,0,0,0,276.728,993.315,0.175284,0.0404884
Test,MI250X_two_gcd,256,16384,4194304,268435456,1024,72,274.878,2147483648,0,0,0,0,0,0,0,0,0,0,0,0,0,0,0,0,0,0,0,0,0,0,0,128,0,0,0,0,0,0,0,0,0,0,0,277.48,990.625,0.80495,0.185934
Test,MI250X_two_gcd,256,16384,4194304,134217728,1024,62,137.439,2147483648,0,0,0,0,0,0,0,0,0,0,0,0,0,0,0,0,0,0,0,0,0,0,0,0,64,0,0,0,0,0,0,0,0,0,0,322.673,425.939,0.123896,0.0308403
Test,MI250X_two_gcd,256,16384,4194304,134217728,1024,62,137.439,2147483648,0,0,0,0,0,0,0,0,0,0,0,0,0,0,0,0,0,0,0,0,0,0,0,0,64,0,0,0,0,0,0,0,0,0,0,323.489,424.865,0.253642,0.0631365
Test,MI250X_two_gcd,256,16384,4194304,536870912,1024,100,549.756,2147483648,0,0,0,0,0,0,0,0,0,0,0,0,0,0,0,0,0,0,0,0,0,0,0,0,0,256,0,0,0,0,0,0,0,0,0,200.184,2746.26,0.514868,0.100914
Test,MI250X_two_gcd,256,16384,4194304,536870912,1024,100,549.756,2147483648,0,0,0,0,0,0,0,0,0,0,0,0,0,0,0,0,0,0,0,0,0,0,0,0,0,256,0,0,0,0,0,0,0,0,0,200.3,2744.66,2.00473,0.392927
Test,MI250X_two_gcd,256,16384,4194304,268435456,1024,56,274.878,2147483648,0,0,0,0,0,0,0,0,0,0,0,0,0,0,0,0,0,0,0,0,0,0,0,0,0,0,128,0,0,0,0,0,0,0,0,358.247,767.285,0.241859,0.0633467
Test,MI250X_two_gcd,256,16384,4194304,268435456,1024,56,274.878,2147483648,0,0,0,0,0,0,0,0,0,0,0,0,0,0,0,0,0,0,0,0,0,0,0,0,0,0,128,0,0,0,0,0,0,0,0,359.154,765.348,0.530213,0.138871
Test,MI250X_two_gcd,256,16384,4194304,134217728,1024,106,137.439,2147483648,0,0,0,0,0,0,0,0,0,0,0,0,0,0,0,0,0,0,0,0,0,0,0,0,0,0,0,64,0,0,0,0,0,0,0,189.242,726.261,0.122555,0.0233311
Test,MI250X_two_gcd,256,16384,4194304,134217728,1024,106,137.439,2147483648,0,0,0,0,0,0,0,0,0,0,0,0,0,0,0,0,0,0,0,0,0,0,0,0,0,0,0,64,0,0,0,0,0,0,0,190.022,723.279,0.365526,0.0695859
Test,MI250X_two_gcd,256,16384,4194304,1073741824,1024,18,2199.02,2147483648,0,0,0,0,0,0,0,0,0,0,0,0,0,0,0,0,0,0,0,0,0,0,0,0,0,0,0,0,1024,0,0,0,0,0,0,1092.99,2011.94,0.323465,0.149433
Test,MI250X_two_gcd,256,16384,4194304,1073741824,1024,18,2199.02,2147483648,0,0,0,0,0,0,0,0,0,0,0,0,0,0,0,0,0,0,0,0,0,0,0,0,0,0,0,0,1024,0,0,0,0,0,0,1096.41,2005.67,2.84988,1.31658
Test,MI250X_two_gcd,256,16384,4194304,536870912,1024,37,1099.51,2147483648,0,0,0,0,0,0,0,0,0,0,0,0,0,0,0,0,0,0,0,0,0,0,0,0,0,0,0,0,0,512,0,0,0,0,0,546.193,2013.05,0.248011,0.0799145
Test,MI250X_two_gcd,256,16384,4194304,536870912,1024,37,1099.51,2147483648,0,0,0,0,0,0,0,0,0,0,0,0,0,0,0,0,0,0,0,0,0,0,0,0,0,0,0,0,0,512,0,0,0,0,0,547.782,2007.21,2.15822,0.695426
Test,MI250X_two_gcd,256,16384,4194304,268435456,1024,74,549.756,2147483648,0,0,0,0,0,0,0,0,0,0,0,0,0,0,0,0,0,0,0,0,0,0,0,0,0,0,0,0,0,0,256,0,0,0,0,271.835,2022.39,0.440984,0.100476
Test,MI250X_two_gcd,256,16384,4194304,268435456,1024,74,549.756,2147483648,0,0,0,0,0,0,0,0,0,0,0,0,0,0,0,0,0,0,0,0,0,0,0,0,0,0,0,0,0,0,256,0,0,0,0,272.659,2016.28,1.67696,0.382088
Test,MI250X_two_gcd,256,16384,4194304,134217728,1024,26,274.878,2147483648,0,0,0,0,0,0,0,0,0,0,0,0,0,0,0,0,0,0,0,0,0,0,0,0,0,0,0,0,0,0,0,128,0,0,0,768.33,357.76,0.193055,0.0742078
Test,MI250X_two_gcd,256,16384,4194304,134217728,1024,26,274.878,2147483648,0,0,0,0,0,0,0,0,0,0,0,0,0,0,0,0,0,0,0,0,0,0,0,0,0,0,0,0,0,0,0,128,0,0,0,770.573,356.72,0.487706,0.187468
Test,MI250X_two_gcd,256,16384,4194304,536870912,1024,37,1099.51,2147483648,0,0,0,0,0,0,0,0,0,0,0,0,0,0,0,0,0,0,0,0,0,0,0,0,0,0,0,0,0,0,0,0,512,0,0,541.26,2031.39,0.243376,0.0784213
Test,MI250X_two_gcd,256,16384,4194304,536870912,1024,37,1099.51,2147483648,0,0,0,0,0,0,0,0,0,0,0,0,0,0,0,0,0,0,0,0,0,0,0,0,0,0,0,0,0,0,0,0,512,0,0,542.982,2024.95,2.18617,0.704433
Test,MI250X_two_gcd,256,16384,4194304,268435456,1024,90,549.756,2147483648,0,0,0,0,0,0,0,0,0,0,0,0,0,0,0,0,0,0,0,0,0,0,0,0,0,0,0,0,0,0,0,0,0,256,0,221.618,2480.65,0.47803,0.098762
Test,MI250X_two_gcd,256,16384,4194304,268435456,1024,90,549.756,2147483648,0,0,0,0,0,0,0,0,0,0,0,0,0,0,0,0,0,0,0,0,0,0,0,0,0,0,0,0,0,0,0,0,0,256,0,222.271,2473.36,1.9215,0.396986
Test,MI250X_two_gcd,256,16384,4194304,134217728,1024,180,274.878,2147483648,0,0,0,0,0,0,0,0,0,0,0,0,0,0,0,0,0,0,0,0,0,0,0,0,0,0,0,0,0,0,0,0,0,0,128,110.911,2478.37,0.595453,0.0869896
Test,MI250X_two_gcd,256,16384,4194304,134217728,1024,180,274.878,2147483648,0,0,0,0,0,0,0,0,0,0,0,0,0,0,0,0,0,0,0,0,0,0,0,0,0,0,0,0,0,0,0,0,0,0,128,111.213,2471.64,1.63745,0.239215
Test,MI250X_two_gcd,256,16384,4194304,1073741824,2048,97,2199.02,2147483648,1024,0,0,0,0,0,0,0,0,0,0,0,0,0,0,0,0,0,0,0,0,0,0,0,0,0,0,0,0,0,0,0,0,0,0,205.025,10725.6,2.82919,0.563031
Test,MI250X_two_gcd,256,16384,4194304,1073741824,2048,97,2199.02,2147483648,1024,0,0,0,0,0,0,0,0,0,0,0,0,0,0,0,0,0,0,0,0,0,0,0,0,0,0,0,0,0,0,0,0,0,0,205.529,10699.3,7.91388,1.57492
Test,MI250X_two_gcd,256,16384,4194304,536870912,2048,195,1099.51,2147483648,0,512,0,0,0,0,0,0,0,0,0,0,0,0,0,0,0,0,0,0,0,0,0,0,0,0,0,0,0,0,0,0,0,0,0,102.612,10715.2,3.06634,0.430387
Test,MI250X_two_gcd,256,16384,4194304,536870912,2048,195,1099.51,2147483648,0,512,0,0,0,0,0,0,0,0,0,0,0,0,0,0,0,0,0,0,0,0,0,0,0,0,0,0,0,0,0,0,0,0,0,102.856,10689.8,6.68063,0.937683
Test,MI250X_two_gcd,256,16384,4194304,268435456,2048,377,549.756,2147483648,0,0,256,0,0,0,0,0,0,0,0,0,0,0,0,0,0,0,0,0,0,0,0,0,0,0,0,0,0,0,0,0,0,0,0,52.954,10381.8,4.32707,0.436796
Test,MI250X_two_gcd,256,16384,4194304,268435456,2048,377,549.756,2147483648,0,0,256,0,0,0,0,0,0,0,0,0,0,0,0,0,0,0,0,0,0,0,0,0,0,0,0,0,0,0,0,0,0,0,0,53.0452,10363.9,5.48091,0.553271
Test,MI250X_two_gcd,256,16384,4194304,134217728,2048,375,274.878,2147483648,0,0,0,128,0,0,0,0,0,0,0,0,0,0,0,0,0,0,0,0,0,0,0,0,0,0,0,0,0,0,0,0,0,0,0,53.315,5155.73,2.05416,0.20791
Test,MI250X_two_gcd,256,16384,4194304,134217728,2048,375,274.878,2147483648,0,0,0,128,0,0,0,0,0,0,0,0,0,0,0,0,0,0,0,0,0,0,0,0,0,0,0,0,0,0,0,0,0,0,0,53.4074,5146.82,2.83866,0.287312
Test,MI250X_two_gcd,256,16384,4194304,536870912,2048,199,1099.51,2147483648,0,0,0,0,512,0,0,0,0,0,0,0,0,0,0,0,0,0,0,0,0,0,0,0,0,0,0,0,0,0,0,0,0,0,0,100.631,10926.2,2.37401,0.329847
Test,MI250X_two_gcd,256,16384,4194304,536870912,2048,199,1099.51,2147483648,0,0,0,0,512,0,0,0,0,0,0,0,0,0,0,0,0,0,0,0,0,0,0,0,0,0,0,0,0,0,0,0,0,0,0,100.899,10897.2,6.61057,0.918477
Test,MI250X_two_gcd,256,16384,4194304,268435456,2048,740,549.756,1073741824,0,0,0,0,0,512,0,0,0,0,0,0,0,0,0,0,0,0,0,0,0,0,0,0,0,0,0,0,0,0,0,0,0,0,0,26.991,20368.1,9.61095,0.692479
Test,MI250X_two_gcd,256,16384,4194304,268435456,2048,740,549.756,1073741824,0,0,0,0,0,512,0,0,0,0,0,0,0,0,0,0,0,0,0,0,0,0,0,0,0,0,0,0,0,0,0,0,0,0,0,27.0329,20336.6,14.1801,1.02169
Test,MI250X_two_gcd,256,16384,4194304,134217728,2048,756,274.878,2147483648,0,0,0,0,0,0,128,0,0,0,0,0,0,0,0,0,0,0,0,0,0,0,0,0,0,0,0,0,0,0,0,0,0,0,0,26.451,10392,3.3472,0.238604
Test,MI250X_two_gcd,256,16384,4194304,134217728,2048,756,274.878,2147483648,0,0,0,0,0,0,128,0,0,0,0,0,0,0,0,0,0,0,0,0,0,0,0,0,0,0,0,0,0,0,0,0,0,0,0,26.5015,10372.1,6.11656,0.436016
Test,MI250X_two_gcd,256,16384,4194304,1073741824,2048,98,2199.02,2147483648,0,0,0,0,0,0,0,1024,0,0,0,0,0,0,0,0,0,0,0,0,0,0,0,0,0,0,0,0,0,0,0,0,0,0,0,203.894,10785.1,4.24516,0.840499
Test,MI250X_two_gcd,256,16384,4194304,1073741824,2048,98,2199.02,2147483648,0,0,0,0,0,0,0,1024,0,0,0,0,0,0,0,0,0,0,0,0,0,0,0,0,0,0,0,0,0,0,0,0,0,0,0,204.418,10757.5,8.84756,1.75173
Test,MI250X_two_gcd,256,16384,4194304,536870912,2048,196,1099.51,2147483648,0,0,0,0,0,0,0,0,512,0,0,0,0,0,0,0,0,0,0,0,0,0,0,0,0,0,0,0,0,0,0,0,0,0,0,102.032,10776.1,3.71943,0.52072
Test,MI250X_two_gcd,256,16384,4194304,536870912,2048,196,1099.51,2147483648,0,0,0,0,0,0,0,0,512,0,0,0,0,0,0,0,0,0,0,0,0,0,0,0,0,0,0,0,0,0,0,0,0,0,0,102.314,10746.5,7.84954,1.09894
Test,MI250X_two_gcd,256,16384,4194304,268435456,2048,381,549.756,2147483648,0,0,0,0,0,0,0,0,0,256,0,0,0,0,0,0,0,0,0,0,0,0,0,0,0,0,0,0,0,0,0,0,0,0,0,52.5003,10471.5,5.04219,0.506305
Test,MI250X_two_gcd,256,16384,4194304,268435456,2048,381,549.756,2147483648,0,0,0,0,0,0,0,0,0,256,0,0,0,0,0,0,0,0,0,0,0,0,0,0,0,0,0,0,0,0,0,0,0,0,0,52.6129,10449.1,7.87493,0.790752
Test,MI250X_two_gcd,256,16384,4194304,134217728,2048,187,274.878,2147483648,0,0,0,0,0,0,0,0,0,0,128,0,0,0,0,0,0,0,0,0,0,0,0,0,0,0,0,0,0,0,0,0,0,0,0,106.998,2569,1.31969,0.18915
Test,MI250X_two_gcd,256,16384,4194304,134217728,2048,187,274.878,2147483648,0,0,0,0,0,0,0,0,0,0,128,0,0,0,0,0,0,0,0,0,0,0,0,0,0,0,0,0,0,0,0,0,0,0,0,107.198,2564.2,1.87108,0.268181
Test,MI250X_two_gcd,256,16384,4194304,536870912,2048,201,1099.51,2147483648,0,0,0,0,0,0,0,0,0,0,0,512,0,0,0,0,0,0,0,0,0,0,0,0,0,0,0,0,0,0,0,0,0,0,0,99.6801,11030.4,2.28438,0.315811
Test,MI250X_two_gcd,256,16384,4194304,536870912,2048,201,1099.51,2147483648,0,0,0,0,0,0,0,0,0,0,0,512,0,0,0,0,0,0,0,0,0,0,0,0,0,0,0,0,0,0,0,0,0,0,0,99.9435,11001.3,6.80312,0.940516
Test,MI250X_two_gcd,256,16384,4194304,268435456,2048,766,549.756,1073741824,0,0,0,0,0,0,0,0,0,0,0,0,512,0,0,0,0,0,0,0,0,0,0,0,0,0,0,0,0,0,0,0,0,0,0,26.0834,21076.9,7.48144,0.529818
Test,MI250X_two_gcd,256,16384,4194304,268435456,2048,766,549.756,1073741824,0,0,0,0,0,0,0,0,0,0,0,0,512,0,0,0,0,0,0,0,0,0,0,0,0,0,0,0,0,0,0,0,0,0,0,26.145,21027.2,12.167,0.861635
Test,MI250X_two_gcd,256,16384,4194304,134217728,2048,754,274.878,2147483648,0,0,0,0,0,0,0,0,0,0,0,0,0,128,0,0,0,0,0,0,0,0,0,0,0,0,0,0,0,0,0,0,0,0,0,26.4895,10376.9,3.4001,0.242696
Test,MI250X_two_gcd,256,16384,4194304,134217728,2048,754,274.878,2147483648,0,0,0,0,0,0,0,0,0,0,0,0,0,128,0,0,0,0,0,0,0,0,0,0,0,0,0,0,0,0,0,0,0,0,0,26.5485,10353.8,6.63219,0.473399
Test,MI250X_two_gcd,256,16384,4194304,1073741824,2048,96,4398.05,2147483648,0,0,0,0,0,0,0,0,0,0,0,0,0,0,2048,0,0,0,0,0,0,0,0,0,0,0,0,0,0,0,0,0,0,0,0,208.32,21112,5.81845,1.16393
Test,MI250X_two_gcd,256,16384,4194304,1073741824,2048,96,4398.05,2147483648,0,0,0,0,0,0,0,0,0,0,0,0,0,0,2048,0,0,0,0,0,0,0,0,0,0,0,0,0,0,0,0,0,0,0,0,208.887,21054.7,15.6046,3.12156
Test,MI250X_two_gcd,256,16384,4194304,536870912,2048,192,2199.02,2147483648,0,0,0,0,0,0,0,0,0,0,0,0,0,0,0,1024,0,0,0,0,0,0,0,0,0,0,0,0,0,0,0,0,0,0,0,103.852,21174.6,7.15026,1.01141
Test,MI250X_two_gcd,256,16384,4194304,536870912,2048,192,2199.02,2147483648,0,0,0,0,0,0,0,0,0,0,0,0,0,0,0,1024,0,0,0,0,0,0,0,0,0,0,0,0,0,0,0,0,0,0,0,104.135,21117,13.6014,1.92394
Test,MI250X_two_gcd,256,16384,4194304,268435456,2048,332,1099.51,2147483648,0,0,0,0,0,0,0,0,0,0,0,0,0,0,0,0,512,0,0,0,0,0,0,0,0,0,0,0,0,0,0,0,0,0,0,60.183,18269.5,26.2169,2.82012
Test,MI250X_two_gcd,256,16384,4194304,268435456,2048,332,1099.51,2147483648,0,0,0,0,0,0,0,0,0,0,0,0,0,0,0,0,512,0,0,0,0,0,0,0,0,0,0,0,0,0,0,0,0,0,0,61.2755,17943.9,46.082,4.95699
Test,MI250X_two_gcd,256,16384,4194304,134217728,2048,183,549.756,2147483648,0,0,0,0,0,0,0,0,0,0,0,0,0,0,0,0,0,256,0,0,0,0,0,0,0,0,0,0,0,0,0,0,0,0,0,108.908,5047.9,1.94568,0.281905
Test,MI250X_two_gcd,256,16384,4194304,134217728,2048,183,549.756,2147483648,0,0,0,0,0,0,0,0,0,0,0,0,0,0,0,0,0,256,0,0,0,0,0,0,0,0,0,0,0,0,0,0,0,0,0,109.194,5034.68,3.65933,0.530191
Test,MI250X_two_gcd,256,16384,4194304,536870912,2048,99,2199.02,2147483648,0,0,0,0,0,0,0,0,0,0,0,0,0,0,0,0,0,0,1024,0,0,0,0,0,0,0,0,0,0,0,0,0,0,0,0,202.487,10860.1,2.67818,0.527568
Test,MI250X_two_gcd,256,16384,4194304,536870912,2048,99,2199.02,2147483648,0,0,0,0,0,0,0,0,0,0,0,0,0,0,0,0,0,0,1024,0,0,0,0,0,0,0,0,0,0,0,0,0,0,0,0,203.029,10831.1,8.16392,1.60819
Test,MI250X_two_gcd,256,16384,4194304,268435456,2048,686,1099.51,1073741824,0,0,0,0,0,0,0,0,0,0,0,0,0,0,0,0,0,0,0,1024,0,0,0,0,0,0,0,0,0,0,0,0,0,0,0,29.2283,37618.4,112.951,8.45245
Test,MI250X_two_gcd,256,16384,4194304,268435456,2048,686,1099.51,1073741824,0,0,0,0,0,0,0,0,0,0,0,0,0,0,0,0,0,0,0,1024,0,0,0,0,0,0,0,0,0,0,0,0,0,0,0,29.8031,36893.2,153.809,11.51
Test,MI250X_two_gcd,256,16384,4194304,134217728,2048,683,549.756,2147483648,0,0,0,0,0,0,0,0,0,0,0,0,0,0,0,0,0,0,0,0,256,0,0,0,0,0,0,0,0,0,0,0,0,0,0,29.2909,18768.9,44.4594,3.33433
Test,MI250X_two_gcd,256,16384,4194304,134217728,2048,683,549.756,2147483648,0,0,0,0,0,0,0,0,0,0,0,0,0,0,0,0,0,0,0,0,256,0,0,0,0,0,0,0,0,0,0,0,0,0,0,29.8923,18391.4,62.8031,4.71006
Test,MI250X_two_gcd,256,16384,4194304,1073741824,2048,14,2199.02,2147483648,0,0,0,0,0,0,0,0,0,0,0,0,0,0,0,0,0,0,0,0,0,1024,0,0,0,0,0,0,0,0,0,0,0,0,0,1399.56,1571.23,0.376368,0.197154
Test,MI250X_two_gcd,256,16384,4194304,1073741824,2048,14,2199.02,2147483648,0,0,0,0,0,0,0,0,0,0,0,0,0,0,0,0,0,0,0,0,0,1024,0,0,0,0,0,0,0,0,0,0,0,0,0,1404.01,1566.25,2.28473,1.19682
Test,MI250X_two_gcd,256,16384,4194304,536870912,2048,29,1099.51,2147483648,0,0,0,0,0,0,0,0,0,0,0,0,0,0,0,0,0,0,0,0,0,0,512,0,0,0,0,0,0,0,0,0,0,0,0,701.199,1568.04,0.314797,0.114574
Test,MI250X_two_gcd,256,16384,4194304,536870912,2048,29,1099.51,2147483648,0,0,0,0,0,0,0,0,0,0,0,0,0,0,0,0,0,0,0,0,0,0,512,0,0,0,0,0,0,0,0,0,0,0,0,703.372,1563.2,1.4288,0.52003
Test,MI250X_two_gcd,256,16384,4194304,268435456,2048,36,549.756,2147483648,0,0,0,0,0,0,0,0,0,0,0,0,0,0,0,0,0,0,0,0,0,0,0,256,0,0,0,0,0,0,0,0,0,0,0,553.567,993.116,0.155294,0.0507294
Test,MI250X_two_gcd,256,16384,4194304,268435456,2048,36,549.756,2147483648,0,0,0,0,0,0,0,0,0,0,0,0,0,0,0,0,0,0,0,0,0,0,0,256,0,0,0,0,0,0,0,0,0,0,0,555.193,990.207,1.08172,0.353363
Test,MI250X_two_gcd,256,16384,4194304,134217728,2048,31,274.878,2147483648,0,0,0,0,0,0,0,0,0,0,0,0,0,0,0,0,0,0,0,0,0,0,0,0,128,0,0,0,0,0,0,0,0,0,0,645.765,425.662,0.122824,0.0432372
Test,MI250X_two_gcd,256,16384,4194304,134217728,2048,31,274.878,2147483648,0,0,0,0,0,0,0,0,0,0,0,0,0,0,0,0,0,0,0,0,0,0,0,0,128,0,0,0,0,0,0,0,0,0,0,647.448,424.556,0.300804,0.105891
Test,MI250X_two_gcd,256,16384,4194304,536870912,2048,50,1099.51,2147483648,0,0,0,0,0,0,0,0,0,0,0,0,0,0,0,0,0,0,0,0,0,0,0,0,0,512,0,0,0,0,0,0,0,0,0,399.94,2749.19,0.454538,0.125992
Test,MI250X_two_gcd,256,16384,4194304,536870912,2048,50,1099.51,2147483648,0,0,0,0,0,0,0,0,0,0,0,0,0,0,0,0,0,0,0,0,0,0,0,0,0,512,0,0,0,0,0,0,0,0,0,400.509,2745.29,2.59624,0.719642
Test,MI250X_two_gcd,256,16384,4194304,268435456,2048,28,549.756,2147483648,0,0,0,0,0,0,0,0,0,0,0,0,0,0,0,0,0,0,0,0,0,0,0,0,0,0,256,0,0,0,0,0,0,0,0,716.409,767.377,0.198688,0.0735951
Test,MI250X_two_gcd,256,16384,4194304,268435456,2048,28,549.756,2147483648,0,0,0,0,0,0,0,0,0,0,0,0,0,0,0,0,0,0,0,0,0,0,0,0,0,0,256,0,0,0,0,0,0,0,0,718.026,765.65,0.75651,0.280215
Test,MI250X_two_gcd,256,16384,4194304,134217728,2048,53,274.878,2147483648,0,0,0,0,0,0,0,0,0,0,0,0,0,0,0,0,0,0,0,0,0,0,0,0,0,0,0,128,0,0,0,0,0,0,0,373.817,735.328,0.27562,0.0742044
Test,MI250X_two_gcd,256,16384,4194304,134217728,2048,53,274.878,2147483648,0,0,0,0,0,0,0,0,0,0,0,0,0,0,0,0,0,0,0,0,0,0,0,0,0,0,0,128,0,0,0,0,0,0,0,374.827,733.347,0.638277,0.171841
Test,MI250X_two_gcd,256,16384,4194304,1073741824,2048,10,4398.05,2147483648,0,0,0,0,0,0,0,0,0,0,0,0,0,0,0,0,0,0,0,0,0,0,0,0,0,0,0,0,2048,0,0,0,0,0,0,2182.8,2014.87,0.252592,0.156558
Test,MI250X_two_gcd,256,16384,4194304,1073741824,2048,10,4398.05,2147483648,0,0,0,0,0,0,0,0,0,0,0,0,0,0,0,0,0,0,0,0,0,0,0,0,0,0,0,0,2048,0,0,0,0,0,0,2191.17,2007.18,3.73205,2.31315
Test,MI250X_two_gcd,256,16384,4194304,536870912,2048,18,2199.02,2147483648,0,0,0,0,0,0,0,0,0,0,0,0,0,0,0,0,0,0,0,0,0,0,0,0,0,0,0,0,0,1024,0,0,0,0,0,1092.13,2013.51,0.318751,0.147256
Test,MI250X_two_gcd,256,16384,4194304,536870912,2048,18,2199.02,2147483648,0,0,0,0,0,0,0,0,0,0,0,0,0,0,0,0,0,0,0,0,0,0,0,0,0,0,0,0,0,1024,0,0,0,0,0,1095.62,2007.1,2.90343,1.34132
Test,MI250X_two_gcd,256,16384,4194304,268435456,2048,37,1099.51,2147483648,0,0,0,0,0,0,0,0,0,0,0,0,0,0,0,0,0,0,0,0,0,0,0,0,0,0,0,0,0,0,512,0,0,0,0,543.528,2022.92,0.303914,0.0979277
Test,MI250X_two_gcd,256,16384,4194304,268435456,2048,37,1099.51,2147483648,0,0,0,0,0,0,0,0,0,0,0,0,0,0,0,0,0,0,0,0,0,0,0,0,0,0,0,0,0,0,512,0,0,0,0,545.126,2016.99,2.18846,0.705171
Test,MI250X_two_gcd,256,16384,4194304,134217728,2048,13,549.756,2147483648,0,0,0,0,0,0,0,0,0,0,0,0,0,0,0,0,0,0,0,0,0,0,0,0,0,0,0,0,0,0,0,256,0,0,0,1535.46,358.039,0.0803781,0.043694
Test,MI250X_two_gcd,256,16384,4194304,134217728,2048,13,549.756,2147483648,0,0,0,0,0,0,0,0,0,0,0,0,0,0,0,0,0,0,0,0,0,0,0,0,0,0,0,0,0,0,0,256,0,0,0,1540.6,356.846,0.591097,0.321324
Test,MI250X_two_gcd,256,16384,4194304,536870912,2048,18,2199.02,2147483648,0,0,0,0,0,0,0,0,0,0,0,0,0,0,0,0,0,0,0,0,0,0,0,0,0,0,0,0,0,0,0,0,1024,0,0,1082.21,2031.98,0.234687,0.10842
Test,MI250X_two_gcd,256,16384,4194304,536870912,2048,18,2199.02,2147483648,0,0,0,0,0,0,0,0,0,0,0,0,0,0,0,0,0,0,0,0,0,0,0,0,0,0,0,0,0,0,0,0,1024,0,0,1086.07,2024.76,2.93849,1.35751
Test,MI250X_two_gcd,256,16384,4194304,268435456,2048,45,1099.51,2147483648,0,0,0,0,0,0,0,0,0,0,0,0,0,0,0,0,0,0,0,0,0,0,0,0,0,0,0,0,0,0,0,0,0,512,0,442.706,2483.62,0.317301,0.0927089
Test,MI250X_two_gcd,256,16384,4194304,268435456,2048,45,1099.51,2147483648,0,0,0,0,0,0,0,0,0,0,0,0,0,0,0,0,0,0,0,0,0,0,0,0,0,0,0,0,0,0,0,0,0,512,0,444.089,2475.88,2.39522,0.699835
Test,MI250X_two_gcd,256,16384,4194304,134217728,2048,90,549.756,2147483648,0,0,0,0,0,0,0,0,0,0,0,0,0,0,0,0,0,0,0,0,0,0,0,0,0,0,0,0,0,0,0,0,0,0,256,221.6,2480.85,0.630476,0.130258
Test,MI250X_two_gcd,256,16384,4194304,134217728,2048,90,549.756,2147483648,0,0,0,0,0,0,0,0,0,0,0,0,0,0,0,0,0,0,0,0,0,0,0,0,0,0,0,0,0,0,0,0,0,0,256,222.257,2473.52,1.92012,0.396702
Test,MI250X_two_gcd,256,16384,4194304,1073741824,4096,49,4398.05,2147483648,2048,0,0,0,0,0,0,0,0,0,0,0,0,0,0,0,0,0,0,0,0,0,0,0,0,0,0,0,0,0,0,0,0,0,0,409.501,10740,1.95277,0.546777
Test,MI250X_two_gcd,256,16384,4194304,1073741824,4096,49,4398.05,2147483648,2048,0,0,0,0,0,0,0,0,0,0,0,0,0,0,0,0,0,0,0,0,0,0,0,0,0,0,0,0,0,0,0,0,0,0,410.655,10709.9,10.2125,2.85951
Test,MI250X_two_gcd,256,16384,4194304,536870912,4096,98,2199.02,2147483648,0,1024,0,0,0,0,0,0,0,0,0,0,0,0,0,0,0,0,0,0,0,0,0,0,0,0,0,0,0,0,0,0,0,0,0,204.823,10736.2,2.87145,0.568518
Test,MI250X_two_gcd,256,16384,4194304,536870912,4096,98,2199.02,2147483648,0,1024,0,0,0,0,0,0,0,0,0,0,0,0,0,0,0,0,0,0,0,0,0,0,0,0,0,0,0,0,0,0,0,0,0,205.411,10705.5,7.83359,1.55097
Test,MI250X_two_gcd,256,16384,4194304,268435456,4096,189,1099.51,2147483648,0,0,512,0,0,0,0,0,0,0,0,0,0,0,0,0,0,0,0,0,0,0,0,0,0,0,0,0,0,0,0,0,0,0,0,105.671,10405,3.75531,0.535391
Test,MI250X_two_gcd,256,16384,4194304,268435456,4096,189,1099.51,2147483648,0,0,512,0,0,0,0,0,0,0,0,0,0,0,0,0,0,0,0,0,0,0,0,0,0,0,0,0,0,0,0,0,0,0,0,105.925,10380.1,6.87315,0.979898
Test,MI250X_two_gcd,256,16384,4194304,134217728,4096,188,549.756,2147483648,0,0,0,256,0,0,0,0,0,0,0,0,0,0,0,0,0,0,0,0,0,0,0,0,0,0,0,0,0,0,0,0,0,0,0,106.484,5162.8,1.69563,0.242386
Test,MI250X_two_gcd,256,16384,4194304,134217728,4096,188,549.756,2147483648,0,0,0,256,0,0,0,0,0,0,0,0,0,0,0,0,0,0,0,0,0,0,0,0,0,0,0,0,0,0,0,0,0,0,0,106.701,5152.32,3.43391,0.49087
Test,MI250X_two_gcd,256,16384,4194304,536870912,4096,100,2199.02,2147483648,0,0,0,0,1024,0,0,0,0,0,0,0,0,0,0,0,0,0,0,0,0,0,0,0,0,0,0,0,0,0,0,0,0,0,0,199.589,11017.7,1.64674,0.322762
Test,MI250X_two_gcd,256,16384,4194304,536870912,4096,100,2199.02,2147483648,0,0,0,0,1024,0,0,0,0,0,0,0,0,0,0,0,0,0,0,0,0,0,0,0,0,0,0,0,0,0,0,0,0,0,0,200.285,10979.5,8.13158,1.59379
Test,MI250X_two_gcd,256,16384,4194304,268435456,4096,358,1099.51,1073741824,0,0,0,0,0,1024,0,0,0,0,0,0,0,0,0,0,0,0,0,0,0,0,0,0,0,0,0,0,0,0,0,0,0,0,0,56.3114,19525.8,73.5238,7.61627
Test,MI250X_two_gcd,256,16384,4194304,268435456,4096,358,1099.51,1073741824,0,0,0,0,0,1024,0,0,0,0,0,0,0,0,0,0,0,0,0,0,0,0,0,0,0,0,0,0,0,0,0,0,0,0,0,57.483,19127.9,74.6084,7.72863
Test,MI250X_two_gcd,256,16384,4194304,134217728,4096,379,549.756,2147483648,0,0,0,0,0,0,256,0,0,0,0,0,0,0,0,0,0,0,0,0,0,0,0,0,0,0,0,0,0,0,0,0,0,0,0,52.7893,10414.2,3.24433,0.326634
Test,MI250X_two_gcd,256,16384,4194304,134217728,4096,379,549.756,2147483648,0,0,0,0,0,0,256,0,0,0,0,0,0,0,0,0,0,0,0,0,0,0,0,0,0,0,0,0,0,0,0,0,0,0,0,52.9227,10387.9,6.96806,0.701533
Test,MI250X_two_gcd,256,16384,4194304,1073741824,4096,49,4398.05,2147483648,0,0,0,0,0,0,0,2048,0,0,0,0,0,0,0,0,0,0,0,0,0,0,0,0,0,0,0,0,0,0,0,0,0,0,0,406.89,10808.9,3.56768,0.998952
Test,MI250X_two_gcd,256,16384,4194304,1073741824,4096,49,4398.05,2147483648,0,0,0,0,0,0,0,2048,0,0,0,0,0,0,0,0,0,0,0,0,0,0,0,0,0,0,0,0,0,0,0,0,0,0,0,408.242,10773.2,10.8589,3.04049
Test,MI250X_two_gcd,256,16384,4194304,536870912,4096,98,2199.02,2147483648,0,0,0,0,0,0,0,0,1024,0,0,0,0,0,0,0,0,0,0,0,0,0,0,0,0,0,0,0,0,0,0,0,0,0,0,203.483,10806.9,3.39598,0.672369
Test,MI250X_two_gcd,256,16384,4194304,536870912,4096,98,2199.02,2147483648,0,0,0,0,0,0,0,0,1024,0,0,0,0,0,0,0,0,0,0,0,0,0,0,0,0,0,0,0,0,0,0,0,0,0,0,204.187,10769.6,8.91603,1.76528
Test,MI250X_two_gcd,256,16384,4194304,268435456,4096,191,1099.51,2147483648,0,0,0,0,0,0,0,0,0,512,0,0,0,0,0,0,0,0,0,0,0,0,0,0,0,0,0,0,0,0,0,0,0,0,0,104.923,10479.2,4.74111,0.672387
Test,MI250X_two_gcd,256,16384,4194304,268435456,4096,191,1099.51,2147483648,0,0,0,0,0,0,0,0,0,512,0,0,0,0,0,0,0,0,0,0,0,0,0,0,0,0,0,0,0,0,0,0,0,0,0,105.201,10451.6,7.65271,1.08531
Test,MI250X_two_gcd,256,16384,4194304,134217728,4096,93,549.756,2147483648,0,0,0,0,0,0,0,0,0,0,256,0,0,0,0,0,0,0,0,0,0,0,0,0,0,0,0,0,0,0,0,0,0,0,0,213.795,2571.41,1.36709,0.27785
Test,MI250X_two_gcd,256,16384,4194304,134217728,4096,93,549.756,2147483648,0,0,0,0,0,0,0,0,0,0,256,0,0,0,0,0,0,0,0,0,0,0,0,0,0,0,0,0,0,0,0,0,0,0,0,214.252,2565.93,2.06565,0.419829
Test,MI250X_two_gcd,256,16384,4194304,536870912,4096,100,2199.02,2147483648,0,0,0,0,0,0,0,0,0,0,0,1024,0,0,0,0,0,0,0,0,0,0,0,0,0,0,0,0,0,0,0,0,0,0,0,198.843,11059.1,1.75616,0.344207
Test,MI250X_two_gcd,256,16384,4194304,536870912,4096,100,2199.02,2147483648,0,0,0,0,0,0,0,0,0,0,0,1024,0,0,0,0,0,0,0,0,0,0,0,0,0,0,0,0,0,0,0,0,0,0,0,199.464,11024.7,8.28036,1.62295
Test,MI250X_two_gcd,256,16384,4194304,268435456,4096,376,1099.51,1073741824,0,0,0,0,0,0,0,0,0,0,0,0,1024,0,0,0,0,0,0,0,0,0,0,0,0,0,0,0,0,0,0,0,0,0,0,53.1924,20670.5,8.34452,0.843458
Test,MI250X_two_gcd,256,16384,4194304,268435456,4096,376,1099.51,1073741824,0,0,0,0,0,0,0,0,0,0,0,0,1024,0,0,0,0,0,0,0,0,0,0,0,0,0,0,0,0,0,0,0,0,0,0,53.3249,20619.1,14.0287,1.41801
Test,MI250X_two_gcd,256,16384,4194304,134217728,4096,380,549.756,2147483648,0,0,0,0,0,0,0,0,0,0,0,0,0,256,0,0,0,0,0,0,0,0,0,0,0,0,0,0,0,0,0,0,0,0,0,52.6172,10448.2,3.47467,0.349364
Test,MI250X_two_gcd,256,16384,4194304,134217728,4096,380,549.756,2147483648,0,0,0,0,0,0,0,0,0,0,0,0,0,256,0,0,0,0,0,0,0,0,0,0,0,0,0,0,0,0,0,0,0,0,0,52.7556,10420.8,4.73175,0.475758
Test,MI250X_two_gcd,256,16384,4194304,1073741824,4096,48,8796.09,2147483648,0,0,0,0,0,0,0,0,0,0,0,0,0,0,4096,0,0,0,0,0,0,0,0,0,0,0,0,0,0,0,0,0,0,0,0,419.877,20949.2,7.64609,2.16309
Test,MI250X_two_gcd,256,16384,4194304,1073741824,4096,48,8796.09,2147483648,0,0,0,0,0,0,0,0,0,0,0,0,0,0,4096,0,0,0,0,0,0,0,0,0,0,0,0,0,0,0,0,0,0,0,0,421.037,20891.5,19.7315,5.58207
Test,MI250X_two_gcd,256,16384,4194304,536870912,4096,95,4398.05,2147483648,0,0,0,0,0,0,0,0,0,0,0,0,0,0,0,2048,0,0,0,0,0,0,0,0,0,0,0,0,0,0,0,0,0,0,0,209.28,21015.1,6.16822,1.24038
Test,MI250X_two_gcd,256,16384,4194304,536870912,4096,95,4398.05,2147483648,0,0,0,0,0,0,0,0,0,0,0,0,0,0,0,2048,0,0,0,0,0,0,0,0,0,0,0,0,0,0,0,0,0,0,0,209.856,20957.5,15.7625,3.16971
Test,MI250X_two_gcd,256,16384,4194304,268435456,4096,156,2199.02,2147483648,0,0,0,0,0,0,0,0,0,0,0,0,0,0,0,0,1024,0,0,0,0,0,0,0,0,0,0,0,0,0,0,0,0,0,0,128.693,17087.3,12.8187,2.01158
Test,MI250X_two_gcd,256,16384,4194304,268435456,4096,156,2199.02,2147483648,0,0,0,0,0,0,0,0,0,0,0,0,0,0,0,0,1024,0,0,0,0,0,0,0,0,0,0,0,0,0,0,0,0,0,0,130.838,16807.3,27.9207,4.38148
Test,MI250X_two_gcd,256,16384,4194304,134217728,4096,92,1099.51,2147483648,0,0,0,0,0,0,0,0,0,0,0,0,0,0,0,0,0,512,0,0,0,0,0,0,0,0,0,0,0,0,0,0,0,0,0,217.634,5052.12,2.16161,0.441713
Test,MI250X_two_gcd,256,16384,4194304,134217728,4096,92,1099.51,2147483648,0,0,0,0,0,0,0,0,0,0,0,0,0,0,0,0,0,512,0,0,0,0,0,0,0,0,0,0,0,0,0,0,0,0,0,218.146,5040.26,3.64584,0.745007
Test,MI250X_two_gcd,256,16384,4194304,536870912,4096,49,4398.05,2147483648,0,0,0,0,0,0,0,0,0,0,0,0,0,0,0,0,0,0,2048,0,0,0,0,0,0,0,0,0,0,0,0,0,0,0,0,404.27,10879,1.28518,0.35985
Test,MI250X_two_gcd,256,16384,4194304,536870912,4096,49,4398.05,2147483648,0,0,0,0,0,0,0,0,0,0,0,0,0,0,0,0,0,0,2048,0,0,0,0,0,0,0,0,0,0,0,0,0,0,0,0,405.527,10845.3,10.4712,2.93194
Test,MI250X_two_gcd,256,16384,4194304,268435456,4096,326,2199.02,1073741824,0,0,0,0,0,0,0,0,0,0,0,0,0,0,0,0,0,0,0,2048,0,0,0,0,0,0,0,0,0,0,0,0,0,0,0,61.3952,35817.5,23.7193,2.57484
Test,MI250X_two_gcd,256,16384,4194304,268435456,4096,326,2199.02,1073741824,0,0,0,0,0,0,0,0,0,0,0,0,0,0,0,0,0,0,0,2048,0,0,0,0,0,0,0,0,0,0,0,0,0,0,0,62.4819,35194.6,34.659,3.76238
Test,MI250X_two_gcd,256,16384,4194304,134217728,4096,356,1099.51,2147483648,0,0,0,0,0,0,0,0,0,0,0,0,0,0,0,0,0,0,0,0,512,0,0,0,0,0,0,0,0,0,0,0,0,0,0,56.2192,19557.7,38.9691,4.04811
Test,MI250X_two_gcd,256,16384,4194304,134217728,4096,356,1099.51,2147483648,0,0,0,0,0,0,0,0,0,0,0,0,0,0,0,0,0,0,0,0,512,0,0,0,0,0,0,0,0,0,0,0,0,0,0,57.1356,19243.9,29.9899,3.11535
Test,MI250X_two_gcd,256,16384,4194304,1073741824,4096,10,4398.05,2147483648,0,0,0,0,0,0,0,0,0,0,0,0,0,0,0,0,0,0,0,0,0,2048,0,0,0,0,0,0,0,0,0,0,0,0,0,2796.9,1572.47,0.201582,0.124942
Test,MI250X_two_gcd,256,16384,4194304,1073741824,4096,10,4398.05,2147483648,0,0,0,0,0,0,0,0,0,0,0,0,0,0,0,0,0,0,0,0,0,2048,0,0,0,0,0,0,0,0,0,0,0,0,0,2807.62,1566.47,2.80658,1.73954
Test,MI250X_two_gcd,256,16384,4194304,536870912,4096,14,2199.02,2147483648,0,0,0,0,0,0,0,0,0,0,0,0,0,0,0,0,0,0,0,0,0,0,1024,0,0,0,0,0,0,0,0,0,0,0,0,1400.57,1570.09,0.277298,0.145258
Test,MI250X_two_gcd,256,16384,4194304,536870912,4096,14,2199.02,2147483648,0,0,0,0,0,0,0,0,0,0,0,0,0,0,0,0,0,0,0,0,0,0,1024,0,0,0,0,0,0,0,0,0,0,0,0,1405.6,1564.47,2.35483,1.23353
Test,MI250X_two_gcd,256,16384,4194304,268435456,4096,18,1099.51,2147483648,0,0,0,0,0,0,0,0,0,0,0,0,0,0,0,0,0,0,0,0,0,0,0,512,0,0,0,0,0,0,0,0,0,0,0,1107.04,993.203,0.15206,0.0702483
Test,MI250X_two_gcd,256,16384,4194304,268435456,4096,18,1099.51,2147483648,0,0,0,0,0,0,0,0,0,0,0,0,0,0,0,0,0,0,0,0,0,0,0,512,0,0,0,0,0,0,0,0,0,0,0,1110.53,990.081,1.42024,0.656115
Test,MI250X_two_gcd,256,16384,4194304,134217728,4096,16,549.756,2147483648,0,0,0,0,0,0,0,0,0,0,0,0,0,0,0,0,0,0,0,0,0,0,0,0,256,0,0,0,0,0,0,0,0,0,0,1287.88,426.868,0.129653,0.06353
Test,MI250X_two_gcd,256,16384,4194304,134217728,4096,16,549.756,2147483648,0,0,0,0,0,0,0,0,0,0,0,0,0,0,0,0,0,0,0,0,0,0,0,0,256,0,0,0,0,0,0,0,0,0,0,1291.44,425.693,0.406444,0.199157
Test,MI250X_two_gcd,256,16384,4194304,536870912,4096,25,2199.02,2147483648,0,0,0,0,0,0,0,0,0,0,0,0,0,0,0,0,0,0,0,0,0,0,0,0,0,1024,0,0,0,0,0,0,0,0,0,798.892,2752.59,0.448679,0.175882
Test,MI250X_two_gcd,256,16384,4194304,536870912,4096,25,2199.02,2147483648,0,0,0,0,0,0,0,0,0,0,0,0,0,0,0,0,0,0,0,0,0,0,0,0,0,1024,0,0,0,0,0,0,0,0,0,799.841,2749.33,3.42167,1.3413
Test,MI250X_two_gcd,256,16384,4194304,268435456,4096,14,1099.51,2147483648,0,0,0,0,0,0,0,0,0,0,0,0,0,0,0,0,0,0,0,0,0,0,0,0,0,0,512,0,0,0,0,0,0,0,0,1431.81,767.915,0.107014,0.0560575
Test,MI250X_two_gcd,256,16384,4194304,268435456,4096,14,1099.51,2147483648,0,0,0,0,0,0,0,0,0,0,0,0,0,0,0,0,0,0,0,0,0,0,0,0,0,0,512,0,0,0,0,0,0,0,0,1435.26,766.074,0.951075,0.498203
Test,MI250X_two_gcd,256,16384,4194304,134217728,4096,27,549.756,2147483648,0,0,0,0,0,0,0,0,0,0,0,0,0,0,0,0,0,0,0,0,0,0,0,0,0,0,0,256,0,0,0,0,0,0,0,743.528,739.388,0.178834,0.0674567
Test,MI250X_two_gcd,256,16384,4194304,134217728,4096,27,549.756,2147483648,0,0,0,0,0,0,0,0,0,0,0,0,0,0,0,0,0,0,0,0,0,0,0,0,0,0,0,256,0,0,0,0,0,0,0,745.573,737.361,0.82105,0.309702
Test,MI250X_two_gcd,256,16384,4194304,1073741824,4096,10,8796.09,2147483648,0,0,0,0,0,0,0,0,0,0,0,0,0,0,0,0,0,0,0,0,0,0,0,0,0,0,0,0,4096,0,0,0,0,0,0,4365.08,2015.1,0.255534,0.158382
Test,MI250X_two_gcd,256,16384,4194304,1073741824,4096,10,8796.09,2147483648,0,0,0,0,0,0,0,0,0,0,0,0,0,0,0,0,0,0,0,0,0,0,0,0,0,0,0,0,4096,0,0,0,0,0,0,4380.59,2007.98,3.7279,2.31058
Test,MI250X_two_gcd,256,16384,4194304,536870912,4096,10,4398.05,2147483648,0,0,0,0,0,0,0,0,0,0,0,0,0,0,0,0,0,0,0,0,0,0,0,0,0,0,0,0,0,2048,0,0,0,0,0,2182.25,2015.37,0.115122,0.0713533
Test,MI250X_two_gcd,256,16384,4194304,536870912,4096,10,4398.05,2147483648,0,0,0,0,0,0,0,0,0,0,0,0,0,0,0,0,0,0,0,0,0,0,0,0,0,0,0,0,0,2048,0,0,0,0,0,2190.14,2008.12,3.78255,2.34445
Test,MI250X_two_gcd,256,16384,4194304,268435456,4096,18,2199.02,2147483648,0,0,0,0,0,0,0,0,0,0,0,0,0,0,0,0,0,0,0,0,0,0,0,0,0,0,0,0,0,0,1024,0,0,0,0,1087.26,2022.54,0.143533,0.066309
Test,MI250X_two_gcd,256,16384,4194304,268435456,4096,18,2199.02,2147483648,0,0,0,0,0,0,0,0,0,0,0,0,0,0,0,0,0,0,0,0,0,0,0,0,0,0,0,0,0,0,1024,0,0,0,0,1091.01,2015.59,2.93419,1.35553
Test,MI250X_two_gcd,256,16384,4194304,134217728,4096,10,1099.51,2147483648,0,0,0,0,0,0,0,0,0,0,0,0,0,0,0,0,0,0,0,0,0,0,0,0,0,0,0,0,0,0,0,512,0,0,0,3067.9,358.392,0.0260006,0.0161153
Test,MI250X_two_gcd,256,16384,4194304,134217728,4096,10,1099.51,2147483648,0,0,0,0,0,0,0,0,0,0,0,0,0,0,0,0,0,0,0,0,0,0,0,0,0,0,0,0,0,0,0,512,0,0,0,3078.74,357.131,0.556885,0.345161
Test,MI250X_two_gcd,256,16384,4194304,536870912,4096,10,4398.05,2147483648,0,0,0,0,0,0,0,0,0,0,0,0,0,0,0,0,0,0,0,0,0,0,0,0,0,0,0,0,0,0,0,0,2048,0,0,2163.09,2033.23,0.0961089,0.0595689
Test,MI250X_two_gcd,256,16384,4194304,536870912,4096,10,4398.05,2147483648,0,0,0,0,0,0,0,0,0,0,0,0,0,0,0,0,0,0,0,0,0,0,0,0,0,0,0,0,0,0,0,0,2048,0,0,2170.9,2025.92,3.83963,2.37983
Test,MI250X_two_gcd,256,16384,4194304,268435456,4096,23,2199.02,2147483648,0,0,0,0,0,0,0,0,0,0,0,0,0,0,0,0,0,0,0,0,0,0,0,0,0,0,0,0,0,0,0,0,0,1024,0,885.382,2483.7,0.380563,0.155531
Test,MI250X_two_gcd,256,16384,4194304,268435456,4096,23,2199.02,2147483648,0,0,0,0,0,0,0,0,0,0,0,0,0,0,0,0,0,0,0,0,0,0,0,0,0,0,0,0,0,0,0,0,0,1024,0,888.03,2476.3,3.2937,1.34609
Test,MI250X_two_gcd,256,16384,4194304,134217728,4096,45,1099.51,2147483648,0,0,0,0,0,0,0,0,0,0,0,0,0,0,0,0,0,0,0,0,0,0,0,0,0,0,0,0,0,0,0,0,0,0,512,442.702,2483.64,0.321518,0.0939409
Test,MI250X_two_gcd,256,16384,4194304,134217728,4096,45,1099.51,2147483648,0,0,0,0,0,0,0,0,0,0,0,0,0,0,0,0,0,0,0,0,0,0,0,0,0,0,0,0,0,0,0,0,0,0,512,444.118,2475.72,2.47984,0.724558
Test,MI250X_two_gcd,256,16384,4194304,1073741824,8192,24,8796.09,2147483648,4096,0,0,0,0,0,0,0,0,0,0,0,0,0,0,0,0,0,0,0,0,0,0,0,0,0,0,0,0,0,0,0,0,0,0,818.745,10743.4,1.52198,0.608919
Test,MI250X_two_gcd,256,16384,4194304,1073741824,8192,24,8796.09,2147483648,4096,0,0,0,0,0,0,0,0,0,0,0,0,0,0,0,0,0,0,0,0,0,0,0,0,0,0,0,0,0,0,0,0,0,0,821.215,10711.1,13.0862,5.23556
Test,MI250X_two_gcd,256,16384,4194304,536870912,8192,49,4398.05,2147483648,0,2048,0,0,0,0,0,0,0,0,0,0,0,0,0,0,0,0,0,0,0,0,0,0,0,0,0,0,0,0,0,0,0,0,0,409.464,10741,2.33259,0.653124
Test,MI250X_two_gcd,256,16384,4194304,536870912,8192,49,4398.05,2147483648,0,2048,0,0,0,0,0,0,0,0,0,0,0,0,0,0,0,0,0,0,0,0,0,0,0,0,0,0,0,0,0,0,0,0,0,410.572,10712,9.74779,2.72938
Test,MI250X_two_gcd,256,16384,4194304,268435456,8192,95,2199.02,2147483648,0,0,1024,0,0,0,0,0,0,0,0,0,0,0,0,0,0,0,0,0,0,0,0,0,0,0,0,0,0,0,0,0,0,0,0,211.192,10412.4,3.92873,0.790035
Test,MI250X_two_gcd,256,16384,4194304,268435456,8192,95,2199.02,2147483648,0,0,1024,0,0,0,0,0,0,0,0,0,0,0,0,0,0,0,0,0,0,0,0,0,0,0,0,0,0,0,0,0,0,0,0,211.62,10391.4,7.77001,1.56249
Test,MI250X_two_gcd,256,16384,4194304,134217728,8192,94,1099.51,2147483648,0,0,0,512,0,0,0,0,0,0,0,0,0,0,0,0,0,0,0,0,0,0,0,0,0,0,0,0,0,0,0,0,0,0,0,212.983,5162.43,2.01945,0.408248
Test,MI250X_two_gcd,256,16384,4194304,134217728,8192,94,1099.51,2147483648,0,0,0,512,0,0,0,0,0,0,0,0,0,0,0,0,0,0,0,0,0,0,0,0,0,0,0,0,0,0,0,0,0,0,0,213.389,5152.61,3.90159,0.788739
Test,MI250X_two_gcd,256,16384,4194304,536870912,8192,50,4398.05,2147483648,0,0,0,0,2048,0,0,0,0,0,0,0,0,0,0,0,0,0,0,0,0,0,0,0,0,0,0,0,0,0,0,0,0,0,0,397.167,11073.5,1.45056,0.402075
Test,MI250X_two_gcd,256,16384,4194304,536870912,8192,50,4398.05,2147483648,0,0,0,0,2048,0,0,0,0,0,0,0,0,0,0,0,0,0,0,0,0,0,0,0,0,0,0,0,0,0,0,0,0,0,0,398.309,11041.8,10.5204,2.91612
Test,MI250X_two_gcd,256,16384,4194304,268435456,8192,181,2199.02,1073741824,0,0,0,0,0,2048,0,0,0,0,0,0,0,0,0,0,0,0,0,0,0,0,0,0,0,0,0,0,0,0,0,0,0,0,0,111.461,19729.2,64.9931,9.46856
Test,MI250X_two_gcd,256,16384,4194304,268435456,8192,181,2199.02,1073741824,0,0,0,0,0,2048,0,0,0,0,0,0,0,0,0,0,0,0,0,0,0,0,0,0,0,0,0,0,0,0,0,0,0,0,0,114.15,19264.8,91.607,13.3458
Test,MI250X_two_gcd,256,16384,4194304,134217728,8192,187,1099.51,2147483648,0,0,0,0,0,0,512,0,0,0,0,0,0,0,0,0,0,0,0,0,0,0,0,0,0,0,0,0,0,0,0,0,0,0,0,106.92,10283.5,4.35189,0.623753
Test,MI250X_two_gcd,256,16384,4194304,134217728,8192,187,1099.51,2147483648,0,0,0,0,0,0,512,0,0,0,0,0,0,0,0,0,0,0,0,0,0,0,0,0,0,0,0,0,0,0,0,0,0,0,0,107.155,10261,6.85951,0.983169
Test,MI250X_two_gcd,256,16384,4194304,1073741824,8192,25,8796.09,2147483648,0,0,0,0,0,0,0,4096,0,0,0,0,0,0,0,0,0,0,0,0,0,0,0,0,0,0,0,0,0,0,0,0,0,0,0,813.957,10806.6,4.09334,1.60459
Test,MI250X_two_gcd,256,16384,4194304,1073741824,8192,25,8796.09,2147483648,0,0,0,0,0,0,0,4096,0,0,0,0,0,0,0,0,0,0,0,0,0,0,0,0,0,0,0,0,0,0,0,0,0,0,0,816.349,10774.9,13.7668,5.39658
Test,MI250X_two_gcd,256,16384,4194304,536870912,8192,49,4398.05,2147483648,0,0,0,0,0,0,0,0,2048,0,0,0,0,0,0,0,0,0,0,0,0,0,0,0,0,0,0,0,0,0,0,0,0,0,0,406.891,10808.9,3.36813,0.943076
Test,MI250X_two_gcd,256,16384,4194304,536870912,8192,49,4398.05,2147483648,0,0,0,0,0,0,0,0,2048,0,0,0,0,0,0,0,0,0,0,0,0,0,0,0,0,0,0,0,0,0,0,0,0,0,0,408.059,10778,10.9268,3.0595
Test,MI250X_two_gcd,256,16384,4194304,268435456,8192,95,2199.02,2147483648,0,0,0,0,0,0,0,0,0,1024,0,0,0,0,0,0,0,0,0,0,0,0,0,0,0,0,0,0,0,0,0,0,0,0,0,209.948,10474.1,3.65626,0.735244
Test,MI250X_two_gcd,256,16384,4194304,268435456,8192,95,2199.02,2147483648,0,0,0,0,0,0,0,0,0,1024,0,0,0,0,0,0,0,0,0,0,0,0,0,0,0,0,0,0,0,0,0,0,0,0,0,210.468,10448.2,8.50614,1.71051
Test,MI250X_two_gcd,256,16384,4194304,134217728,8192,47,1099.51,2147483648,0,0,0,0,0,0,0,0,0,0,512,0,0,0,0,0,0,0,0,0,0,0,0,0,0,0,0,0,0,0,0,0,0,0,0,427.374,2572.72,1.281,0.366232
Test,MI250X_two_gcd,256,16384,4194304,134217728,8192,47,1099.51,2147483648,0,0,0,0,0,0,0,0,0,0,512,0,0,0,0,0,0,0,0,0,0,0,0,0,0,0,0,0,0,0,0,0,0,0,0,428.179,2567.88,2.48874,0.711519
Test,MI250X_two_gcd,256,16384,4194304,536870912,8192,50,4398.05,2147483648,0,0,0,0,0,0,0,0,0,0,0,2048,0,0,0,0,0,0,0,0,0,0,0,0,0,0,0,0,0,0,0,0,0,0,0,397.333,11068.9,0.902666,0.250206
Test,MI250X_two_gcd,256,16384,4194304,536870912,8192,50,4398.05,2147483648,0,0,0,0,0,0,0,0,0,0,0,2048,0,0,0,0,0,0,0,0,0,0,0,0,0,0,0,0,0,0,0,0,0,0,0,398.525,11035.8,10.5074,2.91252
Test,MI250X_two_gcd,256,16384,4194304,268435456,8192,188,2199.02,1073741824,0,0,0,0,0,0,0,0,0,0,0,0,2048,0,0,0,0,0,0,0,0,0,0,0,0,0,0,0,0,0,0,0,0,0,0,106.296,20687.7,8.41072,1.20229
Test,MI250X_two_gcd,256,16384,4194304,268435456,8192,188,2199.02,1073741824,0,0,0,0,0,0,0,0,0,0,0,0,2048,0,0,0,0,0,0,0,0,0,0,0,0,0,0,0,0,0,0,0,0,0,0,106.547,20639,13.7747,1.96906
Test,MI250X_two_gcd,256,16384,4194304,134217728,8192,187,1099.51,2147483648,0,0,0,0,0,0,0,0,0,0,0,0,0,512,0,0,0,0,0,0,0,0,0,0,0,0,0,0,0,0,0,0,0,0,0,106.596,10314.7,1.8738,0.26857
Test,MI250X_two_gcd,256,16384,4194304,134217728,8192,187,1099.51,2147483648,0,0,0,0,0,0,0,0,0,0,0,0,0,512,0,0,0,0,0,0,0,0,0,0,0,0,0,0,0,0,0,0,0,0,0,106.864,10288.8,6.57343,0.942165
Test,MI250X_two_gcd,256,16384,4194304,1073741824,8192,24,17592.2,2147483648,0,0,0,0,0,0,0,0,0,0,0,0,0,0,8192,0,0,0,0,0,0,0,0,0,0,0,0,0,0,0,0,0,0,0,0,838.342,20984.5,1.80347,0.72154
Test,MI250X_two_gcd,256,16384,4194304,1073741824,8192,24,17592.2,2147483648,0,0,0,0,0,0,0,0,0,0,0,0,0,0,8192,0,0,0,0,0,0,0,0,0,0,0,0,0,0,0,0,0,0,0,0,840.778,20923.7,25.2155,10.0883
Test,MI250X_two_gcd,256,16384,4194304,1073741824,1,3722,1.07374,2147483648,0.5,0,0,0,0,0,0,0,0,0,0,0,0,0,0,0,0,0,0,0,0,0,0,0,0,0,0,0,0,0,0,0,0,0,0,5.37706,199.737,3.1125,0.0999946
Test,MI250X_two_gcd,256,16384,4194304,1073741824,1,3722,1.07374,2147483648,0.5,0,0,0,0,0,0,0,0,0,0,0,0,0,0,0,0,0,0,0,0,0,0,0,0,0,0,0,0,0,0,0,0,0,0,5.41273,198.412,2.78319,0.0894149
Test,MI250X_two_gcd,256,16384,4194304,536870912,1,6304,0.536871,2147483648,0,0.25,0,0,0,0,0,0,0,0,0,0,0,0,0,0,0,0,0,0,0,0,0,0,0,0,0,0,0,0,0,0,0,0,0,3.18328,168.656,0.621094,0.0153322
Test,MI250X_two_gcd,256,16384,4194304,536870912,1,6304,0.536871,2147483648,0,0.25,0,0,0,0,0,0,0,0,0,0,0,0,0,0,0,0,0,0,0,0,0,0,0,0,0,0,0,0,0,0,0,0,0,3.18424,168.604,0.600594,0.0148262
Test,MI250X_two_gcd,256,16384,4194304,268435456,1,11611,0.268435,2147483648,0,0,0.125,0,0,0,0,0,0,0,0,0,0,0,0,0,0,0,0,0,0,0,0,0,0,0,0,0,0,0,0,0,0,0,0,1.72311,155.786,0.382688,0.0069609
Test,MI250X_two_gcd,256,16384,4194304,268435456,1,11611,0.268435,2147483648,0,0,0.125,0,0,0,0,0,0,0,0,0,0,0,0,0,0,0,0,0,0,0,0,0,0,0,0,0,0,0,0,0,0,0,0,1.72211,155.876,0.320758,0.00583444
Test,MI250X_two_gcd,256,16384,4194304,134217728,1,11631,0.134218,2147483648,0,0,0,0.0625,0,0,0,0,0,0,0,0,0,0,0,0,0,0,0,0,0,0,0,0,0,0,0,0,0,0,0,0,0,0,0,1.72005,78.0329,0.334944,0.00608722
Test,MI250X_two_gcd,256,16384,4194304,134217728,1,11631,0.134218,2147483648,0,0,0,0.0625,0,0,0,0,0,0,0,0,0,0,0,0,0,0,0,0,0,0,0,0,0,0,0,0,0,0,0,0,0,0,0,1.71788,78.1316,0.35226,0.00640192
Test,MI250X_two_gcd,256,16384,4194304,1073741824,1,10,1.07374,2147483648,0.5,0,0,0,0,0,0,0,0,0,0,0,0,0,0,0,0,0,0,0,0,0,0,0,0,0,0,0,0,0,0,0,0,0,0,5.36723,200.075,2.01217,1.24715
Test,MI250X_two_gcd,256,16384,4194304,1073741824,1,10,1.07374,2147483648,0.5,0,0,0,0,0,0,0,0,0,0,0,0,0,0,0,0,0,0,0,0,0,0,0,0,0,0,0,0,0,0,0,0,0,0,5.38539,199.417,2.7236,1.6881
Test,MI250X_two_gcd,256,16384,4194304,536870912,1,10,0.536871,2147483648,0,0.25,0,0,0,0,0,0,0,0,0,0,0,0,0,0,0,0,0,0,0,0,0,0,0,0,0,0,0,0,0,0,0,0,0,3.18874,168.366,0.494227,0.306325
Test,MI250X_two_gcd,256,16384,4194304,536870912,1,10,0.536871,2147483648,0,0.25,0,0,0,0,0,0,0,0,0,0,0,0,0,0,0,0,0,0,0,0,0,0,0,0,0,0,0,0,0,0,0,0,0,3.17991,168.833,0.362429,0.224636
Test,MI250X_two_gcd,256,16384,4194304,268435456,1,10,0.268435,2147483648,0,0,0.125,0,0,0,0,0,0,0,0,0,0,0,0,0,0,0,0,0,0,0,0,0,0,0,0,0,0,0,0,0,0,0,0,1.72321,155.777,0.28992,0.179694
Test,MI250X_two_gcd,256,16384,4194304,268435456,1,10,0.268435,2147483648,0,0,0.125,0,0,0,0,0,0,0,0,0,0,0,0,0,0,0,0,0,0,0,0,0,0,0,0,0,0,0,0,0,0,0,0,1.72291,155.804,0.242997,0.150611
Test,MI250X_two_gcd,256,16384,4194304,134217728,1,10,0.134218,2147483648,0,0,0,0.0625,0,0,0,0,0,0,0,0,0,0,0,0,0,0,0,0,0,0,0,0,0,0,0,0,0,0,0,0,0,0,0,1.72006,78.0331,0.413729,0.256432
Test,MI250X_two_gcd,256,16384,4194304,134217728,1,10,0.134218,2147483648,0,0,0,0.0625,0,0,0,0,0,0,0,0,0,0,0,0,0,0,0,0,0,0,0,0,0,0,0,0,0,0,0,0,0,0,0,1.72441,77.8414,0.751554,0.465818
Test,MI250X_two_gcd,256,16384,4194304,536870912,1,10,0.536871,2147483648,0,0,0,0,0.25,0,0,0,0,0,0,0,0,0,0,0,0,0,0,0,0,0,0,0,0,0,0,0,0,0,0,0,0,0,0,3.2325,166.087,0.546463,0.338702
Test,MI250X_two_gcd,256,16384,4194304,536870912,1,10,0.536871,2147483648,0,0,0,0,0.25,0,0,0,0,0,0,0,0,0,0,0,0,0,0,0,0,0,0,0,0,0,0,0,0,0,0,0,0,0,0,3.22696,166.377,1.05059,0.651163
Test,MI250X_two_gcd,256,16384,4194304,268435456,1,10,0.268435,1073741824,0,0,0,0,0,0.25,0,0,0,0,0,0,0,0,0,0,0,0,0,0,0,0,0,0,0,0,0,0,0,0,0,0,0,0,0,0.852533,314.872,1.09808,0.680596
Test,MI250X_two_gcd,256,16384,4194304,268435456,1,10,0.268435,1073741824,0,0,0,0,0,0.25,0,0,0,0,0,0,0,0,0,0,0,0,0,0,0,0,0,0,0,0,0,0,0,0,0,0,0,0,0,0.856373,313.483,2.88185,1.78619
Test,MI250X_two_gcd,256,16384,4194304,134217728,1,10,0.134218,2147483648,0,0,0,0,0,0,0.0625,0,0,0,0,0,0,0,0,0,0,0,0,0,0,0,0,0,0,0,0,0,0,0,0,0,0,0,0,1.74079,77.1027,0.315952,0.195829
Test,MI250X_two_gcd,256,16384,4194304,134217728,1,10,0.134218,2147483648,0,0,0,0,0,0,0.0625,0,0,0,0,0,0,0,0,0,0,0,0,0,0,0,0,0,0,0,0,0,0,0,0,0,0,0,0,1.74206,77.0536,0.784274,0.486098
Test,MI250X_two_gcd,256,16384,4194304,1073741824,1,10,1.07374,2147483648,0,0,0,0,0,0,0,0.5,0,0,0,0,0,0,0,0,0,0,0,0,0,0,0,0,0,0,0,0,0,0,0,0,0,0,0,5.38307,199.49,2.1569,1.33686
Test,MI250X_two_gcd,256,16384,4194304,1073741824,1,10,1.07374,2147483648,0,0,0,0,0,0,0,0.5,0,0,0,0,0,0,0,0,0,0,0,0,0,0,0,0,0,0,0,0,0,0,0,0,0,0,0,5.37744,199.699,2.18223,1.35256
Test,MI250X_two_gcd,256,16384,4194304,536870912,1,10,0.536871,2147483648,0,0,0,0,0,0,0,0,0.25,0,0,0,0,0,0,0,0,0,0,0,0,0,0,0,0,0,0,0,0,0,0,0,0,0,0,3.18496,168.567,0.669868,0.415189
Test,MI250X_two_gcd,256,16384,4194304,536870912,1,10,0.536871,2147483648,0,0,0,0,0,0,0,0,0.25,0,0,0,0,0,0,0,0,0,0,0,0,0,0,0,0,0,0,0,0,0,0,0,0,0,0,3.1809,168.78,0.236948,0.146862
Test,MI250X_two_gcd,256,16384,4194304,268435456,1,10,0.268435,2147483648,0,0,0,0,0,0,0,0,0,0.125,0,0,0,0,0,0,0,0,0,0,0,0,0,0,0,0,0,0,0,0,0,0,0,0,0,1.72219,155.869,0.224985,0.139447
Test,MI250X_two_gcd,256,16384,4194304,268435456,1,10,0.268435,2147483648,0,0,0,0,0,0,0,0,0,0.125,0,0,0,0,0,0,0,0,0,0,0,0,0,0,0,0,0,0,0,0,0,0,0,0,0,1.73608,154.646,1.8851,1.1684
Test,MI250X_two_gcd,256,16384,4194304,134217728,1,10,0.134218,2147483648,0,0,0,0,0,0,0,0,0,0,0.0625,0,0,0,0,0,0,0,0,0,0,0,0,0,0,0,0,0,0,0,0,0,0,0,0,1.72329,77.8864,0.387432,0.240133
Test,MI250X_two_gcd,256,16384,4194304,134217728,1,10,0.134218,2147483648,0,0,0,0,0,0,0,0,0,0,0.0625,0,0,0,0,0,0,0,0,0,0,0,0,0,0,0,0,0,0,0,0,0,0,0,0,1.72263,77.9217,0.754716,0.467778
Test,MI250X_two_gcd,256,16384,4194304,536870912,1,10,0.536871,2147483648,0,0,0,0,0,0,0,0,0,0,0,0.25,0,0,0,0,0,0,0,0,0,0,0,0,0,0,0,0,0,0,0,0,0,0,0,3.23437,165.992,0.610137,0.378167
Test,MI250X_two_gcd,256,16384,4194304,536870912,1,10,0.536871,2147483648,0,0,0,0,0,0,0,0,0,0,0,0.25,0,0,0,0,0,0,0,0,0,0,0,0,0,0,0,0,0,0,0,0,0,0,0,3.24523,165.444,1.31124,0.812716
Test,MI250X_two_gcd,256,16384,4194304,268435456,1,10,0.268435,1073741824,0,0,0,0,0,0,0,0,0,0,0,0,0.25,0,0,0,0,0,0,0,0,0,0,0,0,0,0,0,0,0,0,0,0,0,0,0.859284,312.426,3.14082,1.9467
Test,MI250X_two_gcd,256,16384,4194304,268435456,1,10,0.268435,1073741824,0,0,0,0,0,0,0,0,0,0,0,0,0.25,0,0,0,0,0,0,0,0,0,0,0,0,0,0,0,0,0,0,0,0,0,0,0.858133,312.847,3.24742,2.01277
Test,MI250X_two_gcd,256,16384,4194304,134217728,1,10,0.134218,2147483648,0,0,0,0,0,0,0,0,0,0,0,0,0,0.0625,0,0,0,0,0,0,0,0,0,0,0,0,0,0,0,0,0,0,0,0,0,1.73769,77.2409,0.366723,0.227297
Test,MI250X_two_gcd,256,16384,4194304,134217728,1,10,0.134218,2147483648,0,0,0,0,0,0,0,0,0,0,0,0,0,0.0625,0,0,0,0,0,0,0,0,0,0,0,0,0,0,0,0,0,0,0,0,0,1.7406,77.1145,0.595013,0.368793
Test,MI250X_two_gcd,256,16384,4194304,1073741824,1,10,2.14748,2147483648,0,0,0,0,0,0,0,0,0,0,0,0,0,0,1,0,0,0,0,0,0,0,0,0,0,0,0,0,0,0,0,0,0,0,0,5.29456,405.808,9.27032,5.74581
Test,MI250X_two_gcd,256,16384,4194304,1073741824,1,10,2.14748,2147483648,0,0,0,0,0,0,0,0,0,0,0,0,0,0,1,0,0,0,0,0,0,0,0,0,0,0,0,0,0,0,0,0,0,0,0,5.29235,405.887,6.89241,4.27196
Test,MI250X_two_gcd,256,16384,4194304,536870912,1,10,1.07374,2147483648,0,0,0,0,0,0,0,0,0,0,0,0,0,0,0,0.5,0,0,0,0,0,0,0,0,0,0,0,0,0,0,0,0,0,0,0,3.23776,331.639,1.62652,1.00813
Test,MI250X_two_gcd,256,16384,4194304,536870912,1,10,1.07374,2147483648,0,0,0,0,0,0,0,0,0,0,0,0,0,0,0,0.5,0,0,0,0,0,0,0,0,0,0,0,0,0,0,0,0,0,0,0,3.24506,330.892,1.46747,0.909546
Test,MI250X_two_gcd,256,16384,4194304,268435456,1,10,0.536871,2147483648,0,0,0,0,0,0,0,0,0,0,0,0,0,0,0,0,0.25,0,0,0,0,0,0,0,0,0,0,0,0,0,0,0,0,0,0,1.73233,309.913,0.495158,0.306902
Test,MI250X_two_gcd,256,16384,4194304,268435456,1,10,0.536871,2147483648,0,0,0,0,0,0,0,0,0,0,0,0,0,0,0,0,0.25,0,0,0,0,0,0,0,0,0,0,0,0,0,0,0,0,0,0,1.73401,309.614,0.763828,0.473425
Test,MI250X_two_gcd,256,16384,4194304,134217728,1,10,0.268435,2147483648,0,0,0,0,0,0,0,0,0,0,0,0,0,0,0,0,0,0.125,0,0,0,0,0,0,0,0,0,0,0,0,0,0,0,0,0,1.74348,153.968,0.617763,0.382894
Test,MI250X_two_gcd,256,16384,4194304,134217728,1,10,0.268435,2147483648,0,0,0,0,0,0,0,0,0,0,0,0,0,0,0,0,0,0.125,0,0,0,0,0,0,0,0,0,0,0,0,0,0,0,0,0,1.74561,153.793,1.53406,0.950818
Test,MI250X_two_gcd,256,16384,4194304,536870912,1,10,1.07374,2147483648,0,0,0,0,0,0,0,0,0,0,0,0,0,0,0,0,0,0,0.5,0,0,0,0,0,0,0,0,0,0,0,0,0,0,0,0,3.25629,329.747,1.03567,0.641917
Test,MI250X_two_gcd,256,16384,4194304,536870912,1,10,1.07374,2147483648,0,0,0,0,0,0,0,0,0,0,0,0,0,0,0,0,0,0,0.5,0,0,0,0,0,0,0,0,0,0,0,0,0,0,0,0,3.2598,329.423,3.3228,2.05949
Test,MI250X_two_gcd,256,16384,4194304,268435456,1,10,0.536871,1073741824,0,0,0,0,0,0,0,0,0,0,0,0,0,0,0,0,0,0,0,0.5,0,0,0,0,0,0,0,0,0,0,0,0,0,0,0,0.856821,626.628,5.17628,3.20829
Test,MI250X_two_gcd,256,16384,4194304,268435456,1,10,0.536871,1073741824,0,0,0,0,0,0,0,0,0,0,0,0,0,0,0,0,0,0,0,0.5,0,0,0,0,0,0,0,0,0,0,0,0,0,0,0,0.854245,628.514,4.97618,3.08427
Test,MI250X_two_gcd,256,16384,4194304,134217728,1,10,0.268435,2147483648,0,0,0,0,0,0,0,0,0,0,0,0,0,0,0,0,0,0,0,0,0.125,0,0,0,0,0,0,0,0,0,0,0,0,0,0,1.74139,154.153,0.575651,0.356792
Test,MI250X_two_gcd,256,16384,4194304,134217728,1,10,0.268435,2147483648,0,0,0,0,0,0,0,0,0,0,0,0,0,0,0,0,0,0,0,0,0.125,0,0,0,0,0,0,0,0,0,0,0,0,0,0,1.74804,153.578,1.47356,0.91332
Test,MI250X_two_gcd,256,16384,4194304,1073741824,1,10,1.07374,2147483648,0,0,0,0,0,0,0,0,0,0,0,0,0,0,0,0,0,0,0,0,0,0.5,0,0,0,0,0,0,0,0,0,0,0,0,0,5.98554,179.402,1.53377,0.950641
Test,MI250X_two_gcd,256,16384,4194304,1073741824,1,10,1.07374,2147483648,0,0,0,0,0,0,0,0,0,0,0,0,0,0,0,0,0,0,0,0,0,0.5,0,0,0,0,0,0,0,0,0,0,0,0,0,5.97746,179.677,2.90408,1.79997
Test,MI250X_two_gcd,256,16384,4194304,536870912,1,10,0.536871,2147483648,0,0,0,0,0,0,0,0,0,0,0,0,0,0,0,0,0,0,0,0,0,0,0.25,0,0,0,0,0,0,0,0,0,0,0,0,3.40452,157.694,0.360351,0.223348
Test,MI250X_two_gcd,256,16384,4194304,536870912,1,10,0.536871,2147483648,0,0,0,0,0,0,0,0,0,0,0,0,0,0,0,0,0,0,0,0,0,0,0.25,0,0,0,0,0,0,0,0,0,0,0,0,3.42578,156.745,2.15557,1.33604
Test,MI250X_two_gcd,256,16384,4194304,268435456,1,10,0.268435,2147483648,0,0,0,0,0,0,0,0,0,0,0,0,0,0,0,0,0,0,0,0,0,0,0,0.125,0,0,0,0,0,0,0,0,0,0,0,1.76452,152.134,0.83007,0.514483
Test,MI250X_two_gcd,256,16384,4194304,268435456,1,10,0.268435,2147483648,0,0,0,0,0,0,0,0,0,0,0,0,0,0,0,0,0,0,0,0,0,0,0,0.125,0,0,0,0,0,0,0,0,0,0,0,1.77334,151.397,1.89573,1.17498
Test,MI250X_two_gcd,256,16384,4194304,134217728,1,10,0.134218,2147483648,0,0,0,0,0,0,0,0,0,0,0,0,0,0,0,0,0,0,0,0,0,0,0,0,0.0625,0,0,0,0,0,0,0,0,0,0,1.72694,77.7202,0.101573,0.0629557
Test,MI250X_two_gcd,256,16384,4194304,134217728,1,10,0.134218,2147483648,0,0,0,0,0,0,0,0,0,0,0,0,0,0,0,0,0,0,0,0,0,0,0,0,0.0625,0,0,0,0,0,0,0,0,0,0,1.73294,77.4587,0.765118,0.474225
Test,MI250X_two_gcd,256,16384,4194304,536870912,1,10,0.536871,2147483648,0,0,0,0,0,0,0,0,0,0,0,0,0,0,0,0,0,0,0,0,0,0,0,0,0,0.25,0,0,0,0,0,0,0,0,0,3.33255,161.101,0.528617,0.32764
Test,MI250X_two_gcd,256,16384,4194304,536870912,1,10,0.536871,2147483648,0,0,0,0,0,0,0,0,0,0,0,0,0,0,0,0,0,0,0,0,0,0,0,0,0,0.25,0,0,0,0,0,0,0,0,0,3.34381,160.568,1.37064,0.849535
Test,MI250X_two_gcd,256,16384,4194304,268435456,1,10,0.268435,2147483648,0,0,0,0,0,0,0,0,0,0,0,0,0,0,0,0,0,0,0,0,0,0,0,0,0,0,0.125,0,0,0,0,0,0,0,0,1.77539,151.201,0.685863,0.425102
Test,MI250X_two_gcd,256,16384,4194304,268435456,1,10,0.268435,2147483648,0,0,0,0,0,0,0,0,0,0,0,0,0,0,0,0,0,0,0,0,0,0,0,0,0,0,0.125,0,0,0,0,0,0,0,0,1.77201,151.5,1.44976,0.898568
Test,MI250X_two_gcd,256,16384,4194304,134217728,1,10,0.134218,2147483648,0,0,0,0,0,0,0,0,0,0,0,0,0,0,0,0,0,0,0,0,0,0,0,0,0,0,0,0.0625,0,0,0,0,0,0,0,1.73663,77.2877,0.34079,0.211224
Test,MI250X_two_gcd,256,16384,4194304,134217728,1,10,0.134218,2147483648,0,0,0,0,0,0,0,0,0,0,0,0,0,0,0,0,0,0,0,0,0,0,0,0,0,0,0,0.0625,0,0,0,0,0,0,0,1.73795,77.2342,0.701643,0.434883
Test,MI250X_two_gcd,256,16384,4194304,1073741824,1,10,2.14748,2147483648,0,0,0,0,0,0,0,0,0,0,0,0,0,0,0,0,0,0,0,0,0,0,0,0,0,0,0,0,1,0,0,0,0,0,0,6.18609,347.158,1.92083,1.19054
Test,MI250X_two_gcd,256,16384,4194304,1073741824,1,10,2.14748,2147483648,0,0,0,0,0,0,0,0,0,0,0,0,0,0,0,0,0,0,0,0,0,0,0,0,0,0,0,0,1,0,0,0,0,0,0,6.1711,348.03,3.70959,2.29923
Test,MI250X_two_gcd,256,16384,4194304,536870912,1,10,1.07374,2147483648,0,0,0,0,0,0,0,0,0,0,0,0,0,0,0,0,0,0,0,0,0,0,0,0,0,0,0,0,0,0.5,0,0,0,0,0,3.40865,315.007,0.734875,0.45548
Test,MI250X_two_gcd,256,16384,4194304,536870912,1,10,1.07374,2147483648,0,0,0,0,0,0,0,0,0,0,0,0,0,0,0,0,0,0,0,0,0,0,0,0,0,0,0,0,0,0.5,0,0,0,0,0,3.42143,313.866,3.39115,2.10186
Test,MI250X_two_gcd,256,16384,4194304,268435456,1,10,0.536871,2147483648,0,0,0,0,0,0,0,0,0,0,0,0,0,0,0,0,0,0,0,0,0,0,0,0,0,0,0,0,0,0,0.25,0,0,0,0,1.76566,304.07,1.53056,0.94865
Test,MI250X_two_gcd,256,16384,4194304,268435456,1,10,0.536871,2147483648,0,0,0,0,0,0,0,0,0,0,0,0,0,0,0,0,0,0,0,0,0,0,0,0,0,0,0,0,0,0,0.25,0,0,0,0,1.76761,303.765,3.36659,2.08664
Test,MI250X_two_gcd,256,16384,4194304,134217728,1,10,0.268435,2147483648,0,0,0,0,0,0,0,0,0,0,0,0,0,0,0,0,0,0,0,0,0,0,0,0,0,0,0,0,0,0,0,0.125,0,0,0,1.72913,155.243,0.139857,0.0866844
Test,MI250X_two_gcd,256,16384,4194304,134217728,1,10,0.268435,2147483648,0,0,0,0,0,0,0,0,0,0,0,0,0,0,0,0,0,0,0,0,0,0,0,0,0,0,0,0,0,0,0,0.125,0,0,0,1.73324,154.889,1.46589,0.908567
Test,MI250X_two_gcd,256,16384,4194304,536870912,1,10,1.07374,2147483648,0,0,0,0,0,0,0,0,0,0,0,0,0,0,0,0,0,0,0,0,0,0,0,0,0,0,0,0,0,0,0,0,0.5,0,0,3.41752,314.189,0.761072,0.471718
Test,MI250X_two_gcd,256,16384,4194304,536870912,1,10,1.07374,2147483648,0,0,0,0,0,0,0,0,0,0,0,0,0,0,0,0,0,0,0,0,0,0,0,0,0,0,0,0,0,0,0,0,0.5,0,0,3.42376,313.641,2.84978,1.76631
Test,MI250X_two_gcd,256,16384,4194304,268435456,1,10,0.536871,2147483648,0,0,0,0,0,0,0,0,0,0,0,0,0,0,0,0,0,0,0,0,0,0,0,0,0,0,0,0,0,0,0,0,0,0.25,0,1.7654,304.114,1.50466,0.932601
Test,MI250X_two_gcd,256,16384,4194304,268435456,1,10,0.536871,2147483648,0,0,0,0,0,0,0,0,0,0,0,0,0,0,0,0,0,0,0,0,0,0,0,0,0,0,0,0,0,0,0,0,0,0.25,0,1.77031,303.35,5.08248,3.15015
Test,MI250X_two_gcd,256,16384,4194304,134217728,1,10,0.268435,2147483648,0,0,0,0,0,0,0,0,0,0,0,0,0,0,0,0,0,0,0,0,0,0,0,0,0,0,0,0,0,0,0,0,0,0,0.125,1.73844,154.414,0.551693,0.341943
Test,MI250X_two_gcd,256,16384,4194304,134217728,1,10,0.268435,2147483648,0,0,0,0,0,0,0,0,0,0,0,0,0,0,0,0,0,0,0,0,0,0,0,0,0,0,0,0,0,0,0,0,0,0,0.125,1.74615,153.741,1.31052,0.812271
Test,MI250X_two_gcd,256,16384,4194304,1073741824,2,10,2.14748,2147483648,1,0,0,0,0,0,0,0,0,0,0,0,0,0,0,0,0,0,0,0,0,0,0,0,0,0,0,0,0,0,0,0,0,0,0,5.32483,403.597,11.1962,6.93945
Test,MI250X_two_gcd,256,16384,4194304,1073741824,2,10,2.14748,2147483648,1,0,0,0,0,0,0,0,0,0,0,0,0,0,0,0,0,0,0,0,0,0,0,0,0,0,0,0,0,0,0,0,0,0,0,5.34528,401.974,9.66037,5.98756
Test,MI250X_two_gcd,256,16384,4194304,536870912,2,10,1.07374,2147483648,0,0.5,0,0,0,0,0,0,0,0,0,0,0,0,0,0,0,0,0,0,0,0,0,0,0,0,0,0,0,0,0,0,0,0,0,3.1824,337.408,1.65693,1.02698
Test,MI250X_two_gcd,256,16384,4194304,536870912,2,10,1.07374,2147483648,0,0.5,0,0,0,0,0,0,0,0,0,0,0,0,0,0,0,0,0,0,0,0,0,0,0,0,0,0,0,0,0,0,0,0,0,3.19099,336.505,2.16525,1.34203
Test,MI250X_two_gcd,256,16384,4194304,268435456,2,10,0.536871,2147483648,0,0,0.25,0,0,0,0,0,0,0,0,0,0,0,0,0,0,0,0,0,0,0,0,0,0,0,0,0,0,0,0,0,0,0,0,1.72537,311.164,0.681487,0.42239
Test,MI250X_two_gcd,256,16384,4194304,268435456,2,10,0.536871,2147483648,0,0,0.25,0,0,0,0,0,0,0,0,0,0,0,0,0,0,0,0,0,0,0,0,0,0,0,0,0,0,0,0,0,0,0,0,1.729,310.528,2.40792,1.49244
Test,MI250X_two_gcd,256,16384,4194304,134217728,2,10,0.268435,2147483648,0,0,0,0.125,0,0,0,0,0,0,0,0,0,0,0,0,0,0,0,0,0,0,0,0,0,0,0,0,0,0,0,0,0,0,0,1.71984,156.085,0.668583,0.414392
Test,MI250X_two_gcd,256,16384,4194304,134217728,2,10,0.268435,2147483648,0,0,0,0.125,0,0,0,0,0,0,0,0,0,0,0,0,0,0,0,0,0,0,0,0,0,0,0,0,0,0,0,0,0,0,0,1.72284,155.827,1.62444,1.00684
Test,MI250X_two_gcd,256,16384,4194304,536870912,2,10,1.07374,2147483648,0,0,0,0,0.5,0,0,0,0,0,0,0,0,0,0,0,0,0,0,0,0,0,0,0,0,0,0,0,0,0,0,0,0,0,0,3.23829,331.579,0.814484,0.504822
Test,MI250X_two_gcd,256,16384,4194304,536870912,2,10,1.07374,2147483648,0,0,0,0,0.5,0,0,0,0,0,0,0,0,0,0,0,0,0,0,0,0,0,0,0,0,0,0,0,0,0,0,0,0,0,0,3.24471,330.925,1.21273,0.75166
Test,MI250X_two_gcd,256,16384,4194304,268435456,2,10,0.536871,1073741824,0,0,0,0,0,0.5,0,0,0,0,0,0,0,0,0,0,0,0,0,0,0,0,0,0,0,0,0,0,0,0,0,0,0,0,0,0.85658,626.807,5.33719,3.30802
Test,MI250X_two_gcd,256,16384,4194304,268435456,2,10,0.536871,1073741824,0,0,0,0,0,0.5,0,0,0,0,0,0,0,0,0,0,0,0,0,0,0,0,0,0,0,0,0,0,0,0,0,0,0,0,0,0.859381,624.763,5.34429,3.31242
Test,MI250X_two_gcd,256,16384,4194304,134217728,2,10,0.268435,2147483648,0,0,0,0,0,0,0.125,0,0,0,0,0,0,0,0,0,0,0,0,0,0,0,0,0,0,0,0,0,0,0,0,0,0,0,0,1.73553,154.674,0.760891,0.471605
Test,MI250X_two_gcd,256,16384,4194304,134217728,2,10,0.268435,2147483648,0,0,0,0,0,0,0.125,0,0,0,0,0,0,0,0,0,0,0,0,0,0,0,0,0,0,0,0,0,0,0,0,0,0,0,0,1.7439,153.948,1.73465,1.07515
Test,MI250X_two_gcd,256,16384,4194304,1073741824,2,10,2.14748,2147483648,0,0,0,0,0,0,0,1,0,0,0,0,0,0,0,0,0,0,0,0,0,0,0,0,0,0,0,0,0,0,0,0,0,0,0,5.35248,401.273,4.9275,3.0541
Test,MI250X_two_gcd,256,16384,4194304,1073741824,2,10,2.14748,2147483648,0,0,0,0,0,0,0,1,0,0,0,0,0,0,0,0,0,0,0,0,0,0,0,0,0,0,0,0,0,0,0,0,0,0,0,5.36272,400.618,8.423,5.22063
Test,MI250X_two_gcd,256,16384,4194304,536870912,2,10,1.07374,2147483648,0,0,0,0,0,0,0,0,0.5,0,0,0,0,0,0,0,0,0,0,0,0,0,0,0,0,0,0,0,0,0,0,0,0,0,0,3.18282,337.359,1.03683,0.642634
Test,MI250X_two_gcd,256,16384,4194304,536870912,2,10,1.07374,2147483648,0,0,0,0,0,0,0,0,0.5,0,0,0,0,0,0,0,0,0,0,0,0,0,0,0,0,0,0,0,0,0,0,0,0,0,0,3.18944,336.68,2.85841,1.77166
Test,MI250X_two_gcd,256,16384,4194304,1073741824,256,5182,274.878,2147483648,128,0,0,0,0,0,0,0,0,0,0,0,0,0,0,0,0,0,0,0,0,0,0,0,0,0,0,0,0,0,0,0,0,0,0,26.0558,10549.6,5.02289,0.136761
Test,MI250X_two_gcd,256,16384,4194304,1073741824,256,5182,274.878,2147483648,128,0,0,0,0,0,0,0,0,0,0,0,0,0,0,0,0,0,0,0,0,0,0,0,0,0,0,0,0,0,0,0,0,0,0,26.1263,10521.1,5.15341,0.140314
Test,MI250X_two_gcd,256,16384,4194304,536870912,256,5182,137.439,2147483648,0,64,0,0,0,0,0,0,0,0,0,0,0,0,0,0,0,0,0,0,0,0,0,0,0,0,0,0,0,0,0,0,0,0,0,13.0978,10493.3,2.0528,0.0558926
Test,MI250X_two_gcd,256,16384,4194304,536870912,256,5182,137.439,2147483648,0,64,0,0,0,0,0,0,0,0,0,0,0,0,0,0,0,0,0,0,0,0,0,0,0,0,0,0,0,0,0,0,0,0,0,13.1311,10466.7,3.4899,0.0950211
Test,MI250X_two_gcd,256,16384,4194304,268435456,256,5182,68.7195,2147483648,0,0,32,0,0,0,0,0,0,0,0,0,0,0,0,0,0,0,0,0,0,0,0,0,0,0,0,0,0,0,0,0,0,0,0,6.80843,10093.3,16.3305,0.444638
Test,MI250X_two_gcd,256,16384,4194304,268435456,256,5182,68.7195,2147483648,0,0,32,0,0,0,0,0,0,0,0,0,0,0,0,0,0,0,0,0,0,0,0,0,0,0,0,0,0,0,0,0,0,0,0,6.81414,10084.8,15.8827,0.432445
Test,MI250X_two_gcd,256,16384,4194304,134217728,256,5182,34.3597,2147483648,0,0,0,16,0,0,0,0,0,0,0,0,0,0,0,0,0,0,0,0,0,0,0,0,0,0,0,0,0,0,0,0,0,0,0,7.03847,4881.72,8.39079,0.22846
Test,MI250X_two_gcd,256,16384,4194304,134217728,256,5182,34.3597,2147483648,0,0,0,16,0,0,0,0,0,0,0,0,0,0,0,0,0,0,0,0,0,0,0,0,0,0,0,0,0,0,0,0,0,0,0,7.03838,4881.77,7.53763,0.205231
Test,MI250X_two_gcd,256,16384,4194304,536870912,256,5182,137.439,2147483648,0,0,0,0,64,0,0,0,0,0,0,0,0,0,0,0,0,0,0,0,0,0,0,0,0,0,0,0,0,0,0,0,0,0,0,12.8945,10658.7,2.46661,0.0671597
Test,MI250X_two_gcd,256,16384,4194304,536870912,256,5182,137.439,2147483648,0,0,0,0,64,0,0,0,0,0,0,0,0,0,0,0,0,0,0,0,0,0,0,0,0,0,0,0,0,0,0,0,0,0,0,12.9291,10630.2,3.81327,0.103826
Test,MI250X_two_gcd,256,16384,4194304,268435456,256,5182,68.7195,1073741824,0,0,0,0,0,64,0,0,0,0,0,0,0,0,0,0,0,0,0,0,0,0,0,0,0,0,0,0,0,0,0,0,0,0,0,3.55947,19306.3,52.3442,1.4252
Test,MI250X_two_gcd,256,16384,4194304,268435456,256,5182,68.7195,1073741824,0,0,0,0,0,64,0,0,0,0,0,0,0,0,0,0,0,0,0,0,0,0,0,0,0,0,0,0,0,0,0,0,0,0,0,3.55795,19314.5,41.8933,1.14065
Test,MI250X_two_gcd,256,16384,4194304,134217728,256,5182,34.3597,2147483648,0,0,0,0,0,0,16,0,0,0,0,0,0,0,0,0,0,0,0,0,0,0,0,0,0,0,0,0,0,0,0,0,0,0,0,3.66615,9372.26,29.441,0.801605
Test,MI250X_two_gcd,256,16384,4194304,134217728,256,5182,34.3597,2147483648,0,0,0,0,0,0,16,0,0,0,0,0,0,0,0,0,0,0,0,0,0,0,0,0,0,0,0,0,0,0,0,0,0,0,0,3.67198,9357.45,40.7154,1.10858
Test,MI250X_two_gcd,256,16384,4194304,1073741824,256,5182,274.878,2147483648,0,0,0,0,0,0,0,128,0,0,0,0,0,0,0,0,0,0,0,0,0,0,0,0,0,0,0,0,0,0,0,0,0,0,0,25.851,10633.2,3.67213,0.0999829
Test,MI250X_two_gcd,256,16384,4194304,1073741824,256,5182,274.878,2147483648,0,0,0,0,0,0,0,128,0,0,0,0,0,0,0,0,0,0,0,0,0,0,0,0,0,0,0,0,0,0,0,0,0,0,0,25.9382,10597.4,3.91492,0.106593
Test,MI250X_two_gcd,256,16384,4194304,536870912,256,5182,137.439,2147483648,0,0,0,0,0,0,0,0,64,0,0,0,0,0,0,0,0,0,0,0,0,0,0,0,0,0,0,0,0,0,0,0,0,0,0,13.0013,10571.1,3.69091,0.100494
Test,MI250X_two_gcd,256,16384,4194304,536870912,256,5182,137.439,2147483648,0,0,0,0,0,0,0,0,64,0,0,0,0,0,0,0,0,0,0,0,0,0,0,0,0,0,0,0,0,0,0,0,0,0,0,13.0423,10538,4.4796,0.121968
Test,MI250X_two_gcd,256,16384,4194304,268435456,256,5182,68.7195,2147483648,0,0,0,0,0,0,0,0,0,32,0,0,0,0,0,0,0,0,0,0,0,0,0,0,0,0,0,0,0,0,0,0,0,0,0,6.70023,10256.3,4.07662,0.110996
Test,MI250X_two_gcd,256,16384,4194304,268435456,256,5182,68.7195,2147483648,0,0,0,0,0,0,0,0,0,32,0,0,0,0,0,0,0,0,0,0,0,0,0,0,0,0,0,0,0,0,0,0,0,0,0,6.71636,10231.6,5.64387,0.153668
Test,MI250X_two_gcd,256,16384,4194304,134217728,256,5182,34.3597,2147483648,0,0,0,0,0,0,0,0,0,0,16,0,0,0,0,0,0,0,0,0,0,0,0,0,0,0,0,0,0,0,0,0,0,0,0,13.5459,2536.54,2.71421,0.073901
Test,MI250X_two_gcd,256,16384,4194304,134217728,256,5182,34.3597,2147483648,0,0,0,0,0,0,0,0,0,0,16,0,0,0,0,0,0,0,0,0,0,0,0,0,0,0,0,0,0,0,0,0,0,0,0,13.5459,2536.55,2.58681,0.0704324
Test,MI250X_two_gcd,256,16384,4194304,536870912,256,5182,137.439,2147483648,0,0,0,0,0,0,0,0,0,0,0,64,0,0,0,0,0,0,0,0,0,0,0,0,0,0,0,0,0,0,0,0,0,0,0,12.7251,10800.6,2.10964,0.0574402
Test,MI250X_two_gcd,256,16384,4194304,536870912,256,5182,137.439,2147483648,0,0,0,0,0,0,0,0,0,0,0,64,0,0,0,0,0,0,0,0,0,0,0,0,0,0,0,0,0,0,0,0,0,0,0,12.7605,10770.7,3.71457,0.101138
Test,MI250X_two_gcd,256,16384,4194304,268435456,256,5182,68.7195,1073741824,0,0,0,0,0,0,0,0,0,0,0,0,64,0,0,0,0,0,0,0,0,0,0,0,0,0,0,0,0,0,0,0,0,0,0,3.34165,20564.6,5.8081,0.15814
Test,MI250X_two_gcd,256,16384,4194304,268435456,256,5182,68.7195,1073741824,0,0,0,0,0,0,0,0,0,0,0,0,64,0,0,0,0,0,0,0,0,0,0,0,0,0,0,0,0,0,0,0,0,0,0,3.35075,20508.6,10.4248,0.28384
Test,MI250X_two_gcd,256,16384,4194304,134217728,256,5182,34.3597,2147483648,0,0,0,0,0,0,0,0,0,0,0,0,0,16,0,0,0,0,0,0,0,0,0,0,0,0,0,0,0,0,0,0,0,0,0,4.09166,8397.56,15.3544,0.41806
Test,MI250X_two_gcd,256,16384,4194304,134217728,256,5182,34.3597,2147483648,0,0,0,0,0,0,0,0,0,0,0,0,0,16,0,0,0,0,0,0,0,0,0,0,0,0,0,0,0,0,0,0,0,0,0,4.10243,8375.6,36.5685,0.995668
Test,MI250X_two_gcd,256,16384,4194304,1073741824,256,5182,549.756,2147483648,0,0,0,0,0,0,0,0,0,0,0,0,0,0,256,0,0,0,0,0,0,0,0,0,0,0,0,0,0,0,0,0,0,0,0,26.5772,20685.3,3.30613,0.0900176
Test,MI250X_two_gcd,256,16384,4194304,1073741824,256,5182,549.756,2147483648,0,0,0,0,0,0,0,0,0,0,0,0,0,0,256,0,0,0,0,0,0,0,0,0,0,0,0,0,0,0,0,0,0,0,0,26.6541,20625.6,4.70762,0.128177
Test,MI250X_two_gcd,256,16384,4194304,536870912,256,5182,274.878,2147483648,0,0,0,0,0,0,0,0,0,0,0,0,0,0,0,128,0,0,0,0,0,0,0,0,0,0,0,0,0,0,0,0,0,0,0,13.3199,20636.8,3.57366,0.0973017
Test,MI250X_two_gcd,256,16384,4194304,536870912,256,5182,274.878,2147483648,0,0,0,0,0,0,0,0,0,0,0,0,0,0,0,128,0,0,0,0,0,0,0,0,0,0,0,0,0,0,0,0,0,0,0,13.3573,20578.8,7.24834,0.197354
Test,MI250X_two_gcd,256,16384,4194304,268435456,256,5182,137.439,2147483648,0,0,0,0,0,0,0,0,0,0,0,0,0,0,0,0,64,0,0,0,0,0,0,0,0,0,0,0,0,0,0,0,0,0,0,7.68601,17881.8,24.9159,0.678397
Test,MI250X_two_gcd,256,16384,4194304,268435456,256,5182,137.439,2147483648,0,0,0,0,0,0,0,0,0,0,0,0,0,0,0,0,64,0,0,0,0,0,0,0,0,0,0,0,0,0,0,0,0,0,0,7.70728,17832.5,43.5294,1.1852
Test,MI250X_two_gcd,256,16384,4194304,134217728,256,5182,68.7195,2147483648,0,0,0,0,0,0,0,0,0,0,0,0,0,0,0,0,0,32,0,0,0,0,0,0,0,0,0,0,0,0,0,0,0,0,0,14.1602,4853.02,6.53906,0.178042
Test,MI250X_two_gcd,256,16384,4194304,134217728,256,5182,68.7195,2147483648,0,0,0,0,0,0,0,0,0,0,0,0,0,0,0,0,0,32,0,0,0,0,0,0,0,0,0,0,0,0,0,0,0,0,0,14.1726,4848.74,5.03215,0.137013
Test,MI250X_two_gcd,256,16384,4194304,536870912,256,5182,274.878,2147483648,0,0,0,0,0,0,0,0,0,0,0,0,0,0,0,0,0,0,128,0,0,0,0,0,0,0,0,0,0,0,0,0,0,0,0,25.6374,10721.7,1.89736,0.0516603
Test,MI250X_two_gcd,256,16384,4194304,536870912,256,5182,274.878,2147483648,0,0,0,0,0,0,0,0,0,0,0,0,0,0,0,0,0,0,128,0,0,0,0,0,0,0,0,0,0,0,0,0,0,0,0,25.7248,10685.3,3.3511,0.091242
Test,MI250X_two_gcd,256,16384,4194304,268435456,256,5182,137.439,1073741824,0,0,0,0,0,0,0,0,0,0,0,0,0,0,0,0,0,0,0,128,0,0,0,0,0,0,0,0,0,0,0,0,0,0,0,3.74109,36737.8,71.6558,1.95101
Test,MI250X_two_gcd,256,16384,4194304,268435456,256,5182,137.439,1073741824,0,0,0,0,0,0,0,0,0,0,0,0,0,0,0,0,0,0,0,128,0,0,0,0,0,0,0,0,0,0,0,0,0,0,0,3.74056,36743,101.549,2.76491
Test,MI250X_two_gcd,256,16384,4194304,134217728,256,5182,68.7195,2147483648,0,0,0,0,0,0,0,0,0,0,0,0,0,0,0,0,0,0,0,0,32,0,0,0,0,0,0,0,0,0,0,0,0,0,0,4.46462,15392,26.2119,0.713683
Test,MI250X_two_gcd,256,16384,4194304,134217728,256,5182,68.7195,2147483648,0,0,0,0,0,0,0,0,0,0,0,0,0,0,0,0,0,0,0,0,32,0,0,0,0,0,0,0,0,0,0,0,0,0,0,4.46641,15385.9,27.8504,0.758295
Test,MI250X_two_gcd,256,16384,4194304,1073741824,256,5182,274.878,2147483648,0,0,0,0,0,0,0,0,0,0,0,0,0,0,0,0,0,0,0,0,0,128,0,0,0,0,0,0,0,0,0,0,0,0,0,174.252,1577.48,0.338394,0.00921361
Test,MI250X_two_gcd,256,16384,4194304,1073741824,256,5182,274.878,2147483648,0,0,0,0,0,0,0,0,0,0,0,0,0,0,0,0,0,0,0,0,0,128,0,0,0,0,0,0,0,0,0,0,0,0,0,174.876,1571.84,0.295195,0.00803742
Test,MI250X_two_gcd,256,16384,4194304,536870912,256,5182,137.439,2147483648,0,0,0,0,0,0,0,0,0,0,0,0,0,0,0,0,0,0,0,0,0,0,64,0,0,0,0,0,0,0,0,0,0,0,0,87.2486,1575.27,0.234575,0.00638689
Test,MI250X_two_gcd,256,16384,4194304,536870912,256,5182,137.439,2147483648,0,0,0,0,0,0,0,0,0,0,0,0,0,0,0,0,0,0,0,0,0,0,64,0,0,0,0,0,0,0,0,0,0,0,0,87.5568,1569.71,0.298977,0.0081404
Test,MI250X_two_gcd,256,16384,4194304,268435456,256,5182,68.7195,2147483648,0,0,0,0,0,0,0,0,0,0,0,0,0,0,0,0,0,0,0,0,0,0,0,32,0,0,0,0,0,0,0,0,0,0,0,68.9422,996.754,0.142397,0.0038771
Test,MI250X_two_gcd,256,16384,4194304,268435456,256,5182,68.7195,2147483648,0,0,0,0,0,0,0,0,0,0,0,0,0,0,0,0,0,0,0,0,0,0,0,32,0,0,0,0,0,0,0,0,0,0,0,69.1899,993.202,0.227794,0.00620225
Test,MI250X_two_gcd,256,16384,4194304,134217728,256,5182,34.3597,2147483648,0,0,0,0,0,0,0,0,0,0,0,0,0,0,0,0,0,0,0,0,0,0,0,0,16,0,0,0,0,0,0,0,0,0,0,80.0765,429.086,0.124253,0.00338308
Test,MI250X_two_gcd,256,16384,4194304,134217728,256,5182,34.3597,2147483648,0,0,0,0,0,0,0,0,0,0,0,0,0,0,0,0,0,0,0,0,0,0,0,0,16,0,0,0,0,0,0,0,0,0,0,80.3297,427.735,0.129369,0.0035224
Test,MI250X_two_gcd,256,16384,4194304,536870912,256,5182,137.439,2147483648,0,0,0,0,0,0,0,0,0,0,0,0,0,0,0,0,0,0,0,0,0,0,0,0,0,64,0,0,0,0,0,0,0,0,0,50.3047,2732.12,0.403796,0.0109943
Test,MI250X_two_gcd,256,16384,4194304,536870912,256,5182,137.439,2147483648,0,0,0,0,0,0,0,0,0,0,0,0,0,0,0,0,0,0,0,0,0,0,0,0,0,64,0,0,0,0,0,0,0,0,0,50.4769,2722.81,0.621334,0.0169174
Test,MI250X_two_gcd,256,16384,4194304,268435456,256,5182,68.7195,2147483648,0,0,0,0,0,0,0,0,0,0,0,0,0,0,0,0,0,0,0,0,0,0,0,0,0,0,32,0,0,0,0,0,0,0,0,89.5714,767.201,0.0982592,0.00267535
Test,MI250X_two_gcd,256,16384,4194304,268435456,256,5182,68.7195,2147483648,0,0,0,0,0,0,0,0,0,0,0,0,0,0,0,0,0,0,0,0,0,0,0,0,0,0,32,0,0,0,0,0,0,0,0,89.8402,764.914,0.1417,0.00385813
Test,MI250X_two_gcd,256,16384,4194304,134217728,256,5182,34.3597,2147483648,0,0,0,0,0,0,0,0,0,0,0,0,0,0,0,0,0,0,0,0,0,0,0,0,0,0,0,16,0,0,0,0,0,0,0,54.8705,626.197,0.902695,0.0245781
Test,MI250X_two_gcd,256,16384,4194304,134217728,256,5182,34.3597,2147483648,0,0,0,0,0,0,0,0,0,0,0,0,0,0,0,0,0,0,0,0,0,0,0,0,0,0,0,16,0,0,0,0,0,0,0,55.7766,616.026,1.12487,0.0306274
Test,MI250X_two_gcd,256,16384,4194304,1073741824,256,5182,549.756,2147483648,0,0,0,0,0,0,0,0,0,0,0,0,0,0,0,0,0,0,0,0,0,0,0,0,0,0,0,0,256,0,0,0,0,0,0,273.218,2012.16,0.576684,0.0157017
Test,MI250X_two_gcd,256,16384,4194304,1073741824,256,5182,549.756,2147483648,0,0,0,0,0,0,0,0,0,0,0,0,0,0,0,0,0,0,0,0,0,0,0,0,0,0,0,0,256,0,0,0,0,0,0,274.058,2006.01,0.416721,0.0113463
Test,MI250X_two_gcd,256,16384,4194304,536870912,256,5182,274.878,2147483648,0,0,0,0,0,0,0,0,0,0,0,0,0,0,0,0,0,0,0,0,0,0,0,0,0,0,0,0,0,128,0,0,0,0,0,136.465,2014.29,0.500257,0.0136207
Test,MI250X_two_gcd,256,16384,4194304,536870912,256,5182,274.878,2147483648,0,0,0,0,0,0,0,0,0,0,0,0,0,0,0,0,0,0,0,0,0,0,0,0,0,0,0,0,0,128,0,0,0,0,0,136.893,2007.96,0.358992,0.00977443
Test,MI250X_two_gcd,256,16384,4194304,268435456,256,5182,137.439,2147483648,0,0,0,0,0,0,0,0,0,0,0,0,0,0,0,0,0,0,0,0,0,0,0,0,0,0,0,0,0,0,64,0,0,0,0,68.0388,2020.01,0.394663,0.0107457
Test,MI250X_two_gcd,256,16384,4194304,268435456,256,5182,137.439,2147483648,0,0,0,0,0,0,0,0,0,0,0,0,0,0,0,0,0,0,0,0,0,0,0,0,0,0,0,0,0,0,64,0,0,0,0,68.2696,2013.16,0.413585,0.0112609
Test,MI250X_two_gcd,256,16384,4194304,134217728,256,5182,68.7195,2147483648,0,0,0,0,0,0,0,0,0,0,0,0,0,0,0,0,0,0,0,0,0,0,0,0,0,0,0,0,0,0,0,32,0,0,0,191.714,358.449,0.105411,0.00287009
Test,MI250X_two_gcd,256,16384,4194304,134217728,256,5182,68.7195,2147483648,0,0,0,0,0,0,0,0,0,0,0,0,0,0,0,0,0,0,0,0,0,0,0,0,0,0,0,0,0,0,0,32,0,0,0,192.307,357.341,0.0970086,0.0026413
Test,MI250X_two_gcd,256,16384,4194304,536870912,256,5182,274.878,2147483648,0,0,0,0,0,0,0,0,0,0,0,0,0,0,0,0,0,0,0,0,0,0,0,0,0,0,0,0,0,0,0,0,128,0,0,135.583,2027.37,0.446767,0.0121643
Test,MI250X_two_gcd,256,16384,4194304,536870912,256,5182,274.878,2147483648,0,0,0,0,0,0,0,0,0,0,0,0,0,0,0,0,0,0,0,0,0,0,0,0,0,0,0,0,0,0,0,0,128,0,0,136.023,2020.82,0.389099,0.0105942
Test,MI250X_two_gcd,256,16384,4194304,268435456,256,5182,137.439,2147483648,0,0,0,0,0,0,0,0,0,0,0,0,0,0,0,0,0,0,0,0,0,0,0,0,0,0,0,0,0,0,0,0,0,64,0,55.5724,2473.14,0.519042,0.0141322
Test,MI250X_two_gcd,256,16384,4194304,268435456,256,5182,137.439,2147483648,0,0,0,0,0,0,0,0,0,0,0,0,0,0,0,0,0,0,0,0,0,0,0,0,0,0,0,0,0,0,0,0,0,64,0,55.7589,2464.89,0.44211,0.0120376
Test,MI250X_two_gcd,256,16384,4194304,134217728,256,5182,68.7195,2147483648,0,0,0,0,0,0,0,0,0,0,0,0,0,0,0,0,0,0,0,0,0,0,0,0,0,0,0,0,0,0,0,0,0,0,32,27.852,2467.29,0.348804,0.00949704
Test,MI250X_two_gcd,256,16384,4194304,134217728,256,5182,68.7195,2147483648,0,0,0,0,0,0,0,0,0,0,0,0,0,0,0,0,0,0,0,0,0,0,0,0,0,0,0,0,0,0,0,0,0,0,32,27.9473,2458.9,0.610061,0.0166104
Test,MI250X_two_gcd,256,16384,4194304,1073741824,2,23370,2.14748,1073741824,2,0,0,0,0,0,0,0,0,0,0,0,0,0,0,0,0,0,0,0,0,0,0,0,0,0,0,0,0,0,0,0,0,0,0,5.22801,410.902,7.60762,0.0975384
Test,MI250X_two_gcd,256,16384,4194304,1073741824,2,23370,2.14748,1073741824,2,0,0,0,0,0,0,0,0,0,0,0,0,0,0,0,0,0,0,0,0,0,0,0,0,0,0,0,0,0,0,0,0,0,0,5.28286,406.589,6.04296,0.0774776
Test,MI250X_two_gcd,256,16384,4194304,536870912,2,23370,1.07374,1073741824,0,1,0,0,0,0,0,0,0,0,0,0,0,0,0,0,0,0,0,0,0,0,0,0,0,0,0,0,0,0,0,0,0,0,0,3.18622,337.002,1.23082,0.0157805
Test,MI250X_two_gcd,256,16384,4194304,536870912,2,23370,1.07374,1073741824,0,1,0,0,0,0,0,0,0,0,0,0,0,0,0,0,0,0,0,0,0,0,0,0,0,0,0,0,0,0,0,0,0,0,0,3.18837,336.772,1.22108,0.0156556
Test,MI250X_two_gcd,256,16384,4194304,268435456,2,23370,0.536871,1073741824,0,0,0.5,0,0,0,0,0,0,0,0,0,0,0,0,0,0,0,0,0,0,0,0,0,0,0,0,0,0,0,0,0,0,0,0,1.72415,311.384,0.773051,0.00991139
Test,MI250X_two_gcd,256,16384,4194304,268435456,2,23370,0.536871,1073741824,0,0,0.5,0,0,0,0,0,0,0,0,0,0,0,0,0,0,0,0,0,0,0,0,0,0,0,0,0,0,0,0,0,0,0,0,1.72295,311.602,0.646492,0.00828876
Test,MI250X_two_gcd,256,16384,4194304,134217728,2,23370,0.268435,1073741824,0,0,0,0.25,0,0,0,0,0,0,0,0,0,0,0,0,0,0,0,0,0,0,0,0,0,0,0,0,0,0,0,0,0,0,0,1.7145,156.57,0.681351,0.0087357
Test,MI250X_two_gcd,256,16384,4194304,134217728,2,23370,0.268435,1073741824,0,0,0,0.25,0,0,0,0,0,0,0,0,0,0,0,0,0,0,0,0,0,0,0,0,0,0,0,0,0,0,0,0,0,0,0,1.71196,156.803,0.63098,0.00808988
Test,MI250X_two_gcd,256,16384,4194304,536870912,2,23370,1.07374,1073741824,0,0,0,0,1,0,0,0,0,0,0,0,0,0,0,0,0,0,0,0,0,0,0,0,0,0,0,0,0,0,0,0,0,0,0,1.40364,764.988,3.11124,0.0398896
Test,MI250X_two_gcd,256,16384,4194304,536870912,2,23370,1.07374,1073741824,0,0,0,0,1,0,0,0,0,0,0,0,0,0,0,0,0,0,0,0,0,0,0,0,0,0,0,0,0,0,0,0,0,0,0,1.40631,763.535,3.20838,0.0411352
Test,MI250X_two_gcd,256,16384,4194304,268435456,2,23370,0.536871,1073741824,0,0,0,0,0,0.5,0,0,0,0,0,0,0,0,0,0,0,0,0,0,0,0,0,0,0,0,0,0,0,0,0,0,0,0,0,0.855274,627.776,5.89011,0.075518
Test,MI250X_two_gcd,256,16384,4194304,268435456,2,23370,0.536871,1073741824,0,0,0,0,0,0.5,0,0,0,0,0,0,0,0,0,0,0,0,0,0,0,0,0,0,0,0,0,0,0,0,0,0,0,0,0,0.854501,628.34,6.00151,0.0769463
Test,MI250X_two_gcd,256,16384,4194304,134217728,2,23370,0.268435,1073741824,0,0,0,0,0,0,0.25,0,0,0,0,0,0,0,0,0,0,0,0,0,0,0,0,0,0,0,0,0,0,0,0,0,0,0,0,0.855637,313.753,2.97609,0.0381569
Test,MI250X_two_gcd,256,16384,4194304,134217728,2,23370,0.268435,1073741824,0,0,0,0,0,0,0.25,0,0,0,0,0,0,0,0,0,0,0,0,0,0,0,0,0,0,0,0,0,0,0,0,0,0,0,0,0.854963,314.001,3.02768,0.0388183
Test,MI250X_two_gcd,256,16384,4194304,1073741824,2,23370,2.14748,1073741824,0,0,0,0,0,0,0,2,0,0,0,0,0,0,0,0,0,0,0,0,0,0,0,0,0,0,0,0,0,0,0,0,0,0,0,5.21836,411.662,7.56046,0.0969338
Test,MI250X_two_gcd,256,16384,4194304,1073741824,2,23370,2.14748,1073741824,0,0,0,0,0,0,0,2,0,0,0,0,0,0,0,0,0,0,0,0,0,0,0,0,0,0,0,0,0,0,0,0,0,0,0,5.27384,407.289,6.1946,0.0794218
Test,MI250X_two_gcd,256,16384,4194304,536870912,2,23370,1.07374,1073741824,0,0,0,0,0,0,0,0,1,0,0,0,0,0,0,0,0,0,0,0,0,0,0,0,0,0,0,0,0,0,0,0,0,0,0,3.18665,336.952,1.23381,0.0158189
Test,MI250X_two_gcd,256,16384,4194304,536870912,2,23370,1.07374,1073741824,0,0,0,0,0,0,0,0,1,0,0,0,0,0,0,0,0,0,0,0,0,0,0,0,0,0,0,0,0,0,0,0,0,0,0,3.18825,336.788,1.22218,0.0156697
Test,MI250X_two_gcd,256,16384,4194304,268435456,2,23370,0.536871,1073741824,0,0,0,0,0,0,0,0,0,0.5,0,0,0,0,0,0,0,0,0,0,0,0,0,0,0,0,0,0,0,0,0,0,0,0,0,1.72409,311.395,0.728124,0.00933538
Test,MI250X_two_gcd,256,16384,4194304,268435456,2,23370,0.536871,1073741824,0,0,0,0,0,0,0,0,0,0.5,0,0,0,0,0,0,0,0,0,0,0,0,0,0,0,0,0,0,0,0,0,0,0,0,0,1.72304,311.585,0.645829,0.00828026
Test,MI250X_two_gcd,256,16384,4194304,134217728,2,23370,0.268435,1073741824,0,0,0,0,0,0,0,0,0,0,0.25,0,0,0,0,0,0,0,0,0,0,0,0,0,0,0,0,0,0,0,0,0,0,0,0,1.71597,156.437,0.729931,0.00935855
Test,MI250X_two_gcd,256,16384,4194304,134217728,2,23370,0.268435,1073741824,0,0,0,0,0,0,0,0,0,0,0.25,0,0,0,0,0,0,0,0,0,0,0,0,0,0,0,0,0,0,0,0,0,0,0,0,1.71365,156.648,0.681756,0.00874089
Test,MI250X_two_gcd,256,16384,4194304,536870912,2,23370,1.07374,1073741824,0,0,0,0,0,0,0,0,0,0,0,1,0,0,0,0,0,0,0,0,0,0,0,0,0,0,0,0,0,0,0,0,0,0,0,1.40382,764.885,3.11454,0.039932
Test,MI250X_two_gcd,256,16384,4194304,536870912,2,23370,1.07374,1073741824,0,0,0,0,0,0,0,0,0,0,0,1,0,0,0,0,0,0,0,0,0,0,0,0,0,0,0,0,0,0,0,0,0,0,0,1.4067,763.321,3.23446,0.0414694
Test,MI250X_two_gcd,256,16384,4194304,268435456,2,23370,0.536871,1073741824,0,0,0,0,0,0,0,0,0,0,0,0,0.5,0,0,0,0,0,0,0,0,0,0,0,0,0,0,0,0,0,0,0,0,0,0,0.85516,627.85,5.83376,0.0747954
Test,MI250X_two_gcd,256,16384,4194304,268435456,2,23370,0.536871,1073741824,0,0,0,0,0,0,0,0,0,0,0,0,0.5,0,0,0,0,0,0,0,0,0,0,0,0,0,0,0,0,0,0,0,0,0,0,0.854697,628.199,6.01175,0.0770775
Test,MI250X_two_gcd,256,16384,4194304,134217728,2,23370,0.268435,1073741824,0,0,0,0,0,0,0,0,0,0,0,0,0,0.25,0,0,0,0,0,0,0,0,0,0,0,0,0,0,0,0,0,0,0,0,0,0.855671,313.739,2.96849,0.0380594
Test,MI250X_two_gcd,256,16384,4194304,134217728,2,23370,0.268435,1073741824,0,0,0,0,0,0,0,0,0,0,0,0,0,0.25,0,0,0,0,0,0,0,0,0,0,0,0,0,0,0,0,0,0,0,0,0,0.855069,313.964,3.05294,0.0391421
Test,MI250X_two_gcd,256,16384,4194304,1073741824,2,23370,4.29497,1073741824,0,0,0,0,0,0,0,0,0,0,0,0,0,0,4,0,0,0,0,0,0,0,0,0,0,0,0,0,0,0,0,0,0,0,0,2.38795,1798.64,8.93058,0.1145
Test,MI250X_two_gcd,256,16384,4194304,1073741824,2,23370,4.29497,1073741824,0,0,0,0,0,0,0,0,0,0,0,0,0,0,4,0,0,0,0,0,0,0,0,0,0,0,0,0,0,0,0,0,0,0,0,2.39853,1790.72,9.10743,0.116768
Test,MI250X_two_gcd,256,16384,4194304,536870912,2,23370,2.14748,1073741824,0,0,0,0,0,0,0,0,0,0,0,0,0,0,0,2,0,0,0,0,0,0,0,0,0,0,0,0,0,0,0,0,0,0,0,1.38371,1552.01,6.49139,0.083227
Test,MI250X_two_gcd,256,16384,4194304,536870912,2,23370,2.14748,1073741824,0,0,0,0,0,0,0,0,0,0,0,0,0,0,0,2,0,0,0,0,0,0,0,0,0,0,0,0,0,0,0,0,0,0,0,1.38731,1547.97,6.76957,0.0867936
Test,MI250X_two_gcd,256,16384,4194304,268435456,2,23370,1.07374,1073741824,0,0,0,0,0,0,0,0,0,0,0,0,0,0,0,0,1,0,0,0,0,0,0,0,0,0,0,0,0,0,0,0,0,0,0,0.865442,1240.77,10.1399,0.130006
Test,MI250X_two_gcd,256,16384,4194304,268435456,2,23370,1.07374,1073741824,0,0,0,0,0,0,0,0,0,0,0,0,0,0,0,0,1,0,0,0,0,0,0,0,0,0,0,0,0,0,0,0,0,0,0,0.865605,1240.53,9.97374,0.127875
Test,MI250X_two_gcd,256,16384,4194304,134217728,2,23370,0.536871,1073741824,0,0,0,0,0,0,0,0,0,0,0,0,0,0,0,0,0,0.5,0,0,0,0,0,0,0,0,0,0,0,0,0,0,0,0,0,0.854277,628.476,4.43495,0.0568611
Test,MI250X_two_gcd,256,16384,4194304,134217728,2,23370,0.536871,1073741824,0,0,0,0,0,0,0,0,0,0,0,0,0,0,0,0,0,0.5,0,0,0,0,0,0,0,0,0,0,0,0,0,0,0,0,0,0.853521,629.04,4.84061,0.0620622
Test,MI250X_two_gcd,256,16384,4194304,536870912,2,23370,2.14748,1073741824,0,0,0,0,0,0,0,0,0,0,0,0,0,0,0,0,0,0,2,0,0,0,0,0,0,0,0,0,0,0,0,0,0,0,0,1.44338,1487.82,5.32345,0.0682527
Test,MI250X_two_gcd,256,16384,4194304,536870912,2,23370,2.14748,1073741824,0,0,0,0,0,0,0,0,0,0,0,0,0,0,0,0,0,0,2,0,0,0,0,0,0,0,0,0,0,0,0,0,0,0,0,1.44679,1484.32,5.40743,0.0693294
Test,MI250X_two_gcd,256,16384,4194304,268435456,2,23370,1.07374,1073741824,0,0,0,0,0,0,0,0,0,0,0,0,0,0,0,0,0,0,0,1,0,0,0,0,0,0,0,0,0,0,0,0,0,0,0,0.855494,1255.22,11.7983,0.151267
Test,MI250X_two_gcd,256,16384,4194304,268435456,2,23370,1.07374,1073741824,0,0,0,0,0,0,0,0,0,0,0,0,0,0,0,0,0,0,0,1,0,0,0,0,0,0,0,0,0,0,0,0,0,0,0,0.854874,1256.14,12.1547,0.155837
Test,MI250X_two_gcd,256,16384,4194304,134217728,2,23370,0.536871,1073741824,0,0,0,0,0,0,0,0,0,0,0,0,0,0,0,0,0,0,0,0,0.5,0,0,0,0,0,0,0,0,0,0,0,0,0,0,0.855265,627.778,5.85791,0.0751051
Test,MI250X_two_gcd,256,16384,4194304,134217728,2,23370,0.536871,1073741824,0,0,0,0,0,0,0,0,0,0,0,0,0,0,0,0,0,0,0,0,0.5,0,0,0,0,0,0,0,0,0,0,0,0,0,0,0.854692,628.201,6.00093,0.0769388
Test,MI250X_two_gcd,256,16384,4194304,1073741824,2,23370,2.14748,1073741824,0,0,0,0,0,0,0,0,0,0,0,0,0,0,0,0,0,0,0,0,0,2,0,0,0,0,0,0,0,0,0,0,0,0,0,3.01084,713.254,1.2777,0.0163815
Test,MI250X_two_gcd,256,16384,4194304,1073741824,2,23370,2.14748,1073741824,0,0,0,0,0,0,0,0,0,0,0,0,0,0,0,0,0,0,0,0,0,2,0,0,0,0,0,0,0,0,0,0,0,0,0,3.02173,710.683,1.26403,0.0162063
Test,MI250X_two_gcd,256,16384,4194304,536870912,2,23370,1.07374,1073741824,0,0,0,0,0,0,0,0,0,0,0,0,0,0,0,0,0,0,0,0,0,0,1,0,0,0,0,0,0,0,0,0,0,0,0,1.6017,670.375,1.17112,0.0150151
Test,MI250X_two_gcd,256,16384,4194304,536870912,2,23370,1.07374,1073741824,0,0,0,0,0,0,0,0,0,0,0,0,0,0,0,0,0,0,0,0,0,0,1,0,0,0,0,0,0,0,0,0,0,0,0,1.60522,668.907,1.19162,0.015278
Test,MI250X_two_gcd,256,16384,4194304,268435456,2,23370,0.536871,1073741824,0,0,0,0,0,0,0,0,0,0,0,0,0,0,0,0,0,0,0,0,0,0,0,0.5,0,0,0,0,0,0,0,0,0,0,0,1.24692,430.548,0.81699,0.0104747
Test,MI250X_two_gcd,256,16384,4194304,268435456,2,23370,0.536871,1073741824,0,0,0,0,0,0,0,0,0,0,0,0,0,0,0,0,0,0,0,0,0,0,0,0.5,0,0,0,0,0,0,0,0,0,0,0,1.24823,430.098,0.66422,0.00851606
Test,MI250X_two_gcd,256,16384,4194304,134217728,2,23370,0.268435,1073741824,0,0,0,0,0,0,0,0,0,0,0,0,0,0,0,0,0,0,0,0,0,0,0,0,0.25,0,0,0,0,0,0,0,0,0,0,2.37655,112.963,0.0355711,0.000456063
Test,MI250X_two_gcd,256,16384,4194304,134217728,2,23370,0.268435,1073741824,0,0,0,0,0,0,0,0,0,0,0,0,0,0,0,0,0,0,0,0,0,0,0,0,0.25,0,0,0,0,0,0,0,0,0,0,2.38257,112.688,0.0470583,0.000603342
Test,MI250X_two_gcd,256,16384,4194304,536870912,2,23370,1.07374,1073741824,0,0,0,0,0,0,0,0,0,0,0,0,0,0,0,0,0,0,0,0,0,0,0,0,0,1,0,0,0,0,0,0,0,0,0,1.53475,699.629,1.39357,0.0178672
Test,MI250X_two_gcd,256,16384,4194304,536870912,2,23370,1.07374,1073741824,0,0,0,0,0,0,0,0,0,0,0,0,0,0,0,0,0,0,0,0,0,0,0,0,0,1,0,0,0,0,0,0,0,0,0,1.53771,698.282,1.42921,0.0183242
Test,MI250X_two_gcd,256,16384,4194304,268435456,2,23370,0.536871,1073741824,0,0,0,0,0,0,0,0,0,0,0,0,0,0,0,0,0,0,0,0,0,0,0,0,0,0,0.5,0,0,0,0,0,0,0,0,1.00815,532.545,1.67852,0.0215206
Test,MI250X_two_gcd,256,16384,4194304,268435456,2,23370,0.536871,1073741824,0,0,0,0,0,0,0,0,0,0,0,0,0,0,0,0,0,0,0,0,0,0,0,0,0,0,0.5,0,0,0,0,0,0,0,0,1.00719,533.057,1.39256,0.0178542
Test,MI250X_two_gcd,256,16384,4194304,134217728,2,23370,0.268435,1073741824,0,0,0,0,0,0,0,0,0,0,0,0,0,0,0,0,0,0,0,0,0,0,0,0,0,0,0,0.25,0,0,0,0,0,0,0,0.856266,313.52,2.91909,0.0374261
Test,MI250X_two_gcd,256,16384,4194304,134217728,2,23370,0.268435,1073741824,0,0,0,0,0,0,0,0,0,0,0,0,0,0,0,0,0,0,0,0,0,0,0,0,0,0,0,0.25,0,0,0,0,0,0,0,0.855796,313.695,3.09751,0.0397136
Test,MI250X_two_gcd,256,16384,4194304,1073741824,2,23370,2.14748,1073741824,0,0,0,0,0,0,0,0,0,0,0,0,0,0,0,0,0,0,0,0,0,0,0,0,0,0,0,0,2,0,0,0,0,0,0,6.15013,349.191,2.2476,0.0288168
Test,MI250X_two_gcd,256,16384,4194304,1073741824,2,23370,2.14748,1073741824,0,0,0,0,0,0,0,0,0,0,0,0,0,0,0,0,0,0,0,0,0,0,0,0,0,0,0,0,2,0,0,0,0,0,0,6.14982,349.212,2.49455,0.0319829
Test,MI250X_two_gcd,256,16384,4194304,536870912,2,23370,1.07374,1073741824,0,0,0,0,0,0,0,0,0,0,0,0,0,0,0,0,0,0,0,0,0,0,0,0,0,0,0,0,0,1,0,0,0,0,0,3.39692,316.093,0.782387,0.0100311
Test,MI250X_two_gcd,256,16384,4194304,536870912,2,23370,1.07374,1073741824,0,0,0,0,0,0,0,0,0,0,0,0,0,0,0,0,0,0,0,0,0,0,0,0,0,0,0,0,0,1,0,0,0,0,0,3.39918,315.885,0.796512,0.0102122
Test,MI250X_two_gcd,256,16384,4194304,268435456,2,23370,0.536871,1073741824,0,0,0,0,0,0,0,0,0,0,0,0,0,0,0,0,0,0,0,0,0,0,0,0,0,0,0,0,0,0,0.5,0,0,0,0,1.75027,306.741,1.16051,0.0148791
Test,MI250X_two_gcd,256,16384,4194304,268435456,2,23370,0.536871,1073741824,0,0,0,0,0,0,0,0,0,0,0,0,0,0,0,0,0,0,0,0,0,0,0,0,0,0,0,0,0,0,0.5,0,0,0,0,1.75811,305.377,1.69481,0.0217294
Test,MI250X_two_gcd,256,16384,4194304,134217728,2,23370,0.268435,1073741824,0,0,0,0,0,0,0,0,0,0,0,0,0,0,0,0,0,0,0,0,0,0,0,0,0,0,0,0,0,0,0,0.25,0,0,0,1.71236,156.763,0.30932,0.00396584
Test,MI250X_two_gcd,256,16384,4194304,134217728,2,23370,0.268435,1073741824,0,0,0,0,0,0,0,0,0,0,0,0,0,0,0,0,0,0,0,0,0,0,0,0,0,0,0,0,0,0,0,0.25,0,0,0,1.71187,156.808,0.302371,0.00387674
Test,MI250X_two_gcd,256,16384,4194304,536870912,2,23370,1.07374,1073741824,0,0,0,0,0,0,0,0,0,0,0,0,0,0,0,0,0,0,0,0,0,0,0,0,0,0,0,0,0,0,0,0,1,0,0,3.41274,314.63,0.800656,0.0102653
Test,MI250X_two_gcd,256,16384,4194304,536870912,2,23370,1.07374,1073741824,0,0,0,0,0,0,0,0,0,0,0,0,0,0,0,0,0,0,0,0,0,0,0,0,0,0,0,0,0,0,0,0,1,0,0,3.41473,314.445,0.798895,0.0102427
Test,MI250X_two_gcd,256,16384,4194304,268435456,2,23370,0.536871,1073741824,0,0,0,0,0,0,0,0,0,0,0,0,0,0,0,0,0,0,0,0,0,0,0,0,0,0,0,0,0,0,0,0,0,0.5,0,1.75614,305.72,1.67028,0.0214149
Test,MI250X_two_gcd,256,16384,4194304,268435456,2,23370,0.536871,1073741824,0,0,0,0,0,0,0,0,0,0,0,0,0,0,0,0,0,0,0,0,0,0,0,0,0,0,0,0,0,0,0,0,0,0.5,0,1.74901,306.963,1.18165,0.0151502
Test,MI250X_two_gcd,256,16384,4194304,134217728,2,23370,0.268435,1073741824,0,0,0,0,0,0,0,0,0,0,0,0,0,0,0,0,0,0,0,0,0,0,0,0,0,0,0,0,0,0,0,0,0,0,0.25,1.71953,156.115,0.763976,0.00979505
Test,MI250X_two_gcd,256,16384,4194304,134217728,2,23370,0.268435,1073741824,0,0,0,0,0,0,0,0,0,0,0,0,0,0,0,0,0,0,0,0,0,0,0,0,0,0,0,0,0,0,0,0,0,0,0.25,1.71585,156.448,0.758652,0.00972679
Test,MI250X_two_gcd,256,16384,4194304,1073741824,16,23220,17.1799,1073741824,16,0,0,0,0,0,0,0,0,0,0,0,0,0,0,0,0,0,0,0,0,0,0,0,0,0,0,0,0,0,0,0,0,0,0,6.26158,2743.78,14.9851,0.192746
Test,MI250X_two_gcd,256,16384,4194304,1073741824,16,23220,17.1799,1073741824,16,0,0,0,0,0,0,0,0,0,0,0,0,0,0,0,0,0,0,0,0,0,0,0,0,0,0,0,0,0,0,0,0,0,0,6.26214,2743.49,12.1081,0.155741
Test,MI250X_two_gcd,256,16384,4194304,536870912,16,23220,8.58993,1073741824,0,8,0,0,0,0,0,0,0,0,0,0,0,0,0,0,0,0,0,0,0,0,0,0,0,0,0,0,0,0,0,0,0,0,0,3.40061,2526.01,6.07264,0.0781092
Test,MI250X_two_gcd,256,16384,4194304,536870912,16,23220,8.58993,1073741824,0,8,0,0,0,0,0,0,0,0,0,0,0,0,0,0,0,0,0,0,0,0,0,0,0,0,0,0,0,0,0,0,0,0,0,3.40334,2523.99,6.1698,0.079359
Test,MI250X_two_gcd,256,16384,4194304,268435456,16,23220,4.29497,1073741824,0,0,4,0,0,0,0,0,0,0,0,0,0,0,0,0,0,0,0,0,0,0,0,0,0,0,0,0,0,0,0,0,0,0,0,1.7636,2435.42,13.4871,0.173477
Test,MI250X_two_gcd,256,16384,4194304,268435456,16,23220,4.29497,1073741824,0,0,4,0,0,0,0,0,0,0,0,0,0,0,0,0,0,0,0,0,0,0,0,0,0,0,0,0,0,0,0,0,0,0,0,1.75729,2444.1,10.93,0.140587
Test,MI250X_two_gcd,256,16384,4194304,134217728,16,23220,2.14748,1073741824,0,0,0,2,0,0,0,0,0,0,0,0,0,0,0,0,0,0,0,0,0,0,0,0,0,0,0,0,0,0,0,0,0,0,0,1.71323,1253.48,4.28117,0.0550665
Test,MI250X_two_gcd,256,16384,4194304,134217728,16,23220,2.14748,1073741824,0,0,0,2,0,0,0,0,0,0,0,0,0,0,0,0,0,0,0,0,0,0,0,0,0,0,0,0,0,0,0,0,0,0,0,1.71228,1254.17,4.23782,0.0545089
Test,MI250X_two_gcd,256,16384,4194304,536870912,16,23220,8.58993,1073741824,0,0,0,0,8,0,0,0,0,0,0,0,0,0,0,0,0,0,0,0,0,0,0,0,0,0,0,0,0,0,0,0,0,0,0,1.51235,5679.82,11.4789,0.147647
Test,MI250X_two_gcd,256,16384,4194304,536870912,16,23220,8.58993,1073741824,0,0,0,0,8,0,0,0,0,0,0,0,0,0,0,0,0,0,0,0,0,0,0,0,0,0,0,0,0,0,0,0,0,0,0,1.51626,5665.22,11.6173,0.149428
Test,MI250X_two_gcd,256,16384,4194304,268435456,16,23220,4.29497,1073741824,0,0,0,0,0,4,0,0,0,0,0,0,0,0,0,0,0,0,0,0,0,0,0,0,0,0,0,0,0,0,0,0,0,0,0,0.858538,5003.03,43.9711,0.565578
Test,MI250X_two_gcd,256,16384,4194304,268435456,16,23220,4.29497,1073741824,0,0,0,0,0,4,0,0,0,0,0,0,0,0,0,0,0,0,0,0,0,0,0,0,0,0,0,0,0,0,0,0,0,0,0,0.858027,5006.05,46.6094,0.599513
Test,MI250X_two_gcd,256,16384,4194304,134217728,16,23220,2.14748,1073741824,0,0,0,0,0,0,2,0,0,0,0,0,0,0,0,0,0,0,0,0,0,0,0,0,0,0,0,0,0,0,0,0,0,0,0,0.858258,2502.32,21.9002,0.281691
Test,MI250X_two_gcd,256,16384,4194304,134217728,16,23220,2.14748,1073741824,0,0,0,0,0,0,2,0,0,0,0,0,0,0,0,0,0,0,0,0,0,0,0,0,0,0,0,0,0,0,0,0,0,0,0,0.857625,2504.19,23.0789,0.296852
Test,MI250X_two_gcd,256,16384,4194304,1073741824,16,23220,17.1799,1073741824,0,0,0,0,0,0,0,16,0,0,0,0,0,0,0,0,0,0,0,0,0,0,0,0,0,0,0,0,0,0,0,0,0,0,0,6.22031,2761.97,14.6915,0.188969
Test,MI250X_two_gcd,256,16384,4194304,1073741824,16,23220,17.1799,1073741824,0,0,0,0,0,0,0,16,0,0,0,0,0,0,0,0,0,0,0,0,0,0,0,0,0,0,0,0,0,0,0,0,0,0,0,6.22785,2758.61,12.0616,0.155143
Test,MI250X_two_gcd,256,16384,4194304,536870912,16,23220,8.58993,1073741824,0,0,0,0,0,0,0,0,8,0,0,0,0,0,0,0,0,0,0,0,0,0,0,0,0,0,0,0,0,0,0,0,0,0,0,3.39626,2529.27,6.09705,0.0784232
Test,MI250X_two_gcd,256,16384,4194304,536870912,16,23220,8.58993,1073741824,0,0,0,0,0,0,0,0,8,0,0,0,0,0,0,0,0,0,0,0,0,0,0,0,0,0,0,0,0,0,0,0,0,0,0,3.39909,2527.15,6.1589,0.0792188
Test,MI250X_two_gcd,256,16384,4194304,268435456,16,23220,4.29497,1073741824,0,0,0,0,0,0,0,0,0,4,0,0,0,0,0,0,0,0,0,0,0,0,0,0,0,0,0,0,0,0,0,0,0,0,0,1.76344,2435.64,13.3652,0.17191
Test,MI250X_two_gcd,256,16384,4194304,268435456,16,23220,4.29497,1073741824,0,0,0,0,0,0,0,0,0,4,0,0,0,0,0,0,0,0,0,0,0,0,0,0,0,0,0,0,0,0,0,0,0,0,0,1.75704,2444.47,10.7398,0.13814
Test,MI250X_two_gcd,256,16384,4194304,134217728,16,23220,2.14748,1073741824,0,0,0,0,0,0,0,0,0,0,2,0,0,0,0,0,0,0,0,0,0,0,0,0,0,0,0,0,0,0,0,0,0,0,0,1.7125,1254,2.30854,0.0296936
Test,MI250X_two_gcd,256,16384,4194304,134217728,16,23220,2.14748,1073741824,0,0,0,0,0,0,0,0,0,0,2,0,0,0,0,0,0,0,0,0,0,0,0,0,0,0,0,0,0,0,0,0,0,0,0,1.71215,1254.26,2.31715,0.0298043
Test,MI250X_two_gcd,256,16384,4194304,536870912,16,23220,8.58993,1073741824,0,0,0,0,0,0,0,0,0,0,0,8,0,0,0,0,0,0,0,0,0,0,0,0,0,0,0,0,0,0,0,0,0,0,0,1.51305,5677.25,11.4848,0.147723
Test,MI250X_two_gcd,256,16384,4194304,536870912,16,23220,8.58993,1073741824,0,0,0,0,0,0,0,0,0,0,0,8,0,0,0,0,0,0,0,0,0,0,0,0,0,0,0,0,0,0,0,0,0,0,0,1.51732,5661.25,11.4614,0.147422
Test,MI250X_two_gcd,256,16384,4194304,268435456,16,23220,4.29497,1073741824,0,0,0,0,0,0,0,0,0,0,0,0,4,0,0,0,0,0,0,0,0,0,0,0,0,0,0,0,0,0,0,0,0,0,0,0.858424,5003.7,43.6394,0.561311
Test,MI250X_two_gcd,256,16384,4194304,268435456,16,23220,4.29497,1073741824,0,0,0,0,0,0,0,0,0,0,0,0,4,0,0,0,0,0,0,0,0,0,0,0,0,0,0,0,0,0,0,0,0,0,0,0.857641,5008.29,46.1272,0.593311
Test,MI250X_two_gcd,256,16384,4194304,134217728,16,23220,2.14748,1073741824,0,0,0,0,0,0,0,0,0,0,0,0,0,2,0,0,0,0,0,0,0,0,0,0,0,0,0,0,0,0,0,0,0,0,0,0.858373,2501.99,21.9227,0.28198
Test,MI250X_two_gcd,256,16384,4194304,134217728,16,23220,2.14748,1073741824,0,0,0,0,0,0,0,0,0,0,0,0,0,2,0,0,0,0,0,0,0,0,0,0,0,0,0,0,0,0,0,0,0,0,0,0.857688,2504.01,23.2684,0.299289
Test,MI250X_two_gcd,256,16384,4194304,1073741824,16,23220,34.3597,1073741824,0,0,0,0,0,0,0,0,0,0,0,0,0,0,32,0,0,0,0,0,0,0,0,0,0,0,0,0,0,0,0,0,0,0,0,2.80325,12257.3,27.7749,0.357255
Test,MI250X_two_gcd,256,16384,4194304,1073741824,16,23220,34.3597,1073741824,0,0,0,0,0,0,0,0,0,0,0,0,0,0,32,0,0,0,0,0,0,0,0,0,0,0,0,0,0,0,0,0,0,0,0,2.80807,12236.2,28.0064,0.360233
Test,MI250X_two_gcd,256,16384,4194304,536870912,16,23220,17.1799,1073741824,0,0,0,0,0,0,0,0,0,0,0,0,0,0,0,16,0,0,0,0,0,0,0,0,0,0,0,0,0,0,0,0,0,0,0,1.53716,11176.5,21.3676,0.27484
Test,MI250X_two_gcd,256,16384,4194304,536870912,16,23220,17.1799,1073741824,0,0,0,0,0,0,0,0,0,0,0,0,0,0,0,16,0,0,0,0,0,0,0,0,0,0,0,0,0,0,0,0,0,0,0,1.54135,11146,21.7997,0.280398
Test,MI250X_two_gcd,256,16384,4194304,268435456,16,23220,8.58993,1073741824,0,0,0,0,0,0,0,0,0,0,0,0,0,0,0,0,8,0,0,0,0,0,0,0,0,0,0,0,0,0,0,0,0,0,0,0.911108,9428.18,45.4496,0.584595
Test,MI250X_two_gcd,256,16384,4194304,268435456,16,23220,8.58993,1073741824,0,0,0,0,0,0,0,0,0,0,0,0,0,0,0,0,8,0,0,0,0,0,0,0,0,0,0,0,0,0,0,0,0,0,0,0.911286,9426.38,44.33,0.570193
Test,MI250X_two_gcd,256,16384,4194304,134217728,16,23220,4.29497,1073741824,0,0,0,0,0,0,0,0,0,0,0,0,0,0,0,0,0,4,0,0,0,0,0,0,0,0,0,0,0,0,0,0,0,0,0,1.06932,4016.78,24.8,0.31899
Test,MI250X_two_gcd,256,16384,4194304,134217728,16,23220,4.29497,1073741824,0,0,0,0,0,0,0,0,0,0,0,0,0,0,0,0,0,4,0,0,0,0,0,0,0,0,0,0,0,0,0,0,0,0,0,1.06951,4015.87,24.3195,0.312809
Test,MI250X_two_gcd,256,16384,4194304,536870912,16,23220,17.1799,1073741824,0,0,0,0,0,0,0,0,0,0,0,0,0,0,0,0,0,0,16,0,0,0,0,0,0,0,0,0,0,0,0,0,0,0,0,1.92604,8919.76,7.90707,0.101705
Test,MI250X_two_gcd,256,16384,4194304,536870912,16,23220,17.1799,1073741824,0,0,0,0,0,0,0,0,0,0,0,0,0,0,0,0,0,0,16,0,0,0,0,0,0,0,0,0,0,0,0,0,0,0,0,1.92972,8902.71,8.56745,0.110199
Test,MI250X_two_gcd,256,16384,4194304,268435456,16,23220,8.58993,1073741824,0,0,0,0,0,0,0,0,0,0,0,0,0,0,0,0,0,0,0,8,0,0,0,0,0,0,0,0,0,0,0,0,0,0,0,0.859367,9996.48,90.2533,1.16088
Test,MI250X_two_gcd,256,16384,4194304,268435456,16,23220,8.58993,1073741824,0,0,0,0,0,0,0,0,0,0,0,0,0,0,0,0,0,0,0,8,0,0,0,0,0,0,0,0,0,0,0,0,0,0,0,0.857805,10014.7,93.5066,1.20273
Test,MI250X_two_gcd,256,16384,4194304,134217728,16,23220,4.29497,1073741824,0,0,0,0,0,0,0,0,0,0,0,0,0,0,0,0,0,0,0,0,4,0,0,0,0,0,0,0,0,0,0,0,0,0,0,0.858211,5004.95,43.9136,0.564838
Test,MI250X_two_gcd,256,16384,4194304,134217728,16,23220,4.29497,1073741824,0,0,0,0,0,0,0,0,0,0,0,0,0,0,0,0,0,0,0,0,4,0,0,0,0,0,0,0,0,0,0,0,0,0,0,0.857616,5008.41,46.6081,0.599496
Test,MI250X_two_gcd,256,16384,4194304,1073741824,16,23220,17.1799,1073741824,0,0,0,0,0,0,0,0,0,0,0,0,0,0,0,0,0,0,0,0,0,16,0,0,0,0,0,0,0,0,0,0,0,0,0,17.5983,976.055,0.244594,0.00314608
Test,MI250X_two_gcd,256,16384,4194304,1073741824,16,23220,17.1799,1073741824,0,0,0,0,0,0,0,0,0,0,0,0,0,0,0,0,0,0,0,0,0,16,0,0,0,0,0,0,0,0,0,0,0,0,0,17.6578,972.652,0.268028,0.00344751
Test,MI250X_two_gcd,256,16384,4194304,536870912,16,23220,8.58993,1073741824,0,0,0,0,0,0,0,0,0,0,0,0,0,0,0,0,0,0,0,0,0,0,8,0,0,0,0,0,0,0,0,0,0,0,0,8.85891,969.832,0.244714,0.00314763
Test,MI250X_two_gcd,256,16384,4194304,536870912,16,23220,8.58993,1073741824,0,0,0,0,0,0,0,0,0,0,0,0,0,0,0,0,0,0,0,0,0,0,8,0,0,0,0,0,0,0,0,0,0,0,0,8.88611,966.733,0.252345,0.00324579
Test,MI250X_two_gcd,256,16384,4194304,268435456,16,23220,4.29497,1073741824,0,0,0,0,0,0,0,0,0,0,0,0,0,0,0,0,0,0,0,0,0,0,0,4,0,0,0,0,0,0,0,0,0,0,0,8.82926,486.462,0.128789,0.00165655
Test,MI250X_two_gcd,256,16384,4194304,268435456,16,23220,4.29497,1073741824,0,0,0,0,0,0,0,0,0,0,0,0,0,0,0,0,0,0,0,0,0,0,0,4,0,0,0,0,0,0,0,0,0,0,0,8.85403,485.063,0.139921,0.00179973
Test,MI250X_two_gcd,256,16384,4194304,134217728,16,23220,2.14748,1073741824,0,0,0,0,0,0,0,0,0,0,0,0,0,0,0,0,0,0,0,0,0,0,0,0,2,0,0,0,0,0,0,0,0,0,0,18.351,116.998,0.0217718,0.00028004
Test,MI250X_two_gcd,256,16384,4194304,134217728,16,23220,2.14748,1073741824,0,0,0,0,0,0,0,0,0,0,0,0,0,0,0,0,0,0,0,0,0,0,0,0,2,0,0,0,0,0,0,0,0,0,0,18.407,116.674,0.0265009,0.000340867
Test,MI250X_two_gcd,256,16384,4194304,536870912,16,23220,8.58993,1073741824,0,0,0,0,0,0,0,0,0,0,0,0,0,0,0,0,0,0,0,0,0,0,0,0,0,8,0,0,0,0,0,0,0,0,0,7.26351,1182.67,0.281159,0.0036164
Test,MI250X_two_gcd,256,16384,4194304,536870912,16,23220,8.58993,1073741824,0,0,0,0,0,0,0,0,0,0,0,0,0,0,0,0,0,0,0,0,0,0,0,0,0,8,0,0,0,0,0,0,0,0,0,7.28486,1179.14,0.320279,0.00411959
Test,MI250X_two_gcd,256,16384,4194304,268435456,16,23220,4.29497,1073741824,0,0,0,0,0,0,0,0,0,0,0,0,0,0,0,0,0,0,0,0,0,0,0,0,0,0,4,0,0,0,0,0,0,0,0,5.79735,740.878,0.171733,0.00220891
Test,MI250X_two_gcd,256,16384,4194304,268435456,16,23220,4.29497,1073741824,0,0,0,0,0,0,0,0,0,0,0,0,0,0,0,0,0,0,0,0,0,0,0,0,0,0,4,0,0,0,0,0,0,0,0,5.81265,738.951,0.208914,0.00268716
Test,MI250X_two_gcd,256,16384,4194304,134217728,16,23220,2.14748,1073741824,0,0,0,0,0,0,0,0,0,0,0,0,0,0,0,0,0,0,0,0,0,0,0,0,0,0,0,2,0,0,0,0,0,0,0,3.37839,635.701,1.049,0.0134927
Test,MI250X_two_gcd,256,16384,4194304,134217728,16,23220,2.14748,1073741824,0,0,0,0,0,0,0,0,0,0,0,0,0,0,0,0,0,0,0,0,0,0,0,0,0,0,0,2,0,0,0,0,0,0,0,3.37787,635.774,1.13912,0.014652
Test,MI250X_two_gcd,256,16384,4194304,1073741824,16,23220,17.1799,1073741824,0,0,0,0,0,0,0,0,0,0,0,0,0,0,0,0,0,0,0,0,0,0,0,0,0,0,0,0,16,0,0,0,0,0,0,8.94216,1920.83,0.545086,0.00701116
Test,MI250X_two_gcd,256,16384,4194304,1073741824,16,23220,17.1799,1073741824,0,0,0,0,0,0,0,0,0,0,0,0,0,0,0,0,0,0,0,0,0,0,0,0,0,0,0,0,16,0,0,0,0,0,0,8.97078,1915.09,0.643435,0.00827617
Test,MI250X_two_gcd,256,16384,4194304,536870912,16,23220,8.58993,1073741824,0,0,0,0,0,0,0,0,0,0,0,0,0,0,0,0,0,0,0,0,0,0,0,0,0,0,0,0,0,8,0,0,0,0,0,4.66159,1842.72,1.53306,0.0197189
Test,MI250X_two_gcd,256,16384,4194304,536870912,16,23220,8.58993,1073741824,0,0,0,0,0,0,0,0,0,0,0,0,0,0,0,0,0,0,0,0,0,0,0,0,0,0,0,0,0,8,0,0,0,0,0,4.67154,1838.81,1.54519,0.0198749
Test,MI250X_two_gcd,256,16384,4194304,268435456,16,23220,4.29497,1073741824,0,0,0,0,0,0,0,0,0,0,0,0,0,0,0,0,0,0,0,0,0,0,0,0,0,0,0,0,0,0,4,0,0,0,0,2.29342,1872.51,0.802449,0.0103215
Test,MI250X_two_gcd,256,16384,4194304,268435456,16,23220,4.29497,1073741824,0,0,0,0,0,0,0,0,0,0,0,0,0,0,0,0,0,0,0,0,0,0,0,0,0,0,0,0,0,0,4,0,0,0,0,2.30012,1867.56,1.04016,0.013379
Test,MI250X_two_gcd,256,16384,4194304,134217728,16,23220,2.14748,1073741824,0,0,0,0,0,0,0,0,0,0,0,0,0,0,0,0,0,0,0,0,0,0,0,0,0,0,0,0,0,0,0,2,0,0,0,6.0711,353.724,0.0866861,0.001115
Test,MI250X_two_gcd,256,16384,4194304,134217728,16,23220,2.14748,1073741824,0,0,0,0,0,0,0,0,0,0,0,0,0,0,0,0,0,0,0,0,0,0,0,0,0,0,0,0,0,0,0,2,0,0,0,6.09076,352.543,0.121217,0.00155915
Test,MI250X_two_gcd,256,16384,4194304,536870912,16,23220,8.58993,1073741824,0,0,0,0,0,0,0,0,0,0,0,0,0,0,0,0,0,0,0,0,0,0,0,0,0,0,0,0,0,0,0,0,8,0,0,4.65754,1844.31,1.52049,0.0195573
Test,MI250X_two_gcd,256,16384,4194304,536870912,16,23220,8.58993,1073741824,0,0,0,0,0,0,0,0,0,0,0,0,0,0,0,0,0,0,0,0,0,0,0,0,0,0,0,0,0,0,0,0,8,0,0,4.66898,1839.8,1.54483,0.0198703
Test,MI250X_two_gcd,256,16384,4194304,268435456,16,23220,4.29497,1073741824,0,0,0,0,0,0,0,0,0,0,0,0,0,0,0,0,0,0,0,0,0,0,0,0,0,0,0,0,0,0,0,0,0,4,0,1.96052,2190.78,1.78786,0.0229963
Test,MI250X_two_gcd,256,16384,4194304,268435456,16,23220,4.29497,1073741824,0,0,0,0,0,0,0,0,0,0,0,0,0,0,0,0,0,0,0,0,0,0,0,0,0,0,0,0,0,0,0,0,0,4,0,1.96425,2186.61,1.96161,0.0252312
Test,MI250X_two_gcd,256,16384,4194304,134217728,16,23220,2.14748,1073741824,0,0,0,0,0,0,0,0,0,0,0,0,0,0,0,0,0,0,0,0,0,0,0,0,0,0,0,0,0,0,0,0,0,0,2,1.71324,1253.46,2.04984,0.026366
Test,MI250X_two_gcd,256,16384,4194304,134217728,16,23220,2.14748,1073741824,0,0,0,0,0,0,0,0,0,0,0,0,0,0,0,0,0,0,0,0,0,0,0,0,0,0,0,0,0,0,0,0,0,0,2,1.7128,1253.78,2.05413,0.0264212
Test,MI250X_two_gcd,256,16384,4194304,1073741824,4096,326,4398.05,2147483648,2048,0,0,0,0,0,0,0,0,0,0,0,0,0,0,0,0,0,0,0,0,0,0,0,0,0,0,0,0,0,0,0,0,0,0,409.574,10738.1,4.62996,0.502602
Test,MI250X_two_gcd,256,16384,4194304,1073741824,4096,326,4398.05,2147483648,2048,0,0,0,0,0,0,0,0,0,0,0,0,0,0,0,0,0,0,0,0,0,0,0,0,0,0,0,0,0,0,0,0,0,0,410.271,10719.9,5.74326,0.623456
Test,MI250X_two_gcd,256,16384,4194304,536870912,4096,326,2199.02,2147483648,0,1024,0,0,0,0,0,0,0,0,0,0,0,0,0,0,0,0,0,0,0,0,0,0,0,0,0,0,0,0,0,0,0,0,0,204.764,10739.3,1.69681,0.184196
Test,MI250X_two_gcd,256,16384,4194304,536870912,4096,326,2199.02,2147483648,0,1024,0,0,0,0,0,0,0,0,0,0,0,0,0,0,0,0,0,0,0,0,0,0,0,0,0,0,0,0,0,0,0,0,0,205.144,10719.4,4.67388,0.50737
Test,MI250X_two_gcd,256,16384,4194304,268435456,4096,326,1099.51,2147483648,0,0,512,0,0,0,0,0,0,0,0,0,0,0,0,0,0,0,0,0,0,0,0,0,0,0,0,0,0,0,0,0,0,0,0,105.601,10411.9,1.61813,0.175655
Test,MI250X_two_gcd,256,16384,4194304,268435456,4096,326,1099.51,2147483648,0,0,512,0,0,0,0,0,0,0,0,0,0,0,0,0,0,0,0,0,0,0,0,0,0,0,0,0,0,0,0,0,0,0,0,105.742,10398,5.12183,0.555997
Test,MI250X_two_gcd,256,16384,4194304,134217728,4096,326,549.756,2147483648,0,0,0,256,0,0,0,0,0,0,0,0,0,0,0,0,0,0,0,0,0,0,0,0,0,0,0,0,0,0,0,0,0,0,0,106.376,5168.03,0.650308,0.0705938
Test,MI250X_two_gcd,256,16384,4194304,134217728,4096,326,549.756,2147483648,0,0,0,256,0,0,0,0,0,0,0,0,0,0,0,0,0,0,0,0,0,0,0,0,0,0,0,0,0,0,0,0,0,0,0,106.493,5162.35,2.50018,0.271405
Test,MI250X_two_gcd,256,16384,4194304,536870912,4096,326,2199.02,2147483648,0,0,0,0,1024,0,0,0,0,0,0,0,0,0,0,0,0,0,0,0,0,0,0,0,0,0,0,0,0,0,0,0,0,0,0,199.534,11020.8,1.20557,0.13087
Test,MI250X_two_gcd,256,16384,4194304,536870912,4096,326,2199.02,2147483648,0,0,0,0,1024,0,0,0,0,0,0,0,0,0,0,0,0,0,0,0,0,0,0,0,0,0,0,0,0,0,0,0,0,0,0,199.951,10997.8,5.04479,0.547634
Test,MI250X_two_gcd,256,16384,4194304,268435456,4096,326,1099.51,1073741824,0,0,0,0,0,1024,0,0,0,0,0,0,0,0,0,0,0,0,0,0,0,0,0,0,0,0,0,0,0,0,0,0,0,0,0,56.6046,19424.5,42.9594,4.66343
Test,MI250X_two_gcd,256,16384,4194304,268435456,4096,326,1099.51,1073741824,0,0,0,0,0,1024,0,0,0,0,0,0,0,0,0,0,0,0,0,0,0,0,0,0,0,0,0,0,0,0,0,0,0,0,0,57.7986,19023.3,48.6361,5.27966
Test,MI250X_two_gcd,256,16384,4194304,134217728,4096,326,549.756,2147483648,0,0,0,0,0,0,256,0,0,0,0,0,0,0,0,0,0,0,0,0,0,0,0,0,0,0,0,0,0,0,0,0,0,0,0,52.6816,10435.4,1.07093,0.116254
Test,MI250X_two_gcd,256,16384,4194304,134217728,4096,326,549.756,2147483648,0,0,0,0,0,0,256,0,0,0,0,0,0,0,0,0,0,0,0,0,0,0,0,0,0,0,0,0,0,0,0,0,0,0,0,52.8236,10407.4,7.08473,0.769079
Test,MI250X_two_gcd,256,16384,4194304,1073741824,4096,326,4398.05,2147483648,0,0,0,0,0,0,0,2048,0,0,0,0,0,0,0,0,0,0,0,0,0,0,0,0,0,0,0,0,0,0,0,0,0,0,0,406.442,10820.8,3.33721,0.362269
Test,MI250X_two_gcd,256,16384,4194304,1073741824,4096,326,4398.05,2147483648,0,0,0,0,0,0,0,2048,0,0,0,0,0,0,0,0,0,0,0,0,0,0,0,0,0,0,0,0,0,0,0,0,0,0,0,407.838,10783.8,5.1132,0.55506
Test,MI250X_two_gcd,256,16384,4194304,536870912,4096,326,2199.02,2147483648,0,0,0,0,0,0,0,0,1024,0,0,0,0,0,0,0,0,0,0,0,0,0,0,0,0,0,0,0,0,0,0,0,0,0,0,203.31,10816.1,3.11211,0.337834
Test,MI250X_two_gcd,256,16384,4194304,536870912,4096,326,2199.02,2147483648,0,0,0,0,0,0,0,0,1024,0,0,0,0,0,0,0,0,0,0,0,0,0,0,0,0,0,0,0,0,0,0,0,0,0,0,203.981,10780.5,5.35166,0.580946
Test,MI250X_two_gcd,256,16384,4194304,268435456,4096,326,1099.51,2147483648,0,0,0,0,0,0,0,0,0,512,0,0,0,0,0,0,0,0,0,0,0,0,0,0,0,0,0,0,0,0,0,0,0,0,0,104.722,10499.4,3.68175,0.39967
Test,MI250X_two_gcd,256,16384,4194304,268435456,4096,326,1099.51,2147483648,0,0,0,0,0,0,0,0,0,512,0,0,0,0,0,0,0,0,0,0,0,0,0,0,0,0,0,0,0,0,0,0,0,0,0,105,10471.6,6.79619,0.737756
Test,MI250X_two_gcd,256,16384,4194304,134217728,4096,326,549.756,2147483648,0,0,0,0,0,0,0,0,0,0,256,0,0,0,0,0,0,0,0,0,0,0,0,0,0,0,0,0,0,0,0,0,0,0,0,213.29,2577.51,0.856207,0.092945
Test,MI250X_two_gcd,256,16384,4194304,134217728,4096,326,549.756,2147483648,0,0,0,0,0,0,0,0,0,0,256,0,0,0,0,0,0,0,0,0,0,0,0,0,0,0,0,0,0,0,0,0,0,0,0,213.812,2571.21,1.39385,0.151308
Test,MI250X_two_gcd,256,16384,4194304,536870912,4096,326,2199.02,2147483648,0,0,0,0,0,0,0,0,0,0,0,1024,0,0,0,0,0,0,0,0,0,0,0,0,0,0,0,0,0,0,0,0,0,0,0,198.543,11075.8,2.00052,0.217165
Test,MI250X_two_gcd,256,16384,4194304,536870912,4096,326,2199.02,2147483648,0,0,0,0,0,0,0,0,0,0,0,1024,0,0,0,0,0,0,0,0,0,0,0,0,0,0,0,0,0,0,0,0,0,0,0,199.265,11035.7,5.0818,0.551651
Test,MI250X_two_gcd,256,16384,4194304,268435456,4096,326,1099.51,1073741824,0,0,0,0,0,0,0,0,0,0,0,0,1024,0,0,0,0,0,0,0,0,0,0,0,0,0,0,0,0,0,0,0,0,0,0,53.0956,20708.2,4.14642,0.450111
Test,MI250X_two_gcd,256,16384,4194304,268435456,4096,326,1099.51,1073741824,0,0,0,0,0,0,0,0,0,0,0,0,1024,0,0,0,0,0,0,0,0,0,0,0,0,0,0,0,0,0,0,0,0,0,0,53.2486,20648.7,13.8202,1.50025
Test,MI250X_two_gcd,256,16384,4194304,134217728,4096,326,549.756,2147483648,0,0,0,0,0,0,0,0,0,0,0,0,0,256,0,0,0,0,0,0,0,0,0,0,0,0,0,0,0,0,0,0,0,0,0,52.5086,10469.8,1.65004,0.179119
Test,MI250X_two_gcd,256,16384,4194304,134217728,4096,326,549.756,2147483648,0,0,0,0,0,0,0,0,0,0,0,0,0,256,0,0,0,0,0,0,0,0,0,0,0,0,0,0,0,0,0,0,0,0,0,52.6731,10437.1,7.2732,0.789538
Test,MI250X_two_gcd,256,16384,4194304,1073741824,1,23320,1.07374,2147483648,0.5,0,0,0,0,0,0,0,0,0,0,0,0,0,0,0,0,0,0,0,0,0,0,0,0,0,0,0,0,0,0,0,0,0,0,5.3701,199.996,3.13569,0.0402462
Test,MI250X_two_gcd,256,16384,4194304,1073741824,1,23320,1.07374,2147483648,0.5,0,0,0,0,0,0,0,0,0,0,0,0,0,0,0,0,0,0,0,0,0,0,0,0,0,0,0,0,0,0,0,0,0,0,5.4044,198.716,2.71965,0.0349064
Test,MI250X_two_gcd,256,16384,4194304,536870912,1,23320,0.536871,2147483648,0,0.25,0,0,0,0,0,0,0,0,0,0,0,0,0,0,0,0,0,0,0,0,0,0,0,0,0,0,0,0,0,0,0,0,0,3.18358,168.639,0.620901,0.00796919
Test,MI250X_two_gcd,256,16384,4194304,536870912,1,23320,0.536871,2147483648,0,0.25,0,0,0,0,0,0,0,0,0,0,0,0,0,0,0,0,0,0,0,0,0,0,0,0,0,0,0,0,0,0,0,0,0,3.18391,168.622,0.612697,0.0078639
Test,MI250X_two_gcd,256,16384,4194304,268435456,1,23320,0.268435,2147483648,0,0,0.125,0,0,0,0,0,0,0,0,0,0,0,0,0,0,0,0,0,0,0,0,0,0,0,0,0,0,0,0,0,0,0,0,1.723,155.795,0.359133,0.00460942
Test,MI250X_two_gcd,256,16384,4194304,268435456,1,23320,0.268435,2147483648,0,0,0.125,0,0,0,0,0,0,0,0,0,0,0,0,0,0,0,0,0,0,0,0,0,0,0,0,0,0,0,0,0,0,0,0,1.72193,155.892,0.324314,0.00416253
Test,MI250X_two_gcd,256,16384,4194304,134217728,1,23320,0.134218,2147483648,0,0,0,0.0625,0,0,0,0,0,0,0,0,0,0,0,0,0,0,0,0,0,0,0,0,0,0,0,0,0,0,0,0,0,0,0,1.72007,78.0318,0.333946,0.00428616
Test,MI250X_two_gcd,256,16384,4194304,134217728,1,23320,0.134218,2147483648,0,0,0,0.0625,0,0,0,0,0,0,0,0,0,0,0,0,0,0,0,0,0,0,0,0,0,0,0,0,0,0,0,0,0,0,0,1.71789,78.1307,0.349746,0.00448895
Test,MI250X_two_gcd,256,16384,4194304,536870912,1,23320,0.536871,1073741824,0,0,0,0,0.5,0,0,0,0,0,0,0,0,0,0,0,0,0,0,0,0,0,0,0,0,0,0,0,0,0,0,0,0,0,0,1.39215,385.647,1.47101,0.0188802
Test,MI250X_two_gcd,256,16384,4194304,536870912,1,23320,0.536871,1073741824,0,0,0,0,0.5,0,0,0,0,0,0,0,0,0,0,0,0,0,0,0,0,0,0,0,0,0,0,0,0,0,0,0,0,0,0,1.39289,385.443,1.48577,0.0190697
Test,MI250X_two_gcd,256,16384,4194304,268435456,1,23320,0.268435,1073741824,0,0,0,0,0,0.25,0,0,0,0,0,0,0,0,0,0,0,0,0,0,0,0,0,0,0,0,0,0,0,0,0,0,0,0,0,0.855545,313.786,2.9364,0.0376883
Test,MI250X_two_gcd,256,16384,4194304,268435456,1,23320,0.268435,1073741824,0,0,0,0,0,0.25,0,0,0,0,0,0,0,0,0,0,0,0,0,0,0,0,0,0,0,0,0,0,0,0,0,0,0,0,0,0.859123,312.479,2.97,0.0381196
Test,MI250X_two_gcd,256,16384,4194304,134217728,1,23320,0.134218,1073741824,0,0,0,0,0,0,0.125,0,0,0,0,0,0,0,0,0,0,0,0,0,0,0,0,0,0,0,0,0,0,0,0,0,0,0,0,0.859654,156.144,1.46949,0.0188607
Test,MI250X_two_gcd,256,16384,4194304,134217728,1,23320,0.134218,1073741824,0,0,0,0,0,0,0.125,0,0,0,0,0,0,0,0,0,0,0,0,0,0,0,0,0,0,0,0,0,0,0,0,0,0,0,0,0.859221,156.222,1.48962,0.0191191
Test,MI250X_two_gcd,256,16384,4194304,1073741824,1,23320,1.07374,2147483648,0,0,0,0,0,0,0,0.5,0,0,0,0,0,0,0,0,0,0,0,0,0,0,0,0,0,0,0,0,0,0,0,0,0,0,0,5.35501,200.564,3.21588,0.0412754
Test,MI250X_two_gcd,256,16384,4194304,1073741824,1,23320,1.07374,2147483648,0,0,0,0,0,0,0,0.5,0,0,0,0,0,0,0,0,0,0,0,0,0,0,0,0,0,0,0,0,0,0,0,0,0,0,0,5.39083,199.217,2.72263,0.0349446
Test,MI250X_two_gcd,256,16384,4194304,536870912,1,23320,0.536871,2147483648,0,0,0,0,0,0,0,0,0.25,0,0,0,0,0,0,0,0,0,0,0,0,0,0,0,0,0,0,0,0,0,0,0,0,0,0,3.18311,168.665,0.612294,0.00785872
Test,MI250X_two_gcd,256,16384,4194304,536870912,1,23320,0.536871,2147483648,0,0,0,0,0,0,0,0,0.25,0,0,0,0,0,0,0,0,0,0,0,0,0,0,0,0,0,0,0,0,0,0,0,0,0,0,3.18364,168.636,0.615142,0.00789528
Test,MI250X_two_gcd,256,16384,4194304,268435456,1,23320,0.268435,2147483648,0,0,0,0,0,0,0,0,0,0.125,0,0,0,0,0,0,0,0,0,0,0,0,0,0,0,0,0,0,0,0,0,0,0,0,0,1.72303,155.794,0.373204,0.00479003
Test,MI250X_two_gcd,256,16384,4194304,268435456,1,23320,0.268435,2147483648,0,0,0,0,0,0,0,0,0,0.125,0,0,0,0,0,0,0,0,0,0,0,0,0,0,0,0,0,0,0,0,0,0,0,0,0,1.72254,155.837,0.324074,0.00415945
Test,MI250X_two_gcd,256,16384,4194304,134217728,1,23320,0.134218,2147483648,0,0,0,0,0,0,0,0,0,0,0.0625,0,0,0,0,0,0,0,0,0,0,0,0,0,0,0,0,0,0,0,0,0,0,0,0,1.72014,78.0283,0.330594,0.00424313
Test,MI250X_two_gcd,256,16384,4194304,134217728,1,23320,0.134218,2147483648,0,0,0,0,0,0,0,0,0,0,0.0625,0,0,0,0,0,0,0,0,0,0,0,0,0,0,0,0,0,0,0,0,0,0,0,0,1.71769,78.1401,0.3371,0.00432664
Test,MI250X_two_gcd,256,16384,4194304,536870912,1,23320,0.536871,1073741824,0,0,0,0,0,0,0,0,0,0,0,0.5,0,0,0,0,0,0,0,0,0,0,0,0,0,0,0,0,0,0,0,0,0,0,0,1.39202,385.684,1.49524,0.0191912
Test,MI250X_two_gcd,256,16384,4194304,536870912,1,23320,0.536871,1073741824,0,0,0,0,0,0,0,0,0,0,0,0.5,0,0,0,0,0,0,0,0,0,0,0,0,0,0,0,0,0,0,0,0,0,0,0,1.39177,385.751,1.50626,0.0193327
Test,MI250X_two_gcd,256,16384,4194304,268435456,1,23320,0.268435,1073741824,0,0,0,0,0,0,0,0,0,0,0,0,0.25,0,0,0,0,0,0,0,0,0,0,0,0,0,0,0,0,0,0,0,0,0,0,0.855785,313.698,2.92966,0.0376018
Test,MI250X_two_gcd,256,16384,4194304,268435456,1,23320,0.268435,1073741824,0,0,0,0,0,0,0,0,0,0,0,0,0.25,0,0,0,0,0,0,0,0,0,0,0,0,0,0,0,0,0,0,0,0,0,0,0.859219,312.444,2.97345,0.0381639
Test,MI250X_two_gcd,256,16384,4194304,134217728,1,23320,0.134218,1073741824,0,0,0,0,0,0,0,0,0,0,0,0,0,0.125,0,0,0,0,0,0,0,0,0,0,0,0,0,0,0,0,0,0,0,0,0,0.859112,156.241,1.46687,0.0188271
Test,MI250X_two_gcd,256,16384,4194304,134217728,1,23320,0.134218,1073741824,0,0,0,0,0,0,0,0,0,0,0,0,0,0.125,0,0,0,0,0,0,0,0,0,0,0,0,0,0,0,0,0,0,0,0,0,0.859135,156.238,1.48715,0.0190874
Test,MI250X_two_gcd,256,16384,4194304,1073741824,1,23320,2.14748,1073741824,0,0,0,0,0,0,0,0,0,0,0,0,0,0,2,0,0,0,0,0,0,0,0,0,0,0,0,0,0,0,0,0,0,0,0,2.32568,923.419,5.93129,0.0761274
Test,MI250X_two_gcd,256,16384,4194304,1073741824,1,23320,2.14748,1073741824,0,0,0,0,0,0,0,0,0,0,0,0,0,0,2,0,0,0,0,0,0,0,0,0,0,0,0,0,0,0,0,0,0,0,0,2.32876,922.197,5.89384,0.0756468
Test,MI250X_two_gcd,256,16384,4194304,536870912,1,23320,1.07374,1073741824,0,0,0,0,0,0,0,0,0,0,0,0,0,0,0,1,0,0,0,0,0,0,0,0,0,0,0,0,0,0,0,0,0,0,0,1.39181,771.485,3.03336,0.0389328
Test,MI250X_two_gcd,256,16384,4194304,536870912,1,23320,1.07374,1073741824,0,0,0,0,0,0,0,0,0,0,0,0,0,0,0,1,0,0,0,0,0,0,0,0,0,0,0,0,0,0,0,0,0,0,0,1.39222,771.25,3.07519,0.0394697
Test,MI250X_two_gcd,256,16384,4194304,268435456,1,23320,0.536871,1073741824,0,0,0,0,0,0,0,0,0,0,0,0,0,0,0,0,0.5,0,0,0,0,0,0,0,0,0,0,0,0,0,0,0,0,0,0,0.859427,624.711,4.10017,0.0526251
Test,MI250X_two_gcd,256,16384,4194304,268435456,1,23320,0.536871,1073741824,0,0,0,0,0,0,0,0,0,0,0,0,0,0,0,0,0.5,0,0,0,0,0,0,0,0,0,0,0,0,0,0,0,0,0,0,0.859587,624.601,4.53989,0.0582689
Test,MI250X_two_gcd,256,16384,4194304,134217728,1,23320,0.268435,1073741824,0,0,0,0,0,0,0,0,0,0,0,0,0,0,0,0,0,0.25,0,0,0,0,0,0,0,0,0,0,0,0,0,0,0,0,0,0.860573,311.954,2.89149,0.0371119
Test,MI250X_two_gcd,256,16384,4194304,134217728,1,23320,0.268435,1073741824,0,0,0,0,0,0,0,0,0,0,0,0,0,0,0,0,0,0.25,0,0,0,0,0,0,0,0,0,0,0,0,0,0,0,0,0,0.860886,311.841,2.9492,0.0378526
Test,MI250X_two_gcd,256,16384,4194304,536870912,1,23320,1.07374,1073741824,0,0,0,0,0,0,0,0,0,0,0,0,0,0,0,0,0,0,1,0,0,0,0,0,0,0,0,0,0,0,0,0,0,0,0,1.41583,758.393,2.87489,0.0368989
Test,MI250X_two_gcd,256,16384,4194304,536870912,1,23320,1.07374,1073741824,0,0,0,0,0,0,0,0,0,0,0,0,0,0,0,0,0,0,1,0,0,0,0,0,0,0,0,0,0,0,0,0,0,0,0,1.41682,757.867,2.85246,0.036611
Test,MI250X_two_gcd,256,16384,4194304,268435456,1,23320,0.536871,1073741824,0,0,0,0,0,0,0,0,0,0,0,0,0,0,0,0,0,0,0,0.5,0,0,0,0,0,0,0,0,0,0,0,0,0,0,0,0.858725,625.247,5.99603,0.0769584
Test,MI250X_two_gcd,256,16384,4194304,268435456,1,23320,0.536871,1073741824,0,0,0,0,0,0,0,0,0,0,0,0,0,0,0,0,0,0,0,0.5,0,0,0,0,0,0,0,0,0,0,0,0,0,0,0,0.860988,623.606,5.99553,0.0769519
Test,MI250X_two_gcd,256,16384,4194304,134217728,1,23320,0.268435,1073741824,0,0,0,0,0,0,0,0,0,0,0,0,0,0,0,0,0,0,0,0,0.25,0,0,0,0,0,0,0,0,0,0,0,0,0,0,0.861809,311.506,2.94586,0.0378097
Test,MI250X_two_gcd,256,16384,4194304,134217728,1,23320,0.268435,1073741824,0,0,0,0,0,0,0,0,0,0,0,0,0,0,0,0,0,0,0,0,0.25,0,0,0,0,0,0,0,0,0,0,0,0,0,0,0.86117,311.738,2.98909,0.0383646
Test,MI250X_two_gcd,256,16384,4194304,1073741824,1,23320,1.07374,1073741824,0,0,0,0,0,0,0,0,0,0,0,0,0,0,0,0,0,0,0,0,0,1,0,0,0,0,0,0,0,0,0,0,0,0,0,2.58133,415.969,1.36489,0.0175182
Test,MI250X_two_gcd,256,16384,4194304,1073741824,1,23320,1.07374,1073741824,0,0,0,0,0,0,0,0,0,0,0,0,0,0,0,0,0,0,0,0,0,1,0,0,0,0,0,0,0,0,0,0,0,0,0,2.58801,414.892,1.13449,0.014561
Test,MI250X_two_gcd,256,16384,4194304,536870912,1,23320,0.536871,1073741824,0,0,0,0,0,0,0,0,0,0,0,0,0,0,0,0,0,0,0,0,0,0,0.5,0,0,0,0,0,0,0,0,0,0,0,0,1.45194,369.762,0.987134,0.0126697
Test,MI250X_two_gcd,256,16384,4194304,536870912,1,23320,0.536871,1073741824,0,0,0,0,0,0,0,0,0,0,0,0,0,0,0,0,0,0,0,0,0,0,0.5,0,0,0,0,0,0,0,0,0,0,0,0,1.45343,369.384,1.03632,0.013301
Test,MI250X_two_gcd,256,16384,4194304,268435456,1,23320,0.268435,1073741824,0,0,0,0,0,0,0,0,0,0,0,0,0,0,0,0,0,0,0,0,0,0,0,0.25,0,0,0,0,0,0,0,0,0,0,0,0.889756,301.702,1.42664,0.0183107
Test,MI250X_two_gcd,256,16384,4194304,268435456,1,23320,0.268435,1073741824,0,0,0,0,0,0,0,0,0,0,0,0,0,0,0,0,0,0,0,0,0,0,0,0.25,0,0,0,0,0,0,0,0,0,0,0,0.890074,301.599,1.70096,0.0218316
Test,MI250X_two_gcd,256,16384,4194304,134217728,1,23320,0.134218,1073741824,0,0,0,0,0,0,0,0,0,0,0,0,0,0,0,0,0,0,0,0,0,0,0,0,0.125,0,0,0,0,0,0,0,0,0,0,0.86877,154.503,1.2788,0.0164132
Test,MI250X_two_gcd,256,16384,4194304,134217728,1,23320,0.134218,1073741824,0,0,0,0,0,0,0,0,0,0,0,0,0,0,0,0,0,0,0,0,0,0,0,0,0.125,0,0,0,0,0,0,0,0,0,0,0.868504,154.551,1.29005,0.0165576
Test,MI250X_two_gcd,256,16384,4194304,536870912,1,23320,0.536871,1073741824,0,0,0,0,0,0,0,0,0,0,0,0,0,0,0,0,0,0,0,0,0,0,0,0,0,0.5,0,0,0,0,0,0,0,0,0,1.44799,370.771,1.04698,0.0134379
Test,MI250X_two_gcd,256,16384,4194304,536870912,1,23320,0.536871,1073741824,0,0,0,0,0,0,0,0,0,0,0,0,0,0,0,0,0,0,0,0,0,0,0,0,0,0.5,0,0,0,0,0,0,0,0,0,1.44932,370.432,1.06722,0.0136976
Test,MI250X_two_gcd,256,16384,4194304,268435456,1,23320,0.268435,1073741824,0,0,0,0,0,0,0,0,0,0,0,0,0,0,0,0,0,0,0,0,0,0,0,0,0,0,0.25,0,0,0,0,0,0,0,0,0.893738,300.369,2.12956,0.0273327
Test,MI250X_two_gcd,256,16384,4194304,268435456,1,23320,0.268435,1073741824,0,0,0,0,0,0,0,0,0,0,0,0,0,0,0,0,0,0,0,0,0,0,0,0,0,0,0.25,0,0,0,0,0,0,0,0,0.896486,299.441,1.65203,0.0212036
Test,MI250X_two_gcd,256,16384,4194304,134217728,1,23320,0.134218,1073741824,0,0,0,0,0,0,0,0,0,0,0,0,0,0,0,0,0,0,0,0,0,0,0,0,0,0,0,0.125,0,0,0,0,0,0,0,0.860321,156.025,1.58445,0.0203362
Test,MI250X_two_gcd,256,16384,4194304,134217728,1,23320,0.134218,1073741824,0,0,0,0,0,0,0,0,0,0,0,0,0,0,0,0,0,0,0,0,0,0,0,0,0,0,0,0.125,0,0,0,0,0,0,0,0.859855,156.11,1.61318,0.020705
Test,MI250X_two_gcd,256,16384,4194304,1073741824,1,23320,2.14748,2147483648,0,0,0,0,0,0,0,0,0,0,0,0,0,0,0,0,0,0,0,0,0,0,0,0,0,0,0,0,1,0,0,0,0,0,0,6.1809,347.454,2.37959,0.0305418
Test,MI250X_two_gcd,256,16384,4194304,1073741824,1,23320,2.14748,2147483648,0,0,0,0,0,0,0,0,0,0,0,0,0,0,0,0,0,0,0,0,0,0,0,0,0,0,0,0,1,0,0,0,0,0,0,6.17909,347.56,2.65676,0.0340992
Test,MI250X_two_gcd,256,16384,4194304,536870912,1,23320,1.07374,2147483648,0,0,0,0,0,0,0,0,0,0,0,0,0,0,0,0,0,0,0,0,0,0,0,0,0,0,0,0,0,0.5,0,0,0,0,0,3.4063,315.224,0.775644,0.0099553
Test,MI250X_two_gcd,256,16384,4194304,536870912,1,23320,1.07374,2147483648,0,0,0,0,0,0,0,0,0,0,0,0,0,0,0,0,0,0,0,0,0,0,0,0,0,0,0,0,0,0.5,0,0,0,0,0,3.40771,315.095,0.777645,0.00998097
Test,MI250X_two_gcd,256,16384,4194304,268435456,1,23320,0.536871,2147483648,0,0,0,0,0,0,0,0,0,0,0,0,0,0,0,0,0,0,0,0,0,0,0,0,0,0,0,0,0,0,0.25,0,0,0,0,1.7662,303.982,1.93945,0.0248926
Test,MI250X_two_gcd,256,16384,4194304,268435456,1,23320,0.536871,2147483648,0,0,0,0,0,0,0,0,0,0,0,0,0,0,0,0,0,0,0,0,0,0,0,0,0,0,0,0,0,0,0.25,0,0,0,0,1.75685,305.59,1.23374,0.015835
Test,MI250X_two_gcd,256,16384,4194304,134217728,1,23320,0.268435,2147483648,0,0,0,0,0,0,0,0,0,0,0,0,0,0,0,0,0,0,0,0,0,0,0,0,0,0,0,0,0,0,0,0.125,0,0,0,1.73015,155.152,0.296238,0.00380218
Test,MI250X_two_gcd,256,16384,4194304,134217728,1,23320,0.268435,2147483648,0,0,0,0,0,0,0,0,0,0,0,0,0,0,0,0,0,0,0,0,0,0,0,0,0,0,0,0,0,0,0,0.125,0,0,0,1.72934,155.224,0.329574,0.00423005
Test,MI250X_two_gcd,256,16384,4194304,536870912,1,23320,1.07374,2147483648,0,0,0,0,0,0,0,0,0,0,0,0,0,0,0,0,0,0,0,0,0,0,0,0,0,0,0,0,0,0,0,0,0.5,0,0,3.41556,314.37,0.777458,0.00997858
Test,MI250X_two_gcd,256,16384,4194304,536870912,1,23320,1.07374,2147483648,0,0,0,0,0,0,0,0,0,0,0,0,0,0,0,0,0,0,0,0,0,0,0,0,0,0,0,0,0,0,0,0,0.5,0,0,3.41658,314.276,0.792278,0.0101688
Test,MI250X_two_gcd,256,16384,4194304,268435456,1,23320,0.536871,2147483648,0,0,0,0,0,0,0,0,0,0,0,0,0,0,0,0,0,0,0,0,0,0,0,0,0,0,0,0,0,0,0,0,0,0.25,0,1.76471,304.235,1.82167,0.0233809
Test,MI250X_two_gcd,256,16384,4194304,268435456,1,23320,0.536871,2147483648,0,0,0,0,0,0,0,0,0,0,0,0,0,0,0,0,0,0,0,0,0,0,0,0,0,0,0,0,0,0,0,0,0,0.25,0,1.75868,305.271,1.15135,0.0147774
Test,MI250X_two_gcd,256,16384,4194304,134217728,1,23320,0.268435,2147483648,0,0,0,0,0,0,0,0,0,0,0,0,0,0,0,0,0,0,0,0,0,0,0,0,0,0,0,0,0,0,0,0,0,0,0.125,1.73665,154.573,0.589494,0.00756609
Test,MI250X_two_gcd,256,16384,4194304,134217728,1,23320,0.268435,2147483648,0,0,0,0,0,0,0,0,0,0,0,0,0,0,0,0,0,0,0,0,0,0,0,0,0,0,0,0,0,0,0,0,0,0,0.125,1.73722,154.522,0.628201,0.00806289
Test,MI250X_two_gcd,256,16384,4194304,1073741824,2,23403,2.14748,2147483648,1,0,0,0,0,0,0,0,0,0,0,0,0,0,0,0,0,0,0,0,0,0,0,0,0,0,0,0,0,0,0,0,0,0,0,5.367,400.225,6.35235,0.0813869
Test,MI250X_two_gcd,256,16384,4194304,1073741824,2,23403,2.14748,2147483648,1,0,0,0,0,0,0,0,0,0,0,0,0,0,0,0,0,0,0,0,0,0,0,0,0,0,0,0,0,0,0,0,0,0,0,5.39725,397.957,5.37364,0.0688477
Test,MI250X_two_gcd,256,16384,4194304,536870912,2,23403,1.07374,2147483648,0,0.5,0,0,0,0,0,0,0,0,0,0,0,0,0,0,0,0,0,0,0,0,0,0,0,0,0,0,0,0,0,0,0,0,0,3.18339,337.301,1.21958,0.0156254
Test,MI250X_two_gcd,256,16384,4194304,536870912,2,23403,1.07374,2147483648,0,0.5,0,0,0,0,0,0,0,0,0,0,0,0,0,0,0,0,0,0,0,0,0,0,0,0,0,0,0,0,0,0,0,0,0,3.18374,337.262,1.22491,0.0156937
Test,MI250X_two_gcd,256,16384,4194304,268435456,2,23403,0.536871,2147483648,0,0,0.25,0,0,0,0,0,0,0,0,0,0,0,0,0,0,0,0,0,0,0,0,0,0,0,0,0,0,0,0,0,0,0,0,1.72288,311.614,0.680772,0.00872212
Test,MI250X_two_gcd,256,16384,4194304,268435456,2,23403,0.536871,2147483648,0,0,0.25,0,0,0,0,0,0,0,0,0,0,0,0,0,0,0,0,0,0,0,0,0,0,0,0,0,0,0,0,0,0,0,0,1.72199,311.775,0.649025,0.00831537
Test,MI250X_two_gcd,256,16384,4194304,134217728,2,23403,0.268435,2147483648,0,0,0,0.125,0,0,0,0,0,0,0,0,0,0,0,0,0,0,0,0,0,0,0,0,0,0,0,0,0,0,0,0,0,0,0,1.72026,156.047,0.672604,0.00861747
Test,MI250X_two_gcd,256,16384,4194304,134217728,2,23403,0.268435,2147483648,0,0,0,0.125,0,0,0,0,0,0,0,0,0,0,0,0,0,0,0,0,0,0,0,0,0,0,0,0,0,0,0,0,0,0,0,1.71796,156.255,0.705569,0.00903982
Test,MI250X_two_gcd,256,16384,4194304,536870912,2,23403,1.07374,1073741824,0,0,0,0,1,0,0,0,0,0,0,0,0,0,0,0,0,0,0,0,0,0,0,0,0,0,0,0,0,0,0,0,0,0,0,1.41222,760.334,2.80458,0.0359325
Test,MI250X_two_gcd,256,16384,4194304,536870912,2,23403,1.07374,1073741824,0,0,0,0,1,0,0,0,0,0,0,0,0,0,0,0,0,0,0,0,0,0,0,0,0,0,0,0,0,0,0,0,0,0,0,1.41301,759.91,2.9338,0.0375881
Test,MI250X_two_gcd,256,16384,4194304,268435456,2,23403,0.536871,1073741824,0,0,0,0,0,0.5,0,0,0,0,0,0,0,0,0,0,0,0,0,0,0,0,0,0,0,0,0,0,0,0,0,0,0,0,0,0.856195,627.092,5.81416,0.0744917
Test,MI250X_two_gcd,256,16384,4194304,268435456,2,23403,0.536871,1073741824,0,0,0,0,0,0.5,0,0,0,0,0,0,0,0,0,0,0,0,0,0,0,0,0,0,0,0,0,0,0,0,0,0,0,0,0,0.859323,624.812,5.92494,0.075911
Test,MI250X_two_gcd,256,16384,4194304,134217728,2,23403,0.268435,1073741824,0,0,0,0,0,0,0.25,0,0,0,0,0,0,0,0,0,0,0,0,0,0,0,0,0,0,0,0,0,0,0,0,0,0,0,0,0.859402,312.375,2.8881,0.0370026
Test,MI250X_two_gcd,256,16384,4194304,134217728,2,23403,0.268435,1073741824,0,0,0,0,0,0,0.25,0,0,0,0,0,0,0,0,0,0,0,0,0,0,0,0,0,0,0,0,0,0,0,0,0,0,0,0,0.859125,312.478,2.95896,0.0379104
Test,MI250X_two_gcd,256,16384,4194304,1073741824,2,23403,2.14748,2147483648,0,0,0,0,0,0,0,1,0,0,0,0,0,0,0,0,0,0,0,0,0,0,0,0,0,0,0,0,0,0,0,0,0,0,0,5.35995,400.751,6.26961,0.0803269
Test,MI250X_two_gcd,256,16384,4194304,1073741824,2,23403,2.14748,2147483648,0,0,0,0,0,0,0,1,0,0,0,0,0,0,0,0,0,0,0,0,0,0,0,0,0,0,0,0,0,0,0,0,0,0,0,5.38996,398.495,5.4337,0.0696171
Test,MI250X_two_gcd,256,16384,4194304,536870912,2,23403,1.07374,2147483648,0,0,0,0,0,0,0,0,0.5,0,0,0,0,0,0,0,0,0,0,0,0,0,0,0,0,0,0,0,0,0,0,0,0,0,0,3.18338,337.301,1.23532,0.0158271
Test,MI250X_two_gcd,256,16384,4194304,536870912,2,23403,1.07374,2147483648,0,0,0,0,0,0,0,0,0.5,0,0,0,0,0,0,0,0,0,0,0,0,0,0,0,0,0,0,0,0,0,0,0,0,0,0,3.18355,337.281,1.22245,0.0156621
Test,MI250X_two_gcd,256,16384,4194304,268435456,2,23403,0.536871,2147483648,0,0,0,0,0,0,0,0,0,0.25,0,0,0,0,0,0,0,0,0,0,0,0,0,0,0,0,0,0,0,0,0,0,0,0,0,1.72282,311.623,0.684003,0.00876352
Test,MI250X_two_gcd,256,16384,4194304,268435456,2,23403,0.536871,2147483648,0,0,0,0,0,0,0,0,0,0.25,0,0,0,0,0,0,0,0,0,0,0,0,0,0,0,0,0,0,0,0,0,0,0,0,0,1.72203,311.767,0.655198,0.00839447
Test,MI250X_two_gcd,256,16384,4194304,134217728,2,23403,0.268435,2147483648,0,0,0,0,0,0,0,0,0,0,0.125,0,0,0,0,0,0,0,0,0,0,0,0,0,0,0,0,0,0,0,0,0,0,0,0,1.72019,156.052,0.662125,0.00848321
Test,MI250X_two_gcd,256,16384,4194304,134217728,2,23403,0.268435,2147483648,0,0,0,0,0,0,0,0,0,0,0.125,0,0,0,0,0,0,0,0,0,0,0,0,0,0,0,0,0,0,0,0,0,0,0,0,1.71542,156.487,0.679678,0.0087081
Test,MI250X_two_gcd,256,16384,4194304,536870912,2,23403,1.07374,1073741824,0,0,0,0,0,0,0,0,0,0,0,1,0,0,0,0,0,0,0,0,0,0,0,0,0,0,0,0,0,0,0,0,0,0,0,1.41236,760.264,2.75691,0.0353218
Test,MI250X_two_gcd,256,16384,4194304,536870912,2,23403,1.07374,1073741824,0,0,0,0,0,0,0,0,0,0,0,1,0,0,0,0,0,0,0,0,0,0,0,0,0,0,0,0,0,0,0,0,0,0,0,1.41393,759.412,2.84895,0.036501
Test,MI250X_two_gcd,256,16384,4194304,268435456,2,23403,0.536871,1073741824,0,0,0,0,0,0,0,0,0,0,0,0,0.5,0,0,0,0,0,0,0,0,0,0,0,0,0,0,0,0,0,0,0,0,0,0,0.857573,626.089,5.89003,0.0754637
Test,MI250X_two_gcd,256,16384,4194304,268435456,2,23403,0.536871,1073741824,0,0,0,0,0,0,0,0,0,0,0,0,0.5,0,0,0,0,0,0,0,0,0,0,0,0,0,0,0,0,0,0,0,0,0,0,0.859271,624.851,5.89389,0.0755131
Test,MI250X_two_gcd,256,16384,4194304,134217728,2,23403,0.268435,1073741824,0,0,0,0,0,0,0,0,0,0,0,0,0,0.25,0,0,0,0,0,0,0,0,0,0,0,0,0,0,0,0,0,0,0,0,0,0.858869,312.571,2.91036,0.0372878
Test,MI250X_two_gcd,256,16384,4194304,134217728,2,23403,0.268435,1073741824,0,0,0,0,0,0,0,0,0,0,0,0,0,0.25,0,0,0,0,0,0,0,0,0,0,0,0,0,0,0,0,0,0,0,0,0,0.858516,312.701,2.97889,0.0381658
Test,MI250X_two_gcd,256,16384,4194304,1073741824,2,23403,4.29497,1073741824,0,0,0,0,0,0,0,0,0,0,0,0,0,0,4,0,0,0,0,0,0,0,0,0,0,0,0,0,0,0,0,0,0,0,0,2.36189,1818.5,9.65195,0.123662
Test,MI250X_two_gcd,256,16384,4194304,1073741824,2,23403,4.29497,1073741824,0,0,0,0,0,0,0,0,0,0,0,0,0,0,4,0,0,0,0,0,0,0,0,0,0,0,0,0,0,0,0,0,0,0,0,2.36324,1817.47,10.4477,0.133857
Test,MI250X_two_gcd,256,16384,4194304,536870912,2,23403,2.14748,1073741824,0,0,0,0,0,0,0,0,0,0,0,0,0,0,0,2,0,0,0,0,0,0,0,0,0,0,0,0,0,0,0,0,0,0,0,1.40886,1524.3,5.60428,0.0718025
Test,MI250X_two_gcd,256,16384,4194304,536870912,2,23403,2.14748,1073741824,0,0,0,0,0,0,0,0,0,0,0,0,0,0,0,2,0,0,0,0,0,0,0,0,0,0,0,0,0,0,0,0,0,0,0,1.40958,1523.52,5.72373,0.073333
Test,MI250X_two_gcd,256,16384,4194304,268435456,2,23403,1.07374,1073741824,0,0,0,0,0,0,0,0,0,0,0,0,0,0,0,0,1,0,0,0,0,0,0,0,0,0,0,0,0,0,0,0,0,0,0,0.861638,1246.22,8.42549,0.107948
Test,MI250X_two_gcd,256,16384,4194304,268435456,2,23403,1.07374,1073741824,0,0,0,0,0,0,0,0,0,0,0,0,0,0,0,0,1,0,0,0,0,0,0,0,0,0,0,0,0,0,0,0,0,0,0,0.860959,1247.21,8.79922,0.112736
Test,MI250X_two_gcd,256,16384,4194304,134217728,2,23403,0.536871,1073741824,0,0,0,0,0,0,0,0,0,0,0,0,0,0,0,0,0,0.5,0,0,0,0,0,0,0,0,0,0,0,0,0,0,0,0,0,0.85946,624.697,4.5799,0.0586781
Test,MI250X_two_gcd,256,16384,4194304,134217728,2,23403,0.536871,1073741824,0,0,0,0,0,0,0,0,0,0,0,0,0,0,0,0,0,0.5,0,0,0,0,0,0,0,0,0,0,0,0,0,0,0,0,0,0.858942,625.071,4.59451,0.0588654
Test,MI250X_two_gcd,256,16384,4194304,536870912,2,23403,2.14748,1073741824,0,0,0,0,0,0,0,0,0,0,0,0,0,0,0,0,0,0,2,0,0,0,0,0,0,0,0,0,0,0,0,0,0,0,0,1.45504,1475.92,4.8555,0.0622091
Test,MI250X_two_gcd,256,16384,4194304,536870912,2,23403,2.14748,1073741824,0,0,0,0,0,0,0,0,0,0,0,0,0,0,0,0,0,0,2,0,0,0,0,0,0,0,0,0,0,0,0,0,0,0,0,1.45599,1474.95,5.03468,0.0645049
Test,MI250X_two_gcd,256,16384,4194304,268435456,2,23403,1.07374,1073741824,0,0,0,0,0,0,0,0,0,0,0,0,0,0,0,0,0,0,0,1,0,0,0,0,0,0,0,0,0,0,0,0,0,0,0,0.85828,1251.14,11.6695,0.149511
Test,MI250X_two_gcd,256,16384,4194304,268435456,2,23403,1.07374,1073741824,0,0,0,0,0,0,0,0,0,0,0,0,0,0,0,0,0,0,0,1,0,0,0,0,0,0,0,0,0,0,0,0,0,0,0,0.860751,1247.56,11.9277,0.152819
Test,MI250X_two_gcd,256,16384,4194304,134217728,2,23403,0.536871,1073741824,0,0,0,0,0,0,0,0,0,0,0,0,0,0,0,0,0,0,0,0,0.5,0,0,0,0,0,0,0,0,0,0,0,0,0,0,0.861335,623.355,5.84826,0.0749285
Test,MI250X_two_gcd,256,16384,4194304,134217728,2,23403,0.536871,1073741824,0,0,0,0,0,0,0,0,0,0,0,0,0,0,0,0,0,0,0,0,0.5,0,0,0,0,0,0,0,0,0,0,0,0,0,0,0.861051,623.563,5.91929,0.0758385
Test,MI250X_two_gcd,256,16384,4194304,1073741824,2,23403,2.14748,1073741824,0,0,0,0,0,0,0,0,0,0,0,0,0,0,0,0,0,0,0,0,0,2,0,0,0,0,0,0,0,0,0,0,0,0,0,3.03152,708.391,1.28047,0.0164055
Test,MI250X_two_gcd,256,16384,4194304,1073741824,2,23403,2.14748,1073741824,0,0,0,0,0,0,0,0,0,0,0,0,0,0,0,0,0,0,0,0,0,2,0,0,0,0,0,0,0,0,0,0,0,0,0,3.04216,705.912,1.25028,0.0160186
Test,MI250X_two_gcd,256,16384,4194304,536870912,2,23403,1.07374,1073741824,0,0,0,0,0,0,0,0,0,0,0,0,0,0,0,0,0,0,0,0,0,0,1,0,0,0,0,0,0,0,0,0,0,0,0,1.61235,665.946,1.10678,0.0141802
Test,MI250X_two_gcd,256,16384,4194304,536870912,2,23403,1.07374,1073741824,0,0,0,0,0,0,0,0,0,0,0,0,0,0,0,0,0,0,0,0,0,0,1,0,0,0,0,0,0,0,0,0,0,0,0,1.61432,665.133,1.09639,0.0140471
Test,MI250X_two_gcd,256,16384,4194304,268435456,2,23403,0.536871,1073741824,0,0,0,0,0,0,0,0,0,0,0,0,0,0,0,0,0,0,0,0,0,0,0,0.5,0,0,0,0,0,0,0,0,0,0,0,1.22636,437.796,0.330336,0.0042323
Test,MI250X_two_gcd,256,16384,4194304,268435456,2,23403,0.536871,1073741824,0,0,0,0,0,0,0,0,0,0,0,0,0,0,0,0,0,0,0,0,0,0,0,0.5,0,0,0,0,0,0,0,0,0,0,0,1.22917,436.768,0.383421,0.00491243
Test,MI250X_two_gcd,256,16384,4194304,134217728,2,23403,0.268435,1073741824,0,0,0,0,0,0,0,0,0,0,0,0,0,0,0,0,0,0,0,0,0,0,0,0,0.25,0,0,0,0,0,0,0,0,0,0,0.877268,305.999,1.36434,0.01748
Test,MI250X_two_gcd,256,16384,4194304,134217728,2,23403,0.268435,1073741824,0,0,0,0,0,0,0,0,0,0,0,0,0,0,0,0,0,0,0,0,0,0,0,0,0.25,0,0,0,0,0,0,0,0,0,0,0.877576,305.891,1.29167,0.016549
Test,MI250X_two_gcd,256,16384,4194304,536870912,2,23403,1.07374,1073741824,0,0,0,0,0,0,0,0,0,0,0,0,0,0,0,0,0,0,0,0,0,0,0,0,0,1,0,0,0,0,0,0,0,0,0,1.54602,694.523,1.34022,0.017171
Test,MI250X_two_gcd,256,16384,4194304,536870912,2,23403,1.07374,1073741824,0,0,0,0,0,0,0,0,0,0,0,0,0,0,0,0,0,0,0,0,0,0,0,0,0,1,0,0,0,0,0,0,0,0,0,1.54773,693.75,1.38891,0.0177948
Test,MI250X_two_gcd,256,16384,4194304,268435456,2,23403,0.536871,1073741824,0,0,0,0,0,0,0,0,0,0,0,0,0,0,0,0,0,0,0,0,0,0,0,0,0,0,0.5,0,0,0,0,0,0,0,0,0.989215,542.731,1.14094,0.0146179
Test,MI250X_two_gcd,256,16384,4194304,268435456,2,23403,0.536871,1073741824,0,0,0,0,0,0,0,0,0,0,0,0,0,0,0,0,0,0,0,0,0,0,0,0,0,0,0.5,0,0,0,0,0,0,0,0,0.988829,542.941,1.22626,0.015711
Test,MI250X_two_gcd,256,16384,4194304,134217728,2,23403,0.268435,1073741824,0,0,0,0,0,0,0,0,0,0,0,0,0,0,0,0,0,0,0,0,0,0,0,0,0,0,0,0.25,0,0,0,0,0,0,0,0.86213,311.394,3.05089,0.0390883
Test,MI250X_two_gcd,256,16384,4194304,134217728,2,23403,0.268435,1073741824,0,0,0,0,0,0,0,0,0,0,0,0,0,0,0,0,0,0,0,0,0,0,0,0,0,0,0,0.25,0,0,0,0,0,0,0,0.861171,311.74,3.04161,0.0389694
Test,MI250X_two_gcd,256,16384,4194304,1073741824,2,23403,4.29497,2147483648,0,0,0,0,0,0,0,0,0,0,0,0,0,0,0,0,0,0,0,0,0,0,0,0,0,0,0,0,2,0,0,0,0,0,0,6.35794,675.549,3.46431,0.0443851
Test,MI250X_two_gcd,256,16384,4194304,1073741824,2,23403,4.29497,2147483648,0,0,0,0,0,0,0,0,0,0,0,0,0,0,0,0,0,0,0,0,0,0,0,0,0,0,0,0,2,0,0,0,0,0,0,6.36365,674.934,2.58908,0.0331715
Test,MI250X_two_gcd,256,16384,4194304,536870912,2,23403,2.14748,2147483648,0,0,0,0,0,0,0,0,0,0,0,0,0,0,0,0,0,0,0,0,0,0,0,0,0,0,0,0,0,1,0,0,0,0,0,3.44955,622.544,1.40703,0.018027
Test,MI250X_two_gcd,256,16384,4194304,536870912,2,23403,2.14748,2147483648,0,0,0,0,0,0,0,0,0,0,0,0,0,0,0,0,0,0,0,0,0,0,0,0,0,0,0,0,0,1,0,0,0,0,0,3.45157,622.177,1.42067,0.0182018
Test,MI250X_two_gcd,256,16384,4194304,268435456,2,23403,1.07374,2147483648,0,0,0,0,0,0,0,0,0,0,0,0,0,0,0,0,0,0,0,0,0,0,0,0,0,0,0,0,0,0,0.5,0,0,0,0,1.77395,605.308,3.28877,0.0421361
Test,MI250X_two_gcd,256,16384,4194304,268435456,2,23403,1.07374,2147483648,0,0,0,0,0,0,0,0,0,0,0,0,0,0,0,0,0,0,0,0,0,0,0,0,0,0,0,0,0,0,0.5,0,0,0,0,1.76711,607.636,2.46878,0.0316302
Test,MI250X_two_gcd,256,16384,4194304,134217728,2,23403,0.536871,2147483648,0,0,0,0,0,0,0,0,0,0,0,0,0,0,0,0,0,0,0,0,0,0,0,0,0,0,0,0,0,0,0,0.25,0,0,0,1.78181,301.307,0.607931,0.00778888
Test,MI250X_two_gcd,256,16384,4194304,134217728,2,23403,0.536871,2147483648,0,0,0,0,0,0,0,0,0,0,0,0,0,0,0,0,0,0,0,0,0,0,0,0,0,0,0,0,0,0,0,0.25,0,0,0,1.78268,301.162,0.599939,0.00768648
Test,MI250X_two_gcd,256,16384,4194304,536870912,2,23403,2.14748,2147483648,0,0,0,0,0,0,0,0,0,0,0,0,0,0,0,0,0,0,0,0,0,0,0,0,0,0,0,0,0,0,0,0,1,0,0,3.45921,620.803,1.41133,0.018082
Test,MI250X_two_gcd,256,16384,4194304,536870912,2,23403,2.14748,2147483648,0,0,0,0,0,0,0,0,0,0,0,0,0,0,0,0,0,0,0,0,0,0,0,0,0,0,0,0,0,0,0,0,1,0,0,3.46056,620.56,1.40774,0.0180361
Test,MI250X_two_gcd,256,16384,4194304,268435456,2,23403,1.07374,2147483648,0,0,0,0,0,0,0,0,0,0,0,0,0,0,0,0,0,0,0,0,0,0,0,0,0,0,0,0,0,0,0,0,0,0.5,0,1.77217,605.908,3.40572,0.0436344
Test,MI250X_two_gcd,256,16384,4194304,268435456,2,23403,1.07374,2147483648,0,0,0,0,0,0,0,0,0,0,0,0,0,0,0,0,0,0,0,0,0,0,0,0,0,0,0,0,0,0,0,0,0,0.5,0,1.76855,607.138,2.56949,0.0329206
Test,MI250X_two_gcd,256,16384,4194304,134217728,2,23403,0.536871,2147483648,0,0,0,0,0,0,0,0,0,0,0,0,0,0,0,0,0,0,0,0,0,0,0,0,0,0,0,0,0,0,0,0,0,0,0.25,1.73483,309.47,1.03873,0.0133083
Test,MI250X_two_gcd,256,16384,4194304,134217728,2,23403,0.536871,2147483648,0,0,0,0,0,0,0,0,0,0,0,0,0,0,0,0,0,0,0,0,0,0,0,0,0,0,0,0,0,0,0,0,0,0,0.25,1.73522,309.401,1.16959,0.0149849
