Kernel,GPU,gridSize,blockSize,nThreads,Length,Iterations,experiments,GFLOPS,totalBytes,AI_HBM_ADD_INT8,AI_HBM_ADD_INT16,AI_HBM_ADD_INT32,AI_HBM_ADD_INT64,AI_HBM_ADD_FP16,AI_HBM_ADD_FP32,AI_HBM_ADD_FP64,AI_HBM_MUL_INT8,AI_HBM_MUL_INT16,AI_HBM_MUL_INT32,AI_HBM_MUL_INT64,AI_HBM_MUL_FP16,AI_HBM_MUL_FP32,AI_HBM_MUL_FP64,AI_HBM_MULADD_INT8,AI_HBM_MULADD_INT16,AI_HBM_MULADD_INT32,AI_HBM_MULADD_INT64,AI_HBM_MULADD_FP16,AI_HBM_MULADD_FP32,AI_HBM_MULADD_FP64,AI_HBM_DIV_INT8,AI_HBM_DIV_INT16,AI_HBM_DIV_INT32,AI_HBM_DIV_INT64,AI_HBM_DIV_FP16,AI_HBM_DIV_FP32,AI_HBM_DIV_FP64,AI_HBM_RSQ_INT8,AI_HBM_RSQ_INT16,AI_HBM_RSQ_INT32,AI_HBM_RSQ_INT64,AI_HBM_RSQ_FP16,AI_HBM_RSQ_FP32,AI_HBM_RSQ_FP64,AverageSec,PERF,STDDEV,CI
Test,MI250X,256,16384,4194304,1073741824,1,3626,1.07374,2147483648,0.5,0,0,0,0,0,0,0,0,0,0,0,0,0,0,0,0,0,0,0,0,0,0,0,0,0,0,0,0,0,0,0,0,0,0,5.49026,195.607,2.63908,0.0859005
Test,MI250X,256,16384,4194304,536870912,1,5782,0.536871,2147483648,0,0.25,0,0,0,0,0,0,0,0,0,0,0,0,0,0,0,0,0,0,0,0,0,0,0,0,0,0,0,0,0,0,0,0,0,3.45243,155.508,0.634356,0.0163512
Test,MI250X,256,16384,4194304,268435456,1,7987,0.268435,2147483648,0,0,0.125,0,0,0,0,0,0,0,0,0,0,0,0,0,0,0,0,0,0,0,0,0,0,0,0,0,0,0,0,0,0,0,0,2.50202,107.291,0.604662,0.013261
Test,MI250X,256,16384,4194304,134217728,1,9353,0.134218,2147483648,0,0,0,0.0625,0,0,0,0,0,0,0,0,0,0,0,0,0,0,0,0,0,0,0,0,0,0,0,0,0,0,0,0,0,0,0,2.13324,62.9192,0.318748,0.00645993
Test,MI250X,256,16384,4194304,536870912,1,5727,0.536871,2147483648,0,0,0,0,0.25,0,0,0,0,0,0,0,0,0,0,0,0,0,0,0,0,0,0,0,0,0,0,0,0,0,0,0,0,0,0,3.49312,153.696,0.629075,0.0162928
Test,MI250X,256,16384,4194304,268435456,1,20851,0.268435,1073741824,0,0,0,0,0,0.25,0,0,0,0,0,0,0,0,0,0,0,0,0,0,0,0,0,0,0,0,0,0,0,0,0,0,0,0,0,0.958634,280.042,2.45163,0.0332772
Test,MI250X,256,16384,4194304,134217728,1,9138,0.134218,2147483648,0,0,0,0,0,0,0.0625,0,0,0,0,0,0,0,0,0,0,0,0,0,0,0,0,0,0,0,0,0,0,0,0,0,0,0,0,2.19383,61.1815,0.316573,0.00649089
Test,MI250X,256,16384,4194304,1073741824,1,3664,1.07374,2147483648,0,0,0,0,0,0,0,0.5,0,0,0,0,0,0,0,0,0,0,0,0,0,0,0,0,0,0,0,0,0,0,0,0,0,0,0,5.47838,196.032,2.65272,0.0858953
Test,MI250X,256,16384,4194304,536870912,1,5805,0.536871,2147483648,0,0,0,0,0,0,0,0,0.25,0,0,0,0,0,0,0,0,0,0,0,0,0,0,0,0,0,0,0,0,0,0,0,0,0,0,3.45201,155.527,0.625415,0.0160888
Test,MI250X,256,16384,4194304,268435456,1,7988,0.268435,2147483648,0,0,0,0,0,0,0,0,0,0.125,0,0,0,0,0,0,0,0,0,0,0,0,0,0,0,0,0,0,0,0,0,0,0,0,0,2.50202,107.291,0.616407,0.0135177
Test,MI250X,256,16384,4194304,134217728,1,9382,0.134218,2147483648,0,0,0,0,0,0,0,0,0,0,0.0625,0,0,0,0,0,0,0,0,0,0,0,0,0,0,0,0,0,0,0,0,0,0,0,0,2.13116,62.9804,0.347342,0.00702854
Test,MI250X,256,16384,4194304,536870912,1,5708,0.536871,2147483648,0,0,0,0,0,0,0,0,0,0,0,0.25,0,0,0,0,0,0,0,0,0,0,0,0,0,0,0,0,0,0,0,0,0,0,0,3.4928,153.71,0.618135,0.016036
Test,MI250X,256,16384,4194304,268435456,1,20819,0.268435,1073741824,0,0,0,0,0,0,0,0,0,0,0,0,0.25,0,0,0,0,0,0,0,0,0,0,0,0,0,0,0,0,0,0,0,0,0,0,0.958744,280.007,2.44456,0.0332067
Test,MI250X,256,16384,4194304,134217728,1,9113,0.134218,2147483648,0,0,0,0,0,0,0,0,0,0,0,0,0,0.0625,0,0,0,0,0,0,0,0,0,0,0,0,0,0,0,0,0,0,0,0,0,2.19421,61.1712,0.315418,0.00647608
Test,MI250X,256,16384,4194304,1073741824,1,3717,2.14748,2147483648,0,0,0,0,0,0,0,0,0,0,0,0,0,0,1,0,0,0,0,0,0,0,0,0,0,0,0,0,0,0,0,0,0,0,0,5.38426,398.92,5.47719,0.176083
Test,MI250X,256,16384,4194304,536870912,1,5717,1.07374,2147483648,0,0,0,0,0,0,0,0,0,0,0,0,0,0,0,0.5,0,0,0,0,0,0,0,0,0,0,0,0,0,0,0,0,0,0,0,3.50184,306.627,1.30355,0.033791
Test,MI250X,256,16384,4194304,268435456,1,7725,0.536871,2147483648,0,0,0,0,0,0,0,0,0,0,0,0,0,0,0,0,0.25,0,0,0,0,0,0,0,0,0,0,0,0,0,0,0,0,0,0,2.59355,207.012,1.42714,0.0318254
Test,MI250X,256,16384,4194304,134217728,1,9030,0.268435,2147483648,0,0,0,0,0,0,0,0,0,0,0,0,0,0,0,0,0,0.125,0,0,0,0,0,0,0,0,0,0,0,0,0,0,0,0,0,2.21023,121.455,0.621667,0.0128224
Test,MI250X,256,16384,4194304,536870912,1,5680,1.07374,2147483648,0,0,0,0,0,0,0,0,0,0,0,0,0,0,0,0,0,0,0.5,0,0,0,0,0,0,0,0,0,0,0,0,0,0,0,0,3.51235,305.71,1.27444,0.0331437
Test,MI250X,256,16384,4194304,268435456,1,20831,0.536871,1073741824,0,0,0,0,0,0,0,0,0,0,0,0,0,0,0,0,0,0,0,0.5,0,0,0,0,0,0,0,0,0,0,0,0,0,0,0,0.961862,558.204,4.88102,0.0662844
Test,MI250X,256,16384,4194304,134217728,1,9056,0.268435,2147483648,0,0,0,0,0,0,0,0,0,0,0,0,0,0,0,0,0,0,0,0,0.125,0,0,0,0,0,0,0,0,0,0,0,0,0,0,2.20805,121.575,0.633804,0.013054
Test,MI250X,256,16384,4194304,1073741824,1,3318,1.07374,2147483648,0,0,0,0,0,0,0,0,0,0,0,0,0,0,0,0,0,0,0,0,0,0.5,0,0,0,0,0,0,0,0,0,0,0,0,0,6.05199,177.429,1.32314,0.0450219
Test,MI250X,256,16384,4194304,536870912,1,5501,0.536871,2147483648,0,0,0,0,0,0,0,0,0,0,0,0,0,0,0,0,0,0,0,0,0,0,0.25,0,0,0,0,0,0,0,0,0,0,0,0,3.62877,147.951,0.541653,0.0143139
Test,MI250X,256,16384,4194304,268435456,1,7447,0.268435,2147483648,0,0,0,0,0,0,0,0,0,0,0,0,0,0,0,0,0,0,0,0,0,0,0,0.125,0,0,0,0,0,0,0,0,0,0,0,2.69427,99.6391,0.834212,0.0189471
Test,MI250X,256,16384,4194304,134217728,1,9057,0.134218,2147483648,0,0,0,0,0,0,0,0,0,0,0,0,0,0,0,0,0,0,0,0,0,0,0,0,0.0625,0,0,0,0,0,0,0,0,0,0,2.20284,60.9306,0.246727,0.00508138
Test,MI250X,256,16384,4194304,536870912,1,5601,0.536871,2147483648,0,0,0,0,0,0,0,0,0,0,0,0,0,0,0,0,0,0,0,0,0,0,0,0,0,0.25,0,0,0,0,0,0,0,0,0,3.57383,150.225,0.571226,0.01496
Test,MI250X,256,16384,4194304,268435456,1,7442,0.268435,2147483648,0,0,0,0,0,0,0,0,0,0,0,0,0,0,0,0,0,0,0,0,0,0,0,0,0,0,0.125,0,0,0,0,0,0,0,0,2.68522,99.9756,0.891636,0.0202581
Test,MI250X,256,16384,4194304,134217728,1,9082,0.134218,2147483648,0,0,0,0,0,0,0,0,0,0,0,0,0,0,0,0,0,0,0,0,0,0,0,0,0,0,0,0.0625,0,0,0,0,0,0,0,2.19619,61.1156,0.281035,0.00577998
Test,MI250X,256,16384,4194304,1073741824,1,3209,2.14748,2147483648,0,0,0,0,0,0,0,0,0,0,0,0,0,0,0,0,0,0,0,0,0,0,0,0,0,0,0,0,1,0,0,0,0,0,0,6.23163,344.619,1.69964,0.0588068
Test,MI250X,256,16384,4194304,536870912,1,5526,1.07374,2147483648,0,0,0,0,0,0,0,0,0,0,0,0,0,0,0,0,0,0,0,0,0,0,0,0,0,0,0,0,0,0.5,0,0,0,0,0,3.61983,296.63,0.987534,0.0260377
Test,MI250X,256,16384,4194304,268435456,1,7418,0.536871,2147483648,0,0,0,0,0,0,0,0,0,0,0,0,0,0,0,0,0,0,0,0,0,0,0,0,0,0,0,0,0,0,0.25,0,0,0,0,2.70145,198.748,1.65869,0.0377465
Test,MI250X,256,16384,4194304,134217728,1,9033,0.268435,2147483648,0,0,0,0,0,0,0,0,0,0,0,0,0,0,0,0,0,0,0,0,0,0,0,0,0,0,0,0,0,0,0,0.125,0,0,0,2.21417,121.238,0.501866,0.0103497
Test,MI250X,256,16384,4194304,536870912,1,5502,1.07374,2147483648,0,0,0,0,0,0,0,0,0,0,0,0,0,0,0,0,0,0,0,0,0,0,0,0,0,0,0,0,0,0,0,0,0.5,0,0,3.62812,295.953,1.01789,0.0268965
Test,MI250X,256,16384,4194304,268435456,1,7469,0.536871,2147483648,0,0,0,0,0,0,0,0,0,0,0,0,0,0,0,0,0,0,0,0,0,0,0,0,0,0,0,0,0,0,0,0,0,0.25,0,2.66752,201.273,1.50974,0.0342394
Test,MI250X,256,16384,4194304,134217728,1,9111,0.268435,2147483648,0,0,0,0,0,0,0,0,0,0,0,0,0,0,0,0,0,0,0,0,0,0,0,0,0,0,0,0,0,0,0,0,0,0,0.125,2.19742,122.163,0.583967,0.0119912
Test,MI250X,256,16384,4194304,1073741824,2,3649,2.14748,2147483648,1,0,0,0,0,0,0,0,0,0,0,0,0,0,0,0,0,0,0,0,0,0,0,0,0,0,0,0,0,0,0,0,0,0,0,5.48312,391.719,5.06215,0.16425
Test,MI250X,256,16384,4194304,536870912,2,5801,1.07374,2147483648,0,0.5,0,0,0,0,0,0,0,0,0,0,0,0,0,0,0,0,0,0,0,0,0,0,0,0,0,0,0,0,0,0,0,0,0,3.45223,311.033,1.25771,0.0323657
Test,MI250X,256,16384,4194304,268435456,2,7990,0.536871,2147483648,0,0,0.25,0,0,0,0,0,0,0,0,0,0,0,0,0,0,0,0,0,0,0,0,0,0,0,0,0,0,0,0,0,0,0,0,2.50235,214.554,1.21529,0.0266478
Test,MI250X,256,16384,4194304,134217728,2,9414,0.268435,2147483648,0,0,0,0.125,0,0,0,0,0,0,0,0,0,0,0,0,0,0,0,0,0,0,0,0,0,0,0,0,0,0,0,0,0,0,0,2.13324,125.838,0.638999,0.0129083
Test,MI250X,256,16384,4194304,536870912,2,5708,1.07374,2147483648,0,0,0,0,0.5,0,0,0,0,0,0,0,0,0,0,0,0,0,0,0,0,0,0,0,0,0,0,0,0,0,0,0,0,0,0,3.50295,306.53,1.22791,0.0318552
Test,MI250X,256,16384,4194304,268435456,2,20823,0.536871,1073741824,0,0,0,0,0,0.5,0,0,0,0,0,0,0,0,0,0,0,0,0,0,0,0,0,0,0,0,0,0,0,0,0,0,0,0,0,0.957873,560.525,4.90405,0.06661
Test,MI250X,256,16384,4194304,134217728,2,9116,0.268435,2147483648,0,0,0,0,0,0,0.125,0,0,0,0,0,0,0,0,0,0,0,0,0,0,0,0,0,0,0,0,0,0,0,0,0,0,0,0,2.19475,122.312,0.632145,0.0129769
Test,MI250X,256,16384,4194304,1073741824,2,3650,2.14748,2147483648,0,0,0,0,0,0,0,1,0,0,0,0,0,0,0,0,0,0,0,0,0,0,0,0,0,0,0,0,0,0,0,0,0,0,0,5.47459,392.335,5.25238,0.170399
Test,MI250X,256,16384,4194304,536870912,2,5792,1.07374,2147483648,0,0,0,0,0,0,0,0,0.5,0,0,0,0,0,0,0,0,0,0,0,0,0,0,0,0,0,0,0,0,0,0,0,0,0,0,3.45227,311.031,1.2756,0.0328515
Test,MI250X,256,16384,4194304,268435456,2,7976,0.536871,2147483648,0,0,0,0,0,0,0,0,0,0.25,0,0,0,0,0,0,0,0,0,0,0,0,0,0,0,0,0,0,0,0,0,0,0,0,0,2.50238,214.552,1.25226,0.0274827
Test,MI250X,256,16384,4194304,134217728,2,9380,0.268435,2147483648,0,0,0,0,0,0,0,0,0,0,0.125,0,0,0,0,0,0,0,0,0,0,0,0,0,0,0,0,0,0,0,0,0,0,0,0,2.13068,125.989,0.700551,0.0141773
Test,MI250X,256,16384,4194304,536870912,2,5707,1.07374,2147483648,0,0,0,0,0,0,0,0,0,0,0,0.5,0,0,0,0,0,0,0,0,0,0,0,0,0,0,0,0,0,0,0,0,0,0,0,3.50286,306.538,1.1976,0.0310717
Test,MI250X,256,16384,4194304,268435456,2,20872,0.536871,1073741824,0,0,0,0,0,0,0,0,0,0,0,0,0.5,0,0,0,0,0,0,0,0,0,0,0,0,0,0,0,0,0,0,0,0,0,0,0.958202,560.334,4.90725,0.0665752
Test,MI250X,256,16384,4194304,134217728,2,9104,0.268435,2147483648,0,0,0,0,0,0,0,0,0,0,0,0,0,0.125,0,0,0,0,0,0,0,0,0,0,0,0,0,0,0,0,0,0,0,0,0,2.19505,122.295,0.632401,0.0129907
Test,MI250X,256,16384,4194304,1073741824,2,3687,4.29497,2147483648,0,0,0,0,0,0,0,0,0,0,0,0,0,0,2,0,0,0,0,0,0,0,0,0,0,0,0,0,0,0,0,0,0,0,0,5.46608,785.882,10.2173,0.329805
Test,MI250X,256,16384,4194304,536870912,2,5703,2.14748,2147483648,0,0,0,0,0,0,0,0,0,0,0,0,0,0,0,1,0,0,0,0,0,0,0,0,0,0,0,0,0,0,0,0,0,0,0,3.51383,611.162,2.52392,0.0655058
Test,MI250X,256,16384,4194304,268435456,2,7692,1.07374,2147483648,0,0,0,0,0,0,0,0,0,0,0,0,0,0,0,0,0.5,0,0,0,0,0,0,0,0,0,0,0,0,0,0,0,0,0,0,2.59977,413.034,2.94536,0.0658225
Test,MI250X,256,16384,4194304,134217728,2,9037,0.536871,2147483648,0,0,0,0,0,0,0,0,0,0,0,0,0,0,0,0,0,0.25,0,0,0,0,0,0,0,0,0,0,0,0,0,0,0,0,0,2.21078,242.849,1.22588,0.025275
Test,MI250X,256,16384,4194304,536870912,2,5590,2.14748,2147483648,0,0,0,0,0,0,0,0,0,0,0,0,0,0,0,0,0,0,1,0,0,0,0,0,0,0,0,0,0,0,0,0,0,0,0,3.58078,599.733,2.33365,0.0611768
Test,MI250X,256,16384,4194304,268435456,2,7703,1.07374,1073741824,0,0,0,0,0,0,0,0,0,0,0,0,0,0,0,0,0,0,0,1,0,0,0,0,0,0,0,0,0,0,0,0,0,0,0,0.961378,1116.96,9.80968,0.219069
Test,MI250X,256,16384,4194304,134217728,2,9040,0.536871,2147483648,0,0,0,0,0,0,0,0,0,0,0,0,0,0,0,0,0,0,0,0,0.25,0,0,0,0,0,0,0,0,0,0,0,0,0,0,2.20895,243.051,1.25658,0.0259037
Test,MI250X,256,16384,4194304,1073741824,2,3173,2.14748,2147483648,0,0,0,0,0,0,0,0,0,0,0,0,0,0,0,0,0,0,0,0,0,1,0,0,0,0,0,0,0,0,0,0,0,0,0,6.29916,340.921,1.43073,0.0497826
Test,MI250X,256,16384,4194304,536870912,2,5482,1.07374,2147483648,0,0,0,0,0,0,0,0,0,0,0,0,0,0,0,0,0,0,0,0,0,0,0.5,0,0,0,0,0,0,0,0,0,0,0,0,3.64333,294.718,1.01682,0.0269173
Test,MI250X,256,16384,4194304,268435456,2,7562,0.536871,2147483648,0,0,0,0,0,0,0,0,0,0,0,0,0,0,0,0,0,0,0,0,0,0,0,0.25,0,0,0,0,0,0,0,0,0,0,0,2.62956,204.185,1.87498,0.0422604
Test,MI250X,256,16384,4194304,134217728,2,9020,0.268435,2147483648,0,0,0,0,0,0,0,0,0,0,0,0,0,0,0,0,0,0,0,0,0,0,0,0,0.125,0,0,0,0,0,0,0,0,0,0,2.21306,121.298,0.430104,0.00887618
Test,MI250X,256,16384,4194304,536870912,2,5498,1.07374,2147483648,0,0,0,0,0,0,0,0,0,0,0,0,0,0,0,0,0,0,0,0,0,0,0,0,0,0.5,0,0,0,0,0,0,0,0,0,3.63007,295.795,1.0667,0.0281966
Test,MI250X,256,16384,4194304,268435456,2,7611,0.536871,2147483648,0,0,0,0,0,0,0,0,0,0,0,0,0,0,0,0,0,0,0,0,0,0,0,0,0,0,0.25,0,0,0,0,0,0,0,0,2.62002,204.928,1.86758,0.0419579
Test,MI250X,256,16384,4194304,134217728,2,9080,0.268435,2147483648,0,0,0,0,0,0,0,0,0,0,0,0,0,0,0,0,0,0,0,0,0,0,0,0,0,0,0,0.125,0,0,0,0,0,0,0,2.20069,121.981,0.538858,0.0110838
Test,MI250X,256,16384,4194304,1073741824,2,3124,4.29497,2147483648,0,0,0,0,0,0,0,0,0,0,0,0,0,0,0,0,0,0,0,0,0,0,0,0,0,0,0,0,2,0,0,0,0,0,0,6.39949,671.153,2.66785,0.0935538
Test,MI250X,256,16384,4194304,536870912,2,5483,2.14748,2147483648,0,0,0,0,0,0,0,0,0,0,0,0,0,0,0,0,0,0,0,0,0,0,0,0,0,0,0,0,0,1,0,0,0,0,0,3.64273,589.532,1.87843,0.0497211
Test,MI250X,256,16384,4194304,268435456,2,7563,1.07374,2147483648,0,0,0,0,0,0,0,0,0,0,0,0,0,0,0,0,0,0,0,0,0,0,0,0,0,0,0,0,0,0,0.5,0,0,0,0,2.63713,407.196,3.7235,0.083919
Test,MI250X,256,16384,4194304,134217728,2,9031,0.536871,2147483648,0,0,0,0,0,0,0,0,0,0,0,0,0,0,0,0,0,0,0,0,0,0,0,0,0,0,0,0,0,0,0,0.25,0,0,0,2.21238,242.677,1.56495,0.0322766
Test,MI250X,256,16384,4194304,536870912,2,5473,2.14748,2147483648,0,0,0,0,0,0,0,0,0,0,0,0,0,0,0,0,0,0,0,0,0,0,0,0,0,0,0,0,0,0,0,0,1,0,0,3.65183,588.066,1.89582,0.0502275
Test,MI250X,256,16384,4194304,268435456,2,7515,1.07374,2147483648,0,0,0,0,0,0,0,0,0,0,0,0,0,0,0,0,0,0,0,0,0,0,0,0,0,0,0,0,0,0,0,0,0,0.5,0,2.65923,403.813,3.66338,0.0828274
Test,MI250X,256,16384,4194304,134217728,2,9087,0.536871,2147483648,0,0,0,0,0,0,0,0,0,0,0,0,0,0,0,0,0,0,0,0,0,0,0,0,0,0,0,0,0,0,0,0,0,0,0.25,2.19866,244.186,1.07977,0.0222012
Test,MI250X,256,16384,4194304,1073741824,4,3491,4.29497,2147483648,2,0,0,0,0,0,0,0,0,0,0,0,0,0,0,0,0,0,0,0,0,0,0,0,0,0,0,0,0,0,0,0,0,0,0,5.72674,750.062,7.57027,0.251126
Test,MI250X,256,16384,4194304,536870912,4,5660,2.14748,2147483648,0,1,0,0,0,0,0,0,0,0,0,0,0,0,0,0,0,0,0,0,0,0,0,0,0,0,0,0,0,0,0,0,0,0,0,3.53169,608.07,2.3008,0.0599413
Test,MI250X,256,16384,4194304,268435456,4,7975,1.07374,2147483648,0,0,0.5,0,0,0,0,0,0,0,0,0,0,0,0,0,0,0,0,0,0,0,0,0,0,0,0,0,0,0,0,0,0,0,0,2.5046,428.722,2.50415,0.0549605
Test,MI250X,256,16384,4194304,134217728,4,9352,0.536871,2147483648,0,0,0,0.25,0,0,0,0,0,0,0,0,0,0,0,0,0,0,0,0,0,0,0,0,0,0,0,0,0,0,0,0,0,0,0,2.13134,251.902,1.40075,0.02839
Test,MI250X,256,16384,4194304,536870912,4,5626,2.14748,2147483648,0,0,0,0,1,0,0,0,0,0,0,0,0,0,0,0,0,0,0,0,0,0,0,0,0,0,0,0,0,0,0,0,0,0,0,3.56164,602.956,2.2562,0.0589569
Test,MI250X,256,16384,4194304,268435456,4,20733,1.07374,1073741824,0,0,0,0,0,1,0,0,0,0,0,0,0,0,0,0,0,0,0,0,0,0,0,0,0,0,0,0,0,0,0,0,0,0,0,0.957756,1121.19,9.98052,0.135856
Test,MI250X,256,16384,4194304,134217728,4,9122,0.536871,2147483648,0,0,0,0,0,0,0.25,0,0,0,0,0,0,0,0,0,0,0,0,0,0,0,0,0,0,0,0,0,0,0,0,0,0,0,0,2.19627,244.454,1.23798,0.0254054
Test,MI250X,256,16384,4194304,1073741824,4,3495,4.29497,2147483648,0,0,0,0,0,0,0,2,0,0,0,0,0,0,0,0,0,0,0,0,0,0,0,0,0,0,0,0,0,0,0,0,0,0,0,5.71787,751.221,7.4589,0.24729
Test,MI250X,256,16384,4194304,536870912,4,5660,2.14748,2147483648,0,0,0,0,0,0,0,0,1,0,0,0,0,0,0,0,0,0,0,0,0,0,0,0,0,0,0,0,0,0,0,0,0,0,0,3.53169,608.07,2.29455,0.0597786
Test,MI250X,256,16384,4194304,268435456,4,7964,1.07374,2147483648,0,0,0,0,0,0,0,0,0,0.5,0,0,0,0,0,0,0,0,0,0,0,0,0,0,0,0,0,0,0,0,0,0,0,0,0,2.50521,428.62,2.50442,0.0550044
Test,MI250X,256,16384,4194304,134217728,4,9370,0.536871,2147483648,0,0,0,0,0,0,0,0,0,0,0.25,0,0,0,0,0,0,0,0,0,0,0,0,0,0,0,0,0,0,0,0,0,0,0,0,2.12673,252.448,1.45348,0.0294304
Test,MI250X,256,16384,4194304,536870912,4,5613,2.14748,2147483648,0,0,0,0,0,0,0,0,0,0,0,1,0,0,0,0,0,0,0,0,0,0,0,0,0,0,0,0,0,0,0,0,0,0,0,3.56145,602.988,2.22716,0.0582653
Test,MI250X,256,16384,4194304,268435456,4,20905,1.07374,1073741824,0,0,0,0,0,0,0,0,0,0,0,0,1,0,0,0,0,0,0,0,0,0,0,0,0,0,0,0,0,0,0,0,0,0,0,0.957532,1121.46,9.92932,0.134602
Test,MI250X,256,16384,4194304,134217728,4,9114,0.536871,2147483648,0,0,0,0,0,0,0,0,0,0,0,0,0,0.25,0,0,0,0,0,0,0,0,0,0,0,0,0,0,0,0,0,0,0,0,0,2.19634,244.446,1.24652,0.0255917
Test,MI250X,256,16384,4194304,1073741824,4,3434,8.58993,2147483648,0,0,0,0,0,0,0,0,0,0,0,0,0,0,4,0,0,0,0,0,0,0,0,0,0,0,0,0,0,0,0,0,0,0,0,5.81195,1478.1,13.2478,0.443099
Test,MI250X,256,16384,4194304,536870912,4,5583,4.29497,2147483648,0,0,0,0,0,0,0,0,0,0,0,0,0,0,0,2,0,0,0,0,0,0,0,0,0,0,0,0,0,0,0,0,0,0,0,3.58537,1197.93,4.61464,0.121049
Test,MI250X,256,16384,4194304,268435456,4,7616,2.14748,2147483648,0,0,0,0,0,0,0,0,0,0,0,0,0,0,0,0,1,0,0,0,0,0,0,0,0,0,0,0,0,0,0,0,0,0,0,2.6234,818.626,5.72928,0.128675
Test,MI250X,256,16384,4194304,134217728,4,9040,1.07374,2147483648,0,0,0,0,0,0,0,0,0,0,0,0,0,0,0,0,0,0.5,0,0,0,0,0,0,0,0,0,0,0,0,0,0,0,0,0,2.20752,486.413,2.33149,0.0480623
Test,MI250X,256,16384,4194304,536870912,4,5483,4.29497,2147483648,0,0,0,0,0,0,0,0,0,0,0,0,0,0,0,0,0,0,2,0,0,0,0,0,0,0,0,0,0,0,0,0,0,0,0,3.63793,1180.62,4.37251,0.115739
Test,MI250X,256,16384,4194304,268435456,4,20758,2.14748,1073741824,0,0,0,0,0,0,0,0,0,0,0,0,0,0,0,0,0,0,0,2,0,0,0,0,0,0,0,0,0,0,0,0,0,0,0,0.96012,2236.85,19.6921,0.26789
Test,MI250X,256,16384,4194304,134217728,4,9040,1.07374,2147483648,0,0,0,0,0,0,0,0,0,0,0,0,0,0,0,0,0,0,0,0,0.5,0,0,0,0,0,0,0,0,0,0,0,0,0,0,2.20991,485.888,2.5131,0.0518063
Test,MI250X,256,16384,4194304,1073741824,4,3078,4.29497,2147483648,0,0,0,0,0,0,0,0,0,0,0,0,0,0,0,0,0,0,0,0,0,2,0,0,0,0,0,0,0,0,0,0,0,0,0,6.4978,660.999,2.6241,0.0927049
Test,MI250X,256,16384,4194304,536870912,4,5406,2.14748,2147483648,0,0,0,0,0,0,0,0,0,0,0,0,0,0,0,0,0,0,0,0,0,0,1,0,0,0,0,0,0,0,0,0,0,0,0,3.70018,580.381,1.88799,0.0503289
Test,MI250X,256,16384,4194304,268435456,4,7745,1.07374,2147483648,0,0,0,0,0,0,0,0,0,0,0,0,0,0,0,0,0,0,0,0,0,0,0,0.5,0,0,0,0,0,0,0,0,0,0,0,2.58405,415.587,5.05907,0.112672
Test,MI250X,256,16384,4194304,134217728,4,9057,0.536871,2147483648,0,0,0,0,0,0,0,0,0,0,0,0,0,0,0,0,0,0,0,0,0,0,0,0,0.25,0,0,0,0,0,0,0,0,0,0,2.21373,242.537,2.04121,0.042039
Test,MI250X,256,16384,4194304,536870912,4,5494,2.14748,2147483648,0,0,0,0,0,0,0,0,0,0,0,0,0,0,0,0,0,0,0,0,0,0,0,0,0,1,0,0,0,0,0,0,0,0,0,3.64424,589.288,1.99213,0.052678
Test,MI250X,256,16384,4194304,268435456,4,9373,1.07374,2147483648,0,0,0,0,0,0,0,0,0,0,0,0,0,0,0,0,0,0,0,0,0,0,0,0,0,0,0.5,0,0,0,0,0,0,0,0,2.1708,497.596,37.4207,0.757581
Test,MI250X,256,16384,4194304,134217728,4,9032,0.536871,2147483648,0,0,0,0,0,0,0,0,0,0,0,0,0,0,0,0,0,0,0,0,0,0,0,0,0,0,0,0.25,0,0,0,0,0,0,0,2.2088,243.065,1.01346,0.0209011
Test,MI250X,256,16384,4194304,1073741824,4,2994,8.58993,2147483648,0,0,0,0,0,0,0,0,0,0,0,0,0,0,0,0,0,0,0,0,0,0,0,0,0,0,0,0,4,0,0,0,0,0,0,6.68862,1284.28,3.60546,0.129149
Test,MI250X,256,16384,4194304,536870912,4,5319,4.29497,2147483648,0,0,0,0,0,0,0,0,0,0,0,0,0,0,0,0,0,0,0,0,0,0,0,0,0,0,0,0,0,2,0,0,0,0,0,3.76122,1141.91,3.01499,0.0810266
Test,MI250X,256,16384,4194304,268435456,4,7678,2.14748,2147483648,0,0,0,0,0,0,0,0,0,0,0,0,0,0,0,0,0,0,0,0,0,0,0,0,0,0,0,0,0,0,1,0,0,0,0,2.60013,826.009,8.96349,0.200498
Test,MI250X,256,16384,4194304,134217728,4,6448,1.07374,2147483648,0,0,0,0,0,0,0,0,0,0,0,0,0,0,0,0,0,0,0,0,0,0,0,0,0,0,0,0,0,0,0,0.5,0,0,0,3.10489,345.827,0.144527,0.0035277
Test,MI250X,256,16384,4194304,536870912,4,5304,4.29497,2147483648,0,0,0,0,0,0,0,0,0,0,0,0,0,0,0,0,0,0,0,0,0,0,0,0,0,0,0,0,0,0,0,0,2,0,0,3.7722,1138.59,3.01466,0.0811321
Test,MI250X,256,16384,4194304,268435456,4,7648,2.14748,2147483648,0,0,0,0,0,0,0,0,0,0,0,0,0,0,0,0,0,0,0,0,0,0,0,0,0,0,0,0,0,0,0,0,0,1,0,2.61529,821.199,7.61936,0.170766
Test,MI250X,256,16384,4194304,134217728,4,9056,1.07374,2147483648,0,0,0,0,0,0,0,0,0,0,0,0,0,0,0,0,0,0,0,0,0,0,0,0,0,0,0,0,0,0,0,0,0,0,0.5,2.20679,486.572,2.06641,0.0425603
Test,MI250X,256,16384,4194304,1073741824,8,3285,8.58993,2147483648,4,0,0,0,0,0,0,0,0,0,0,0,0,0,0,0,0,0,0,0,0,0,0,0,0,0,0,0,0,0,0,0,0,0,0,6.0887,1410.89,11.2897,0.386074
Test,MI250X,256,16384,4194304,536870912,8,5544,4.29497,2147483648,0,2,0,0,0,0,0,0,0,0,0,0,0,0,0,0,0,0,0,0,0,0,0,0,0,0,0,0,0,0,0,0,0,0,0,3.60525,1191.32,4.27933,0.112647
Test,MI250X,256,16384,4194304,268435456,8,7825,2.14748,2147483648,0,0,1,0,0,0,0,0,0,0,0,0,0,0,0,0,0,0,0,0,0,0,0,0,0,0,0,0,0,0,0,0,0,0,0,2.54379,844.246,5.63524,0.124861
Test,MI250X,256,16384,4194304,134217728,8,9420,1.07374,2147483648,0,0,0,0.5,0,0,0,0,0,0,0,0,0,0,0,0,0,0,0,0,0,0,0,0,0,0,0,0,0,0,0,0,0,0,0,2.12745,504.726,2.95085,0.0595906
Test,MI250X,256,16384,4194304,536870912,8,5532,4.29497,2147483648,0,0,0,0,2,0,0,0,0,0,0,0,0,0,0,0,0,0,0,0,0,0,0,0,0,0,0,0,0,0,0,0,0,0,0,3.62103,1186.13,4.25466,0.112119
Test,MI250X,256,16384,4194304,268435456,8,20890,2.14748,1073741824,0,0,0,0,0,2,0,0,0,0,0,0,0,0,0,0,0,0,0,0,0,0,0,0,0,0,0,0,0,0,0,0,0,0,0,0.952437,2254.85,16.823,0.228134
Test,MI250X,256,16384,4194304,134217728,8,9085,1.07374,2147483648,0,0,0,0,0,0,0.5,0,0,0,0,0,0,0,0,0,0,0,0,0,0,0,0,0,0,0,0,0,0,0,0,0,0,0,0,2.19754,488.627,2.4184,0.0497304
Test,MI250X,256,16384,4194304,1073741824,8,3281,8.58993,2147483648,0,0,0,0,0,0,0,4,0,0,0,0,0,0,0,0,0,0,0,0,0,0,0,0,0,0,0,0,0,0,0,0,0,0,0,6.08349,1412.1,11.2028,0.383335
Test,MI250X,256,16384,4194304,536870912,8,5556,4.29497,2147483648,0,0,0,0,0,0,0,0,2,0,0,0,0,0,0,0,0,0,0,0,0,0,0,0,0,0,0,0,0,0,0,0,0,0,0,3.60455,1191.55,4.25057,0.111769
Test,MI250X,256,16384,4194304,268435456,8,7853,2.14748,2147483648,0,0,0,0,0,0,0,0,0,1,0,0,0,0,0,0,0,0,0,0,0,0,0,0,0,0,0,0,0,0,0,0,0,0,0,2.54486,843.891,5.63457,0.124623
Test,MI250X,256,16384,4194304,134217728,8,9361,1.07374,2147483648,0,0,0,0,0,0,0,0,0,0,0.5,0,0,0,0,0,0,0,0,0,0,0,0,0,0,0,0,0,0,0,0,0,0,0,0,2.13749,502.36,3.39117,0.068698
Test,MI250X,256,16384,4194304,536870912,8,5522,4.29497,2147483648,0,0,0,0,0,0,0,0,0,0,0,2,0,0,0,0,0,0,0,0,0,0,0,0,0,0,0,0,0,0,0,0,0,0,0,3.6204,1186.34,4.22356,0.1114
Test,MI250X,256,16384,4194304,268435456,8,21010,2.14748,1073741824,0,0,0,0,0,0,0,0,0,0,0,0,2,0,0,0,0,0,0,0,0,0,0,0,0,0,0,0,0,0,0,0,0,0,0,0.953215,2253.02,16.9512,0.229215
Test,MI250X,256,16384,4194304,134217728,8,9104,1.07374,2147483648,0,0,0,0,0,0,0,0,0,0,0,0,0,0.5,0,0,0,0,0,0,0,0,0,0,0,0,0,0,0,0,0,0,0,0,0,2.19804,488.513,2.40846,0.0494742
Test,MI250X,256,16384,4194304,1073741824,8,3228,17.1799,2147483648,0,0,0,0,0,0,0,0,0,0,0,0,0,0,8,0,0,0,0,0,0,0,0,0,0,0,0,0,0,0,0,0,0,0,0,6.20385,2769.39,21.9453,0.757061
Test,MI250X,256,16384,4194304,536870912,8,5494,8.58993,2147483648,0,0,0,0,0,0,0,0,0,0,0,0,0,0,0,4,0,0,0,0,0,0,0,0,0,0,0,0,0,0,0,0,0,0,0,3.63622,2362.36,8.73526,0.230987
Test,MI250X,256,16384,4194304,268435456,8,7509,4.29497,2147483648,0,0,0,0,0,0,0,0,0,0,0,0,0,0,0,0,2,0,0,0,0,0,0,0,0,0,0,0,0,0,0,0,0,0,0,2.666,1611.11,12.3886,0.280212
Test,MI250X,256,16384,4194304,134217728,8,9033,2.14748,2147483648,0,0,0,0,0,0,0,0,0,0,0,0,0,0,0,0,0,1,0,0,0,0,0,0,0,0,0,0,0,0,0,0,0,0,0,2.214,969.979,4.4986,0.0927721
Test,MI250X,256,16384,4194304,536870912,8,5489,8.58993,2147483648,0,0,0,0,0,0,0,0,0,0,0,0,0,0,0,0,0,0,4,0,0,0,0,0,0,0,0,0,0,0,0,0,0,0,0,3.64096,2359.27,7.86097,0.207963
Test,MI250X,256,16384,4194304,268435456,8,20949,4.29497,1073741824,0,0,0,0,0,0,0,0,0,0,0,0,0,0,0,0,0,0,0,4,0,0,0,0,0,0,0,0,0,0,0,0,0,0,0,0.960794,4470.45,31.4358,0.425695
Test,MI250X,256,16384,4194304,134217728,8,9052,2.14748,2147483648,0,0,0,0,0,0,0,0,0,0,0,0,0,0,0,0,0,0,0,0,1,0,0,0,0,0,0,0,0,0,0,0,0,0,0,2.21049,971.526,4.90113,0.100967
Test,MI250X,256,16384,4194304,1073741824,8,2906,8.58993,2147483648,0,0,0,0,0,0,0,0,0,0,0,0,0,0,0,0,0,0,0,0,0,4,0,0,0,0,0,0,0,0,0,0,0,0,0,6.87741,1249.02,2.64147,0.0960405
Test,MI250X,256,16384,4194304,536870912,8,5069,4.29497,2147483648,0,0,0,0,0,0,0,0,0,0,0,0,0,0,0,0,0,0,0,0,0,0,2,0,0,0,0,0,0,0,0,0,0,0,0,3.93843,1090.54,2.48423,0.0683891
Test,MI250X,256,16384,4194304,268435456,8,8552,2.14748,2147483648,0,0,0,0,0,0,0,0,0,0,0,0,0,0,0,0,0,0,0,0,0,0,0,1,0,0,0,0,0,0,0,0,0,0,0,2.3428,916.622,0.477132,0.0101125
Test,MI250X,256,16384,4194304,134217728,8,7701,1.07374,2147483648,0,0,0,0,0,0,0,0,0,0,0,0,0,0,0,0,0,0,0,0,0,0,0,0,0.5,0,0,0,0,0,0,0,0,0,0,2.6036,412.411,0.177201,0.00395775
Test,MI250X,256,16384,4194304,536870912,8,5395,4.29497,2147483648,0,0,0,0,0,0,0,0,0,0,0,0,0,0,0,0,0,0,0,0,0,0,0,0,0,2,0,0,0,0,0,0,0,0,0,3.70636,1158.82,3.39336,0.0905503
Test,MI250X,256,16384,4194304,268435456,8,6435,2.14748,2147483648,0,0,0,0,0,0,0,0,0,0,0,0,0,0,0,0,0,0,0,0,0,0,0,0,0,0,1,0,0,0,0,0,0,0,0,3.11542,689.306,0.338286,0.00826543
Test,MI250X,256,16384,4194304,134217728,8,9057,1.07374,2147483648,0,0,0,0,0,0,0,0,0,0,0,0,0,0,0,0,0,0,0,0,0,0,0,0,0,0,0,0.5,0,0,0,0,0,0,0,2.21293,485.223,2.27322,0.0468171
Test,MI250X,256,16384,4194304,1073741824,8,2229,17.1799,2147483648,0,0,0,0,0,0,0,0,0,0,0,0,0,0,0,0,0,0,0,0,0,0,0,0,0,0,0,0,8,0,0,0,0,0,0,8.98237,1912.62,0.749493,0.0311149
Test,MI250X,256,16384,4194304,536870912,8,4253,8.58993,2147483648,0,0,0,0,0,0,0,0,0,0,0,0,0,0,0,0,0,0,0,0,0,0,0,0,0,0,0,0,0,4,0,0,0,0,0,4.70049,1827.47,1.86889,0.0561684
Test,MI250X,256,16384,4194304,268435456,8,8663,4.29497,2147483648,0,0,0,0,0,0,0,0,0,0,0,0,0,0,0,0,0,0,0,0,0,0,0,0,0,0,0,0,0,0,2,0,0,0,0,2.31129,1858.26,0.921191,0.0193987
Test,MI250X,256,16384,4194304,134217728,8,3286,2.14748,2147483648,0,0,0,0,0,0,0,0,0,0,0,0,0,0,0,0,0,0,0,0,0,0,0,0,0,0,0,0,0,0,0,1,0,0,0,6.09285,352.46,0.13698,0.0046836
Test,MI250X,256,16384,4194304,536870912,8,4218,8.58993,2147483648,0,0,0,0,0,0,0,0,0,0,0,0,0,0,0,0,0,0,0,0,0,0,0,0,0,0,0,0,0,0,0,0,4,0,0,4.74371,1810.81,1.81681,0.0548291
Test,MI250X,256,16384,4194304,268435456,8,9611,4.29497,2147483648,0,0,0,0,0,0,0,0,0,0,0,0,0,0,0,0,0,0,0,0,0,0,0,0,0,0,0,0,0,0,0,0,0,2,0,2.08124,2063.66,3.67523,0.0734778
Test,MI250X,256,16384,4194304,134217728,8,8997,2.14748,2147483648,0,0,0,0,0,0,0,0,0,0,0,0,0,0,0,0,0,0,0,0,0,0,0,0,0,0,0,0,0,0,0,0,0,0,1,2.21756,968.421,4.1897,0.0865745
Test,MI250X,256,16384,4194304,1073741824,16,3149,17.1799,2147483648,8,0,0,0,0,0,0,0,0,0,0,0,0,0,0,0,0,0,0,0,0,0,0,0,0,0,0,0,0,0,0,0,0,0,0,6.3483,2706.27,11.5577,0.403683
Test,MI250X,256,16384,4194304,536870912,16,5537,8.58993,2147483648,0,4,0,0,0,0,0,0,0,0,0,0,0,0,0,0,0,0,0,0,0,0,0,0,0,0,0,0,0,0,0,0,0,0,0,3.60715,2381.39,8.13158,0.214187
Test,MI250X,256,16384,4194304,268435456,16,7859,4.29497,2147483648,0,0,2,0,0,0,0,0,0,0,0,0,0,0,0,0,0,0,0,0,0,0,0,0,0,0,0,0,0,0,0,0,0,0,0,2.5535,1682.09,12.3656,0.273394
Test,MI250X,256,16384,4194304,134217728,16,9342,2.14748,2147483648,0,0,0,1,0,0,0,0,0,0,0,0,0,0,0,0,0,0,0,0,0,0,0,0,0,0,0,0,0,0,0,0,0,0,0,2.13783,1004.56,6.73918,0.136661
Test,MI250X,256,16384,4194304,536870912,16,5526,8.58993,2147483648,0,0,0,0,4,0,0,0,0,0,0,0,0,0,0,0,0,0,0,0,0,0,0,0,0,0,0,0,0,0,0,0,0,0,0,3.62016,2372.83,7.80136,0.205694
Test,MI250X,256,16384,4194304,268435456,16,20780,4.29497,1073741824,0,0,0,0,0,4,0,0,0,0,0,0,0,0,0,0,0,0,0,0,0,0,0,0,0,0,0,0,0,0,0,0,0,0,0,0.961551,4466.96,32.3914,0.440417
Test,MI250X,256,16384,4194304,134217728,16,9117,2.14748,2147483648,0,0,0,0,0,0,1,0,0,0,0,0,0,0,0,0,0,0,0,0,0,0,0,0,0,0,0,0,0,0,0,0,0,0,0,2.19648,977.715,4.41472,0.090622
Test,MI250X,256,16384,4194304,1073741824,16,3162,17.1799,2147483648,0,0,0,0,0,0,0,8,0,0,0,0,0,0,0,0,0,0,0,0,0,0,0,0,0,0,0,0,0,0,0,0,0,0,0,6.3369,2711.13,11.0228,0.384209
Test,MI250X,256,16384,4194304,536870912,16,5544,8.58993,2147483648,0,0,0,0,0,0,0,0,4,0,0,0,0,0,0,0,0,0,0,0,0,0,0,0,0,0,0,0,0,0,0,0,0,0,0,3.60642,2381.86,8.02054,0.211129
Test,MI250X,256,16384,4194304,268435456,16,7835,4.29497,2147483648,0,0,0,0,0,0,0,0,0,2,0,0,0,0,0,0,0,0,0,0,0,0,0,0,0,0,0,0,0,0,0,0,0,0,0,2.55522,1680.95,12.1932,0.269993
Test,MI250X,256,16384,4194304,134217728,16,9384,2.14748,2147483648,0,0,0,0,0,0,0,0,0,0,1,0,0,0,0,0,0,0,0,0,0,0,0,0,0,0,0,0,0,0,0,0,0,0,0,2.12688,1009.77,9.28997,0.187965
Test,MI250X,256,16384,4194304,536870912,16,5516,8.58993,2147483648,0,0,0,0,0,0,0,0,0,0,0,4,0,0,0,0,0,0,0,0,0,0,0,0,0,0,0,0,0,0,0,0,0,0,0,3.61975,2373.1,7.83645,0.206806
Test,MI250X,256,16384,4194304,268435456,16,20767,4.29497,1073741824,0,0,0,0,0,0,0,0,0,0,0,0,4,0,0,0,0,0,0,0,0,0,0,0,0,0,0,0,0,0,0,0,0,0,0,0.961487,4467.25,32.1643,0.437465
Test,MI250X,256,16384,4194304,134217728,16,9112,2.14748,2147483648,0,0,0,0,0,0,0,0,0,0,0,0,0,1,0,0,0,0,0,0,0,0,0,0,0,0,0,0,0,0,0,0,0,0,0,2.19608,977.899,4.42443,0.0908462
Test,MI250X,256,16384,4194304,1073741824,16,3113,34.3597,2147483648,0,0,0,0,0,0,0,0,0,0,0,0,0,0,16,0,0,0,0,0,0,0,0,0,0,0,0,0,0,0,0,0,0,0,0,6.4283,5345.16,21.7457,0.763906
Test,MI250X,256,16384,4194304,536870912,16,5497,17.1799,2147483648,0,0,0,0,0,0,0,0,0,0,0,0,0,0,0,8,0,0,0,0,0,0,0,0,0,0,0,0,0,0,0,0,0,0,0,3.63847,4721.78,15.8444,0.418859
Test,MI250X,256,16384,4194304,268435456,16,7515,8.58993,2147483648,0,0,0,0,0,0,0,0,0,0,0,0,0,0,0,0,4,0,0,0,0,0,0,0,0,0,0,0,0,0,0,0,0,0,0,2.65919,3230.54,27.9568,0.632089
Test,MI250X,256,16384,4194304,134217728,16,9007,4.29497,2147483648,0,0,0,0,0,0,0,0,0,0,0,0,0,0,0,0,0,2,0,0,0,0,0,0,0,0,0,0,0,0,0,0,0,0,0,2.22244,1932.59,8.39641,0.173404
Test,MI250X,256,16384,4194304,536870912,16,5384,17.1799,2147483648,0,0,0,0,0,0,0,0,0,0,0,0,0,0,0,0,0,0,8,0,0,0,0,0,0,0,0,0,0,0,0,0,0,0,0,3.71053,4630.06,13.3827,0.357476
Test,MI250X,256,16384,4194304,268435456,16,20683,8.58993,1073741824,0,0,0,0,0,0,0,0,0,0,0,0,0,0,0,0,0,0,0,8,0,0,0,0,0,0,0,0,0,0,0,0,0,0,0,0.964109,8910.24,65.3,0.889944
Test,MI250X,256,16384,4194304,134217728,16,9050,4.29497,2147483648,0,0,0,0,0,0,0,0,0,0,0,0,0,0,0,0,0,0,0,0,2,0,0,0,0,0,0,0,0,0,0,0,0,0,0,2.20741,1945.75,9.22737,0.190112
Test,MI250X,256,16384,4194304,1073741824,16,1759,17.1799,2147483648,0,0,0,0,0,0,0,0,0,0,0,0,0,0,0,0,0,0,0,0,0,8,0,0,0,0,0,0,0,0,0,0,0,0,0,11.3777,1509.96,0.621749,0.0290562
Test,MI250X,256,16384,4194304,536870912,16,3452,8.58993,2147483648,0,0,0,0,0,0,0,0,0,0,0,0,0,0,0,0,0,0,0,0,0,0,4,0,0,0,0,0,0,0,0,0,0,0,0,5.79281,1482.86,0.692394,0.023098
Test,MI250X,256,16384,4194304,268435456,16,4456,4.29497,2147483648,0,0,0,0,0,0,0,0,0,0,0,0,0,0,0,0,0,0,0,0,0,0,0,2,0,0,0,0,0,0,0,0,0,0,0,4.49172,956.195,0.433825,0.0127379
Test,MI250X,256,16384,4194304,134217728,16,3941,2.14748,2147483648,0,0,0,0,0,0,0,0,0,0,0,0,0,0,0,0,0,0,0,0,0,0,0,0,1,0,0,0,0,0,0,0,0,0,0,5.08266,422.512,0.153231,0.00478408
Test,MI250X,256,16384,4194304,536870912,16,4879,8.58993,2147483648,0,0,0,0,0,0,0,0,0,0,0,0,0,0,0,0,0,0,0,0,0,0,0,0,0,4,0,0,0,0,0,0,0,0,0,4.10212,2094.03,4.10562,0.115204
Test,MI250X,256,16384,4194304,268435456,16,3317,4.29497,2147483648,0,0,0,0,0,0,0,0,0,0,0,0,0,0,0,0,0,0,0,0,0,0,0,0,0,0,2,0,0,0,0,0,0,0,0,6.03739,711.397,0.288029,0.00980211
Test,MI250X,256,16384,4194304,134217728,16,5444,2.14748,2147483648,0,0,0,0,0,0,0,0,0,0,0,0,0,0,0,0,0,0,0,0,0,0,0,0,0,0,0,1,0,0,0,0,0,0,0,3.68584,582.633,1.15574,0.0307012
Test,MI250X,256,16384,4194304,1073741824,16,1140,34.3597,2147483648,0,0,0,0,0,0,0,0,0,0,0,0,0,0,0,0,0,0,0,0,0,0,0,0,0,0,0,0,16,0,0,0,0,0,0,17.5507,1957.74,0.663484,0.0385154
Test,MI250X,256,16384,4194304,536870912,16,2261,17.1799,2147483648,0,0,0,0,0,0,0,0,0,0,0,0,0,0,0,0,0,0,0,0,0,0,0,0,0,0,0,0,0,8,0,0,0,0,0,8.84611,1942.09,0.72215,0.0297669
Test,MI250X,256,16384,4194304,268435456,16,4515,8.58993,2147483648,0,0,0,0,0,0,0,0,0,0,0,0,0,0,0,0,0,0,0,0,0,0,0,0,0,0,0,0,0,0,4,0,0,0,0,4.43231,1938.02,0.944688,0.027556
Test,MI250X,256,16384,4194304,134217728,16,1657,4.29497,2147483648,0,0,0,0,0,0,0,0,0,0,0,0,0,0,0,0,0,0,0,0,0,0,0,0,0,0,0,0,0,0,0,2,0,0,0,12.069,355.869,0.152479,0.00734186
Test,MI250X,256,16384,4194304,536870912,16,2248,17.1799,2147483648,0,0,0,0,0,0,0,0,0,0,0,0,0,0,0,0,0,0,0,0,0,0,0,0,0,0,0,0,0,0,0,0,8,0,0,8.89746,1930.87,0.751841,0.0310802
Test,MI250X,256,16384,4194304,268435456,16,5380,8.58993,2147483648,0,0,0,0,0,0,0,0,0,0,0,0,0,0,0,0,0,0,0,0,0,0,0,0,0,0,0,0,0,0,0,0,0,4,0,3.7201,2309.06,1.0193,0.0272375
Test,MI250X,256,16384,4194304,134217728,16,9053,4.29497,2147483648,0,0,0,0,0,0,0,0,0,0,0,0,0,0,0,0,0,0,0,0,0,0,0,0,0,0,0,0,0,0,0,0,0,0,2,2.20873,1944.59,8.67016,0.178602
Test,MI250X,256,16384,4194304,1073741824,32,3023,34.3597,2147483648,16,0,0,0,0,0,0,0,0,0,0,0,0,0,0,0,0,0,0,0,0,0,0,0,0,0,0,0,0,0,0,0,0,0,0,6.61864,5191.43,18.9158,0.674313
Test,MI250X,256,16384,4194304,536870912,32,5455,17.1799,2147483648,0,8,0,0,0,0,0,0,0,0,0,0,0,0,0,0,0,0,0,0,0,0,0,0,0,0,0,0,0,0,0,0,0,0,0,3.66706,4684.96,13.6444,0.362087
Test,MI250X,256,16384,4194304,268435456,32,8141,8.58993,2147483648,0,0,4,0,0,0,0,0,0,0,0,0,0,0,0,0,0,0,0,0,0,0,0,0,0,0,0,0,0,0,0,0,0,0,0,2.4646,3485.63,32.3424,0.702571
Test,MI250X,256,16384,4194304,134217728,32,9416,4.29497,2147483648,0,0,0,2,0,0,0,0,0,0,0,0,0,0,0,0,0,0,0,0,0,0,0,0,0,0,0,0,0,0,0,0,0,0,0,2.12695,2019.48,18.5701,0.37509
Test,MI250X,256,16384,4194304,536870912,32,5442,17.1799,2147483648,0,0,0,0,8,0,0,0,0,0,0,0,0,0,0,0,0,0,0,0,0,0,0,0,0,0,0,0,0,0,0,0,0,0,0,3.68037,4668.02,13.6918,0.363778
Test,MI250X,256,16384,4194304,268435456,32,20688,8.58993,1073741824,0,0,0,0,0,8,0,0,0,0,0,0,0,0,0,0,0,0,0,0,0,0,0,0,0,0,0,0,0,0,0,0,0,0,0,0.964039,8910.8,60.3777,0.82276
Test,MI250X,256,16384,4194304,134217728,32,9074,4.29497,2147483648,0,0,0,0,0,0,2,0,0,0,0,0,0,0,0,0,0,0,0,0,0,0,0,0,0,0,0,0,0,0,0,0,0,0,0,2.20221,1950.34,8.67674,0.178531
Test,MI250X,256,16384,4194304,1073741824,32,3030,34.3597,2147483648,0,0,0,0,0,0,0,16,0,0,0,0,0,0,0,0,0,0,0,0,0,0,0,0,0,0,0,0,0,0,0,0,0,0,0,6.59359,5211.15,17.8784,0.636596
Test,MI250X,256,16384,4194304,536870912,32,5450,17.1799,2147483648,0,0,0,0,0,0,0,0,8,0,0,0,0,0,0,0,0,0,0,0,0,0,0,0,0,0,0,0,0,0,0,0,0,0,0,3.6652,4687.34,13.7654,0.365465
Test,MI250X,256,16384,4194304,268435456,32,8117,8.58993,2147483648,0,0,0,0,0,0,0,0,0,4,0,0,0,0,0,0,0,0,0,0,0,0,0,0,0,0,0,0,0,0,0,0,0,0,0,2.46776,3481.16,32.2646,0.701915
Test,MI250X,256,16384,4194304,134217728,32,9375,4.29497,2147483648,0,0,0,0,0,0,0,0,0,0,2,0,0,0,0,0,0,0,0,0,0,0,0,0,0,0,0,0,0,0,0,0,0,0,0,2.13484,2011.95,14.8761,0.301134
Test,MI250X,256,16384,4194304,536870912,32,5435,17.1799,2147483648,0,0,0,0,0,0,0,0,0,0,0,8,0,0,0,0,0,0,0,0,0,0,0,0,0,0,0,0,0,0,0,0,0,0,0,3.67741,4671.77,13.5126,0.359249
Test,MI250X,256,16384,4194304,268435456,32,20797,8.58993,1073741824,0,0,0,0,0,0,0,0,0,0,0,0,8,0,0,0,0,0,0,0,0,0,0,0,0,0,0,0,0,0,0,0,0,0,0,0.963835,8912.7,59.3755,0.806981
Test,MI250X,256,16384,4194304,134217728,32,9066,4.29497,2147483648,0,0,0,0,0,0,0,0,0,0,0,0,0,2,0,0,0,0,0,0,0,0,0,0,0,0,0,0,0,0,0,0,0,0,0,2.20209,1950.45,8.63255,0.1777
Test,MI250X,256,16384,4194304,1073741824,32,2983,68.7195,2147483648,0,0,0,0,0,0,0,0,0,0,0,0,0,0,32,0,0,0,0,0,0,0,0,0,0,0,0,0,0,0,0,0,0,0,0,6.71966,10226.7,33.1801,1.19071
Test,MI250X,256,16384,4194304,536870912,32,5390,34.3597,2147483648,0,0,0,0,0,0,0,0,0,0,0,0,0,0,0,16,0,0,0,0,0,0,0,0,0,0,0,0,0,0,0,0,0,0,0,3.71078,9259.48,27.3793,0.730943
Test,MI250X,256,16384,4194304,268435456,32,7626,17.1799,2147483648,0,0,0,0,0,0,0,0,0,0,0,0,0,0,0,0,8,0,0,0,0,0,0,0,0,0,0,0,0,0,0,0,0,0,0,2.61685,6565.72,64.3721,1.44479
Test,MI250X,256,16384,4194304,134217728,32,8957,8.58993,2147483648,0,0,0,0,0,0,0,0,0,0,0,0,0,0,0,0,0,4,0,0,0,0,0,0,0,0,0,0,0,0,0,0,0,0,0,2.23041,3851.37,19.1251,0.396075
Test,MI250X,256,16384,4194304,536870912,32,4872,34.3597,2147483648,0,0,0,0,0,0,0,0,0,0,0,0,0,0,0,0,0,0,16,0,0,0,0,0,0,0,0,0,0,0,0,0,0,0,0,4.10757,8365.02,15.7897,0.443381
Test,MI250X,256,16384,4194304,268435456,32,20840,17.1799,1073741824,0,0,0,0,0,0,0,0,0,0,0,0,0,0,0,0,0,0,0,16,0,0,0,0,0,0,0,0,0,0,0,0,0,0,0,0.967707,17753.9,112.712,1.53031
Test,MI250X,256,16384,4194304,134217728,32,9035,8.58993,2147483648,0,0,0,0,0,0,0,0,0,0,0,0,0,0,0,0,0,0,0,0,4,0,0,0,0,0,0,0,0,0,0,0,0,0,0,2.21412,3879.7,18.1696,0.374661
Test,MI250X,256,16384,4194304,1073741824,32,896,34.3597,2147483648,0,0,0,0,0,0,0,0,0,0,0,0,0,0,0,0,0,0,0,0,0,16,0,0,0,0,0,0,0,0,0,0,0,0,0,22.3152,1539.75,0.678736,0.044443
Test,MI250X,256,16384,4194304,536870912,32,1778,17.1799,2147483648,0,0,0,0,0,0,0,0,0,0,0,0,0,0,0,0,0,0,0,0,0,0,8,0,0,0,0,0,0,0,0,0,0,0,0,11.2462,1527.62,0.580874,0.0270005
Test,MI250X,256,16384,4194304,268435456,32,2270,8.58993,2147483648,0,0,0,0,0,0,0,0,0,0,0,0,0,0,0,0,0,0,0,0,0,0,0,4,0,0,0,0,0,0,0,0,0,0,0,8.81047,974.97,0.47432,0.0195126
Test,MI250X,256,16384,4194304,134217728,32,1991,4.29497,2147483648,0,0,0,0,0,0,0,0,0,0,0,0,0,0,0,0,0,0,0,0,0,0,0,0,2,0,0,0,0,0,0,0,0,0,0,10.0459,427.535,0.153047,0.00672273
Test,MI250X,256,16384,4194304,536870912,32,2997,17.1799,2147483648,0,0,0,0,0,0,0,0,0,0,0,0,0,0,0,0,0,0,0,0,0,0,0,0,0,8,0,0,0,0,0,0,0,0,0,6.67156,2575.09,1.02977,0.0368683
Test,MI250X,256,16384,4194304,268435456,32,1692,8.58993,2147483648,0,0,0,0,0,0,0,0,0,0,0,0,0,0,0,0,0,0,0,0,0,0,0,0,0,0,4,0,0,0,0,0,0,0,0,11.8272,726.282,0.29408,0.0140127
Test,MI250X,256,16384,4194304,134217728,32,2836,4.29497,2147483648,0,0,0,0,0,0,0,0,0,0,0,0,0,0,0,0,0,0,0,0,0,0,0,0,0,0,0,2,0,0,0,0,0,0,0,7.08936,605.835,0.915074,0.033679
Test,MI250X,256,16384,4194304,1073741824,32,577,68.7195,2147483648,0,0,0,0,0,0,0,0,0,0,0,0,0,0,0,0,0,0,0,0,0,0,0,0,0,0,0,0,32,0,0,0,0,0,0,34.6773,1981.69,0.806616,0.0658166
Test,MI250X,256,16384,4194304,536870912,32,1150,34.3597,2147483648,0,0,0,0,0,0,0,0,0,0,0,0,0,0,0,0,0,0,0,0,0,0,0,0,0,0,0,0,0,16,0,0,0,0,0,17.3969,1975.05,0.712687,0.0411914
Test,MI250X,256,16384,4194304,268435456,32,2301,17.1799,2147483648,0,0,0,0,0,0,0,0,0,0,0,0,0,0,0,0,0,0,0,0,0,0,0,0,0,0,0,0,0,0,8,0,0,0,0,8.69377,1976.11,0.855245,0.0349453
Test,MI250X,256,16384,4194304,134217728,32,834,8.58993,2147483648,0,0,0,0,0,0,0,0,0,0,0,0,0,0,0,0,0,0,0,0,0,0,0,0,0,0,0,0,0,0,0,4,0,0,0,23.9931,358.016,0.131121,0.0088991
Test,MI250X,256,16384,4194304,536870912,32,1150,34.3597,2147483648,0,0,0,0,0,0,0,0,0,0,0,0,0,0,0,0,0,0,0,0,0,0,0,0,0,0,0,0,0,0,0,0,16,0,0,17.3966,1975.08,0.644703,0.037262
Test,MI250X,256,16384,4194304,268435456,32,2770,17.1799,2147483648,0,0,0,0,0,0,0,0,0,0,0,0,0,0,0,0,0,0,0,0,0,0,0,0,0,0,0,0,0,0,0,0,0,8,0,7.22033,2379.38,0.909996,0.0338888
Test,MI250X,256,16384,4194304,134217728,32,5467,8.58993,2147483648,0,0,0,0,0,0,0,0,0,0,0,0,0,0,0,0,0,0,0,0,0,0,0,0,0,0,0,0,0,0,0,0,0,0,4,3.66126,2346.17,0.881585,0.0233693
Test,MI250X,256,16384,4194304,1073741824,64,2741,68.7195,2147483648,32,0,0,0,0,0,0,0,0,0,0,0,0,0,0,0,0,0,0,0,0,0,0,0,0,0,0,0,0,0,0,0,0,0,0,7.28942,9427.31,14.5076,0.543123
Test,MI250X,256,16384,4194304,536870912,64,4925,34.3597,2147483648,0,16,0,0,0,0,0,0,0,0,0,0,0,0,0,0,0,0,0,0,0,0,0,0,0,0,0,0,0,0,0,0,0,0,0,4.06188,8459.09,16.9468,0.473305
Test,MI250X,256,16384,4194304,268435456,64,9828,17.1799,2147483648,0,0,8,0,0,0,0,0,0,0,0,0,0,0,0,0,0,0,0,0,0,0,0,0,0,0,0,0,0,0,0,0,0,0,0,2.03517,8441.48,20.7925,0.411083
Test,MI250X,256,16384,4194304,134217728,64,9353,8.58993,2147483648,0,0,0,4,0,0,0,0,0,0,0,0,0,0,0,0,0,0,0,0,0,0,0,0,0,0,0,0,0,0,0,0,0,0,0,2.13511,4023.41,30.2177,0.61241
Test,MI250X,256,16384,4194304,536870912,64,4922,34.3597,2147483648,0,0,0,0,16,0,0,0,0,0,0,0,0,0,0,0,0,0,0,0,0,0,0,0,0,0,0,0,0,0,0,0,0,0,0,4.06139,8460.07,16.8562,0.470918
Test,MI250X,256,16384,4194304,268435456,64,20525,17.1799,1073741824,0,0,0,0,0,16,0,0,0,0,0,0,0,0,0,0,0,0,0,0,0,0,0,0,0,0,0,0,0,0,0,0,0,0,0,0.978758,17553,54.3448,0.743485
Test,MI250X,256,16384,4194304,134217728,64,9033,8.58993,2147483648,0,0,0,0,0,0,4,0,0,0,0,0,0,0,0,0,0,0,0,0,0,0,0,0,0,0,0,0,0,0,0,0,0,0,0,2.21149,3884.31,16.8409,0.347301
Test,MI250X,256,16384,4194304,1073741824,64,2759,68.7195,2147483648,0,0,0,0,0,0,0,32,0,0,0,0,0,0,0,0,0,0,0,0,0,0,0,0,0,0,0,0,0,0,0,0,0,0,0,7.2541,9473.23,14.7726,0.551235
Test,MI250X,256,16384,4194304,536870912,64,4935,34.3597,2147483648,0,0,0,0,0,0,0,0,16,0,0,0,0,0,0,0,0,0,0,0,0,0,0,0,0,0,0,0,0,0,0,0,0,0,0,4.05437,8474.75,17.0818,0.47659
Test,MI250X,256,16384,4194304,268435456,64,9845,17.1799,2147483648,0,0,0,0,0,0,0,0,0,8,0,0,0,0,0,0,0,0,0,0,0,0,0,0,0,0,0,0,0,0,0,0,0,0,0,2.03377,8447.27,24.0723,0.475516
Test,MI250X,256,16384,4194304,134217728,64,5803,8.58993,2147483648,0,0,0,0,0,0,0,0,0,0,4,0,0,0,0,0,0,0,0,0,0,0,0,0,0,0,0,0,0,0,0,0,0,0,0,3.45657,2485.09,1.3817,0.0355503
Test,MI250X,256,16384,4194304,536870912,64,4935,34.3597,2147483648,0,0,0,0,0,0,0,0,0,0,0,16,0,0,0,0,0,0,0,0,0,0,0,0,0,0,0,0,0,0,0,0,0,0,0,4.04654,8491.18,17.1638,0.478879
Test,MI250X,256,16384,4194304,268435456,64,20749,17.1799,1073741824,0,0,0,0,0,0,0,0,0,0,0,0,16,0,0,0,0,0,0,0,0,0,0,0,0,0,0,0,0,0,0,0,0,0,0,0.962764,17844.6,66.4679,0.904418
Test,MI250X,256,16384,4194304,134217728,64,9026,8.58993,2147483648,0,0,0,0,0,0,0,0,0,0,0,0,0,4,0,0,0,0,0,0,0,0,0,0,0,0,0,0,0,0,0,0,0,0,0,2.21128,3884.69,16.6481,0.343458
Test,MI250X,256,16384,4194304,1073741824,64,2675,137.439,2147483648,0,0,0,0,0,0,0,0,0,0,0,0,0,0,64,0,0,0,0,0,0,0,0,0,0,0,0,0,0,0,0,0,0,0,0,7.48522,18361.4,29.9962,1.13674
Test,MI250X,256,16384,4194304,536870912,64,4841,68.7195,2147483648,0,0,0,0,0,0,0,0,0,0,0,0,0,0,0,32,0,0,0,0,0,0,0,0,0,0,0,0,0,0,0,0,0,0,0,4.13408,16622.7,30.1713,0.849928
Test,MI250X,256,16384,4194304,268435456,64,9254,34.3597,2147483648,0,0,0,0,0,0,0,0,0,0,0,0,0,0,0,0,16,0,0,0,0,0,0,0,0,0,0,0,0,0,0,0,0,0,0,2.16378,15879.6,32.6439,0.665109
Test,MI250X,256,16384,4194304,134217728,64,5727,17.1799,2147483648,0,0,0,0,0,0,0,0,0,0,0,0,0,0,0,0,0,8,0,0,0,0,0,0,0,0,0,0,0,0,0,0,0,0,0,3.50455,4902.12,1.93829,0.0502008
Test,MI250X,256,16384,4194304,536870912,64,2981,68.7195,2147483648,0,0,0,0,0,0,0,0,0,0,0,0,0,0,0,0,0,0,32,0,0,0,0,0,0,0,0,0,0,0,0,0,0,0,0,6.71609,10232.1,3.87882,0.139243
Test,MI250X,256,16384,4194304,268435456,64,18246,34.3597,1073741824,0,0,0,0,0,0,0,0,0,0,0,0,0,0,0,0,0,0,0,32,0,0,0,0,0,0,0,0,0,0,0,0,0,0,0,1.09949,31250.9,47.6681,0.691672
Test,MI250X,256,16384,4194304,134217728,64,8997,17.1799,2147483648,0,0,0,0,0,0,0,0,0,0,0,0,0,0,0,0,0,0,0,0,8,0,0,0,0,0,0,0,0,0,0,0,0,0,0,2.22258,7729.88,33.4556,0.691316
Test,MI250X,256,16384,4194304,1073741824,64,454,68.7195,2147483648,0,0,0,0,0,0,0,0,0,0,0,0,0,0,0,0,0,0,0,0,0,32,0,0,0,0,0,0,0,0,0,0,0,0,0,44.1308,1557.18,0.51839,0.0476853
Test,MI250X,256,16384,4194304,536870912,64,903,34.3597,2147483648,0,0,0,0,0,0,0,0,0,0,0,0,0,0,0,0,0,0,0,0,0,0,16,0,0,0,0,0,0,0,0,0,0,0,0,22.1505,1551.2,0.557873,0.0363871
Test,MI250X,256,16384,4194304,268435456,64,1146,17.1799,2147483648,0,0,0,0,0,0,0,0,0,0,0,0,0,0,0,0,0,0,0,0,0,0,0,8,0,0,0,0,0,0,0,0,0,0,0,17.4409,985.033,0.428735,0.0248229
Test,MI250X,256,16384,4194304,134217728,64,1002,8.58993,2147483648,0,0,0,0,0,0,0,0,0,0,0,0,0,0,0,0,0,0,0,0,0,0,0,0,4,0,0,0,0,0,0,0,0,0,0,19.9702,430.139,0.15856,0.00981784
Test,MI250X,256,16384,4194304,536870912,64,1546,34.3597,2147483648,0,0,0,0,0,0,0,0,0,0,0,0,0,0,0,0,0,0,0,0,0,0,0,0,0,16,0,0,0,0,0,0,0,0,0,12.9351,2656.31,0.974441,0.0485743
Test,MI250X,256,16384,4194304,268435456,64,868,17.1799,2147483648,0,0,0,0,0,0,0,0,0,0,0,0,0,0,0,0,0,0,0,0,0,0,0,0,0,0,8,0,0,0,0,0,0,0,0,23.0362,745.778,0.430665,0.0286507
Test,MI250X,256,16384,4194304,134217728,64,1447,8.58993,2147483648,0,0,0,0,0,0,0,0,0,0,0,0,0,0,0,0,0,0,0,0,0,0,0,0,0,0,0,4,0,0,0,0,0,0,0,13.8846,618.669,0.663778,0.0342014
Test,MI250X,256,16384,4194304,1073741824,64,290,137.439,2147483648,0,0,0,0,0,0,0,0,0,0,0,0,0,0,0,0,0,0,0,0,0,0,0,0,0,0,0,0,64,0,0,0,0,0,0,68.8755,1995.47,0.721204,0.0830071
Test,MI250X,256,16384,4194304,536870912,64,580,68.7195,2147483648,0,0,0,0,0,0,0,0,0,0,0,0,0,0,0,0,0,0,0,0,0,0,0,0,0,0,0,0,0,32,0,0,0,0,0,34.4725,1993.46,0.684673,0.0557218
Test,MI250X,256,16384,4194304,268435456,64,1162,34.3597,2147483648,0,0,0,0,0,0,0,0,0,0,0,0,0,0,0,0,0,0,0,0,0,0,0,0,0,0,0,0,0,0,16,0,0,0,0,17.2075,1996.79,0.766328,0.0440623
Test,MI250X,256,16384,4194304,134217728,64,418,17.1799,2147483648,0,0,0,0,0,0,0,0,0,0,0,0,0,0,0,0,0,0,0,0,0,0,0,0,0,0,0,0,0,0,0,8,0,0,0,47.8496,359.039,0.130589,0.0125191
Test,MI250X,256,16384,4194304,536870912,64,582,68.7195,2147483648,0,0,0,0,0,0,0,0,0,0,0,0,0,0,0,0,0,0,0,0,0,0,0,0,0,0,0,0,0,0,0,0,32,0,0,34.3641,1999.74,0.536317,0.0435729
Test,MI250X,256,16384,4194304,268435456,64,1412,34.3597,2147483648,0,0,0,0,0,0,0,0,0,0,0,0,0,0,0,0,0,0,0,0,0,0,0,0,0,0,0,0,0,0,0,0,0,16,0,14.1609,2426.38,0.970591,0.0506262
Test,MI250X,256,16384,4194304,134217728,64,2804,17.1799,2147483648,0,0,0,0,0,0,0,0,0,0,0,0,0,0,0,0,0,0,0,0,0,0,0,0,0,0,0,0,0,0,0,0,0,0,8,7.13385,2408.21,0.945313,0.0349899
Test,MI250X,256,16384,4194304,1073741824,128,1511,137.439,2147483648,64,0,0,0,0,0,0,0,0,0,0,0,0,0,0,0,0,0,0,0,0,0,0,0,0,0,0,0,0,0,0,0,0,0,0,13.227,10390.8,3.5927,0.181153
Test,MI250X,256,16384,4194304,536870912,128,2989,68.7195,2147483648,0,32,0,0,0,0,0,0,0,0,0,0,0,0,0,0,0,0,0,0,0,0,0,0,0,0,0,0,0,0,0,0,0,0,0,6.69174,10269.3,4.20749,0.15084
Test,MI250X,256,16384,4194304,268435456,128,5786,34.3597,2147483648,0,0,16,0,0,0,0,0,0,0,0,0,0,0,0,0,0,0,0,0,0,0,0,0,0,0,0,0,0,0,0,0,0,0,0,3.46439,9917.94,4.19733,0.108153
Test,MI250X,256,16384,4194304,134217728,128,5831,17.1799,2147483648,0,0,0,8,0,0,0,0,0,0,0,0,0,0,0,0,0,0,0,0,0,0,0,0,0,0,0,0,0,0,0,0,0,0,0,3.44175,4991.63,2.03934,0.0523449
Test,MI250X,256,16384,4194304,536870912,128,3033,68.7195,2147483648,0,0,0,0,32,0,0,0,0,0,0,0,0,0,0,0,0,0,0,0,0,0,0,0,0,0,0,0,0,0,0,0,0,0,0,6.60126,10410.1,4.12371,0.14676
Test,MI250X,256,16384,4194304,268435456,128,11319,34.3597,1073741824,0,0,0,0,0,32,0,0,0,0,0,0,0,0,0,0,0,0,0,0,0,0,0,0,0,0,0,0,0,0,0,0,0,0,0,1.77225,19387.7,9.00786,0.165949
Test,MI250X,256,16384,4194304,134217728,128,9033,17.1799,2147483648,0,0,0,0,0,0,8,0,0,0,0,0,0,0,0,0,0,0,0,0,0,0,0,0,0,0,0,0,0,0,0,0,0,0,0,2.2141,7759.5,42.0847,0.867889
Test,MI250X,256,16384,4194304,1073741824,128,1522,137.439,2147483648,0,0,0,0,0,0,0,64,0,0,0,0,0,0,0,0,0,0,0,0,0,0,0,0,0,0,0,0,0,0,0,0,0,0,0,13.1506,10451.2,4.85566,0.243948
Test,MI250X,256,16384,4194304,536870912,128,3009,68.7195,2147483648,0,0,0,0,0,0,0,0,32,0,0,0,0,0,0,0,0,0,0,0,0,0,0,0,0,0,0,0,0,0,0,0,0,0,0,6.65126,10331.8,4.97365,0.177713
Test,MI250X,256,16384,4194304,268435456,128,5841,34.3597,2147483648,0,0,0,0,0,0,0,0,0,16,0,0,0,0,0,0,0,0,0,0,0,0,0,0,0,0,0,0,0,0,0,0,0,0,0,3.4308,10015.1,5.23763,0.134322
Test,MI250X,256,16384,4194304,134217728,128,2952,17.1799,2147483648,0,0,0,0,0,0,0,0,0,0,8,0,0,0,0,0,0,0,0,0,0,0,0,0,0,0,0,0,0,0,0,0,0,0,0,6.78904,2530.53,1.35765,0.0489762
Test,MI250X,256,16384,4194304,536870912,128,3068,68.7195,2147483648,0,0,0,0,0,0,0,0,0,0,0,32,0,0,0,0,0,0,0,0,0,0,0,0,0,0,0,0,0,0,0,0,0,0,0,6.52536,10531.2,4.41894,0.156367
Test,MI250X,256,16384,4194304,268435456,128,11662,34.3597,1073741824,0,0,0,0,0,0,0,0,0,0,0,0,32,0,0,0,0,0,0,0,0,0,0,0,0,0,0,0,0,0,0,0,0,0,0,1.71786,20000.9,8.00121,0.14522
Test,MI250X,256,16384,4194304,134217728,128,9686,17.1799,2147483648,0,0,0,0,0,0,0,0,0,0,0,0,0,8,0,0,0,0,0,0,0,0,0,0,0,0,0,0,0,0,0,0,0,0,0,2.07421,8282.62,11.9308,0.237603
Test,MI250X,256,16384,4194304,1073741824,128,1470,274.878,2147483648,0,0,0,0,0,0,0,0,0,0,0,0,0,0,128,0,0,0,0,0,0,0,0,0,0,0,0,0,0,0,0,0,0,0,0,13.6147,20189.8,8.33075,0.425874
Test,MI250X,256,16384,4194304,536870912,128,2915,137.439,2147483648,0,0,0,0,0,0,0,0,0,0,0,0,0,0,0,64,0,0,0,0,0,0,0,0,0,0,0,0,0,0,0,0,0,0,0,6.86506,20020,8.59571,0.312046
Test,MI250X,256,16384,4194304,268435456,128,5062,68.7195,2147483648,0,0,0,0,0,0,0,0,0,0,0,0,0,0,0,0,32,0,0,0,0,0,0,0,0,0,0,0,0,0,0,0,0,0,0,3.95274,17385.4,41.4017,1.14055
Test,MI250X,256,16384,4194304,134217728,128,2911,34.3597,2147483648,0,0,0,0,0,0,0,0,0,0,0,0,0,0,0,0,0,16,0,0,0,0,0,0,0,0,0,0,0,0,0,0,0,0,0,6.88572,4990.01,2.30778,0.0838358
Test,MI250X,256,16384,4194304,536870912,128,1534,137.439,2147483648,0,0,0,0,0,0,0,0,0,0,0,0,0,0,0,0,0,0,64,0,0,0,0,0,0,0,0,0,0,0,0,0,0,0,0,13.0438,10536.7,3.80845,0.190586
Test,MI250X,256,16384,4194304,268435456,128,10256,68.7195,1073741824,0,0,0,0,0,0,0,0,0,0,0,0,0,0,0,0,0,0,0,64,0,0,0,0,0,0,0,0,0,0,0,0,0,0,0,1.95776,35101.6,85.735,1.6593
Test,MI250X,256,16384,4194304,134217728,128,8606,34.3597,2147483648,0,0,0,0,0,0,0,0,0,0,0,0,0,0,0,0,0,0,0,0,16,0,0,0,0,0,0,0,0,0,0,0,0,0,0,2.34438,14656.3,28.1014,0.593721
Test,MI250X,256,16384,4194304,1073741824,128,228,137.439,2147483648,0,0,0,0,0,0,0,0,0,0,0,0,0,0,0,0,0,0,0,0,0,64,0,0,0,0,0,0,0,0,0,0,0,0,0,87.7151,1566.88,0.41381,0.0537143
Test,MI250X,256,16384,4194304,536870912,128,455,68.7195,2147483648,0,0,0,0,0,0,0,0,0,0,0,0,0,0,0,0,0,0,0,0,0,0,32,0,0,0,0,0,0,0,0,0,0,0,0,43.9543,1563.43,0.654697,0.0601577
Test,MI250X,256,16384,4194304,268435456,128,576,34.3597,2147483648,0,0,0,0,0,0,0,0,0,0,0,0,0,0,0,0,0,0,0,0,0,0,0,16,0,0,0,0,0,0,0,0,0,0,0,34.6971,990.276,0.373243,0.0304815
Test,MI250X,256,16384,4194304,134217728,128,501,17.1799,2147483648,0,0,0,0,0,0,0,0,0,0,0,0,0,0,0,0,0,0,0,0,0,0,0,0,8,0,0,0,0,0,0,0,0,0,0,39.939,430.153,0.18497,0.0161972
Test,MI250X,256,16384,4194304,536870912,128,786,68.7195,2147483648,0,0,0,0,0,0,0,0,0,0,0,0,0,0,0,0,0,0,0,0,0,0,0,0,0,32,0,0,0,0,0,0,0,0,0,25.4435,2700.86,0.937001,0.0655066
Test,MI250X,256,16384,4194304,268435456,128,442,34.3597,2147483648,0,0,0,0,0,0,0,0,0,0,0,0,0,0,0,0,0,0,0,0,0,0,0,0,0,0,16,0,0,0,0,0,0,0,0,45.2777,758.866,0.246496,0.0229802
Test,MI250X,256,16384,4194304,134217728,128,731,17.1799,2147483648,0,0,0,0,0,0,0,0,0,0,0,0,0,0,0,0,0,0,0,0,0,0,0,0,0,0,0,8,0,0,0,0,0,0,0,27.462,625.587,0.401234,0.0290867
Test,MI250X,256,16384,4194304,1073741824,128,146,274.878,2147483648,0,0,0,0,0,0,0,0,0,0,0,0,0,0,0,0,0,0,0,0,0,0,0,0,0,0,0,0,128,0,0,0,0,0,0,137.255,2002.68,0.594546,0.0964417
Test,MI250X,256,16384,4194304,536870912,128,292,137.439,2147483648,0,0,0,0,0,0,0,0,0,0,0,0,0,0,0,0,0,0,0,0,0,0,0,0,0,0,0,0,0,64,0,0,0,0,0,68.5985,2003.53,0.599558,0.0687695
Test,MI250X,256,16384,4194304,268435456,128,584,68.7195,2147483648,0,0,0,0,0,0,0,0,0,0,0,0,0,0,0,0,0,0,0,0,0,0,0,0,0,0,0,0,0,0,32,0,0,0,0,34.2216,2008.07,0.687001,0.0557195
Test,MI250X,256,16384,4194304,134217728,128,208,34.3597,2147483648,0,0,0,0,0,0,0,0,0,0,0,0,0,0,0,0,0,0,0,0,0,0,0,0,0,0,0,0,0,0,0,16,0,0,0,95.9811,357.984,0.136068,0.0184919
Test,MI250X,256,16384,4194304,536870912,128,293,137.439,2147483648,0,0,0,0,0,0,0,0,0,0,0,0,0,0,0,0,0,0,0,0,0,0,0,0,0,0,0,0,0,0,0,0,64,0,0,68.246,2013.88,0.592132,0.0678017
Test,MI250X,256,16384,4194304,268435456,128,713,68.7195,2147483648,0,0,0,0,0,0,0,0,0,0,0,0,0,0,0,0,0,0,0,0,0,0,0,0,0,0,0,0,0,0,0,0,0,32,0,28.0287,2451.76,0.814929,0.0598179
Test,MI250X,256,16384,4194304,134217728,128,1421,34.3597,2147483648,0,0,0,0,0,0,0,0,0,0,0,0,0,0,0,0,0,0,0,0,0,0,0,0,0,0,0,0,0,0,0,0,0,0,16,14.0709,2441.91,1.0793,0.0561178
Test,MI250X,256,16384,4194304,1073741824,256,768,274.878,2147483648,128,0,0,0,0,0,0,0,0,0,0,0,0,0,0,0,0,0,0,0,0,0,0,0,0,0,0,0,0,0,0,0,0,0,0,26.036,10557.6,3.91011,0.276544
Test,MI250X,256,16384,4194304,536870912,256,1527,137.439,2147483648,0,64,0,0,0,0,0,0,0,0,0,0,0,0,0,0,0,0,0,0,0,0,0,0,0,0,0,0,0,0,0,0,0,0,0,13.0939,10496.4,4.35549,0.218461
Test,MI250X,256,16384,4194304,268435456,256,2959,68.7195,2147483648,0,0,32,0,0,0,0,0,0,0,0,0,0,0,0,0,0,0,0,0,0,0,0,0,0,0,0,0,0,0,0,0,0,0,0,6.76428,10159.2,3.75614,0.13534
Test,MI250X,256,16384,4194304,134217728,256,2962,34.3597,2147483648,0,0,0,16,0,0,0,0,0,0,0,0,0,0,0,0,0,0,0,0,0,0,0,0,0,0,0,0,0,0,0,0,0,0,0,6.76492,5079.12,2.18297,0.0786159
Test,MI250X,256,16384,4194304,536870912,256,1551,137.439,2147483648,0,0,0,0,64,0,0,0,0,0,0,0,0,0,0,0,0,0,0,0,0,0,0,0,0,0,0,0,0,0,0,0,0,0,0,12.8985,10655.4,4.02413,0.200273
Test,MI250X,256,16384,4194304,268435456,256,5805,68.7195,1073741824,0,0,0,0,0,64,0,0,0,0,0,0,0,0,0,0,0,0,0,0,0,0,0,0,0,0,0,0,0,0,0,0,0,0,0,3.4517,19909.1,8.71894,0.224294
Test,MI250X,256,16384,4194304,134217728,256,5893,34.3597,2147483648,0,0,0,0,0,0,16,0,0,0,0,0,0,0,0,0,0,0,0,0,0,0,0,0,0,0,0,0,0,0,0,0,0,0,0,3.40339,10095.7,4.1783,0.106681
Test,MI250X,256,16384,4194304,1073741824,256,773,274.878,2147483648,0,0,0,0,0,0,0,128,0,0,0,0,0,0,0,0,0,0,0,0,0,0,0,0,0,0,0,0,0,0,0,0,0,0,0,25.8924,10616.1,4.85536,0.342285
Test,MI250X,256,16384,4194304,536870912,256,1536,137.439,2147483648,0,0,0,0,0,0,0,0,64,0,0,0,0,0,0,0,0,0,0,0,0,0,0,0,0,0,0,0,0,0,0,0,0,0,0,13.0192,10556.6,4.75153,0.237626
Test,MI250X,256,16384,4194304,268435456,256,2985,68.7195,2147483648,0,0,0,0,0,0,0,0,0,32,0,0,0,0,0,0,0,0,0,0,0,0,0,0,0,0,0,0,0,0,0,0,0,0,0,6.70341,10251.4,5.75788,0.20656
Test,MI250X,256,16384,4194304,134217728,256,1488,34.3597,2147483648,0,0,0,0,0,0,0,0,0,0,16,0,0,0,0,0,0,0,0,0,0,0,0,0,0,0,0,0,0,0,0,0,0,0,0,13.4534,2553.97,1.471,0.0747424
Test,MI250X,256,16384,4194304,536870912,256,1569,137.439,2147483648,0,0,0,0,0,0,0,0,0,0,0,64,0,0,0,0,0,0,0,0,0,0,0,0,0,0,0,0,0,0,0,0,0,0,0,12.7532,10776.8,5.14069,0.25437
Test,MI250X,256,16384,4194304,268435456,256,5993,68.7195,1073741824,0,0,0,0,0,0,0,0,0,0,0,0,64,0,0,0,0,0,0,0,0,0,0,0,0,0,0,0,0,0,0,0,0,0,0,3.34264,20558.1,8.93767,0.226286
Test,MI250X,256,16384,4194304,134217728,256,5322,34.3597,2147483648,0,0,0,0,0,0,0,0,0,0,0,0,0,16,0,0,0,0,0,0,0,0,0,0,0,0,0,0,0,0,0,0,0,0,0,3.75767,9143.98,24.7586,0.665189
Test,MI250X,256,16384,4194304,1073741824,256,752,549.756,2147483648,0,0,0,0,0,0,0,0,0,0,0,0,0,0,256,0,0,0,0,0,0,0,0,0,0,0,0,0,0,0,0,0,0,0,0,26.6028,20665.3,6.40357,0.457688
Test,MI250X,256,16384,4194304,536870912,256,1501,274.878,2147483648,0,0,0,0,0,0,0,0,0,0,0,0,0,0,0,128,0,0,0,0,0,0,0,0,0,0,0,0,0,0,0,0,0,0,0,13.3363,20611.2,8.67567,0.438903
Test,MI250X,256,16384,4194304,268435456,256,2675,137.439,2147483648,0,0,0,0,0,0,0,0,0,0,0,0,0,0,0,0,64,0,0,0,0,0,0,0,0,0,0,0,0,0,0,0,0,0,0,7.46553,18409.9,48.4207,1.83496
Test,MI250X,256,16384,4194304,134217728,256,1467,68.7195,2147483648,0,0,0,0,0,0,0,0,0,0,0,0,0,0,0,0,0,32,0,0,0,0,0,0,0,0,0,0,0,0,0,0,0,0,0,13.6474,5035.35,2.18232,0.111676
Test,MI250X,256,16384,4194304,536870912,256,779,274.878,2147483648,0,0,0,0,0,0,0,0,0,0,0,0,0,0,0,0,0,0,128,0,0,0,0,0,0,0,0,0,0,0,0,0,0,0,0,25.6969,10696.9,4.13627,0.290467
Test,MI250X,256,16384,4194304,268435456,256,5523,137.439,1073741824,0,0,0,0,0,0,0,0,0,0,0,0,0,0,0,0,0,0,0,128,0,0,0,0,0,0,0,0,0,0,0,0,0,0,0,3.61974,37969.7,147.384,3.88703
Test,MI250X,256,16384,4194304,134217728,256,4771,68.7195,2147483648,0,0,0,0,0,0,0,0,0,0,0,0,0,0,0,0,0,0,0,0,32,0,0,0,0,0,0,0,0,0,0,0,0,0,0,4.20448,16344.4,33.1407,0.940401
Test,MI250X,256,16384,4194304,1073741824,256,115,274.878,2147483648,0,0,0,0,0,0,0,0,0,0,0,0,0,0,0,0,0,0,0,0,0,128,0,0,0,0,0,0,0,0,0,0,0,0,0,174.809,1572.45,0.49463,0.0904041
Test,MI250X,256,16384,4194304,536870912,256,229,137.439,2147483648,0,0,0,0,0,0,0,0,0,0,0,0,0,0,0,0,0,0,0,0,0,0,64,0,0,0,0,0,0,0,0,0,0,0,0,87.5124,1570.51,0.415606,0.0538294
Test,MI250X,256,16384,4194304,268435456,256,289,68.7195,2147483648,0,0,0,0,0,0,0,0,0,0,0,0,0,0,0,0,0,0,0,0,0,0,0,32,0,0,0,0,0,0,0,0,0,0,0,69.1544,993.711,0.339392,0.0391298
Test,MI250X,256,16384,4194304,134217728,256,249,34.3597,2147483648,0,0,0,0,0,0,0,0,0,0,0,0,0,0,0,0,0,0,0,0,0,0,0,0,16,0,0,0,0,0,0,0,0,0,0,80.2838,427.979,0.178713,0.0221979
Test,MI250X,256,16384,4194304,536870912,256,396,137.439,2147483648,0,0,0,0,0,0,0,0,0,0,0,0,0,0,0,0,0,0,0,0,0,0,0,0,0,64,0,0,0,0,0,0,0,0,0,50.4448,2724.54,0.91844,0.0904606
Test,MI250X,256,16384,4194304,268435456,256,223,68.7195,2147483648,0,0,0,0,0,0,0,0,0,0,0,0,0,0,0,0,0,0,0,0,0,0,0,0,0,0,32,0,0,0,0,0,0,0,0,89.7596,765.595,0.328305,0.0430905
Test,MI250X,256,16384,4194304,134217728,256,376,34.3597,2147483648,0,0,0,0,0,0,0,0,0,0,0,0,0,0,0,0,0,0,0,0,0,0,0,0,0,0,0,16,0,0,0,0,0,0,0,53.1285,646.729,0.168312,0.0170129
Test,MI250X,256,16384,4194304,1073741824,256,73,549.756,2147483648,0,0,0,0,0,0,0,0,0,0,0,0,0,0,0,0,0,0,0,0,0,0,0,0,0,0,0,0,256,0,0,0,0,0,0,274,2006.4,0.645233,0.148017
Test,MI250X,256,16384,4194304,536870912,256,146,274.878,2147483648,0,0,0,0,0,0,0,0,0,0,0,0,0,0,0,0,0,0,0,0,0,0,0,0,0,0,0,0,0,128,0,0,0,0,0,136.847,2008.65,0.60198,0.0976476
Test,MI250X,256,16384,4194304,268435456,256,293,137.439,2147483648,0,0,0,0,0,0,0,0,0,0,0,0,0,0,0,0,0,0,0,0,0,0,0,0,0,0,0,0,0,0,64,0,0,0,0,68.2593,2013.49,0.683244,0.0782344
Test,MI250X,256,16384,4194304,134217728,256,104,68.7195,2147483648,0,0,0,0,0,0,0,0,0,0,0,0,0,0,0,0,0,0,0,0,0,0,0,0,0,0,0,0,0,0,0,32,0,0,0,192.258,357.434,0.108469,0.0208471
Test,MI250X,256,16384,4194304,536870912,256,147,274.878,2147483648,0,0,0,0,0,0,0,0,0,0,0,0,0,0,0,0,0,0,0,0,0,0,0,0,0,0,0,0,0,0,0,0,128,0,0,136.03,2020.71,0.65231,0.105451
Test,MI250X,256,16384,4194304,268435456,256,359,137.439,2147483648,0,0,0,0,0,0,0,0,0,0,0,0,0,0,0,0,0,0,0,0,0,0,0,0,0,0,0,0,0,0,0,0,0,64,0,55.7535,2465.12,0.624349,0.0645857
Test,MI250X,256,16384,4194304,134217728,256,716,68.7195,2147483648,0,0,0,0,0,0,0,0,0,0,0,0,0,0,0,0,0,0,0,0,0,0,0,0,0,0,0,0,0,0,0,0,0,0,32,27.9503,2458.63,0.739673,0.05418
Test,MI250X,256,16384,4194304,1073741824,512,387,549.756,2147483648,256,0,0,0,0,0,0,0,0,0,0,0,0,0,0,0,0,0,0,0,0,0,0,0,0,0,0,0,0,0,0,0,0,0,0,51.6387,10646.2,3.60348,0.359024
Test,MI250X,256,16384,4194304,536870912,512,772,274.878,2147483648,0,128,0,0,0,0,0,0,0,0,0,0,0,0,0,0,0,0,0,0,0,0,0,0,0,0,0,0,0,0,0,0,0,0,0,25.897,10614.3,4.91017,0.346373
Test,MI250X,256,16384,4194304,268435456,512,1497,137.439,2147483648,0,0,64,0,0,0,0,0,0,0,0,0,0,0,0,0,0,0,0,0,0,0,0,0,0,0,0,0,0,0,0,0,0,0,0,13.36,10287.3,3.69681,0.187272
Test,MI250X,256,16384,4194304,134217728,512,1493,68.7195,2147483648,0,0,0,32,0,0,0,0,0,0,0,0,0,0,0,0,0,0,0,0,0,0,0,0,0,0,0,0,0,0,0,0,0,0,0,13.4089,5124.94,2.10504,0.106779
Test,MI250X,256,16384,4194304,536870912,512,785,274.878,2147483648,0,0,0,0,128,0,0,0,0,0,0,0,0,0,0,0,0,0,0,0,0,0,0,0,0,0,0,0,0,0,0,0,0,0,0,25.4861,10785.4,4.63419,0.324186
Test,MI250X,256,16384,4194304,268435456,512,2939,137.439,1073741824,0,0,0,0,0,128,0,0,0,0,0,0,0,0,0,0,0,0,0,0,0,0,0,0,0,0,0,0,0,0,0,0,0,0,0,6.81161,20177.2,11.0088,0.398011
Test,MI250X,256,16384,4194304,134217728,512,2994,68.7195,2147483648,0,0,0,0,0,0,32,0,0,0,0,0,0,0,0,0,0,0,0,0,0,0,0,0,0,0,0,0,0,0,0,0,0,0,0,6.69139,10269.9,4.37363,0.156665
Test,MI250X,256,16384,4194304,1073741824,512,390,549.756,2147483648,0,0,0,0,0,0,0,256,0,0,0,0,0,0,0,0,0,0,0,0,0,0,0,0,0,0,0,0,0,0,0,0,0,0,0,51.3431,10707.5,4.5086,0.447472
Test,MI250X,256,16384,4194304,536870912,512,777,274.878,2147483648,0,0,0,0,0,0,0,0,128,0,0,0,0,0,0,0,0,0,0,0,0,0,0,0,0,0,0,0,0,0,0,0,0,0,0,25.7545,10673,4.68785,0.329625
Test,MI250X,256,16384,4194304,268435456,512,1510,137.439,2147483648,0,0,0,0,0,0,0,0,0,64,0,0,0,0,0,0,0,0,0,0,0,0,0,0,0,0,0,0,0,0,0,0,0,0,0,13.2427,10378.5,5.41097,0.272925
Test,MI250X,256,16384,4194304,134217728,512,747,68.7195,2147483648,0,0,0,0,0,0,0,0,0,0,32,0,0,0,0,0,0,0,0,0,0,0,0,0,0,0,0,0,0,0,0,0,0,0,0,26.77,2567.04,1.45594,0.104409
Test,MI250X,256,16384,4194304,536870912,512,794,274.878,2147483648,0,0,0,0,0,0,0,0,0,0,0,128,0,0,0,0,0,0,0,0,0,0,0,0,0,0,0,0,0,0,0,0,0,0,0,25.2029,10906.6,4.33354,0.301431
Test,MI250X,256,16384,4194304,268435456,512,3036,137.439,1073741824,0,0,0,0,0,0,0,0,0,0,0,0,128,0,0,0,0,0,0,0,0,0,0,0,0,0,0,0,0,0,0,0,0,0,0,6.59289,20846.5,10.1909,0.362509
Test,MI250X,256,16384,4194304,134217728,512,2931,68.7195,2147483648,0,0,0,0,0,0,0,0,0,0,0,0,0,32,0,0,0,0,0,0,0,0,0,0,0,0,0,0,0,0,0,0,0,0,0,6.83245,10057.8,4.56968,0.165437
Test,MI250X,256,16384,4194304,1073741824,512,381,1099.51,2147483648,0,0,0,0,0,0,0,0,0,0,0,0,0,0,512,0,0,0,0,0,0,0,0,0,0,0,0,0,0,0,0,0,0,0,0,52.5694,20915.4,9.19529,0.923335
Test,MI250X,256,16384,4194304,536870912,512,761,549.756,2147483648,0,0,0,0,0,0,0,0,0,0,0,0,0,0,0,256,0,0,0,0,0,0,0,0,0,0,0,0,0,0,0,0,0,0,0,26.276,20922.4,9.54497,0.67817
Test,MI250X,256,16384,4194304,268435456,512,1391,274.878,2147483648,0,0,0,0,0,0,0,0,0,0,0,0,0,0,0,0,128,0,0,0,0,0,0,0,0,0,0,0,0,0,0,0,0,0,0,14.3714,19127,84.1952,4.42466
Test,MI250X,256,16384,4194304,134217728,512,736,137.439,2147483648,0,0,0,0,0,0,0,0,0,0,0,0,0,0,0,0,0,64,0,0,0,0,0,0,0,0,0,0,0,0,0,0,0,0,0,27.1694,5058.6,2.16596,0.156483
Test,MI250X,256,16384,4194304,536870912,512,392,549.756,2147483648,0,0,0,0,0,0,0,0,0,0,0,0,0,0,0,0,0,0,256,0,0,0,0,0,0,0,0,0,0,0,0,0,0,0,0,51.0008,10779.4,4.34302,0.429937
Test,MI250X,256,16384,4194304,268435456,512,2874,274.878,1073741824,0,0,0,0,0,0,0,0,0,0,0,0,0,0,0,0,0,0,0,256,0,0,0,0,0,0,0,0,0,0,0,0,0,0,0,6.9658,39461.1,16.8791,0.617108
Test,MI250X,256,16384,4194304,134217728,512,2583,137.439,2147483648,0,0,0,0,0,0,0,0,0,0,0,0,0,0,0,0,0,0,0,0,64,0,0,0,0,0,0,0,0,0,0,0,0,0,0,7.75571,17721,10.3342,0.398539
Test,MI250X,256,16384,4194304,1073741824,512,57,549.756,2147483648,0,0,0,0,0,0,0,0,0,0,0,0,0,0,0,0,0,0,0,0,0,256,0,0,0,0,0,0,0,0,0,0,0,0,0,348.908,1575.65,0.345566,0.0897117
Test,MI250X,256,16384,4194304,536870912,512,115,274.878,2147483648,0,0,0,0,0,0,0,0,0,0,0,0,0,0,0,0,0,0,0,0,0,0,128,0,0,0,0,0,0,0,0,0,0,0,0,174.638,1573.98,0.512444,0.0936599
Test,MI250X,256,16384,4194304,268435456,512,145,137.439,2147483648,0,0,0,0,0,0,0,0,0,0,0,0,0,0,0,0,0,0,0,0,0,0,0,64,0,0,0,0,0,0,0,0,0,0,0,137.999,995.939,0.34207,0.0556785
Test,MI250X,256,16384,4194304,134217728,512,124,68.7195,2147483648,0,0,0,0,0,0,0,0,0,0,0,0,0,0,0,0,0,0,0,0,0,0,0,0,32,0,0,0,0,0,0,0,0,0,0,161.135,426.471,0.123296,0.0217017
Test,MI250X,256,16384,4194304,536870912,512,199,274.878,2147483648,0,0,0,0,0,0,0,0,0,0,0,0,0,0,0,0,0,0,0,0,0,0,0,0,0,128,0,0,0,0,0,0,0,0,0,100.457,2736.28,0.87572,0.121673
Test,MI250X,256,16384,4194304,268435456,512,112,137.439,2147483648,0,0,0,0,0,0,0,0,0,0,0,0,0,0,0,0,0,0,0,0,0,0,0,0,0,0,64,0,0,0,0,0,0,0,0,178.872,768.366,0.279333,0.0517331
Test,MI250X,256,16384,4194304,134217728,512,208,68.7195,2147483648,0,0,0,0,0,0,0,0,0,0,0,0,0,0,0,0,0,0,0,0,0,0,0,0,0,0,0,32,0,0,0,0,0,0,0,96.2864,713.699,0.166932,0.0226863
Test,MI250X,256,16384,4194304,1073741824,512,37,1099.51,2147483648,0,0,0,0,0,0,0,0,0,0,0,0,0,0,0,0,0,0,0,0,0,0,0,0,0,0,0,0,512,0,0,0,0,0,0,547.513,2008.19,0.415042,0.133736
Test,MI250X,256,16384,4194304,536870912,512,73,549.756,2147483648,0,0,0,0,0,0,0,0,0,0,0,0,0,0,0,0,0,0,0,0,0,0,0,0,0,0,0,0,0,256,0,0,0,0,0,273.342,2011.24,0.49428,0.113388
Test,MI250X,256,16384,4194304,268435456,512,147,274.878,2147483648,0,0,0,0,0,0,0,0,0,0,0,0,0,0,0,0,0,0,0,0,0,0,0,0,0,0,0,0,0,0,128,0,0,0,0,136.312,2016.54,0.576945,0.0932678
Test,MI250X,256,16384,4194304,134217728,512,52,137.439,2147483648,0,0,0,0,0,0,0,0,0,0,0,0,0,0,0,0,0,0,0,0,0,0,0,0,0,0,0,0,0,0,0,64,0,0,0,385.006,356.978,0.103193,0.0280481
Test,MI250X,256,16384,4194304,536870912,512,74,549.756,2147483648,0,0,0,0,0,0,0,0,0,0,0,0,0,0,0,0,0,0,0,0,0,0,0,0,0,0,0,0,0,0,0,0,256,0,0,271.568,2024.38,0.502372,0.114463
Test,MI250X,256,16384,4194304,268435456,512,180,274.878,2147483648,0,0,0,0,0,0,0,0,0,0,0,0,0,0,0,0,0,0,0,0,0,0,0,0,0,0,0,0,0,0,0,0,0,128,0,111.215,2471.59,0.746495,0.109055
Test,MI250X,256,16384,4194304,134217728,512,359,137.439,2147483648,0,0,0,0,0,0,0,0,0,0,0,0,0,0,0,0,0,0,0,0,0,0,0,0,0,0,0,0,0,0,0,0,0,0,64,55.6899,2467.94,0.769436,0.0795942
Test,MI250X,256,16384,4194304,1073741824,1024,1449,1099.51,2147483648,512,0,0,0,0,0,0,0,0,0,0,0,0,0,0,0,0,0,0,0,0,0,0,0,0,0,0,0,0,0,0,0,0,0,0,102.878,10687.6,4.60587,0.237156
Test,MI250X,256,16384,4194304,536870912,1024,1449,549.756,2147483648,0,256,0,0,0,0,0,0,0,0,0,0,0,0,0,0,0,0,0,0,0,0,0,0,0,0,0,0,0,0,0,0,0,0,0,51.5063,10673.6,2.83067,0.145751
Test,MI250X,256,16384,4194304,268435456,1024,1449,274.878,2147483648,0,0,128,0,0,0,0,0,0,0,0,0,0,0,0,0,0,0,0,0,0,0,0,0,0,0,0,0,0,0,0,0,0,0,0,26.5569,10350.6,2.58969,0.133343
Test,MI250X,256,16384,4194304,134217728,1024,1449,137.439,2147483648,0,0,0,64,0,0,0,0,0,0,0,0,0,0,0,0,0,0,0,0,0,0,0,0,0,0,0,0,0,0,0,0,0,0,0,26.7036,5146.83,1.25344,0.0645397
Test,MI250X,256,16384,4194304,536870912,1024,1449,549.756,2147483648,0,0,0,0,256,0,0,0,0,0,0,0,0,0,0,0,0,0,0,0,0,0,0,0,0,0,0,0,0,0,0,0,0,0,0,50.6611,10851.7,3.444,0.177331
Test,MI250X,256,16384,4194304,268435456,1024,1449,274.878,1073741824,0,0,0,0,0,256,0,0,0,0,0,0,0,0,0,0,0,0,0,0,0,0,0,0,0,0,0,0,0,0,0,0,0,0,0,13.5135,20341.1,4.59739,0.236719
Test,MI250X,256,16384,4194304,134217728,1024,1449,137.439,2147483648,0,0,0,0,0,0,64,0,0,0,0,0,0,0,0,0,0,0,0,0,0,0,0,0,0,0,0,0,0,0,0,0,0,0,0,13.2542,10369.5,2.48133,0.127763
Test,MI250X,256,16384,4194304,1073741824,1024,1449,1099.51,2147483648,0,0,0,0,0,0,0,512,0,0,0,0,0,0,0,0,0,0,0,0,0,0,0,0,0,0,0,0,0,0,0,0,0,0,0,102.15,10763.7,4.38227,0.225643
Test,MI250X,256,16384,4194304,536870912,1024,1449,549.756,2147483648,0,0,0,0,0,0,0,0,256,0,0,0,0,0,0,0,0,0,0,0,0,0,0,0,0,0,0,0,0,0,0,0,0,0,0,51.1523,10747.4,4.36185,0.224591
Test,MI250X,256,16384,4194304,268435456,1024,1449,274.878,2147483648,0,0,0,0,0,0,0,0,0,128,0,0,0,0,0,0,0,0,0,0,0,0,0,0,0,0,0,0,0,0,0,0,0,0,0,26.2961,10453.2,4.12692,0.212495
Test,MI250X,256,16384,4194304,134217728,1024,1449,137.439,2147483648,0,0,0,0,0,0,0,0,0,0,64,0,0,0,0,0,0,0,0,0,0,0,0,0,0,0,0,0,0,0,0,0,0,0,0,53.342,2576.56,0.910615,0.0468874
Test,MI250X,256,16384,4194304,536870912,1024,1449,549.756,2147483648,0,0,0,0,0,0,0,0,0,0,0,256,0,0,0,0,0,0,0,0,0,0,0,0,0,0,0,0,0,0,0,0,0,0,0,50.0439,10985.5,3.07466,0.158314
Test,MI250X,256,16384,4194304,268435456,1024,1449,274.878,1073741824,0,0,0,0,0,0,0,0,0,0,0,0,256,0,0,0,0,0,0,0,0,0,0,0,0,0,0,0,0,0,0,0,0,0,0,13.0778,21018.6,6.71918,0.34597
Test,MI250X,256,16384,4194304,134217728,1024,1449,137.439,2147483648,0,0,0,0,0,0,0,0,0,0,0,0,0,64,0,0,0,0,0,0,0,0,0,0,0,0,0,0,0,0,0,0,0,0,0,13.3736,10276.8,2.42977,0.125109
Test,MI250X,256,16384,4194304,1073741824,1024,1449,2199.02,2147483648,0,0,0,0,0,0,0,0,0,0,0,0,0,0,1024,0,0,0,0,0,0,0,0,0,0,0,0,0,0,0,0,0,0,0,0,104.405,21062.5,4.98148,0.256496
Test,MI250X,256,16384,4194304,536870912,1024,1449,1099.51,2147483648,0,0,0,0,0,0,0,0,0,0,0,0,0,0,0,512,0,0,0,0,0,0,0,0,0,0,0,0,0,0,0,0,0,0,0,52.0861,21109.5,4.73548,0.243829
Test,MI250X,256,16384,4194304,268435456,1024,1449,549.756,2147483648,0,0,0,0,0,0,0,0,0,0,0,0,0,0,0,0,256,0,0,0,0,0,0,0,0,0,0,0,0,0,0,0,0,0,0,28.3392,19399.2,41.8274,2.15369
Test,MI250X,256,16384,4194304,134217728,1024,1449,274.878,2147483648,0,0,0,0,0,0,0,0,0,0,0,0,0,0,0,0,0,128,0,0,0,0,0,0,0,0,0,0,0,0,0,0,0,0,0,54.3338,5059.06,1.20896,0.0622495
Test,MI250X,256,16384,4194304,536870912,1024,1449,1099.51,2147483648,0,0,0,0,0,0,0,0,0,0,0,0,0,0,0,0,0,0,512,0,0,0,0,0,0,0,0,0,0,0,0,0,0,0,0,101.469,10836,3.35698,0.172851
Test,MI250X,256,16384,4194304,268435456,1024,1449,549.756,1073741824,0,0,0,0,0,0,0,0,0,0,0,0,0,0,0,0,0,0,0,512,0,0,0,0,0,0,0,0,0,0,0,0,0,0,0,13.7827,39887.3,9.64633,0.496688
Test,MI250X,256,16384,4194304,134217728,1024,1449,274.878,2147483648,0,0,0,0,0,0,0,0,0,0,0,0,0,0,0,0,0,0,0,0,128,0,0,0,0,0,0,0,0,0,0,0,0,0,0,14.3533,19150.9,29.9285,1.54102
Test,MI250X,256,16384,4194304,1073741824,1024,1449,1099.51,2147483648,0,0,0,0,0,0,0,0,0,0,0,0,0,0,0,0,0,0,0,0,0,512,0,0,0,0,0,0,0,0,0,0,0,0,0,698.631,1573.81,0.321949,0.0165771
Test,MI250X,256,16384,4194304,536870912,1024,1449,549.756,2147483648,0,0,0,0,0,0,0,0,0,0,0,0,0,0,0,0,0,0,0,0,0,0,256,0,0,0,0,0,0,0,0,0,0,0,0,350.056,1570.48,0.379523,0.0195416
Test,MI250X,256,16384,4194304,268435456,1024,1449,274.878,2147483648,0,0,0,0,0,0,0,0,0,0,0,0,0,0,0,0,0,0,0,0,0,0,0,128,0,0,0,0,0,0,0,0,0,0,0,276.864,992.828,0.268264,0.0138129
Test,MI250X,256,16384,4194304,134217728,1024,1449,137.439,2147483648,0,0,0,0,0,0,0,0,0,0,0,0,0,0,0,0,0,0,0,0,0,0,0,0,64,0,0,0,0,0,0,0,0,0,0,322.568,426.077,0.1215,0.00625604
Test,MI250X,256,16384,4194304,536870912,1024,1449,549.756,2147483648,0,0,0,0,0,0,0,0,0,0,0,0,0,0,0,0,0,0,0,0,0,0,0,0,0,256,0,0,0,0,0,0,0,0,0,200.288,2744.83,0.783424,0.0403384
Test,MI250X,256,16384,4194304,268435456,1024,1449,274.878,2147483648,0,0,0,0,0,0,0,0,0,0,0,0,0,0,0,0,0,0,0,0,0,0,0,0,0,0,128,0,0,0,0,0,0,0,0,358.182,767.425,0.266006,0.0136966
Test,MI250X,256,16384,4194304,134217728,1024,1449,137.439,2147483648,0,0,0,0,0,0,0,0,0,0,0,0,0,0,0,0,0,0,0,0,0,0,0,0,0,0,0,64,0,0,0,0,0,0,0,188.115,730.612,0.132169,0.00680539
Test,MI250X,256,16384,4194304,1073741824,1024,1449,2199.02,2147483648,0,0,0,0,0,0,0,0,0,0,0,0,0,0,0,0,0,0,0,0,0,0,0,0,0,0,0,0,1024,0,0,0,0,0,0,1094.19,2009.72,0.363191,0.0187006
Test,MI250X,256,16384,4194304,536870912,1024,1449,1099.51,2147483648,0,0,0,0,0,0,0,0,0,0,0,0,0,0,0,0,0,0,0,0,0,0,0,0,0,0,0,0,0,512,0,0,0,0,0,546.876,2010.53,0.440506,0.0226816
Test,MI250X,256,16384,4194304,268435456,1024,1449,549.756,2147483648,0,0,0,0,0,0,0,0,0,0,0,0,0,0,0,0,0,0,0,0,0,0,0,0,0,0,0,0,0,0,256,0,0,0,0,272.186,2019.78,0.552567,0.0284516
Test,MI250X,256,16384,4194304,134217728,1024,1449,274.878,2147483648,0,0,0,0,0,0,0,0,0,0,0,0,0,0,0,0,0,0,0,0,0,0,0,0,0,0,0,0,0,0,0,128,0,0,0,768.614,357.628,0.14385,0.00740683
Test,MI250X,256,16384,4194304,536870912,1024,1449,1099.51,2147483648,0,0,0,0,0,0,0,0,0,0,0,0,0,0,0,0,0,0,0,0,0,0,0,0,0,0,0,0,0,0,0,0,512,0,0,542.301,2027.49,0.436758,0.0224886
Test,MI250X,256,16384,4194304,268435456,1024,1449,549.756,2147483648,0,0,0,0,0,0,0,0,0,0,0,0,0,0,0,0,0,0,0,0,0,0,0,0,0,0,0,0,0,0,0,0,0,256,0,221.935,2477.1,0.60765,0.0312878
Test,MI250X,256,16384,4194304,134217728,1024,1449,274.878,2147483648,0,0,0,0,0,0,0,0,0,0,0,0,0,0,0,0,0,0,0,0,0,0,0,0,0,0,0,0,0,0,0,0,0,0,128,111.04,2475.48,0.691995,0.0356307
Test,MI250X,256,16384,4194304,1073741824,2048,728,2199.02,2147483648,1024,0,0,0,0,0,0,0,0,0,0,0,0,0,0,0,0,0,0,0,0,0,0,0,0,0,0,0,0,0,0,0,0,0,0,205.19,10717,3.67644,0.267066
Test,MI250X,256,16384,4194304,536870912,2048,728,1099.51,2147483648,0,512,0,0,0,0,0,0,0,0,0,0,0,0,0,0,0,0,0,0,0,0,0,0,0,0,0,0,0,0,0,0,0,0,0,102.681,10708,2.9195,0.212079
Test,MI250X,256,16384,4194304,268435456,2048,728,549.756,2147483648,0,0,256,0,0,0,0,0,0,0,0,0,0,0,0,0,0,0,0,0,0,0,0,0,0,0,0,0,0,0,0,0,0,0,0,52.905,10391.4,2.69438,0.195726
Test,MI250X,256,16384,4194304,134217728,2048,728,274.878,2147483648,0,0,0,128,0,0,0,0,0,0,0,0,0,0,0,0,0,0,0,0,0,0,0,0,0,0,0,0,0,0,0,0,0,0,0,53.2411,5162.89,1.17511,0.085363
Test,MI250X,256,16384,4194304,536870912,2048,728,1099.51,2147483648,0,0,0,0,512,0,0,0,0,0,0,0,0,0,0,0,0,0,0,0,0,0,0,0,0,0,0,0,0,0,0,0,0,0,0,100.784,10909.6,3.48472,0.253138
Test,MI250X,256,16384,4194304,268435456,2048,728,549.756,1073741824,0,0,0,0,0,512,0,0,0,0,0,0,0,0,0,0,0,0,0,0,0,0,0,0,0,0,0,0,0,0,0,0,0,0,0,26.9157,20425.1,6.26081,0.4548
Test,MI250X,256,16384,4194304,134217728,2048,728,274.878,2147483648,0,0,0,0,0,0,128,0,0,0,0,0,0,0,0,0,0,0,0,0,0,0,0,0,0,0,0,0,0,0,0,0,0,0,0,26.3887,10416.5,2.95837,0.214904
Test,MI250X,256,16384,4194304,1073741824,2048,728,2199.02,2147483648,0,0,0,0,0,0,0,1024,0,0,0,0,0,0,0,0,0,0,0,0,0,0,0,0,0,0,0,0,0,0,0,0,0,0,0,203.78,10791.2,4.08309,0.296605
Test,MI250X,256,16384,4194304,536870912,2048,728,1099.51,2147483648,0,0,0,0,0,0,0,0,512,0,0,0,0,0,0,0,0,0,0,0,0,0,0,0,0,0,0,0,0,0,0,0,0,0,0,101.972,10782.5,4.19217,0.304529
Test,MI250X,256,16384,4194304,268435456,2048,728,549.756,2147483648,0,0,0,0,0,0,0,0,0,256,0,0,0,0,0,0,0,0,0,0,0,0,0,0,0,0,0,0,0,0,0,0,0,0,0,52.4013,10491.3,3.85628,0.280129
Test,MI250X,256,16384,4194304,134217728,2048,728,274.878,2147483648,0,0,0,0,0,0,0,0,0,0,128,0,0,0,0,0,0,0,0,0,0,0,0,0,0,0,0,0,0,0,0,0,0,0,0,106.709,2575.95,0.915862,0.0665304
Test,MI250X,256,16384,4194304,536870912,2048,728,1099.51,2147483648,0,0,0,0,0,0,0,0,0,0,0,512,0,0,0,0,0,0,0,0,0,0,0,0,0,0,0,0,0,0,0,0,0,0,0,99.7325,11024.6,2.9206,0.21216
Test,MI250X,256,16384,4194304,268435456,2048,728,549.756,1073741824,0,0,0,0,0,0,0,0,0,0,0,0,512,0,0,0,0,0,0,0,0,0,0,0,0,0,0,0,0,0,0,0,0,0,0,26.0409,21111.2,7.1105,0.516524
Test,MI250X,256,16384,4194304,134217728,2048,728,274.878,2147483648,0,0,0,0,0,0,0,0,0,0,0,0,0,128,0,0,0,0,0,0,0,0,0,0,0,0,0,0,0,0,0,0,0,0,0,26.4257,10401.9,2.12614,0.154448
Test,MI250X,256,16384,4194304,1073741824,2048,728,4398.05,2147483648,0,0,0,0,0,0,0,0,0,0,0,0,0,0,2048,0,0,0,0,0,0,0,0,0,0,0,0,0,0,0,0,0,0,0,0,208.038,21140.6,4.19657,0.304849
Test,MI250X,256,16384,4194304,536870912,2048,728,2199.02,2147483648,0,0,0,0,0,0,0,0,0,0,0,0,0,0,0,1024,0,0,0,0,0,0,0,0,0,0,0,0,0,0,0,0,0,0,0,103.714,21202.8,4.8032,0.348916
Test,MI250X,256,16384,4194304,268435456,2048,728,1099.51,2147483648,0,0,0,0,0,0,0,0,0,0,0,0,0,0,0,0,512,0,0,0,0,0,0,0,0,0,0,0,0,0,0,0,0,0,0,55.7189,19733.2,33.1828,2.41048
Test,MI250X,256,16384,4194304,134217728,2048,728,549.756,2147483648,0,0,0,0,0,0,0,0,0,0,0,0,0,0,0,0,0,256,0,0,0,0,0,0,0,0,0,0,0,0,0,0,0,0,0,108.503,5066.72,0.985581,0.071595
Test,MI250X,256,16384,4194304,536870912,2048,728,2199.02,2147483648,0,0,0,0,0,0,0,0,0,0,0,0,0,0,0,0,0,0,1024,0,0,0,0,0,0,0,0,0,0,0,0,0,0,0,0,202.421,10863.6,2.57598,0.187125
Test,MI250X,256,16384,4194304,268435456,2048,728,1099.51,1073741824,0,0,0,0,0,0,0,0,0,0,0,0,0,0,0,0,0,0,0,1024,0,0,0,0,0,0,0,0,0,0,0,0,0,0,0,27.4374,40073.5,10.6656,0.774772
Test,MI250X,256,16384,4194304,134217728,2048,728,549.756,2147483648,0,0,0,0,0,0,0,0,0,0,0,0,0,0,0,0,0,0,0,0,256,0,0,0,0,0,0,0,0,0,0,0,0,0,0,27.4734,20010.5,10.0263,0.728338
Test,MI250X,256,16384,4194304,1073741824,2048,728,2199.02,2147483648,0,0,0,0,0,0,0,0,0,0,0,0,0,0,0,0,0,0,0,0,0,1024,0,0,0,0,0,0,0,0,0,0,0,0,0,1400.8,1569.83,0.495433,0.0359894
Test,MI250X,256,16384,4194304,536870912,2048,728,1099.51,2147483648,0,0,0,0,0,0,0,0,0,0,0,0,0,0,0,0,0,0,0,0,0,0,512,0,0,0,0,0,0,0,0,0,0,0,0,702.2,1565.81,0.388828,0.0282454
Test,MI250X,256,16384,4194304,268435456,2048,728,549.756,2147483648,0,0,0,0,0,0,0,0,0,0,0,0,0,0,0,0,0,0,0,0,0,0,0,256,0,0,0,0,0,0,0,0,0,0,0,553.824,992.655,0.20709,0.0150435
Test,MI250X,256,16384,4194304,134217728,2048,728,274.878,2147483648,0,0,0,0,0,0,0,0,0,0,0,0,0,0,0,0,0,0,0,0,0,0,0,0,128,0,0,0,0,0,0,0,0,0,0,645.588,425.779,0.120578,0.00875908
Test,MI250X,256,16384,4194304,536870912,2048,728,1099.51,2147483648,0,0,0,0,0,0,0,0,0,0,0,0,0,0,0,0,0,0,0,0,0,0,0,0,0,512,0,0,0,0,0,0,0,0,0,400.157,2747.7,0.749976,0.0544801
Test,MI250X,256,16384,4194304,268435456,2048,728,549.756,2147483648,0,0,0,0,0,0,0,0,0,0,0,0,0,0,0,0,0,0,0,0,0,0,0,0,0,0,256,0,0,0,0,0,0,0,0,715.881,767.944,0.229017,0.0166363
Test,MI250X,256,16384,4194304,134217728,2048,728,274.878,2147483648,0,0,0,0,0,0,0,0,0,0,0,0,0,0,0,0,0,0,0,0,0,0,0,0,0,0,0,128,0,0,0,0,0,0,0,372.733,737.465,0.132631,0.00963466
Test,MI250X,256,16384,4194304,1073741824,2048,728,4398.05,2147483648,0,0,0,0,0,0,0,0,0,0,0,0,0,0,0,0,0,0,0,0,0,0,0,0,0,0,0,0,2048,0,0,0,0,0,0,2186.49,2011.46,0.398354,0.0289374
Test,MI250X,256,16384,4194304,536870912,2048,728,2199.02,2147483648,0,0,0,0,0,0,0,0,0,0,0,0,0,0,0,0,0,0,0,0,0,0,0,0,0,0,0,0,0,1024,0,0,0,0,0,1093.11,2011.71,0.428095,0.0310979
Test,MI250X,256,16384,4194304,268435456,2048,728,1099.51,2147483648,0,0,0,0,0,0,0,0,0,0,0,0,0,0,0,0,0,0,0,0,0,0,0,0,0,0,0,0,0,0,512,0,0,0,0,544.237,2020.28,0.423099,0.0307349
Test,MI250X,256,16384,4194304,134217728,2048,728,549.756,2147483648,0,0,0,0,0,0,0,0,0,0,0,0,0,0,0,0,0,0,0,0,0,0,0,0,0,0,0,0,0,0,0,256,0,0,0,1536.34,357.836,0.0810984,0.00589119
Test,MI250X,256,16384,4194304,536870912,2048,728,2199.02,2147483648,0,0,0,0,0,0,0,0,0,0,0,0,0,0,0,0,0,0,0,0,0,0,0,0,0,0,0,0,0,0,0,0,1024,0,0,1084.46,2027.76,0.447592,0.0325142
Test,MI250X,256,16384,4194304,268435456,2048,728,1099.51,2147483648,0,0,0,0,0,0,0,0,0,0,0,0,0,0,0,0,0,0,0,0,0,0,0,0,0,0,0,0,0,0,0,0,0,512,0,443.423,2479.6,0.625412,0.0454314
Test,MI250X,256,16384,4194304,134217728,2048,728,549.756,2147483648,0,0,0,0,0,0,0,0,0,0,0,0,0,0,0,0,0,0,0,0,0,0,0,0,0,0,0,0,0,0,0,0,0,0,256,221.906,2477.43,0.677696,0.0492295
Test,MI250X,256,16384,4194304,1073741824,4096,340,4398.05,2147483648,2048,0,0,0,0,0,0,0,0,0,0,0,0,0,0,0,0,0,0,0,0,0,0,0,0,0,0,0,0,0,0,0,0,0,0,409.916,10729.2,4.06258,0.431835
Test,MI250X,256,16384,4194304,536870912,4096,340,2199.02,2147483648,0,1024,0,0,0,0,0,0,0,0,0,0,0,0,0,0,0,0,0,0,0,0,0,0,0,0,0,0,0,0,0,0,0,0,0,204.979,10728,2.02448,0.215194
Test,MI250X,256,16384,4194304,268435456,4096,340,1099.51,2147483648,0,0,512,0,0,0,0,0,0,0,0,0,0,0,0,0,0,0,0,0,0,0,0,0,0,0,0,0,0,0,0,0,0,0,0,105.598,10412.3,2.11662,0.224989
Test,MI250X,256,16384,4194304,134217728,4096,340,549.756,2147483648,0,0,0,256,0,0,0,0,0,0,0,0,0,0,0,0,0,0,0,0,0,0,0,0,0,0,0,0,0,0,0,0,0,0,0,106.354,5169.13,1.10124,0.117057
Test,MI250X,256,16384,4194304,536870912,4096,340,2199.02,2147483648,0,0,0,0,1024,0,0,0,0,0,0,0,0,0,0,0,0,0,0,0,0,0,0,0,0,0,0,0,0,0,0,0,0,0,0,199.999,10995.2,2.58632,0.274916
Test,MI250X,256,16384,4194304,268435456,4096,340,1099.51,1073741824,0,0,0,0,0,1024,0,0,0,0,0,0,0,0,0,0,0,0,0,0,0,0,0,0,0,0,0,0,0,0,0,0,0,0,0,54.6303,20126.4,5.13833,0.546184
Test,MI250X,256,16384,4194304,134217728,4096,340,549.756,2147483648,0,0,0,0,0,0,256,0,0,0,0,0,0,0,0,0,0,0,0,0,0,0,0,0,0,0,0,0,0,0,0,0,0,0,0,52.6816,10435.5,2.69556,0.286527
Test,MI250X,256,16384,4194304,1073741824,4096,340,4398.05,2147483648,0,0,0,0,0,0,0,2048,0,0,0,0,0,0,0,0,0,0,0,0,0,0,0,0,0,0,0,0,0,0,0,0,0,0,0,407.004,10805.9,3.73499,0.397014
Test,MI250X,256,16384,4194304,536870912,4096,340,2199.02,2147483648,0,0,0,0,0,0,0,0,1024,0,0,0,0,0,0,0,0,0,0,0,0,0,0,0,0,0,0,0,0,0,0,0,0,0,0,203.605,10800.4,4.02649,0.428
Test,MI250X,256,16384,4194304,268435456,4096,340,1099.51,2147483648,0,0,0,0,0,0,0,0,0,512,0,0,0,0,0,0,0,0,0,0,0,0,0,0,0,0,0,0,0,0,0,0,0,0,0,104.761,10495.4,3.8121,0.40521
Test,MI250X,256,16384,4194304,134217728,4096,340,549.756,2147483648,0,0,0,0,0,0,0,0,0,0,256,0,0,0,0,0,0,0,0,0,0,0,0,0,0,0,0,0,0,0,0,0,0,0,0,213.27,2577.74,0.884511,0.0940199
Test,MI250X,256,16384,4194304,536870912,4096,340,2199.02,2147483648,0,0,0,0,0,0,0,0,0,0,0,1024,0,0,0,0,0,0,0,0,0,0,0,0,0,0,0,0,0,0,0,0,0,0,0,199.104,11044.6,2.86709,0.30476
Test,MI250X,256,16384,4194304,268435456,4096,340,1099.51,1073741824,0,0,0,0,0,0,0,0,0,0,0,0,1024,0,0,0,0,0,0,0,0,0,0,0,0,0,0,0,0,0,0,0,0,0,0,53.0694,20718.4,4.9063,0.52152
Test,MI250X,256,16384,4194304,134217728,4096,340,549.756,2147483648,0,0,0,0,0,0,0,0,0,0,0,0,0,256,0,0,0,0,0,0,0,0,0,0,0,0,0,0,0,0,0,0,0,0,0,52.5078,10470,2.65504,0.28222
Test,MI250X,256,16384,4194304,1073741824,4096,340,8796.09,2147483648,0,0,0,0,0,0,0,0,0,0,0,0,0,0,4096,0,0,0,0,0,0,0,0,0,0,0,0,0,0,0,0,0,0,0,0,419.136,20986.2,4.40895,0.468653
Test,MI250X,256,16384,4194304,536870912,4096,340,4398.05,2147483648,0,0,0,0,0,0,0,0,0,0,0,0,0,0,0,2048,0,0,0,0,0,0,0,0,0,0,0,0,0,0,0,0,0,0,0,208.984,21044.9,3.4621,0.368007
Test,MI250X,256,16384,4194304,268435456,4096,340,2199.02,2147483648,0,0,0,0,0,0,0,0,0,0,0,0,0,0,0,0,1024,0,0,0,0,0,0,0,0,0,0,0,0,0,0,0,0,0,0,124.728,17630.6,7.47892,0.794978
Test,MI250X,256,16384,4194304,134217728,4096,340,1099.51,2147483648,0,0,0,0,0,0,0,0,0,0,0,0,0,0,0,0,0,512,0,0,0,0,0,0,0,0,0,0,0,0,0,0,0,0,0,216.905,5069.08,0.748656,0.0795791
Test,MI250X,256,16384,4194304,536870912,4096,340,4398.05,2147483648,0,0,0,0,0,0,0,0,0,0,0,0,0,0,0,0,0,0,2048,0,0,0,0,0,0,0,0,0,0,0,0,0,0,0,0,404.464,10873.8,2.35725,0.250566
Test,MI250X,256,16384,4194304,268435456,4096,340,2199.02,1073741824,0,0,0,0,0,0,0,0,0,0,0,0,0,0,0,0,0,0,0,2048,0,0,0,0,0,0,0,0,0,0,0,0,0,0,0,59.1567,37173,57.7183,6.13522
Test,MI250X,256,16384,4194304,134217728,4096,340,1099.51,2147483648,0,0,0,0,0,0,0,0,0,0,0,0,0,0,0,0,0,0,0,0,512,0,0,0,0,0,0,0,0,0,0,0,0,0,0,54.4849,20180.1,5.37,0.570809
Test,MI250X,256,16384,4194304,1073741824,4096,340,4398.05,2147483648,0,0,0,0,0,0,0,0,0,0,0,0,0,0,0,0,0,0,0,0,0,2048,0,0,0,0,0,0,0,0,0,0,0,0,0,2801.92,1569.66,0.487441,0.051813
Test,MI250X,256,16384,4194304,536870912,4096,340,2199.02,2147483648,0,0,0,0,0,0,0,0,0,0,0,0,0,0,0,0,0,0,0,0,0,0,1024,0,0,0,0,0,0,0,0,0,0,0,0,1402.56,1567.86,0.343566,0.0365197
Test,MI250X,256,16384,4194304,268435456,4096,340,1099.51,2147483648,0,0,0,0,0,0,0,0,0,0,0,0,0,0,0,0,0,0,0,0,0,0,0,512,0,0,0,0,0,0,0,0,0,0,0,1107.59,992.705,0.186616,0.0198365
Test,MI250X,256,16384,4194304,134217728,4096,340,549.756,2147483648,0,0,0,0,0,0,0,0,0,0,0,0,0,0,0,0,0,0,0,0,0,0,0,0,256,0,0,0,0,0,0,0,0,0,0,1287.57,426.972,0.107111,0.0113855
Test,MI250X,256,16384,4194304,536870912,4096,340,2199.02,2147483648,0,0,0,0,0,0,0,0,0,0,0,0,0,0,0,0,0,0,0,0,0,0,0,0,0,1024,0,0,0,0,0,0,0,0,0,799.409,2750.81,0.549123,0.0583695
Test,MI250X,256,16384,4194304,268435456,4096,340,1099.51,2147483648,0,0,0,0,0,0,0,0,0,0,0,0,0,0,0,0,0,0,0,0,0,0,0,0,0,0,512,0,0,0,0,0,0,0,0,1430.25,768.753,0.18011,0.0191449
Test,MI250X,256,16384,4194304,134217728,4096,340,549.756,2147483648,0,0,0,0,0,0,0,0,0,0,0,0,0,0,0,0,0,0,0,0,0,0,0,0,0,0,0,256,0,0,0,0,0,0,0,741.491,741.42,0.0957913,0.0101822
Test,MI250X,256,16384,4194304,1073741824,4096,340,8796.09,2147483648,0,0,0,0,0,0,0,0,0,0,0,0,0,0,0,0,0,0,0,0,0,0,0,0,0,0,0,0,4096,0,0,0,0,0,0,4372.55,2011.66,0.386786,0.0411138
Test,MI250X,256,16384,4194304,536870912,4096,340,4398.05,2147483648,0,0,0,0,0,0,0,0,0,0,0,0,0,0,0,0,0,0,0,0,0,0,0,0,0,0,0,0,0,2048,0,0,0,0,0,2186.41,2011.54,0.413682,0.0439727
Test,MI250X,256,16384,4194304,268435456,4096,340,2199.02,2147483648,0,0,0,0,0,0,0,0,0,0,0,0,0,0,0,0,0,0,0,0,0,0,0,0,0,0,0,0,0,0,1024,0,0,0,0,1089.49,2018.4,0.366867,0.0389965
Test,MI250X,256,16384,4194304,134217728,4096,340,1099.51,2147483648,0,0,0,0,0,0,0,0,0,0,0,0,0,0,0,0,0,0,0,0,0,0,0,0,0,0,0,0,0,0,0,512,0,0,0,3071.94,357.921,0.0652592,0.00693679
Test,MI250X,256,16384,4194304,536870912,4096,340,4398.05,2147483648,0,0,0,0,0,0,0,0,0,0,0,0,0,0,0,0,0,0,0,0,0,0,0,0,0,0,0,0,0,0,0,0,2048,0,0,2167.85,2028.76,0.470407,0.0500024
Test,MI250X,256,16384,4194304,268435456,4096,340,2199.02,2147483648,0,0,0,0,0,0,0,0,0,0,0,0,0,0,0,0,0,0,0,0,0,0,0,0,0,0,0,0,0,0,0,0,0,1024,0,886.815,2479.69,0.414951,0.0441076
Test,MI250X,256,16384,4194304,134217728,4096,340,1099.51,2147483648,0,0,0,0,0,0,0,0,0,0,0,0,0,0,0,0,0,0,0,0,0,0,0,0,0,0,0,0,0,0,0,0,0,0,512,443.406,2479.69,0.56765,0.0603389Test,MI250X,256,16384,4194304,1073741824,1024,1449,1099.51,2147483648,512,0,0,0,0,0,0,0,0,0,0,0,0,0,0,0,0,0,0,0,0,0,0,0,0,0,0,0,0,0,0,0,0,0,0,102.87,10688.3,4.6474,0.239294
Test,MI250X,256,16384,4194304,536870912,1024,1449,549.756,2147483648,0,256,0,0,0,0,0,0,0,0,0,0,0,0,0,0,0,0,0,0,0,0,0,0,0,0,0,0,0,0,0,0,0,0,0,51.4977,10675.4,2.9448,0.151628
Test,MI250X,256,16384,4194304,268435456,1024,1449,274.878,2147483648,0,0,128,0,0,0,0,0,0,0,0,0,0,0,0,0,0,0,0,0,0,0,0,0,0,0,0,0,0,0,0,0,0,0,0,26.5482,10353.9,2.22551,0.114591
Test,MI250X,256,16384,4194304,134217728,1024,1449,137.439,2147483648,0,0,0,64,0,0,0,0,0,0,0,0,0,0,0,0,0,0,0,0,0,0,0,0,0,0,0,0,0,0,0,0,0,0,0,26.6954,5148.43,1.26133,0.0649457
Test,MI250X,256,16384,4194304,536870912,1024,1449,549.756,2147483648,0,0,0,0,256,0,0,0,0,0,0,0,0,0,0,0,0,0,0,0,0,0,0,0,0,0,0,0,0,0,0,0,0,0,0,50.6519,10853.6,3.28,0.168887
Test,MI250X,256,16384,4194304,268435456,1024,1449,274.878,1073741824,0,0,0,0,0,256,0,0,0,0,0,0,0,0,0,0,0,0,0,0,0,0,0,0,0,0,0,0,0,0,0,0,0,0,0,13.5137,20340.7,5.41716,0.278929
Test,MI250X,256,16384,4194304,134217728,1024,1449,137.439,2147483648,0,0,0,0,0,0,64,0,0,0,0,0,0,0,0,0,0,0,0,0,0,0,0,0,0,0,0,0,0,0,0,0,0,0,0,13.2575,10367,2.34652,0.120822
Test,MI250X,256,16384,4194304,1073741824,1024,1449,1099.51,2147483648,0,0,0,0,0,0,0,512,0,0,0,0,0,0,0,0,0,0,0,0,0,0,0,0,0,0,0,0,0,0,0,0,0,0,0,102.151,10763.6,4.24476,0.218562
Test,MI250X,256,16384,4194304,536870912,1024,1449,549.756,2147483648,0,0,0,0,0,0,0,0,256,0,0,0,0,0,0,0,0,0,0,0,0,0,0,0,0,0,0,0,0,0,0,0,0,0,0,51.1472,10748.5,4.04533,0.208294
Test,MI250X,256,16384,4194304,268435456,1024,1449,274.878,2147483648,0,0,0,0,0,0,0,0,0,128,0,0,0,0,0,0,0,0,0,0,0,0,0,0,0,0,0,0,0,0,0,0,0,0,0,26.2928,10454.5,3.96302,0.204056
Test,MI250X,256,16384,4194304,134217728,1024,1449,137.439,2147483648,0,0,0,0,0,0,0,0,0,0,64,0,0,0,0,0,0,0,0,0,0,0,0,0,0,0,0,0,0,0,0,0,0,0,0,53.3404,2576.64,0.890959,0.0458754
Test,MI250X,256,16384,4194304,536870912,1024,1449,549.756,2147483648,0,0,0,0,0,0,0,0,0,0,0,256,0,0,0,0,0,0,0,0,0,0,0,0,0,0,0,0,0,0,0,0,0,0,0,50.0512,10983.9,3.44565,0.177416
Test,MI250X,256,16384,4194304,268435456,1024,1449,274.878,1073741824,0,0,0,0,0,0,0,0,0,0,0,0,256,0,0,0,0,0,0,0,0,0,0,0,0,0,0,0,0,0,0,0,0,0,0,13.0796,21015.8,5.37825,0.276925
Test,MI250X,256,16384,4194304,134217728,1024,1449,137.439,2147483648,0,0,0,0,0,0,0,0,0,0,0,0,0,64,0,0,0,0,0,0,0,0,0,0,0,0,0,0,0,0,0,0,0,0,0,13.3765,10274.7,2.50166,0.12881
Test,MI250X,256,16384,4194304,1073741824,1024,1449,2199.02,2147483648,0,0,0,0,0,0,0,0,0,0,0,0,0,0,1024,0,0,0,0,0,0,0,0,0,0,0,0,0,0,0,0,0,0,0,0,104.388,21065.9,4.26519,0.219614
Test,MI250X,256,16384,4194304,536870912,1024,1449,1099.51,2147483648,0,0,0,0,0,0,0,0,0,0,0,0,0,0,0,512,0,0,0,0,0,0,0,0,0,0,0,0,0,0,0,0,0,0,0,52.084,21110.4,4.47637,0.230488
Test,MI250X,256,16384,4194304,268435456,1024,1449,549.756,2147483648,0,0,0,0,0,0,0,0,0,0,0,0,0,0,0,0,256,0,0,0,0,0,0,0,0,0,0,0,0,0,0,0,0,0,0,28.381,19370.6,43.0746,2.21791
Test,MI250X,256,16384,4194304,134217728,1024,1449,274.878,2147483648,0,0,0,0,0,0,0,0,0,0,0,0,0,0,0,0,0,128,0,0,0,0,0,0,0,0,0,0,0,0,0,0,0,0,0,54.331,5059.32,1.17443,0.0604715
Test,MI250X,256,16384,4194304,536870912,1024,1449,1099.51,2147483648,0,0,0,0,0,0,0,0,0,0,0,0,0,0,0,0,0,0,512,0,0,0,0,0,0,0,0,0,0,0,0,0,0,0,0,101.461,10836.8,2.92383,0.150548
Test,MI250X,256,16384,4194304,268435456,1024,1449,549.756,1073741824,0,0,0,0,0,0,0,0,0,0,0,0,0,0,0,0,0,0,0,512,0,0,0,0,0,0,0,0,0,0,0,0,0,0,0,13.7832,39885.9,10.8858,0.560506
Test,MI250X,256,16384,4194304,134217728,1024,1449,274.878,2147483648,0,0,0,0,0,0,0,0,0,0,0,0,0,0,0,0,0,0,0,0,128,0,0,0,0,0,0,0,0,0,0,0,0,0,0,14.3703,19128.2,26.2018,1.34913
Test,MI250X,256,16384,4194304,1073741824,1024,1449,1099.51,2147483648,0,0,0,0,0,0,0,0,0,0,0,0,0,0,0,0,0,0,0,0,0,512,0,0,0,0,0,0,0,0,0,0,0,0,0,698.598,1573.88,0.355458,0.0183025
Test,MI250X,256,16384,4194304,536870912,1024,1449,549.756,2147483648,0,0,0,0,0,0,0,0,0,0,0,0,0,0,0,0,0,0,0,0,0,0,256,0,0,0,0,0,0,0,0,0,0,0,0,350.087,1570.34,0.369024,0.019001
Test,MI250X,256,16384,4194304,268435456,1024,1449,274.878,2147483648,0,0,0,0,0,0,0,0,0,0,0,0,0,0,0,0,0,0,0,0,0,0,0,128,0,0,0,0,0,0,0,0,0,0,0,276.843,992.901,0.296065,0.0152443
Test,MI250X,256,16384,4194304,134217728,1024,1449,137.439,2147483648,0,0,0,0,0,0,0,0,0,0,0,0,0,0,0,0,0,0,0,0,0,0,0,0,64,0,0,0,0,0,0,0,0,0,0,322.531,426.126,0.117098,0.00602936
Test,MI250X,256,16384,4194304,536870912,1024,1449,549.756,2147483648,0,0,0,0,0,0,0,0,0,0,0,0,0,0,0,0,0,0,0,0,0,0,0,0,0,256,0,0,0,0,0,0,0,0,0,200.3,2744.65,0.749455,0.0385893
Test,MI250X,256,16384,4194304,268435456,1024,1449,274.878,2147483648,0,0,0,0,0,0,0,0,0,0,0,0,0,0,0,0,0,0,0,0,0,0,0,0,0,0,128,0,0,0,0,0,0,0,0,358.16,767.472,0.28542,0.0146962
Test,MI250X,256,16384,4194304,134217728,1024,1449,137.439,2147483648,0,0,0,0,0,0,0,0,0,0,0,0,0,0,0,0,0,0,0,0,0,0,0,0,0,0,0,64,0,0,0,0,0,0,0,188.113,730.619,0.16193,0.00833776
Test,MI250X,256,16384,4194304,1073741824,1024,1449,2199.02,2147483648,0,0,0,0,0,0,0,0,0,0,0,0,0,0,0,0,0,0,0,0,0,0,0,0,0,0,0,0,1024,0,0,0,0,0,0,1093.97,2010.12,0.395709,0.020375
Test,MI250X,256,16384,4194304,1073741824,1,20769,1.07374,2147483648,0.5,0,0,0,0,0,0,0,0,0,0,0,0,0,0,0,0,0,0,0,0,0,0,0,0,0,0,0,0,0,0,0,0,0,0,5.48117,195.932,2.63937,0.0358961
Test,MI250X,256,16384,4194304,536870912,1,20769,0.536871,2147483648,0,0.25,0,0,0,0,0,0,0,0,0,0,0,0,0,0,0,0,0,0,0,0,0,0,0,0,0,0,0,0,0,0,0,0,0,3.45248,155.505,0.636159,0.00865195
Test,MI250X,256,16384,4194304,268435456,1,20769,0.268435,2147483648,0,0,0.125,0,0,0,0,0,0,0,0,0,0,0,0,0,0,0,0,0,0,0,0,0,0,0,0,0,0,0,0,0,0,0,0,2.50216,107.284,0.610749,0.00830636
Test,MI250X,256,16384,4194304,134217728,1,20769,0.134218,2147483648,0,0,0,0.0625,0,0,0,0,0,0,0,0,0,0,0,0,0,0,0,0,0,0,0,0,0,0,0,0,0,0,0,0,0,0,0,2.13323,62.9196,0.32297,0.00439248
Test,MI250X,256,16384,4194304,536870912,1,20769,0.536871,1073741824,0,0,0,0,0.5,0,0,0,0,0,0,0,0,0,0,0,0,0,0,0,0,0,0,0,0,0,0,0,0,0,0,0,0,0,0,1.42207,377.538,1.88888,0.0256894
Test,MI250X,256,16384,4194304,268435456,1,20769,0.268435,1073741824,0,0,0,0,0,0.25,0,0,0,0,0,0,0,0,0,0,0,0,0,0,0,0,0,0,0,0,0,0,0,0,0,0,0,0,0,0.959184,279.88,2.47111,0.0336078
Test,MI250X,256,16384,4194304,134217728,1,20769,0.134218,1073741824,0,0,0,0,0,0,0.125,0,0,0,0,0,0,0,0,0,0,0,0,0,0,0,0,0,0,0,0,0,0,0,0,0,0,0,0,0.957323,140.211,1.2103,0.0164604
Test,MI250X,256,16384,4194304,1073741824,1,20769,1.07374,2147483648,0,0,0,0,0,0,0,0.5,0,0,0,0,0,0,0,0,0,0,0,0,0,0,0,0,0,0,0,0,0,0,0,0,0,0,0,5.46705,196.438,2.65566,0.0361177
Test,MI250X,256,16384,4194304,536870912,1,20769,0.536871,2147483648,0,0,0,0,0,0,0,0,0.25,0,0,0,0,0,0,0,0,0,0,0,0,0,0,0,0,0,0,0,0,0,0,0,0,0,0,3.45191,155.532,0.639151,0.00869263
Test,MI250X,256,16384,4194304,268435456,1,20769,0.268435,2147483648,0,0,0,0,0,0,0,0,0,0.125,0,0,0,0,0,0,0,0,0,0,0,0,0,0,0,0,0,0,0,0,0,0,0,0,0,2.5023,107.279,0.618041,0.00840554
Test,MI250X,256,16384,4194304,134217728,1,20769,0.134218,2147483648,0,0,0,0,0,0,0,0,0,0,0.0625,0,0,0,0,0,0,0,0,0,0,0,0,0,0,0,0,0,0,0,0,0,0,0,0,2.13128,62.9775,0.348602,0.0047411
Test,MI250X,256,16384,4194304,536870912,1,20769,0.536871,1073741824,0,0,0,0,0,0,0,0,0,0,0,0.5,0,0,0,0,0,0,0,0,0,0,0,0,0,0,0,0,0,0,0,0,0,0,0,1.42192,377.578,1.91013,0.0259784
Test,MI250X,256,16384,4194304,268435456,1,20769,0.268435,1073741824,0,0,0,0,0,0,0,0,0,0,0,0,0.25,0,0,0,0,0,0,0,0,0,0,0,0,0,0,0,0,0,0,0,0,0,0,0.95881,279.991,2.46663,0.0335468
Test,MI250X,256,16384,4194304,134217728,1,20769,0.134218,1073741824,0,0,0,0,0,0,0,0,0,0,0,0,0,0.125,0,0,0,0,0,0,0,0,0,0,0,0,0,0,0,0,0,0,0,0,0,0.957302,140.216,1.22159,0.016614
Test,MI250X,256,16384,4194304,1073741824,1,20769,2.14748,1073741824,0,0,0,0,0,0,0,0,0,0,0,0,0,0,2,0,0,0,0,0,0,0,0,0,0,0,0,0,0,0,0,0,0,0,0,2.32701,922.897,6.79709,0.0924425
Test,MI250X,256,16384,4194304,536870912,1,20769,1.07374,1073741824,0,0,0,0,0,0,0,0,0,0,0,0,0,0,0,1,0,0,0,0,0,0,0,0,0,0,0,0,0,0,0,0,0,0,0,1.41897,756.726,3.77848,0.0513885
Test,MI250X,256,16384,4194304,268435456,1,20769,0.536871,1073741824,0,0,0,0,0,0,0,0,0,0,0,0,0,0,0,0,0.5,0,0,0,0,0,0,0,0,0,0,0,0,0,0,0,0,0,0,0.917566,585.123,3.60327,0.0490056
Test,MI250X,256,16384,4194304,134217728,1,20769,0.268435,1073741824,0,0,0,0,0,0,0,0,0,0,0,0,0,0,0,0,0,0.25,0,0,0,0,0,0,0,0,0,0,0,0,0,0,0,0,0,0.958949,279.948,2.41444,0.0328371
Test,MI250X,256,16384,4194304,536870912,1,20769,1.07374,1073741824,0,0,0,0,0,0,0,0,0,0,0,0,0,0,0,0,0,0,1,0,0,0,0,0,0,0,0,0,0,0,0,0,0,0,0,1.44029,745.515,3.58715,0.0487863
Test,MI250X,256,16384,4194304,268435456,1,20769,0.536871,1073741824,0,0,0,0,0,0,0,0,0,0,0,0,0,0,0,0,0,0,0,0.5,0,0,0,0,0,0,0,0,0,0,0,0,0,0,0,0.961629,558.337,4.88094,0.0663822
Test,MI250X,256,16384,4194304,134217728,1,20769,0.268435,1073741824,0,0,0,0,0,0,0,0,0,0,0,0,0,0,0,0,0,0,0,0,0.25,0,0,0,0,0,0,0,0,0,0,0,0,0,0,0.960332,279.545,2.42027,0.0329164
Test,MI250X,256,16384,4194304,1073741824,1,20769,1.07374,1073741824,0,0,0,0,0,0,0,0,0,0,0,0,0,0,0,0,0,0,0,0,0,1,0,0,0,0,0,0,0,0,0,0,0,0,0,2.55983,419.462,1.36012,0.018498
Test,MI250X,256,16384,4194304,536870912,1,20769,0.536871,1073741824,0,0,0,0,0,0,0,0,0,0,0,0,0,0,0,0,0,0,0,0,0,0,0.5,0,0,0,0,0,0,0,0,0,0,0,0,1.46258,367.077,1.04017,0.0141466
Test,MI250X,256,16384,4194304,268435456,1,20769,0.268435,1073741824,0,0,0,0,0,0,0,0,0,0,0,0,0,0,0,0,0,0,0,0,0,0,0,0.25,0,0,0,0,0,0,0,0,0,0,0,0.938268,286.107,1.77577,0.0241509
Test,MI250X,256,16384,4194304,134217728,1,20769,0.134218,1073741824,0,0,0,0,0,0,0,0,0,0,0,0,0,0,0,0,0,0,0,0,0,0,0,0,0.125,0,0,0,0,0,0,0,0,0,0,0.96049,139.745,0.908056,0.0123498
Test,MI250X,256,16384,4194304,536870912,1,20769,0.536871,1073741824,0,0,0,0,0,0,0,0,0,0,0,0,0,0,0,0,0,0,0,0,0,0,0,0,0,0.5,0,0,0,0,0,0,0,0,0,1.46268,367.054,1.28222,0.0174386
Test,MI250X,256,16384,4194304,268435456,1,20769,0.268435,1073741824,0,0,0,0,0,0,0,0,0,0,0,0,0,0,0,0,0,0,0,0,0,0,0,0,0,0,0.25,0,0,0,0,0,0,0,0,0.95844,280.083,1.43165,0.0194708
Test,MI250X,256,16384,4194304,134217728,1,20769,0.134218,1073741824,0,0,0,0,0,0,0,0,0,0,0,0,0,0,0,0,0,0,0,0,0,0,0,0,0,0,0,0.125,0,0,0,0,0,0,0,0.95812,140.091,1.01665,0.0138268
Test,MI250X,256,16384,4194304,1073741824,1,20769,2.14748,2147483648,0,0,0,0,0,0,0,0,0,0,0,0,0,0,0,0,0,0,0,0,0,0,0,0,0,0,0,0,1,0,0,0,0,0,0,6.22431,345.026,1.70368,0.0231706
Test,MI250X,256,16384,4194304,536870912,1,20769,1.07374,2147483648,0,0,0,0,0,0,0,0,0,0,0,0,0,0,0,0,0,0,0,0,0,0,0,0,0,0,0,0,0,0.5,0,0,0,0,0,3.61946,296.66,0.996807,0.0135569
Test,MI250X,256,16384,4194304,268435456,1,20769,0.536871,2147483648,0,0,0,0,0,0,0,0,0,0,0,0,0,0,0,0,0,0,0,0,0,0,0,0,0,0,0,0,0,0,0.25,0,0,0,0,2.70409,198.554,1.63431,0.0222271
Test,MI250X,256,16384,4194304,134217728,1,20769,0.268435,2147483648,0,0,0,0,0,0,0,0,0,0,0,0,0,0,0,0,0,0,0,0,0,0,0,0,0,0,0,0,0,0,0,0.125,0,0,0,2.2142,121.236,0.503745,0.00685108
Test,MI250X,256,16384,4194304,536870912,1,20769,1.07374,2147483648,0,0,0,0,0,0,0,0,0,0,0,0,0,0,0,0,0,0,0,0,0,0,0,0,0,0,0,0,0,0,0,0,0.5,0,0,3.62767,295.99,1.00994,0.0137355
Test,MI250X,256,16384,4194304,268435456,1,20769,0.536871,2147483648,0,0,0,0,0,0,0,0,0,0,0,0,0,0,0,0,0,0,0,0,0,0,0,0,0,0,0,0,0,0,0,0,0,0.25,0,2.66716,201.3,1.51643,0.0206239
Test,MI250X,256,16384,4194304,134217728,1,20769,0.268435,2147483648,0,0,0,0,0,0,0,0,0,0,0,0,0,0,0,0,0,0,0,0,0,0,0,0,0,0,0,0,0,0,0,0,0,0,0.125,2.19748,122.158,0.579806,0.00788554
Test,MI250X,256,16384,4194304,1073741824,2,20801,2.14748,2147483648,1,0,0,0,0,0,0,0,0,0,0,0,0,0,0,0,0,0,0,0,0,0,0,0,0,0,0,0,0,0,0,0,0,0,0,5.47485,392.316,5.27094,0.0716311
Test,MI250X,256,16384,4194304,536870912,2,20801,1.07374,2147483648,0,0.5,0,0,0,0,0,0,0,0,0,0,0,0,0,0,0,0,0,0,0,0,0,0,0,0,0,0,0,0,0,0,0,0,0,3.45193,311.062,1.2679,0.0172305
Test,MI250X,256,16384,4194304,268435456,2,20801,0.536871,2147483648,0,0,0.25,0,0,0,0,0,0,0,0,0,0,0,0,0,0,0,0,0,0,0,0,0,0,0,0,0,0,0,0,0,0,0,0,2.5028,214.515,1.23002,0.0167158
Test,MI250X,256,16384,4194304,134217728,2,20801,0.268435,2147483648,0,0,0,0.125,0,0,0,0,0,0,0,0,0,0,0,0,0,0,0,0,0,0,0,0,0,0,0,0,0,0,0,0,0,0,0,2.13311,125.846,0.643216,0.00874119
Test,MI250X,256,16384,4194304,536870912,2,20801,1.07374,1073741824,0,0,0,0,1,0,0,0,0,0,0,0,0,0,0,0,0,0,0,0,0,0,0,0,0,0,0,0,0,0,0,0,0,0,0,1.43908,746.135,3.43213,0.0466421
Test,MI250X,256,16384,4194304,268435456,2,20801,0.536871,1073741824,0,0,0,0,0,0.5,0,0,0,0,0,0,0,0,0,0,0,0,0,0,0,0,0,0,0,0,0,0,0,0,0,0,0,0,0,0.958393,560.224,4.94515,0.0672037
Test,MI250X,256,16384,4194304,134217728,2,20801,0.268435,1073741824,0,0,0,0,0,0,0.25,0,0,0,0,0,0,0,0,0,0,0,0,0,0,0,0,0,0,0,0,0,0,0,0,0,0,0,0,0.956406,280.694,2.43153,0.0330441
Test,MI250X,256,16384,4194304,1073741824,2,20801,2.14748,2147483648,0,0,0,0,0,0,0,1,0,0,0,0,0,0,0,0,0,0,0,0,0,0,0,0,0,0,0,0,0,0,0,0,0,0,0,5.46576,392.966,5.22548,0.0710134
Test,MI250X,256,16384,4194304,536870912,2,20801,1.07374,2147483648,0,0,0,0,0,0,0,0,0.5,0,0,0,0,0,0,0,0,0,0,0,0,0,0,0,0,0,0,0,0,0,0,0,0,0,0,3.45206,311.047,1.27951,0.0173884
Test,MI250X,256,16384,4194304,268435456,2,20801,0.536871,2147483648,0,0,0,0,0,0,0,0,0,0.25,0,0,0,0,0,0,0,0,0,0,0,0,0,0,0,0,0,0,0,0,0,0,0,0,0,2.50209,214.577,1.24527,0.016923
Test,MI250X,256,16384,4194304,134217728,2,20801,0.268435,2147483648,0,0,0,0,0,0,0,0,0,0,0.125,0,0,0,0,0,0,0,0,0,0,0,0,0,0,0,0,0,0,0,0,0,0,0,0,2.13114,125.963,0.694815,0.00944242
Test,MI250X,256,16384,4194304,536870912,2,20801,1.07374,1073741824,0,0,0,0,0,0,0,0,0,0,0,1,0,0,0,0,0,0,0,0,0,0,0,0,0,0,0,0,0,0,0,0,0,0,0,1.4393,746.024,3.47711,0.0472534
Test,MI250X,256,16384,4194304,268435456,2,20801,0.536871,1073741824,0,0,0,0,0,0,0,0,0,0,0,0,0.5,0,0,0,0,0,0,0,0,0,0,0,0,0,0,0,0,0,0,0,0,0,0,0.958834,559.966,4.91022,0.066729
Test,MI250X,256,16384,4194304,134217728,2,20801,0.268435,1073741824,0,0,0,0,0,0,0,0,0,0,0,0,0,0.25,0,0,0,0,0,0,0,0,0,0,0,0,0,0,0,0,0,0,0,0,0,0.956574,280.643,2.44905,0.0332821
Test,MI250X,256,16384,4194304,1073741824,2,20801,4.29497,1073741824,0,0,0,0,0,0,0,0,0,0,0,0,0,0,4,0,0,0,0,0,0,0,0,0,0,0,0,0,0,0,0,0,0,0,0,2.35708,1822.21,10.4857,0.142499
Test,MI250X,256,16384,4194304,536870912,2,20801,2.14748,1073741824,0,0,0,0,0,0,0,0,0,0,0,0,0,0,0,2,0,0,0,0,0,0,0,0,0,0,0,0,0,0,0,0,0,0,0,1.43284,1498.78,6.94887,0.094434
Test,MI250X,256,16384,4194304,268435456,2,20801,1.07374,1073741824,0,0,0,0,0,0,0,0,0,0,0,0,0,0,0,0,1,0,0,0,0,0,0,0,0,0,0,0,0,0,0,0,0,0,0,0.920361,1166.7,7.46296,0.10142
Test,MI250X,256,16384,4194304,134217728,2,20801,0.536871,1073741824,0,0,0,0,0,0,0,0,0,0,0,0,0,0,0,0,0,0.5,0,0,0,0,0,0,0,0,0,0,0,0,0,0,0,0,0,0.954674,562.391,4.09277,0.0556201
Test,MI250X,256,16384,4194304,536870912,2,20801,2.14748,1073741824,0,0,0,0,0,0,0,0,0,0,0,0,0,0,0,0,0,0,2,0,0,0,0,0,0,0,0,0,0,0,0,0,0,0,0,1.47173,1459.18,5.69705,0.0774219
Test,MI250X,256,16384,4194304,268435456,2,20801,1.07374,1073741824,0,0,0,0,0,0,0,0,0,0,0,0,0,0,0,0,0,0,0,1,0,0,0,0,0,0,0,0,0,0,0,0,0,0,0,0.961226,1117.15,9.81204,0.133344
Test,MI250X,256,16384,4194304,134217728,2,20801,0.536871,1073741824,0,0,0,0,0,0,0,0,0,0,0,0,0,0,0,0,0,0,0,0,0.5,0,0,0,0,0,0,0,0,0,0,0,0,0,0,0.959538,559.556,4.83481,0.0657043
Test,MI250X,256,16384,4194304,1073741824,2,20801,2.14748,1073741824,0,0,0,0,0,0,0,0,0,0,0,0,0,0,0,0,0,0,0,0,0,2,0,0,0,0,0,0,0,0,0,0,0,0,0,3.0311,708.482,1.40465,0.0190889
Test,MI250X,256,16384,4194304,536870912,2,20801,1.07374,1073741824,0,0,0,0,0,0,0,0,0,0,0,0,0,0,0,0,0,0,0,0,0,0,1,0,0,0,0,0,0,0,0,0,0,0,0,1.61966,662.95,1.07669,0.014632
Test,MI250X,256,16384,4194304,268435456,2,20801,0.536871,1073741824,0,0,0,0,0,0,0,0,0,0,0,0,0,0,0,0,0,0,0,0,0,0,0,0.5,0,0,0,0,0,0,0,0,0,0,0,1.2256,438.056,0.330488,0.00449127
Test,MI250X,256,16384,4194304,134217728,2,20801,0.268435,1073741824,0,0,0,0,0,0,0,0,0,0,0,0,0,0,0,0,0,0,0,0,0,0,0,0,0.25,0,0,0,0,0,0,0,0,0,0,0.967481,277.468,1.3931,0.018932
Test,MI250X,256,16384,4194304,536870912,2,20801,1.07374,1073741824,0,0,0,0,0,0,0,0,0,0,0,0,0,0,0,0,0,0,0,0,0,0,0,0,0,1,0,0,0,0,0,0,0,0,0,1.55421,690.863,1.38488,0.0188203
Test,MI250X,256,16384,4194304,268435456,2,20801,0.536871,1073741824,0,0,0,0,0,0,0,0,0,0,0,0,0,0,0,0,0,0,0,0,0,0,0,0,0,0,0.5,0,0,0,0,0,0,0,0,0.992804,540.765,1.32347,0.0179857
Test,MI250X,256,16384,4194304,134217728,2,20801,0.268435,1073741824,0,0,0,0,0,0,0,0,0,0,0,0,0,0,0,0,0,0,0,0,0,0,0,0,0,0,0,0.25,0,0,0,0,0,0,0,0.960207,279.574,1.92148,0.0261126
Test,MI250X,256,16384,4194304,1073741824,2,20801,4.29497,2147483648,0,0,0,0,0,0,0,0,0,0,0,0,0,0,0,0,0,0,0,0,0,0,0,0,0,0,0,0,2,0,0,0,0,0,0,6.39426,671.701,2.7448,0.0373013
Test,MI250X,256,16384,4194304,536870912,2,20801,2.14748,2147483648,0,0,0,0,0,0,0,0,0,0,0,0,0,0,0,0,0,0,0,0,0,0,0,0,0,0,0,0,0,1,0,0,0,0,0,3.64258,589.554,1.86307,0.0253188
Test,MI250X,256,16384,4194304,268435456,2,20801,1.07374,2147483648,0,0,0,0,0,0,0,0,0,0,0,0,0,0,0,0,0,0,0,0,0,0,0,0,0,0,0,0,0,0,0.5,0,0,0,0,2.63906,406.899,3.75819,0.0510732
Test,MI250X,256,16384,4194304,134217728,2,20801,0.536871,2147483648,0,0,0,0,0,0,0,0,0,0,0,0,0,0,0,0,0,0,0,0,0,0,0,0,0,0,0,0,0,0,0,0.25,0,0,0,2.21227,242.689,1.58246,0.0215054
Test,MI250X,256,16384,4194304,536870912,2,20801,2.14748,2147483648,0,0,0,0,0,0,0,0,0,0,0,0,0,0,0,0,0,0,0,0,0,0,0,0,0,0,0,0,0,0,0,0,1,0,0,3.65064,588.252,1.90913,0.0259448
Test,MI250X,256,16384,4194304,268435456,2,20801,1.07374,2147483648,0,0,0,0,0,0,0,0,0,0,0,0,0,0,0,0,0,0,0,0,0,0,0,0,0,0,0,0,0,0,0,0,0,0.5,0,2.65903,403.84,3.60569,0.0490007
Test,MI250X,256,16384,4194304,134217728,2,20801,0.536871,2147483648,0,0,0,0,0,0,0,0,0,0,0,0,0,0,0,0,0,0,0,0,0,0,0,0,0,0,0,0,0,0,0,0,0,0,0.25,2.19864,244.187,1.09314,0.0148556
Test,MI250X,256,16384,4194304,1073741824,4,20839,4.29497,2147483648,2,0,0,0,0,0,0,0,0,0,0,0,0,0,0,0,0,0,0,0,0,0,0,0,0,0,0,0,0,0,0,0,0,0,0,5.71789,751.219,7.36209,0.0999582
Test,MI250X,256,16384,4194304,536870912,4,20839,2.14748,2147483648,0,1,0,0,0,0,0,0,0,0,0,0,0,0,0,0,0,0,0,0,0,0,0,0,0,0,0,0,0,0,0,0,0,0,0,3.53367,607.728,2.27863,0.0309379
Test,MI250X,256,16384,4194304,268435456,4,20839,1.07374,2147483648,0,0,0.5,0,0,0,0,0,0,0,0,0,0,0,0,0,0,0,0,0,0,0,0,0,0,0,0,0,0,0,0,0,0,0,0,2.50472,428.703,2.51875,0.0341981
Test,MI250X,256,16384,4194304,134217728,4,20839,0.536871,2147483648,0,0,0,0.25,0,0,0,0,0,0,0,0,0,0,0,0,0,0,0,0,0,0,0,0,0,0,0,0,0,0,0,0,0,0,0,2.13257,251.755,1.31386,0.0178388
Test,MI250X,256,16384,4194304,536870912,4,20839,2.14748,1073741824,0,0,0,0,2,0,0,0,0,0,0,0,0,0,0,0,0,0,0,0,0,0,0,0,0,0,0,0,0,0,0,0,0,0,0,1.45766,1473.26,5.45057,0.0740047
Test,MI250X,256,16384,4194304,268435456,4,20839,1.07374,1073741824,0,0,0,0,0,1,0,0,0,0,0,0,0,0,0,0,0,0,0,0,0,0,0,0,0,0,0,0,0,0,0,0,0,0,0,0.957828,1121.12,9.98844,0.135617
Test,MI250X,256,16384,4194304,134217728,4,20839,0.536871,1073741824,0,0,0,0,0,0,0.5,0,0,0,0,0,0,0,0,0,0,0,0,0,0,0,0,0,0,0,0,0,0,0,0,0,0,0,0,0.955718,561.789,4.93988,0.0670709
Test,MI250X,256,16384,4194304,1073741824,4,20839,4.29497,2147483648,0,0,0,0,0,0,0,2,0,0,0,0,0,0,0,0,0,0,0,0,0,0,0,0,0,0,0,0,0,0,0,0,0,0,0,5.71099,752.125,7.39398,0.100391
Test,MI250X,256,16384,4194304,536870912,4,20839,2.14748,2147483648,0,0,0,0,0,0,0,0,1,0,0,0,0,0,0,0,0,0,0,0,0,0,0,0,0,0,0,0,0,0,0,0,0,0,0,3.53107,608.175,2.28906,0.0310795
Test,MI250X,256,16384,4194304,268435456,4,20839,1.07374,2147483648,0,0,0,0,0,0,0,0,0,0.5,0,0,0,0,0,0,0,0,0,0,0,0,0,0,0,0,0,0,0,0,0,0,0,0,0,2.5046,428.722,2.50762,0.034047
Test,MI250X,256,16384,4194304,134217728,4,20839,0.536871,2147483648,0,0,0,0,0,0,0,0,0,0,0.25,0,0,0,0,0,0,0,0,0,0,0,0,0,0,0,0,0,0,0,0,0,0,0,0,2.12713,252.402,1.47816,0.0200697
Test,MI250X,256,16384,4194304,536870912,4,20839,2.14748,1073741824,0,0,0,0,0,0,0,0,0,0,0,2,0,0,0,0,0,0,0,0,0,0,0,0,0,0,0,0,0,0,0,0,0,0,0,1.45714,1473.78,5.43376,0.0737766
Test,MI250X,256,16384,4194304,268435456,4,20839,1.07374,1073741824,0,0,0,0,0,0,0,0,0,0,0,0,1,0,0,0,0,0,0,0,0,0,0,0,0,0,0,0,0,0,0,0,0,0,0,0.957734,1121.23,9.98047,0.135509
Test,MI250X,256,16384,4194304,134217728,4,20839,0.536871,1073741824,0,0,0,0,0,0,0,0,0,0,0,0,0,0.5,0,0,0,0,0,0,0,0,0,0,0,0,0,0,0,0,0,0,0,0,0,0.955689,561.807,4.94059,0.0670805
Test,MI250X,256,16384,4194304,1073741824,4,20839,8.58993,1073741824,0,0,0,0,0,0,0,0,0,0,0,0,0,0,8,0,0,0,0,0,0,0,0,0,0,0,0,0,0,0,0,0,0,0,0,2.43788,3523.6,15.8517,0.215225
Test,MI250X,256,16384,4194304,536870912,4,20839,4.29497,1073741824,0,0,0,0,0,0,0,0,0,0,0,0,0,0,0,4,0,0,0,0,0,0,0,0,0,0,0,0,0,0,0,0,0,0,0,1.46218,2937.43,11.3993,0.154773
Test,MI250X,256,16384,4194304,268435456,4,20839,2.14748,1073741824,0,0,0,0,0,0,0,0,0,0,0,0,0,0,0,0,2,0,0,0,0,0,0,0,0,0,0,0,0,0,0,0,0,0,0,0.925645,2320.07,15.6315,0.212236
Test,MI250X,256,16384,4194304,134217728,4,20839,1.07374,1073741824,0,0,0,0,0,0,0,0,0,0,0,0,0,0,0,0,0,1,0,0,0,0,0,0,0,0,0,0,0,0,0,0,0,0,0,0.961382,1116.93,7.88262,0.107026
Test,MI250X,256,16384,4194304,536870912,4,20839,4.29497,1073741824,0,0,0,0,0,0,0,0,0,0,0,0,0,0,0,0,0,0,4,0,0,0,0,0,0,0,0,0,0,0,0,0,0,0,0,1.48257,2896.98,8.6769,0.11781
Test,MI250X,256,16384,4194304,268435456,4,20839,2.14748,1073741824,0,0,0,0,0,0,0,0,0,0,0,0,0,0,0,0,0,0,0,2,0,0,0,0,0,0,0,0,0,0,0,0,0,0,0,0.960334,2236.37,19.6879,0.267312
Test,MI250X,256,16384,4194304,134217728,4,20839,1.07374,1073741824,0,0,0,0,0,0,0,0,0,0,0,0,0,0,0,0,0,0,0,0,1,0,0,0,0,0,0,0,0,0,0,0,0,0,0,0.958459,1120.37,9.71597,0.131918
Test,MI250X,256,16384,4194304,1073741824,4,20839,4.29497,1073741824,0,0,0,0,0,0,0,0,0,0,0,0,0,0,0,0,0,0,0,0,0,4,0,0,0,0,0,0,0,0,0,0,0,0,0,4.82726,889.824,0.336496,0.00456875
Test,MI250X,256,16384,4194304,536870912,4,20839,2.14748,1073741824,0,0,0,0,0,0,0,0,0,0,0,0,0,0,0,0,0,0,0,0,0,0,2,0,0,0,0,0,0,0,0,0,0,0,0,2.43743,881.069,0.423247,0.00574661
Test,MI250X,256,16384,4194304,268435456,4,20839,1.07374,1073741824,0,0,0,0,0,0,0,0,0,0,0,0,0,0,0,0,0,0,0,0,0,0,0,1,0,0,0,0,0,0,0,0,0,0,0,2.30102,466.635,0.169126,0.00229629
Test,MI250X,256,16384,4194304,134217728,4,20839,0.536871,1073741824,0,0,0,0,0,0,0,0,0,0,0,0,0,0,0,0,0,0,0,0,0,0,0,0,0.5,0,0,0,0,0,0,0,0,0,0,1.32731,404.492,0.200556,0.00272304
Test,MI250X,256,16384,4194304,536870912,4,20839,2.14748,1073741824,0,0,0,0,0,0,0,0,0,0,0,0,0,0,0,0,0,0,0,0,0,0,0,0,0,2,0,0,0,0,0,0,0,0,0,2.08031,1032.28,0.684845,0.00929844
Test,MI250X,256,16384,4194304,268435456,4,20839,1.07374,1073741824,0,0,0,0,0,0,0,0,0,0,0,0,0,0,0,0,0,0,0,0,0,0,0,0,0,0,1,0,0,0,0,0,0,0,0,1.60583,668.646,0.293156,0.0039803
Test,MI250X,256,16384,4194304,134217728,4,20839,0.536871,1073741824,0,0,0,0,0,0,0,0,0,0,0,0,0,0,0,0,0,0,0,0,0,0,0,0,0,0,0,0.5,0,0,0,0,0,0,0,1.01372,529.603,1.36527,0.0185369
Test,MI250X,256,16384,4194304,1073741824,4,20839,8.58993,2147483648,0,0,0,0,0,0,0,0,0,0,0,0,0,0,0,0,0,0,0,0,0,0,0,0,0,0,0,0,4,0,0,0,0,0,0,6.67893,1286.13,3.61434,0.0490734
Test,MI250X,256,16384,4194304,536870912,4,20839,4.29497,2147483648,0,0,0,0,0,0,0,0,0,0,0,0,0,0,0,0,0,0,0,0,0,0,0,0,0,0,0,0,0,2,0,0,0,0,0,3.76013,1142.25,2.93443,0.0398421
Test,MI250X,256,16384,4194304,268435456,4,20839,2.14748,2147483648,0,0,0,0,0,0,0,0,0,0,0,0,0,0,0,0,0,0,0,0,0,0,0,0,0,0,0,0,0,0,1,0,0,0,0,2.60075,825.814,8.92764,0.121214
Test,MI250X,256,16384,4194304,134217728,4,20839,1.07374,2147483648,0,0,0,0,0,0,0,0,0,0,0,0,0,0,0,0,0,0,0,0,0,0,0,0,0,0,0,0,0,0,0,0.5,0,0,0,3.10142,346.202,0.106626,0.00144771
Test,MI250X,256,16384,4194304,536870912,4,20839,4.29497,2147483648,0,0,0,0,0,0,0,0,0,0,0,0,0,0,0,0,0,0,0,0,0,0,0,0,0,0,0,0,0,0,0,0,2,0,0,3.77157,1138.78,2.93339,0.0398278
Test,MI250X,256,16384,4194304,268435456,4,20839,2.14748,2147483648,0,0,0,0,0,0,0,0,0,0,0,0,0,0,0,0,0,0,0,0,0,0,0,0,0,0,0,0,0,0,0,0,0,1,0,2.61603,820.969,7.81391,0.106093
Test,MI250X,256,16384,4194304,134217728,4,20839,1.07374,2147483648,0,0,0,0,0,0,0,0,0,0,0,0,0,0,0,0,0,0,0,0,0,0,0,0,0,0,0,0,0,0,0,0,0,0,0.5,2.20648,486.642,2.07259,0.0281405
Test,MI250X,256,16384,4194304,1073741824,8,20861,8.58993,2147483648,4,0,0,0,0,0,0,0,0,0,0,0,0,0,0,0,0,0,0,0,0,0,0,0,0,0,0,0,0,0,0,0,0,0,0,6.08333,1412.14,11.4552,0.15545
Test,MI250X,256,16384,4194304,536870912,8,20861,4.29497,2147483648,0,2,0,0,0,0,0,0,0,0,0,0,0,0,0,0,0,0,0,0,0,0,0,0,0,0,0,0,0,0,0,0,0,0,0,3.60487,1191.45,4.29028,0.0582202
Test,MI250X,256,16384,4194304,268435456,8,20861,2.14748,2147483648,0,0,1,0,0,0,0,0,0,0,0,0,0,0,0,0,0,0,0,0,0,0,0,0,0,0,0,0,0,0,0,0,0,0,0,2.54318,844.439,5.64994,0.0766712
Test,MI250X,256,16384,4194304,134217728,8,20861,1.07374,2147483648,0,0,0,0.5,0,0,0,0,0,0,0,0,0,0,0,0,0,0,0,0,0,0,0,0,0,0,0,0,0,0,0,0,0,0,0,2.12776,504.653,2.94496,0.0399639
Test,MI250X,256,16384,4194304,536870912,8,20861,4.29497,1073741824,0,0,0,0,4,0,0,0,0,0,0,0,0,0,0,0,0,0,0,0,0,0,0,0,0,0,0,0,0,0,0,0,0,0,0,1.44702,2968.16,8.43511,0.114467
Test,MI250X,256,16384,4194304,268435456,8,20861,2.14748,1073741824,0,0,0,0,0,2,0,0,0,0,0,0,0,0,0,0,0,0,0,0,0,0,0,0,0,0,0,0,0,0,0,0,0,0,0,0.953155,2253.18,16.9616,0.230174
Test,MI250X,256,16384,4194304,134217728,8,20861,1.07374,1073741824,0,0,0,0,0,0,1,0,0,0,0,0,0,0,0,0,0,0,0,0,0,0,0,0,0,0,0,0,0,0,0,0,0,0,0,0.951427,1128.62,8.20201,0.111304
Test,MI250X,256,16384,4194304,1073741824,8,20861,8.58993,2147483648,0,0,0,0,0,0,0,4,0,0,0,0,0,0,0,0,0,0,0,0,0,0,0,0,0,0,0,0,0,0,0,0,0,0,0,6.07618,1413.79,11.3678,0.154264
Test,MI250X,256,16384,4194304,536870912,8,20861,4.29497,2147483648,0,0,0,0,0,0,0,0,2,0,0,0,0,0,0,0,0,0,0,0,0,0,0,0,0,0,0,0,0,0,0,0,0,0,0,3.60515,1191.36,4.29317,0.0582594
Test,MI250X,256,16384,4194304,268435456,8,20861,2.14748,2147483648,0,0,0,0,0,0,0,0,0,1,0,0,0,0,0,0,0,0,0,0,0,0,0,0,0,0,0,0,0,0,0,0,0,0,0,2.54561,843.634,5.65654,0.0767608
Test,MI250X,256,16384,4194304,134217728,8,20861,1.07374,2147483648,0,0,0,0,0,0,0,0,0,0,0.5,0,0,0,0,0,0,0,0,0,0,0,0,0,0,0,0,0,0,0,0,0,0,0,0,2.13748,502.364,3.40492,0.0462057
Test,MI250X,256,16384,4194304,536870912,8,20861,4.29497,1073741824,0,0,0,0,0,0,0,0,0,0,0,4,0,0,0,0,0,0,0,0,0,0,0,0,0,0,0,0,0,0,0,0,0,0,0,1.4459,2970.48,8.34707,0.113272
Test,MI250X,256,16384,4194304,268435456,8,20861,2.14748,1073741824,0,0,0,0,0,0,0,0,0,0,0,0,2,0,0,0,0,0,0,0,0,0,0,0,0,0,0,0,0,0,0,0,0,0,0,0.9528,2254,16.9034,0.229384
Test,MI250X,256,16384,4194304,134217728,8,20861,1.07374,1073741824,0,0,0,0,0,0,0,0,0,0,0,0,0,1,0,0,0,0,0,0,0,0,0,0,0,0,0,0,0,0,0,0,0,0,0,0.951327,1128.74,8.25201,0.111982
Test,MI250X,256,16384,4194304,1073741824,8,20861,17.1799,1073741824,0,0,0,0,0,0,0,0,0,0,0,0,0,0,16,0,0,0,0,0,0,0,0,0,0,0,0,0,0,0,0,0,0,0,0,2.55497,6724.17,25.3494,0.343998
Test,MI250X,256,16384,4194304,536870912,8,20861,8.58993,1073741824,0,0,0,0,0,0,0,0,0,0,0,0,0,0,0,8,0,0,0,0,0,0,0,0,0,0,0,0,0,0,0,0,0,0,0,1.47413,5827.18,16.3341,0.221659
Test,MI250X,256,16384,4194304,268435456,8,20861,4.29497,1073741824,0,0,0,0,0,0,0,0,0,0,0,0,0,0,0,0,4,0,0,0,0,0,0,0,0,0,0,0,0,0,0,0,0,0,0,0.932729,4604.89,30.1421,0.409036
Test,MI250X,256,16384,4194304,134217728,8,20861,2.14748,1073741824,0,0,0,0,0,0,0,0,0,0,0,0,0,0,0,0,0,2,0,0,0,0,0,0,0,0,0,0,0,0,0,0,0,0,0,0.963429,2229.11,14.4884,0.196611
Test,MI250X,256,16384,4194304,536870912,8,20861,8.58993,1073741824,0,0,0,0,0,0,0,0,0,0,0,0,0,0,0,0,0,0,8,0,0,0,0,0,0,0,0,0,0,0,0,0,0,0,0,1.57842,5442.15,10.4104,0.141272
Test,MI250X,256,16384,4194304,268435456,8,20861,4.29497,1073741824,0,0,0,0,0,0,0,0,0,0,0,0,0,0,0,0,0,0,0,4,0,0,0,0,0,0,0,0,0,0,0,0,0,0,0,0.960288,4472.85,31.972,0.433869
Test,MI250X,256,16384,4194304,134217728,8,20861,2.14748,1073741824,0,0,0,0,0,0,0,0,0,0,0,0,0,0,0,0,0,0,0,0,2,0,0,0,0,0,0,0,0,0,0,0,0,0,0,0.954483,2250.01,16.3973,0.222515
Test,MI250X,256,16384,4194304,1073741824,8,20861,8.58993,1073741824,0,0,0,0,0,0,0,0,0,0,0,0,0,0,0,0,0,0,0,0,0,8,0,0,0,0,0,0,0,0,0,0,0,0,0,9.13188,940.596,0.365525,0.00496027
Test,MI250X,256,16384,4194304,536870912,8,20861,4.29497,1073741824,0,0,0,0,0,0,0,0,0,0,0,0,0,0,0,0,0,0,0,0,0,0,4,0,0,0,0,0,0,0,0,0,0,0,0,4.58668,936.285,0.325563,0.00441798
Test,MI250X,256,16384,4194304,268435456,8,20861,2.14748,1073741824,0,0,0,0,0,0,0,0,0,0,0,0,0,0,0,0,0,0,0,0,0,0,0,2,0,0,0,0,0,0,0,0,0,0,0,4.48663,478.617,0.164051,0.00222622
Test,MI250X,256,16384,4194304,134217728,8,20861,1.07374,1073741824,0,0,0,0,0,0,0,0,0,0,0,0,0,0,0,0,0,0,0,0,0,0,0,0,1,0,0,0,0,0,0,0,0,0,0,2.56522,418.597,0.122291,0.00165953
Test,MI250X,256,16384,4194304,536870912,8,20861,4.29497,1073741824,0,0,0,0,0,0,0,0,0,0,0,0,0,0,0,0,0,0,0,0,0,0,0,0,0,4,0,0,0,0,0,0,0,0,0,3.82197,1123.75,0.358353,0.00486295
Test,MI250X,256,16384,4194304,268435456,8,20861,2.14748,1073741824,0,0,0,0,0,0,0,0,0,0,0,0,0,0,0,0,0,0,0,0,0,0,0,0,0,0,2,0,0,0,0,0,0,0,0,3.05961,701.876,0.214506,0.0029109
Test,MI250X,256,16384,4194304,134217728,8,20861,1.07374,1073741824,0,0,0,0,0,0,0,0,0,0,0,0,0,0,0,0,0,0,0,0,0,0,0,0,0,0,0,1,0,0,0,0,0,0,0,1.87769,571.827,0.700326,0.00950361
Test,MI250X,256,16384,4194304,1073741824,8,20861,17.1799,2147483648,0,0,0,0,0,0,0,0,0,0,0,0,0,0,0,0,0,0,0,0,0,0,0,0,0,0,0,0,8,0,0,0,0,0,0,8.97187,1914.76,0.560075,0.00760037
Test,MI250X,256,16384,4194304,536870912,8,20861,8.58993,2147483648,0,0,0,0,0,0,0,0,0,0,0,0,0,0,0,0,0,0,0,0,0,0,0,0,0,0,0,0,0,4,0,0,0,0,0,4.69829,1828.33,1.88196,0.0255387
Test,MI250X,256,16384,4194304,268435456,8,20861,4.29497,2147483648,0,0,0,0,0,0,0,0,0,0,0,0,0,0,0,0,0,0,0,0,0,0,0,0,0,0,0,0,0,0,2,0,0,0,0,2.30963,1859.6,0.882211,0.0119718
Test,MI250X,256,16384,4194304,134217728,8,20861,2.14748,2147483648,0,0,0,0,0,0,0,0,0,0,0,0,0,0,0,0,0,0,0,0,0,0,0,0,0,0,0,0,0,0,0,1,0,0,0,6.08555,352.939,0.0947898,0.00128632
Test,MI250X,256,16384,4194304,536870912,8,20861,8.58993,2147483648,0,0,0,0,0,0,0,0,0,0,0,0,0,0,0,0,0,0,0,0,0,0,0,0,0,0,0,0,0,0,0,0,4,0,0,4.74053,1812.01,1.78086,0.0241668
Test,MI250X,256,16384,4194304,268435456,8,20861,4.29497,2147483648,0,0,0,0,0,0,0,0,0,0,0,0,0,0,0,0,0,0,0,0,0,0,0,0,0,0,0,0,0,0,0,0,0,2,0,2.08219,2062.72,3.70665,0.0503003
Test,MI250X,256,16384,4194304,134217728,8,20861,2.14748,2147483648,0,0,0,0,0,0,0,0,0,0,0,0,0,0,0,0,0,0,0,0,0,0,0,0,0,0,0,0,0,0,0,0,0,0,1,2.21757,968.414,4.18324,0.0567677
Test,MI250X,256,16384,4194304,1073741824,16,20937,17.1799,2147483648,8,0,0,0,0,0,0,0,0,0,0,0,0,0,0,0,0,0,0,0,0,0,0,0,0,0,0,0,0,0,0,0,0,0,0,6.34102,2709.35,11.343,0.153647
Test,MI250X,256,16384,4194304,536870912,16,20937,8.58993,2147483648,0,4,0,0,0,0,0,0,0,0,0,0,0,0,0,0,0,0,0,0,0,0,0,0,0,0,0,0,0,0,0,0,0,0,0,3.60695,2381.52,8.0525,0.109076
Test,MI250X,256,16384,4194304,268435456,16,20937,4.29497,2147483648,0,0,2,0,0,0,0,0,0,0,0,0,0,0,0,0,0,0,0,0,0,0,0,0,0,0,0,0,0,0,0,0,0,0,0,2.55284,1682.52,12.3716,0.167581
Test,MI250X,256,16384,4194304,134217728,16,20937,2.14748,2147483648,0,0,0,1,0,0,0,0,0,0,0,0,0,0,0,0,0,0,0,0,0,0,0,0,0,0,0,0,0,0,0,0,0,0,0,2.13746,1004.73,6.79283,0.0920131
Test,MI250X,256,16384,4194304,536870912,16,20937,8.58993,1073741824,0,0,0,0,8,0,0,0,0,0,0,0,0,0,0,0,0,0,0,0,0,0,0,0,0,0,0,0,0,0,0,0,0,0,0,1.53422,5598.93,10.9405,0.148197
Test,MI250X,256,16384,4194304,268435456,16,20937,4.29497,1073741824,0,0,0,0,0,4,0,0,0,0,0,0,0,0,0,0,0,0,0,0,0,0,0,0,0,0,0,0,0,0,0,0,0,0,0,0.96124,4468.39,32.6788,0.442655
Test,MI250X,256,16384,4194304,134217728,16,20937,2.14748,1073741824,0,0,0,0,0,0,2,0,0,0,0,0,0,0,0,0,0,0,0,0,0,0,0,0,0,0,0,0,0,0,0,0,0,0,0,0.95886,2239.73,15.8097,0.214152
Test,MI250X,256,16384,4194304,1073741824,16,20937,17.1799,2147483648,0,0,0,0,0,0,0,8,0,0,0,0,0,0,0,0,0,0,0,0,0,0,0,0,0,0,0,0,0,0,0,0,0,0,0,6.32722,2715.27,11.4441,0.155017
Test,MI250X,256,16384,4194304,536870912,16,20937,8.58993,2147483648,0,0,0,0,0,0,0,0,4,0,0,0,0,0,0,0,0,0,0,0,0,0,0,0,0,0,0,0,0,0,0,0,0,0,0,3.60513,2382.71,7.92803,0.10739
Test,MI250X,256,16384,4194304,268435456,16,20937,4.29497,2147483648,0,0,0,0,0,0,0,0,0,2,0,0,0,0,0,0,0,0,0,0,0,0,0,0,0,0,0,0,0,0,0,0,0,0,0,2.55508,1681.04,12.3836,0.167744
Test,MI250X,256,16384,4194304,134217728,16,20937,2.14748,2147483648,0,0,0,0,0,0,0,0,0,0,1,0,0,0,0,0,0,0,0,0,0,0,0,0,0,0,0,0,0,0,0,0,0,0,0,2.12698,1009.72,9.14703,0.123902
Test,MI250X,256,16384,4194304,536870912,16,20937,8.58993,1073741824,0,0,0,0,0,0,0,0,0,0,0,8,0,0,0,0,0,0,0,0,0,0,0,0,0,0,0,0,0,0,0,0,0,0,0,1.53229,5605.97,10.9567,0.148416
Test,MI250X,256,16384,4194304,268435456,16,20937,4.29497,1073741824,0,0,0,0,0,0,0,0,0,0,0,0,4,0,0,0,0,0,0,0,0,0,0,0,0,0,0,0,0,0,0,0,0,0,0,0.961034,4469.35,32.5511,0.440925
Test,MI250X,256,16384,4194304,134217728,16,20937,2.14748,1073741824,0,0,0,0,0,0,0,0,0,0,0,0,0,2,0,0,0,0,0,0,0,0,0,0,0,0,0,0,0,0,0,0,0,0,0,0.958833,2239.79,15.9255,0.215721
Test,MI250X,256,16384,4194304,1073741824,16,20937,34.3597,1073741824,0,0,0,0,0,0,0,0,0,0,0,0,0,0,32,0,0,0,0,0,0,0,0,0,0,0,0,0,0,0,0,0,0,0,0,2.80995,12228,29.4585,0.399034
Test,MI250X,256,16384,4194304,536870912,16,20937,17.1799,1073741824,0,0,0,0,0,0,0,0,0,0,0,0,0,0,0,16,0,0,0,0,0,0,0,0,0,0,0,0,0,0,0,0,0,0,0,1.57266,10924.2,20.3136,0.275161
Test,MI250X,256,16384,4194304,268435456,16,20937,8.58993,1073741824,0,0,0,0,0,0,0,0,0,0,0,0,0,0,0,0,8,0,0,0,0,0,0,0,0,0,0,0,0,0,0,0,0,0,0,0.946597,9074.83,52.9882,0.717759
Test,MI250X,256,16384,4194304,134217728,16,20937,4.29497,1073741824,0,0,0,0,0,0,0,0,0,0,0,0,0,0,0,0,0,4,0,0,0,0,0,0,0,0,0,0,0,0,0,0,0,0,0,0.968628,4434.17,14.3191,0.193961
Test,MI250X,256,16384,4194304,536870912,16,20937,17.1799,1073741824,0,0,0,0,0,0,0,0,0,0,0,0,0,0,0,0,0,0,16,0,0,0,0,0,0,0,0,0,0,0,0,0,0,0,0,1.97617,8693.55,7.30955,0.0990124
Test,MI250X,256,16384,4194304,268435456,16,20937,8.58993,1073741824,0,0,0,0,0,0,0,0,0,0,0,0,0,0,0,0,0,0,0,8,0,0,0,0,0,0,0,0,0,0,0,0,0,0,0,0.963849,8912.62,65.7082,0.890058
Test,MI250X,256,16384,4194304,134217728,16,20937,4.29497,1073741824,0,0,0,0,0,0,0,0,0,0,0,0,0,0,0,0,0,0,0,0,4,0,0,0,0,0,0,0,0,0,0,0,0,0,0,0.961321,4467.98,31.9427,0.432683
Test,MI250X,256,16384,4194304,1073741824,16,20937,17.1799,1073741824,0,0,0,0,0,0,0,0,0,0,0,0,0,0,0,0,0,0,0,0,0,16,0,0,0,0,0,0,0,0,0,0,0,0,0,17.7599,967.324,0.303348,0.00410903
Test,MI250X,256,16384,4194304,536870912,16,20937,8.58993,1073741824,0,0,0,0,0,0,0,0,0,0,0,0,0,0,0,0,0,0,0,0,0,0,8,0,0,0,0,0,0,0,0,0,0,0,0,8.90946,964.046,0.36565,0.00495296
Test,MI250X,256,16384,4194304,268435456,16,20937,4.29497,1073741824,0,0,0,0,0,0,0,0,0,0,0,0,0,0,0,0,0,0,0,0,0,0,0,4,0,0,0,0,0,0,0,0,0,0,0,8.84813,485.347,0.144206,0.00195335
Test,MI250X,256,16384,4194304,134217728,16,20937,2.14748,1073741824,0,0,0,0,0,0,0,0,0,0,0,0,0,0,0,0,0,0,0,0,0,0,0,0,2,0,0,0,0,0,0,0,0,0,0,5.04979,425.192,0.112497,0.00152385
Test,MI250X,256,16384,4194304,536870912,16,20937,8.58993,1073741824,0,0,0,0,0,0,0,0,0,0,0,0,0,0,0,0,0,0,0,0,0,0,0,0,0,8,0,0,0,0,0,0,0,0,0,7.3993,1160.87,0.34919,0.00473
Test,MI250X,256,16384,4194304,268435456,16,20937,4.29497,1073741824,0,0,0,0,0,0,0,0,0,0,0,0,0,0,0,0,0,0,0,0,0,0,0,0,0,0,4,0,0,0,0,0,0,0,0,5.97497,718.949,0.174512,0.00236388
Test,MI250X,256,16384,4194304,134217728,16,20937,2.14748,1073741824,0,0,0,0,0,0,0,0,0,0,0,0,0,0,0,0,0,0,0,0,0,0,0,0,0,0,0,2,0,0,0,0,0,0,0,3.60696,595.37,0.533027,0.00722018
Test,MI250X,256,16384,4194304,1073741824,16,20937,34.3597,2147483648,0,0,0,0,0,0,0,0,0,0,0,0,0,0,0,0,0,0,0,0,0,0,0,0,0,0,0,0,16,0,0,0,0,0,0,17.5432,1958.56,0.671145,0.00909107
Test,MI250X,256,16384,4194304,536870912,16,20937,17.1799,2147483648,0,0,0,0,0,0,0,0,0,0,0,0,0,0,0,0,0,0,0,0,0,0,0,0,0,0,0,0,0,8,0,0,0,0,0,8.83943,1943.76,0.582331,0.00788803
Test,MI250X,256,16384,4194304,268435456,16,20937,8.58993,2147483648,0,0,0,0,0,0,0,0,0,0,0,0,0,0,0,0,0,0,0,0,0,0,0,0,0,0,0,0,0,0,4,0,0,0,0,4.42877,1939.71,0.782493,0.0105994
Test,MI250X,256,16384,4194304,134217728,16,20937,4.29497,2147483648,0,0,0,0,0,0,0,0,0,0,0,0,0,0,0,0,0,0,0,0,0,0,0,0,0,0,0,0,0,0,0,2,0,0,0,12.0513,356.392,0.101573,0.00137587
Test,MI250X,256,16384,4194304,536870912,16,20937,17.1799,2147483648,0,0,0,0,0,0,0,0,0,0,0,0,0,0,0,0,0,0,0,0,0,0,0,0,0,0,0,0,0,0,0,0,8,0,0,8.88766,1933.1,0.571096,0.00773585
Test,MI250X,256,16384,4194304,268435456,16,20937,8.58993,2147483648,0,0,0,0,0,0,0,0,0,0,0,0,0,0,0,0,0,0,0,0,0,0,0,0,0,0,0,0,0,0,0,0,0,4,0,3.71684,2311.41,0.812722,0.0110088
Test,MI250X,256,16384,4194304,134217728,16,20937,4.29497,2147483648,0,0,0,0,0,0,0,0,0,0,0,0,0,0,0,0,0,0,0,0,0,0,0,0,0,0,0,0,0,0,0,0,0,0,2,2.20933,1944.05,8.59847,0.116472
Test,MI250X,256,16384,4194304,1073741824,32,20851,34.3597,2147483648,16,0,0,0,0,0,0,0,0,0,0,0,0,0,0,0,0,0,0,0,0,0,0,0,0,0,0,0,0,0,0,0,0,0,0,6.61407,5195.01,18.2248,0.247375
Test,MI250X,256,16384,4194304,536870912,32,20851,17.1799,2147483648,0,8,0,0,0,0,0,0,0,0,0,0,0,0,0,0,0,0,0,0,0,0,0,0,0,0,0,0,0,0,0,0,0,0,0,3.66948,4681.87,13.6943,0.18588
Test,MI250X,256,16384,4194304,268435456,32,20851,8.58993,2147483648,0,0,4,0,0,0,0,0,0,0,0,0,0,0,0,0,0,0,0,0,0,0,0,0,0,0,0,0,0,0,0,0,0,0,0,2.46427,3486.08,31.5181,0.427812
Test,MI250X,256,16384,4194304,134217728,32,20851,4.29497,2147483648,0,0,0,2,0,0,0,0,0,0,0,0,0,0,0,0,0,0,0,0,0,0,0,0,0,0,0,0,0,0,0,0,0,0,0,2.1276,2018.86,18.6304,0.252881
Test,MI250X,256,16384,4194304,536870912,32,20851,17.1799,1073741824,0,0,0,0,16,0,0,0,0,0,0,0,0,0,0,0,0,0,0,0,0,0,0,0,0,0,0,0,0,0,0,0,0,0,0,1.90292,9028.26,8.40753,0.11412
Test,MI250X,256,16384,4194304,268435456,32,20851,8.58993,1073741824,0,0,0,0,0,8,0,0,0,0,0,0,0,0,0,0,0,0,0,0,0,0,0,0,0,0,0,0,0,0,0,0,0,0,0,0.96313,8919.26,61.8774,0.839894
Test,MI250X,256,16384,4194304,134217728,32,20851,4.29497,1073741824,0,0,0,0,0,0,4,0,0,0,0,0,0,0,0,0,0,0,0,0,0,0,0,0,0,0,0,0,0,0,0,0,0,0,0,0.96099,4469.53,29.5334,0.400873
Test,MI250X,256,16384,4194304,1073741824,32,20851,34.3597,2147483648,0,0,0,0,0,0,0,16,0,0,0,0,0,0,0,0,0,0,0,0,0,0,0,0,0,0,0,0,0,0,0,0,0,0,0,6.5865,5216.77,18.69,0.25369
Test,MI250X,256,16384,4194304,536870912,32,20851,17.1799,2147483648,0,0,0,0,0,0,0,0,8,0,0,0,0,0,0,0,0,0,0,0,0,0,0,0,0,0,0,0,0,0,0,0,0,0,0,3.66424,4688.57,13.7761,0.186991
Test,MI250X,256,16384,4194304,268435456,32,20851,8.58993,2147483648,0,0,0,0,0,0,0,0,0,4,0,0,0,0,0,0,0,0,0,0,0,0,0,0,0,0,0,0,0,0,0,0,0,0,0,2.4691,3479.26,31.7075,0.430383
Test,MI250X,256,16384,4194304,134217728,32,20851,4.29497,2147483648,0,0,0,0,0,0,0,0,0,0,2,0,0,0,0,0,0,0,0,0,0,0,0,0,0,0,0,0,0,0,0,0,0,0,0,2.13484,2011.95,14.9059,0.202326
Test,MI250X,256,16384,4194304,536870912,32,20851,17.1799,1073741824,0,0,0,0,0,0,0,0,0,0,0,16,0,0,0,0,0,0,0,0,0,0,0,0,0,0,0,0,0,0,0,0,0,0,0,1.90312,9027.33,8.27944,0.112381
Test,MI250X,256,16384,4194304,268435456,32,20851,8.58993,1073741824,0,0,0,0,0,0,0,0,0,0,0,0,8,0,0,0,0,0,0,0,0,0,0,0,0,0,0,0,0,0,0,0,0,0,0,0.963168,8918.86,60.9596,0.827436
Test,MI250X,256,16384,4194304,134217728,32,20851,4.29497,1073741824,0,0,0,0,0,0,0,0,0,0,0,0,0,4,0,0,0,0,0,0,0,0,0,0,0,0,0,0,0,0,0,0,0,0,0,0.96052,4471.69,28.9828,0.393398
Test,MI250X,256,16384,4194304,1073741824,32,20851,68.7195,1073741824,0,0,0,0,0,0,0,0,0,0,0,0,0,0,64,0,0,0,0,0,0,0,0,0,0,0,0,0,0,0,0,0,0,0,0,3.74091,18369.8,17.2166,0.23369
Test,MI250X,256,16384,4194304,536870912,32,20851,34.3597,1073741824,0,0,0,0,0,0,0,0,0,0,0,0,0,0,0,32,0,0,0,0,0,0,0,0,0,0,0,0,0,0,0,0,0,0,0,1.9826,17330.6,14.4045,0.19552
Test,MI250X,256,16384,4194304,268435456,32,20851,17.1799,1073741824,0,0,0,0,0,0,0,0,0,0,0,0,0,0,0,0,16,0,0,0,0,0,0,0,0,0,0,0,0,0,0,0,0,0,0,1.07296,16012.1,16.617,0.225551
Test,MI250X,256,16384,4194304,134217728,32,20851,8.58993,1073741824,0,0,0,0,0,0,0,0,0,0,0,0,0,0,0,0,0,8,0,0,0,0,0,0,0,0,0,0,0,0,0,0,0,0,0,1.74749,4915.2,2.52406,0.0342605
Test,MI250X,256,16384,4194304,536870912,32,20851,34.3597,1073741824,0,0,0,0,0,0,0,0,0,0,0,0,0,0,0,0,0,0,32,0,0,0,0,0,0,0,0,0,0,0,0,0,0,0,0,3.47451,9888.8,3.02575,0.0410701
Test,MI250X,256,16384,4194304,268435456,32,20851,17.1799,1073741824,0,0,0,0,0,0,0,0,0,0,0,0,0,0,0,0,0,0,0,16,0,0,0,0,0,0,0,0,0,0,0,0,0,0,0,0.96654,17775.5,116.565,1.5822
Test,MI250X,256,16384,4194304,134217728,32,20851,8.58993,1073741824,0,0,0,0,0,0,0,0,0,0,0,0,0,0,0,0,0,0,0,0,8,0,0,0,0,0,0,0,0,0,0,0,0,0,0,0.963465,8916.1,58.6042,0.795465
Test,MI250X,256,16384,4194304,1073741824,32,20851,34.3597,1073741824,0,0,0,0,0,0,0,0,0,0,0,0,0,0,0,0,0,0,0,0,0,32,0,0,0,0,0,0,0,0,0,0,0,0,0,34.9609,982.715,0.341883,0.00464055
Test,MI250X,256,16384,4194304,536870912,32,20851,17.1799,1073741824,0,0,0,0,0,0,0,0,0,0,0,0,0,0,0,0,0,0,0,0,0,0,16,0,0,0,0,0,0,0,0,0,0,0,0,17.5267,980.23,0.344973,0.0046825
Test,MI250X,256,16384,4194304,268435456,32,20851,8.58993,1073741824,0,0,0,0,0,0,0,0,0,0,0,0,0,0,0,0,0,0,0,0,0,0,0,8,0,0,0,0,0,0,0,0,0,0,0,17.5616,489.116,0.158871,0.00215644
Test,MI250X,256,16384,4194304,134217728,32,20851,4.29497,1073741824,0,0,0,0,0,0,0,0,0,0,0,0,0,0,0,0,0,0,0,0,0,0,0,0,4,0,0,0,0,0,0,0,0,0,0,10.0173,428.719,0.113916,0.00154624
Test,MI250X,256,16384,4194304,536870912,32,20851,17.1799,1073741824,0,0,0,0,0,0,0,0,0,0,0,0,0,0,0,0,0,0,0,0,0,0,0,0,0,16,0,0,0,0,0,0,0,0,0,14.5354,1181.86,0.356784,0.00484281
Test,MI250X,256,16384,4194304,268435456,32,20851,8.58993,1073741824,0,0,0,0,0,0,0,0,0,0,0,0,0,0,0,0,0,0,0,0,0,0,0,0,0,0,8,0,0,0,0,0,0,0,0,11.7848,728.865,0.196252,0.00266383
Test,MI250X,256,16384,4194304,134217728,32,20851,4.29497,1073741824,0,0,0,0,0,0,0,0,0,0,0,0,0,0,0,0,0,0,0,0,0,0,0,0,0,0,0,4,0,0,0,0,0,0,0,7.03011,610.999,0.351237,0.00476752
Test,MI250X,256,16384,4194304,1073741824,32,20851,68.7195,2147483648,0,0,0,0,0,0,0,0,0,0,0,0,0,0,0,0,0,0,0,0,0,0,0,0,0,0,0,0,32,0,0,0,0,0,0,34.6493,1983.34,0.657828,0.00892904
Test,MI250X,256,16384,4194304,536870912,32,20851,34.3597,2147483648,0,0,0,0,0,0,0,0,0,0,0,0,0,0,0,0,0,0,0,0,0,0,0,0,0,0,0,0,0,16,0,0,0,0,0,17.3805,1976.59,0.657831,0.00892908
Test,MI250X,256,16384,4194304,268435456,32,20851,17.1799,2147483648,0,0,0,0,0,0,0,0,0,0,0,0,0,0,0,0,0,0,0,0,0,0,0,0,0,0,0,0,0,0,8,0,0,0,0,8.68498,1978.21,0.787342,0.010687
Test,MI250X,256,16384,4194304,134217728,32,20851,8.58993,2147483648,0,0,0,0,0,0,0,0,0,0,0,0,0,0,0,0,0,0,0,0,0,0,0,0,0,0,0,0,0,0,0,4,0,0,0,23.9648,358.477,0.105626,0.00143372
Test,MI250X,256,16384,4194304,536870912,32,20851,34.3597,2147483648,0,0,0,0,0,0,0,0,0,0,0,0,0,0,0,0,0,0,0,0,0,0,0,0,0,0,0,0,0,0,0,0,16,0,0,17.3728,1977.94,0.588468,0.00798758
Test,MI250X,256,16384,4194304,268435456,32,20851,17.1799,2147483648,0,0,0,0,0,0,0,0,0,0,0,0,0,0,0,0,0,0,0,0,0,0,0,0,0,0,0,0,0,0,0,0,0,8,0,7.21268,2381.93,0.662688,0.00899502
Test,MI250X,256,16384,4194304,134217728,32,20851,8.58993,2147483648,0,0,0,0,0,0,0,0,0,0,0,0,0,0,0,0,0,0,0,0,0,0,0,0,0,0,0,0,0,0,0,0,0,0,4,3.658,2348.12,0.607561,0.00824674
Test,MI250X,256,16384,4194304,1073741824,64,18269,68.7195,2147483648,32,0,0,0,0,0,0,0,0,0,0,0,0,0,0,0,0,0,0,0,0,0,0,0,0,0,0,0,0,0,0,0,0,0,0,7.29023,9426.19,14.424,0.209163
Test,MI250X,256,16384,4194304,536870912,64,18269,34.3597,2147483648,0,16,0,0,0,0,0,0,0,0,0,0,0,0,0,0,0,0,0,0,0,0,0,0,0,0,0,0,0,0,0,0,0,0,0,4.06268,8457.39,16.7468,0.242846
Test,MI250X,256,16384,4194304,268435456,64,18269,17.1799,2147483648,0,0,8,0,0,0,0,0,0,0,0,0,0,0,0,0,0,0,0,0,0,0,0,0,0,0,0,0,0,0,0,0,0,0,0,2.03429,8445.16,19.3646,0.280807
Test,MI250X,256,16384,4194304,134217728,64,18269,8.58993,2147483648,0,0,0,4,0,0,0,0,0,0,0,0,0,0,0,0,0,0,0,0,0,0,0,0,0,0,0,0,0,0,0,0,0,0,0,2.13518,4023.28,29.9953,0.434962
Test,MI250X,256,16384,4194304,536870912,64,18269,34.3597,1073741824,0,0,0,0,32,0,0,0,0,0,0,0,0,0,0,0,0,0,0,0,0,0,0,0,0,0,0,0,0,0,0,0,0,0,0,3.34013,10286.9,4.01777,0.0582618
Test,MI250X,256,16384,4194304,268435456,64,18269,17.1799,1073741824,0,0,0,0,0,16,0,0,0,0,0,0,0,0,0,0,0,0,0,0,0,0,0,0,0,0,0,0,0,0,0,0,0,0,0,0.978687,17554.2,52.7264,0.764586
Test,MI250X,256,16384,4194304,134217728,64,18269,8.58993,1073741824,0,0,0,0,0,0,8,0,0,0,0,0,0,0,0,0,0,0,0,0,0,0,0,0,0,0,0,0,0,0,0,0,0,0,0,0.964156,8909.44,31.7778,0.46081
Test,MI250X,256,16384,4194304,1073741824,64,18269,68.7195,2147483648,0,0,0,0,0,0,0,32,0,0,0,0,0,0,0,0,0,0,0,0,0,0,0,0,0,0,0,0,0,0,0,0,0,0,0,7.24704,9482.45,14.6712,0.212747
Test,MI250X,256,16384,4194304,536870912,64,18269,34.3597,2147483648,0,0,0,0,0,0,0,0,16,0,0,0,0,0,0,0,0,0,0,0,0,0,0,0,0,0,0,0,0,0,0,0,0,0,0,4.0531,8477.35,16.9089,0.245196
Test,MI250X,256,16384,4194304,268435456,64,18269,17.1799,2147483648,0,0,0,0,0,0,0,0,0,8,0,0,0,0,0,0,0,0,0,0,0,0,0,0,0,0,0,0,0,0,0,0,0,0,0,2.03178,8455.53,20.0488,0.290728
Test,MI250X,256,16384,4194304,134217728,64,18269,8.58993,2147483648,0,0,0,0,0,0,0,0,0,0,4,0,0,0,0,0,0,0,0,0,0,0,0,0,0,0,0,0,0,0,0,0,0,0,0,3.45236,2488.11,1.10654,0.016046
Test,MI250X,256,16384,4194304,536870912,64,18269,34.3597,1073741824,0,0,0,0,0,0,0,0,0,0,0,32,0,0,0,0,0,0,0,0,0,0,0,0,0,0,0,0,0,0,0,0,0,0,0,3.34796,10262.5,3.61451,0.0524141
Test,MI250X,256,16384,4194304,268435456,64,18269,17.1799,1073741824,0,0,0,0,0,0,0,0,0,0,0,0,16,0,0,0,0,0,0,0,0,0,0,0,0,0,0,0,0,0,0,0,0,0,0,0.962771,17844.6,69.7962,1.01212
Test,MI250X,256,16384,4194304,134217728,64,18269,8.58993,1073741824,0,0,0,0,0,0,0,0,0,0,0,0,0,8,0,0,0,0,0,0,0,0,0,0,0,0,0,0,0,0,0,0,0,0,0,0.961221,8936.67,33.5499,0.486508
Test,MI250X,256,16384,4194304,1073741824,64,18269,137.439,1073741824,0,0,0,0,0,0,0,0,0,0,0,0,0,0,128,0,0,0,0,0,0,0,0,0,0,0,0,0,0,0,0,0,0,0,0,6.87217,20000.6,6.28658,0.0911618
Test,MI250X,256,16384,4194304,536870912,64,18269,68.7195,1073741824,0,0,0,0,0,0,0,0,0,0,0,0,0,0,0,64,0,0,0,0,0,0,0,0,0,0,0,0,0,0,0,0,0,0,0,3.50067,19628.3,6.7412,0.0977542
Test,MI250X,256,16384,4194304,268435456,64,18269,34.3597,1073741824,0,0,0,0,0,0,0,0,0,0,0,0,0,0,0,0,32,0,0,0,0,0,0,0,0,0,0,0,0,0,0,0,0,0,0,1.8664,18409.1,7.00705,0.101609
Test,MI250X,256,16384,4194304,134217728,64,18269,17.1799,1073741824,0,0,0,0,0,0,0,0,0,0,0,0,0,0,0,0,0,16,0,0,0,0,0,0,0,0,0,0,0,0,0,0,0,0,0,3.40837,5040.15,1.70766,0.0247628
Test,MI250X,256,16384,4194304,536870912,64,18269,68.7195,1073741824,0,0,0,0,0,0,0,0,0,0,0,0,0,0,0,0,0,0,64,0,0,0,0,0,0,0,0,0,0,0,0,0,0,0,0,6.66176,10317.1,2.96125,0.0429411
Test,MI250X,256,16384,4194304,268435456,64,18269,34.3597,1073741824,0,0,0,0,0,0,0,0,0,0,0,0,0,0,0,0,0,0,0,32,0,0,0,0,0,0,0,0,0,0,0,0,0,0,0,1.09851,31278.8,44.917,0.651342
Test,MI250X,256,16384,4194304,134217728,64,18269,17.1799,1073741824,0,0,0,0,0,0,0,0,0,0,0,0,0,0,0,0,0,0,0,0,16,0,0,0,0,0,0,0,0,0,0,0,0,0,0,0.973195,17653.2,51.7721,0.750748
Test,MI250X,256,16384,4194304,1073741824,64,18269,68.7195,1073741824,0,0,0,0,0,0,0,0,0,0,0,0,0,0,0,0,0,0,0,0,0,64,0,0,0,0,0,0,0,0,0,0,0,0,0,69.3246,991.275,0.321476,0.00466173
Test,MI250X,256,16384,4194304,536870912,64,18269,34.3597,1073741824,0,0,0,0,0,0,0,0,0,0,0,0,0,0,0,0,0,0,0,0,0,0,32,0,0,0,0,0,0,0,0,0,0,0,0,34.729,989.398,0.32465,0.00470776
Test,MI250X,256,16384,4194304,268435456,64,18269,17.1799,1073741824,0,0,0,0,0,0,0,0,0,0,0,0,0,0,0,0,0,0,0,0,0,0,0,16,0,0,0,0,0,0,0,0,0,0,0,34.9698,491.27,0.138834,0.00201323
Test,MI250X,256,16384,4194304,134217728,64,18269,8.58993,1073741824,0,0,0,0,0,0,0,0,0,0,0,0,0,0,0,0,0,0,0,0,0,0,0,0,8,0,0,0,0,0,0,0,0,0,0,19.9609,430.393,0.123345,0.00178863
Test,MI250X,256,16384,4194304,536870912,64,18269,34.3597,1073741824,0,0,0,0,0,0,0,0,0,0,0,0,0,0,0,0,0,0,0,0,0,0,0,0,0,32,0,0,0,0,0,0,0,0,0,28.804,1192.95,0.374254,0.00542707
Test,MI250X,256,16384,4194304,268435456,64,18269,17.1799,1073741824,0,0,0,0,0,0,0,0,0,0,0,0,0,0,0,0,0,0,0,0,0,0,0,0,0,0,16,0,0,0,0,0,0,0,0,23.4021,734.113,0.207627,0.0030108
Test,MI250X,256,16384,4194304,134217728,64,18269,8.58993,1073741824,0,0,0,0,0,0,0,0,0,0,0,0,0,0,0,0,0,0,0,0,0,0,0,0,0,0,0,8,0,0,0,0,0,0,0,13.8773,619.003,0.269824,0.00391273
Test,MI250X,256,16384,4194304,1073741824,64,18269,137.439,2147483648,0,0,0,0,0,0,0,0,0,0,0,0,0,0,0,0,0,0,0,0,0,0,0,0,0,0,0,0,64,0,0,0,0,0,0,68.8137,1997.27,0.645282,0.00935725
Test,MI250X,256,16384,4194304,536870912,64,18269,68.7195,2147483648,0,0,0,0,0,0,0,0,0,0,0,0,0,0,0,0,0,0,0,0,0,0,0,0,0,0,0,0,0,32,0,0,0,0,0,34.4345,1995.78,0.589915,0.00855437
Test,MI250X,256,16384,4194304,268435456,64,18269,34.3597,2147483648,0,0,0,0,0,0,0,0,0,0,0,0,0,0,0,0,0,0,0,0,0,0,0,0,0,0,0,0,0,0,16,0,0,0,0,17.1907,1998.62,0.551346,0.00799508
Test,MI250X,256,16384,4194304,134217728,64,18269,17.1799,2147483648,0,0,0,0,0,0,0,0,0,0,0,0,0,0,0,0,0,0,0,0,0,0,0,0,0,0,0,0,0,0,0,8,0,0,0,47.7987,359.456,0.118716,0.00172151
Test,MI250X,256,16384,4194304,536870912,64,18269,68.7195,2147483648,0,0,0,0,0,0,0,0,0,0,0,0,0,0,0,0,0,0,0,0,0,0,0,0,0,0,0,0,0,0,0,0,32,0,0,34.3211,2002.11,0.590382,0.00856115
Test,MI250X,256,16384,4194304,268435456,64,18269,34.3597,2147483648,0,0,0,0,0,0,0,0,0,0,0,0,0,0,0,0,0,0,0,0,0,0,0,0,0,0,0,0,0,0,0,0,0,16,0,14.1443,2428.9,0.743918,0.0107876
Test,MI250X,256,16384,4194304,134217728,64,18269,17.1799,2147483648,0,0,0,0,0,0,0,0,0,0,0,0,0,0,0,0,0,0,0,0,0,0,0,0,0,0,0,0,0,0,0,0,0,0,8,7.12537,2411.11,0.675192,0.00979098
Test,MI250X,256,16384,4194304,1073741824,128,10278,137.439,2147483648,64,0,0,0,0,0,0,0,0,0,0,0,0,0,0,0,0,0,0,0,0,0,0,0,0,0,0,0,0,0,0,0,0,0,0,13.2285,10389.6,3.225,0.0623493
Test,MI250X,256,16384,4194304,536870912,128,10278,68.7195,2147483648,0,32,0,0,0,0,0,0,0,0,0,0,0,0,0,0,0,0,0,0,0,0,0,0,0,0,0,0,0,0,0,0,0,0,0,6.69353,10266.5,2.66775,0.0515758
Test,MI250X,256,16384,4194304,268435456,128,10278,34.3597,2147483648,0,0,16,0,0,0,0,0,0,0,0,0,0,0,0,0,0,0,0,0,0,0,0,0,0,0,0,0,0,0,0,0,0,0,0,3.4646,9917.39,3.18957,0.0616643
Test,MI250X,256,16384,4194304,134217728,128,10278,17.1799,2147483648,0,0,0,8,0,0,0,0,0,0,0,0,0,0,0,0,0,0,0,0,0,0,0,0,0,0,0,0,0,0,0,0,0,0,0,3.44152,4991.97,1.56048,0.030169
Test,MI250X,256,16384,4194304,536870912,128,10278,68.7195,1073741824,0,0,0,0,64,0,0,0,0,0,0,0,0,0,0,0,0,0,0,0,0,0,0,0,0,0,0,0,0,0,0,0,0,0,0,6.4403,10670.3,3.52612,0.0681709
Test,MI250X,256,16384,4194304,268435456,128,10278,34.3597,1073741824,0,0,0,0,0,32,0,0,0,0,0,0,0,0,0,0,0,0,0,0,0,0,0,0,0,0,0,0,0,0,0,0,0,0,0,1.77072,19404.6,7.25982,0.140355
Test,MI250X,256,16384,4194304,134217728,128,10278,17.1799,1073741824,0,0,0,0,0,0,16,0,0,0,0,0,0,0,0,0,0,0,0,0,0,0,0,0,0,0,0,0,0,0,0,0,0,0,0,1.72956,9932.96,3.83937,0.074227
Test,MI250X,256,16384,4194304,1073741824,128,10278,137.439,2147483648,0,0,0,0,0,0,0,64,0,0,0,0,0,0,0,0,0,0,0,0,0,0,0,0,0,0,0,0,0,0,0,0,0,0,0,13.1374,10461.6,3.79477,0.0733648
Test,MI250X,256,16384,4194304,536870912,128,10278,68.7195,2147483648,0,0,0,0,0,0,0,0,32,0,0,0,0,0,0,0,0,0,0,0,0,0,0,0,0,0,0,0,0,0,0,0,0,0,0,6.64632,10339.5,4.04537,0.0782096
Test,MI250X,256,16384,4194304,268435456,128,10278,34.3597,2147483648,0,0,0,0,0,0,0,0,0,16,0,0,0,0,0,0,0,0,0,0,0,0,0,0,0,0,0,0,0,0,0,0,0,0,0,3.4274,10024.9,4.55438,0.0880503
Test,MI250X,256,16384,4194304,134217728,128,10278,17.1799,2147483648,0,0,0,0,0,0,0,0,0,0,8,0,0,0,0,0,0,0,0,0,0,0,0,0,0,0,0,0,0,0,0,0,0,0,0,6.78143,2533.37,1.0101,0.0195284
Test,MI250X,256,16384,4194304,536870912,128,10278,68.7195,1073741824,0,0,0,0,0,0,0,0,0,0,0,64,0,0,0,0,0,0,0,0,0,0,0,0,0,0,0,0,0,0,0,0,0,0,0,6.46547,10628.6,3.77498,0.0729821
Test,MI250X,256,16384,4194304,268435456,128,10278,34.3597,1073741824,0,0,0,0,0,0,0,0,0,0,0,0,32,0,0,0,0,0,0,0,0,0,0,0,0,0,0,0,0,0,0,0,0,0,0,1.71667,20015.6,6.89413,0.133285
Test,MI250X,256,16384,4194304,134217728,128,10278,17.1799,1073741824,0,0,0,0,0,0,0,0,0,0,0,0,0,16,0,0,0,0,0,0,0,0,0,0,0,0,0,0,0,0,0,0,0,0,0,1.6958,10130.8,4.15185,0.0802682
Test,MI250X,256,16384,4194304,1073741824,128,10278,274.878,1073741824,0,0,0,0,0,0,0,0,0,0,0,0,0,0,256,0,0,0,0,0,0,0,0,0,0,0,0,0,0,0,0,0,0,0,0,13.3264,20626.4,5.57413,0.107765
Test,MI250X,256,16384,4194304,536870912,128,10278,137.439,1073741824,0,0,0,0,0,0,0,0,0,0,0,0,0,0,0,128,0,0,0,0,0,0,0,0,0,0,0,0,0,0,0,0,0,0,0,6.7293,20423.6,5.41187,0.104628
Test,MI250X,256,16384,4194304,268435456,128,10278,68.7195,1073741824,0,0,0,0,0,0,0,0,0,0,0,0,0,0,0,0,64,0,0,0,0,0,0,0,0,0,0,0,0,0,0,0,0,0,0,3.56374,19282.3,5.00952,0.0968495
Test,MI250X,256,16384,4194304,134217728,128,10278,34.3597,1073741824,0,0,0,0,0,0,0,0,0,0,0,0,0,0,0,0,0,32,0,0,0,0,0,0,0,0,0,0,0,0,0,0,0,0,0,6.72952,5105.78,1.24696,0.0241076
Test,MI250X,256,16384,4194304,536870912,128,10278,137.439,1073741824,0,0,0,0,0,0,0,0,0,0,0,0,0,0,0,0,0,0,128,0,0,0,0,0,0,0,0,0,0,0,0,0,0,0,0,13.0359,10543.1,3.27703,0.0633553
Test,MI250X,256,16384,4194304,268435456,128,10278,68.7195,1073741824,0,0,0,0,0,0,0,0,0,0,0,0,0,0,0,0,0,0,0,64,0,0,0,0,0,0,0,0,0,0,0,0,0,0,0,1.95888,35081.2,54.7696,1.05887
Test,MI250X,256,16384,4194304,134217728,128,10278,34.3597,1073741824,0,0,0,0,0,0,0,0,0,0,0,0,0,0,0,0,0,0,0,0,32,0,0,0,0,0,0,0,0,0,0,0,0,0,0,1.76952,19417.9,8.1494,0.157553
Test,MI250X,256,16384,4194304,1073741824,128,10278,137.439,1073741824,0,0,0,0,0,0,0,0,0,0,0,0,0,0,0,0,0,0,0,0,0,128,0,0,0,0,0,0,0,0,0,0,0,0,0,138.004,995.911,0.317642,0.00614101
Test,MI250X,256,16384,4194304,536870912,128,10278,68.7195,1073741824,0,0,0,0,0,0,0,0,0,0,0,0,0,0,0,0,0,0,0,0,0,0,64,0,0,0,0,0,0,0,0,0,0,0,0,69.1159,994.257,0.338583,0.00654586
Test,MI250X,256,16384,4194304,268435456,128,10278,34.3597,1073741824,0,0,0,0,0,0,0,0,0,0,0,0,0,0,0,0,0,0,0,0,0,0,0,32,0,0,0,0,0,0,0,0,0,0,0,69.7874,492.358,0.140615,0.00271853
Test,MI250X,256,16384,4194304,134217728,128,10278,17.1799,1073741824,0,0,0,0,0,0,0,0,0,0,0,0,0,0,0,0,0,0,0,0,0,0,0,0,16,0,0,0,0,0,0,0,0,0,0,39.9903,429.6,0.138929,0.00268594
Test,MI250X,256,16384,4194304,536870912,128,10278,68.7195,1073741824,0,0,0,0,0,0,0,0,0,0,0,0,0,0,0,0,0,0,0,0,0,0,0,0,0,64,0,0,0,0,0,0,0,0,0,57.2848,1199.62,0.33714,0.00651797
Test,MI250X,256,16384,4194304,268435456,128,10278,34.3597,1073741824,0,0,0,0,0,0,0,0,0,0,0,0,0,0,0,0,0,0,0,0,0,0,0,0,0,0,32,0,0,0,0,0,0,0,0,46.6214,737.001,0.162875,0.00314888
Test,MI250X,256,16384,4194304,134217728,128,10278,17.1799,1073741824,0,0,0,0,0,0,0,0,0,0,0,0,0,0,0,0,0,0,0,0,0,0,0,0,0,0,0,16,0,0,0,0,0,0,0,27.5385,623.857,0.207392,0.00400954
Test,MI250X,256,16384,4194304,1073741824,128,10278,274.878,2147483648,0,0,0,0,0,0,0,0,0,0,0,0,0,0,0,0,0,0,0,0,0,0,0,0,0,0,0,0,128,0,0,0,0,0,0,137.143,2004.29,0.647874,0.0125254
Test,MI250X,256,16384,4194304,536870912,128,10278,137.439,2147483648,0,0,0,0,0,0,0,0,0,0,0,0,0,0,0,0,0,0,0,0,0,0,0,0,0,0,0,0,0,64,0,0,0,0,0,68.5471,2005,0.593148,0.0114674
Test,MI250X,256,16384,4194304,268435456,128,10278,68.7195,2147483648,0,0,0,0,0,0,0,0,0,0,0,0,0,0,0,0,0,0,0,0,0,0,0,0,0,0,0,0,0,0,32,0,0,0,0,34.1985,2009.45,0.625895,0.0121005
Test,MI250X,256,16384,4194304,134217728,128,10278,34.3597,2147483648,0,0,0,0,0,0,0,0,0,0,0,0,0,0,0,0,0,0,0,0,0,0,0,0,0,0,0,0,0,0,0,16,0,0,0,95.8771,358.37,0.122827,0.00237463
