Kernel,GPU,gridSize,blockSize,nThreads,Length,Iterations,experiments,GFLOPS,totalBytes,AI_HBM_ADD_INT8,AI_HBM_ADD_INT16,AI_HBM_ADD_INT32,AI_HBM_ADD_INT64,AI_HBM_ADD_FP16,AI_HBM_ADD_FP32,AI_HBM_ADD_FP64,AI_HBM_MUL_INT8,AI_HBM_MUL_INT16,AI_HBM_MUL_INT32,AI_HBM_MUL_INT64,AI_HBM_MUL_FP16,AI_HBM_MUL_FP32,AI_HBM_MUL_FP64,AI_HBM_MULADD_INT8,AI_HBM_MULADD_INT16,AI_HBM_MULADD_INT32,AI_HBM_MULADD_INT64,AI_HBM_MULADD_FP16,AI_HBM_MULADD_FP32,AI_HBM_MULADD_FP64,AI_HBM_DIV_INT8,AI_HBM_DIV_INT16,AI_HBM_DIV_INT32,AI_HBM_DIV_INT64,AI_HBM_DIV_FP16,AI_HBM_DIV_FP32,AI_HBM_DIV_FP64,AI_HBM_RSQ_INT8,AI_HBM_RSQ_INT16,AI_HBM_RSQ_INT32,AI_HBM_RSQ_INT64,AI_HBM_RSQ_FP16,AI_HBM_RSQ_FP32,AI_HBM_RSQ_FP64,AverageSec,PERF,STDDEV,CI
Test,A100,256,16384,4194304,1073741824,2,10,2.14748,1073741824,2,0,0,0,0,0,0,0,0,0,0,0,0,0,0,0,0,0,0,0,0,0,0,0,0,0,0,0,0,0,0,0,0,0,0,11.834,181.468,0.271532,0.168298
Test,A100,256,16384,4194304,536870912,2,10,1.07374,1073741824,0,1,0,0,0,0,0,0,0,0,0,0,0,0,0,0,0,0,0,0,0,0,0,0,0,0,0,0,0,0,0,0,0,0,0,4.34217,247.283,0.233635,0.144808
Test,A100,256,16384,4194304,268435456,2,10,0.536871,1073741824,0,0,0.5,0,0,0,0,0,0,0,0,0,0,0,0,0,0,0,0,0,0,0,0,0,0,0,0,0,0,0,0,0,0,0,0,1.75831,305.334,0.257099,0.159351
Test,A100,256,16384,4194304,134217728,2,10,0.268435,1073741824,0,0,0,0.25,0,0,0,0,0,0,0,0,0,0,0,0,0,0,0,0,0,0,0,0,0,0,0,0,0,0,0,0,0,0,0,1.62499,165.193,0.24819,0.15383
Test,A100,256,16384,4194304,536870912,2,10,1.07374,1073741824,0,0,0,0,1,0,0,0,0,0,0,0,0,0,0,0,0,0,0,0,0,0,0,0,0,0,0,0,0,0,0,0,0,0,0,1.52709,703.129,0.424281,0.262972
Test,A100,256,16384,4194304,268435456,2,10,0.536871,1073741824,0,0,0,0,0,0.5,0,0,0,0,0,0,0,0,0,0,0,0,0,0,0,0,0,0,0,0,0,0,0,0,0,0,0,0,0,0.827085,649.115,1.39253,0.8631
Test,A100,256,16384,4194304,134217728,2,10,0.268435,1073741824,0,0,0,0,0,0,0.25,0,0,0,0,0,0,0,0,0,0,0,0,0,0,0,0,0,0,0,0,0,0,0,0,0,0,0,0,0.824013,325.769,0.906952,0.562134
Test,A100,256,16384,4194304,1073741824,2,10,2.14748,1073741824,0,0,0,0,0,0,0,2,0,0,0,0,0,0,0,0,0,0,0,0,0,0,0,0,0,0,0,0,0,0,0,0,0,0,0,7.49158,286.653,0.438253,0.271632
Test,A100,256,16384,4194304,536870912,2,10,1.07374,1073741824,0,0,0,0,0,0,0,0,1,0,0,0,0,0,0,0,0,0,0,0,0,0,0,0,0,0,0,0,0,0,0,0,0,0,0,3.91639,274.167,0.472514,0.292867
Test,A100,256,16384,4194304,268435456,2,10,0.536871,1073741824,0,0,0,0,0,0,0,0,0,0.5,0,0,0,0,0,0,0,0,0,0,0,0,0,0,0,0,0,0,0,0,0,0,0,0,0,1.75729,305.512,0.257242,0.15944
Test,A100,256,16384,4194304,134217728,2,10,0.268435,1073741824,0,0,0,0,0,0,0,0,0,0,0.25,0,0,0,0,0,0,0,0,0,0,0,0,0,0,0,0,0,0,0,0,0,0,0,0,1.62447,165.245,0.20936,0.129763
Test,A100,256,16384,4194304,536870912,2,10,1.07374,1073741824,0,0,0,0,0,0,0,0,0,0,0,1,0,0,0,0,0,0,0,0,0,0,0,0,0,0,0,0,0,0,0,0,0,0,0,1.52648,703.413,0.790557,0.489992
Test,A100,256,16384,4194304,268435456,2,10,0.536871,1073741824,0,0,0,0,0,0,0,0,0,0,0,0,0.5,0,0,0,0,0,0,0,0,0,0,0,0,0,0,0,0,0,0,0,0,0,0,0.826675,649.44,2.03631,1.26212
Test,A100,256,16384,4194304,134217728,2,10,0.268435,1073741824,0,0,0,0,0,0,0,0,0,0,0,0,0,0.25,0,0,0,0,0,0,0,0,0,0,0,0,0,0,0,0,0,0,0,0,0,0.824627,325.528,1.16902,0.724564
Test,A100,256,16384,4194304,1073741824,2,10,4.29497,1073741824,0,0,0,0,0,0,0,0,0,0,0,0,0,0,4,0,0,0,0,0,0,0,0,0,0,0,0,0,0,0,0,0,0,0,0,2.66588,1611.09,0.925583,0.573682
Test,A100,256,16384,4194304,536870912,2,10,2.14748,1073741824,0,0,0,0,0,0,0,0,0,0,0,0,0,0,0,2,0,0,0,0,0,0,0,0,0,0,0,0,0,0,0,0,0,0,0,1.49432,1437.1,1.52726,0.946608
Test,A100,256,16384,4194304,268435456,2,10,1.07374,1073741824,0,0,0,0,0,0,0,0,0,0,0,0,0,0,0,0,1,0,0,0,0,0,0,0,0,0,0,0,0,0,0,0,0,0,0,0.966554,1110.9,1.53132,0.949119
Test,A100,256,16384,4194304,134217728,2,10,0.536871,1073741824,0,0,0,0,0,0,0,0,0,0,0,0,0,0,0,0,0,0.5,0,0,0,0,0,0,0,0,0,0,0,0,0,0,0,0,0,0.830669,646.316,1.69816,1.05253
Test,A100,256,16384,4194304,536870912,2,10,2.14748,1073741824,0,0,0,0,0,0,0,0,0,0,0,0,0,0,0,0,0,0,2,0,0,0,0,0,0,0,0,0,0,0,0,0,0,0,0,1.60072,1341.58,0.923948,0.572669
Test,A100,256,16384,4194304,268435456,2,10,1.07374,1073741824,0,0,0,0,0,0,0,0,0,0,0,0,0,0,0,0,0,0,0,1,0,0,0,0,0,0,0,0,0,0,0,0,0,0,0,0.827392,1297.75,2.03251,1.25976
Test,A100,256,16384,4194304,134217728,2,10,0.536871,1073741824,0,0,0,0,0,0,0,0,0,0,0,0,0,0,0,0,0,0,0,0,0.5,0,0,0,0,0,0,0,0,0,0,0,0,0,0,0.825651,650.244,1.72942,1.07191
Test,A100,256,16384,4194304,1073741824,2,10,2.14748,1073741824,0,0,0,0,0,0,0,0,0,0,0,0,0,0,0,0,0,0,0,0,0,2,0,0,0,0,0,0,0,0,0,0,0,0,0,4.32538,496.485,0.28288,0.175331
Test,A100,256,16384,4194304,536870912,2,10,1.07374,1073741824,0,0,0,0,0,0,0,0,0,0,0,0,0,0,0,0,0,0,0,0,0,0,1,0,0,0,0,0,0,0,0,0,0,0,0,2.28434,470.045,0.397529,0.246391
Test,A100,256,16384,4194304,268435456,2,10,0.536871,1073741824,0,0,0,0,0,0,0,0,0,0,0,0,0,0,0,0,0,0,0,0,0,0,0,0.5,0,0,0,0,0,0,0,0,0,0,0,1.13019,475.028,0.545204,0.337921
Test,A100,256,16384,4194304,134217728,2,10,0.268435,1073741824,0,0,0,0,0,0,0,0,0,0,0,0,0,0,0,0,0,0,0,0,0,0,0,0,0.25,0,0,0,0,0,0,0,0,0,0,0.88023,304.961,0.325108,0.201504
Test,A100,256,16384,4194304,536870912,2,10,1.07374,1073741824,0,0,0,0,0,0,0,0,0,0,0,0,0,0,0,0,0,0,0,0,0,0,0,0,0,1,0,0,0,0,0,0,0,0,0,1.79466,598.298,0.27314,0.169294
Test,A100,256,16384,4194304,268435456,2,10,0.536871,1073741824,0,0,0,0,0,0,0,0,0,0,0,0,0,0,0,0,0,0,0,0,0,0,0,0,0,0,0.5,0,0,0,0,0,0,0,0,1.35905,395.033,0.34677,0.21493
Test,A100,256,16384,4194304,134217728,2,10,0.268435,1073741824,0,0,0,0,0,0,0,0,0,0,0,0,0,0,0,0,0,0,0,0,0,0,0,0,0,0,0,0.25,0,0,0,0,0,0,0,1.63441,164.24,0.0970868,0.060175
Test,A100,256,16384,4194304,1073741824,2,10,2.14748,1073741824,0,0,0,0,0,0,0,0,0,0,0,0,0,0,0,0,0,0,0,0,0,0,0,0,0,0,0,0,2,0,0,0,0,0,0,8.96461,239.555,0.915792,0.567614
Test,A100,256,16384,4194304,536870912,2,10,1.07374,1073741824,0,0,0,0,0,0,0,0,0,0,0,0,0,0,0,0,0,0,0,0,0,0,0,0,0,0,0,0,0,1,0,0,0,0,0,4.54707,236.141,0.611038,0.378725
Test,A100,256,16384,4194304,268435456,2,10,0.536871,1073741824,0,0,0,0,0,0,0,0,0,0,0,0,0,0,0,0,0,0,0,0,0,0,0,0,0,0,0,0,0,0,0.5,0,0,0,0,1.76292,304.535,0.212215,0.131532
Test,A100,256,16384,4194304,134217728,2,10,0.268435,1073741824,0,0,0,0,0,0,0,0,0,0,0,0,0,0,0,0,0,0,0,0,0,0,0,0,0,0,0,0,0,0,0,0.25,0,0,0,1.62499,165.193,0.164163,0.101749
Test,A100,256,16384,4194304,536870912,2,10,1.07374,1073741824,0,0,0,0,0,0,0,0,0,0,0,0,0,0,0,0,0,0,0,0,0,0,0,0,0,0,0,0,0,0,0,0,1,0,0,4.17792,257.007,0.851893,0.528009
Test,A100,256,16384,4194304,268435456,2,10,0.536871,1073741824,0,0,0,0,0,0,0,0,0,0,0,0,0,0,0,0,0,0,0,0,0,0,0,0,0,0,0,0,0,0,0,0,0,0.5,0,1.76538,304.112,0.409047,0.25353
Test,A100,256,16384,4194304,134217728,2,10,0.268435,1073741824,0,0,0,0,0,0,0,0,0,0,0,0,0,0,0,0,0,0,0,0,0,0,0,0,0,0,0,0,0,0,0,0,0,0,0.25,1.62642,165.047,0.250629,0.155342
Test,A100,256,16384,4194304,1073741824,4,10,4.29497,1073741824,4,0,0,0,0,0,0,0,0,0,0,0,0,0,0,0,0,0,0,0,0,0,0,0,0,0,0,0,0,0,0,0,0,0,0,11.1396,385.56,0.706325,0.437785
Test,A100,256,16384,4194304,536870912,4,10,2.14748,1073741824,0,2,0,0,0,0,0,0,0,0,0,0,0,0,0,0,0,0,0,0,0,0,0,0,0,0,0,0,0,0,0,0,0,0,0,4.27049,502.867,0.591777,0.366787
Test,A100,256,16384,4194304,268435456,4,10,1.07374,1073741824,0,0,1,0,0,0,0,0,0,0,0,0,0,0,0,0,0,0,0,0,0,0,0,0,0,0,0,0,0,0,0,0,0,0,0,1.75217,612.808,0.373501,0.231498
Test,A100,256,16384,4194304,134217728,4,10,0.536871,1073741824,0,0,0,0.5,0,0,0,0,0,0,0,0,0,0,0,0,0,0,0,0,0,0,0,0,0,0,0,0,0,0,0,0,0,0,0,1.6255,330.282,0.448767,0.278149
Test,A100,256,16384,4194304,536870912,4,10,2.14748,1073741824,0,0,0,0,2,0,0,0,0,0,0,0,0,0,0,0,0,0,0,0,0,0,0,0,0,0,0,0,0,0,0,0,0,0,0,1.76538,1216.45,0.892334,0.553074
Test,A100,256,16384,4194304,268435456,4,10,1.07374,1073741824,0,0,0,0,0,1,0,0,0,0,0,0,0,0,0,0,0,0,0,0,0,0,0,0,0,0,0,0,0,0,0,0,0,0,0,0.82903,1295.19,3.12886,1.93929
Test,A100,256,16384,4194304,134217728,4,10,0.536871,1073741824,0,0,0,0,0,0,0.5,0,0,0,0,0,0,0,0,0,0,0,0,0,0,0,0,0,0,0,0,0,0,0,0,0,0,0,0,0.828109,648.313,1.52041,0.942359
Test,A100,256,16384,4194304,1073741824,4,10,4.29497,1073741824,0,0,0,0,0,0,0,4,0,0,0,0,0,0,0,0,0,0,0,0,0,0,0,0,0,0,0,0,0,0,0,0,0,0,0,8.79401,488.408,2.30664,1.42967
Test,A100,256,16384,4194304,536870912,4,10,2.14748,1073741824,0,0,0,0,0,0,0,0,2,0,0,0,0,0,0,0,0,0,0,0,0,0,0,0,0,0,0,0,0,0,0,0,0,0,0,3.88895,552.203,0.711033,0.440703
Test,A100,256,16384,4194304,268435456,4,10,1.07374,1073741824,0,0,0,0,0,0,0,0,0,1,0,0,0,0,0,0,0,0,0,0,0,0,0,0,0,0,0,0,0,0,0,0,0,0,0,1.75073,613.31,0.578665,0.358661
Test,A100,256,16384,4194304,134217728,4,10,0.536871,1073741824,0,0,0,0,0,0,0,0,0,0,0.5,0,0,0,0,0,0,0,0,0,0,0,0,0,0,0,0,0,0,0,0,0,0,0,0,1.62755,329.866,0.296349,0.183679
Test,A100,256,16384,4194304,536870912,4,10,2.14748,1073741824,0,0,0,0,0,0,0,0,0,0,0,2,0,0,0,0,0,0,0,0,0,0,0,0,0,0,0,0,0,0,0,0,0,0,0,1.68632,1273.47,1.08232,0.670827
Test,A100,256,16384,4194304,268435456,4,10,1.07374,1073741824,0,0,0,0,0,0,0,0,0,0,0,0,1,0,0,0,0,0,0,0,0,0,0,0,0,0,0,0,0,0,0,0,0,0,0,0.829235,1294.86,2.92589,1.81348
Test,A100,256,16384,4194304,134217728,4,10,0.536871,1073741824,0,0,0,0,0,0,0,0,0,0,0,0,0,0.5,0,0,0,0,0,0,0,0,0,0,0,0,0,0,0,0,0,0,0,0,0,0.828416,648.07,0.878661,0.5446
Test,A100,256,16384,4194304,1073741824,4,10,8.58993,1073741824,0,0,0,0,0,0,0,0,0,0,0,0,0,0,8,0,0,0,0,0,0,0,0,0,0,0,0,0,0,0,0,0,0,0,0,2.75988,3112.43,1.69737,1.05204
Test,A100,256,16384,4194304,536870912,4,10,4.29497,1073741824,0,0,0,0,0,0,0,0,0,0,0,0,0,0,0,4,0,0,0,0,0,0,0,0,0,0,0,0,0,0,0,0,0,0,0,1.56436,2745.5,2.27976,1.41301
Test,A100,256,16384,4194304,268435456,4,10,2.14748,1073741824,0,0,0,0,0,0,0,0,0,0,0,0,0,0,0,0,2,0,0,0,0,0,0,0,0,0,0,0,0,0,0,0,0,0,0,0.971059,2211.49,1.82031,1.12824
Test,A100,256,16384,4194304,134217728,4,10,1.07374,1073741824,0,0,0,0,0,0,0,0,0,0,0,0,0,0,0,0,0,1,0,0,0,0,0,0,0,0,0,0,0,0,0,0,0,0,0,0.833536,1288.18,2.91366,1.8059
Test,A100,256,16384,4194304,536870912,4,10,4.29497,1073741824,0,0,0,0,0,0,0,0,0,0,0,0,0,0,0,0,0,0,4,0,0,0,0,0,0,0,0,0,0,0,0,0,0,0,0,1.69759,2530.04,2.24146,1.38927
Test,A100,256,16384,4194304,268435456,4,10,2.14748,1073741824,0,0,0,0,0,0,0,0,0,0,0,0,0,0,0,0,0,0,0,2,0,0,0,0,0,0,0,0,0,0,0,0,0,0,0,0.829645,2588.45,6.51727,4.03945
Test,A100,256,16384,4194304,134217728,4,10,1.07374,1073741824,0,0,0,0,0,0,0,0,0,0,0,0,0,0,0,0,0,0,0,0,1,0,0,0,0,0,0,0,0,0,0,0,0,0,0,0.828109,1296.63,2.78368,1.72534
Test,A100,256,16384,4194304,1073741824,4,10,4.29497,1073741824,0,0,0,0,0,0,0,0,0,0,0,0,0,0,0,0,0,0,0,0,0,4,0,0,0,0,0,0,0,0,0,0,0,0,0,7.71994,556.348,0.15824,0.0980779
Test,A100,256,16384,4194304,536870912,4,10,2.14748,1073741824,0,0,0,0,0,0,0,0,0,0,0,0,0,0,0,0,0,0,0,0,0,0,2,0,0,0,0,0,0,0,0,0,0,0,0,3.86161,556.112,0.258977,0.160515
Test,A100,256,16384,4194304,268435456,4,10,1.07374,1073741824,0,0,0,0,0,0,0,0,0,0,0,0,0,0,0,0,0,0,0,0,0,0,0,1,0,0,0,0,0,0,0,0,0,0,0,1.65325,649.474,0.324176,0.200926
Test,A100,256,16384,4194304,134217728,4,10,0.536871,1073741824,0,0,0,0,0,0,0,0,0,0,0,0,0,0,0,0,0,0,0,0,0,0,0,0,0.5,0,0,0,0,0,0,0,0,0,0,1.04131,515.577,1.09301,0.677454
Test,A100,256,16384,4194304,536870912,4,10,2.14748,1073741824,0,0,0,0,0,0,0,0,0,0,0,0,0,0,0,0,0,0,0,0,0,0,0,0,0,2,0,0,0,0,0,0,0,0,0,2.4148,889.303,0.821993,0.509477
Test,A100,256,16384,4194304,268435456,4,10,1.07374,1073741824,0,0,0,0,0,0,0,0,0,0,0,0,0,0,0,0,0,0,0,0,0,0,0,0,0,0,1,0,0,0,0,0,0,0,0,2.34086,458.695,0.179408,0.111198
Test,A100,256,16384,4194304,134217728,4,10,0.536871,1073741824,0,0,0,0,0,0,0,0,0,0,0,0,0,0,0,0,0,0,0,0,0,0,0,0,0,0,0,0.5,0,0,0,0,0,0,0,3.12064,172.039,0.107695,0.0667503
Test,A100,256,16384,4194304,1073741824,4,10,4.29497,1073741824,0,0,0,0,0,0,0,0,0,0,0,0,0,0,0,0,0,0,0,0,0,0,0,0,0,0,0,0,4,0,0,0,0,0,0,9.22388,465.636,0.535396,0.331842
Test,A100,256,16384,4194304,536870912,4,10,2.14748,1073741824,0,0,0,0,0,0,0,0,0,0,0,0,0,0,0,0,0,0,0,0,0,0,0,0,0,0,0,0,0,2,0,0,0,0,0,4.86257,441.636,0.402157,0.249259
Test,A100,256,16384,4194304,268435456,4,10,1.07374,1073741824,0,0,0,0,0,0,0,0,0,0,0,0,0,0,0,0,0,0,0,0,0,0,0,0,0,0,0,0,0,0,1,0,0,0,0,1.78565,601.317,0.430491,0.266821
Test,A100,256,16384,4194304,134217728,4,10,0.536871,1073741824,0,0,0,0,0,0,0,0,0,0,0,0,0,0,0,0,0,0,0,0,0,0,0,0,0,0,0,0,0,0,0,0.5,0,0,0,1.62765,329.845,0.362413,0.224626
Test,A100,256,16384,4194304,536870912,4,10,2.14748,1073741824,0,0,0,0,0,0,0,0,0,0,0,0,0,0,0,0,0,0,0,0,0,0,0,0,0,0,0,0,0,0,0,0,2,0,0,4.52198,474.9,0.808432,0.501072
Test,A100,256,16384,4194304,268435456,4,10,1.07374,1073741824,0,0,0,0,0,0,0,0,0,0,0,0,0,0,0,0,0,0,0,0,0,0,0,0,0,0,0,0,0,0,0,0,0,1,0,1.77121,606.221,1.24853,0.773845
Test,A100,256,16384,4194304,134217728,4,10,0.536871,1073741824,0,0,0,0,0,0,0,0,0,0,0,0,0,0,0,0,0,0,0,0,0,0,0,0,0,0,0,0,0,0,0,0,0,0,0.5,1.62867,329.638,0.396439,0.245716
Test,A100,256,16384,4194304,1073741824,8,10,8.58993,1073741824,8,0,0,0,0,0,0,0,0,0,0,0,0,0,0,0,0,0,0,0,0,0,0,0,0,0,0,0,0,0,0,0,0,0,0,11.8716,724.658,28.2982,17.5394
Test,A100,256,16384,4194304,536870912,8,10,4.29497,1073741824,0,4,0,0,0,0,0,0,0,0,0,0,0,0,0,0,0,0,0,0,0,0,0,0,0,0,0,0,0,0,0,0,0,0,0,4.22267,1017.13,2.12197,1.31521
Test,A100,256,16384,4194304,268435456,8,10,2.14748,1073741824,0,0,2,0,0,0,0,0,0,0,0,0,0,0,0,0,0,0,0,0,0,0,0,0,0,0,0,0,0,0,0,0,0,0,0,1.74868,1228.06,0.853789,0.529184
Test,A100,256,16384,4194304,134217728,8,10,1.07374,1073741824,0,0,0,1,0,0,0,0,0,0,0,0,0,0,0,0,0,0,0,0,0,0,0,0,0,0,0,0,0,0,0,0,0,0,0,1.62632,660.231,0.94542,0.585977
Test,A100,256,16384,4194304,536870912,8,10,4.29497,1073741824,0,0,0,0,4,0,0,0,0,0,0,0,0,0,0,0,0,0,0,0,0,0,0,0,0,0,0,0,0,0,0,0,0,0,0,1.69697,2530.96,1.64325,1.0185
Test,A100,256,16384,4194304,268435456,8,10,2.14748,1073741824,0,0,0,0,0,2,0,0,0,0,0,0,0,0,0,0,0,0,0,0,0,0,0,0,0,0,0,0,0,0,0,0,0,0,0,0.832922,2578.27,6.04844,3.74886
Test,A100,256,16384,4194304,134217728,8,10,1.07374,1073741824,0,0,0,0,0,0,1,0,0,0,0,0,0,0,0,0,0,0,0,0,0,0,0,0,0,0,0,0,0,0,0,0,0,0,0,0.831693,1291.04,2.92082,1.81034
Test,A100,256,16384,4194304,1073741824,8,10,8.58993,1073741824,0,0,0,0,0,0,0,8,0,0,0,0,0,0,0,0,0,0,0,0,0,0,0,0,0,0,0,0,0,0,0,0,0,0,0,8.7807,978.277,1.56191,0.968083
Test,A100,256,16384,4194304,536870912,8,10,4.29497,1073741824,0,0,0,0,0,0,0,0,4,0,0,0,0,0,0,0,0,0,0,0,0,0,0,0,0,0,0,0,0,0,0,0,0,0,0,4.19922,1022.81,2.2318,1.38328
Test,A100,256,16384,4194304,268435456,8,10,2.14748,1073741824,0,0,0,0,0,0,0,0,0,2,0,0,0,0,0,0,0,0,0,0,0,0,0,0,0,0,0,0,0,0,0,0,0,0,0,1.74264,1232.31,0.541791,0.335806
Test,A100,256,16384,4194304,134217728,8,10,1.07374,1073741824,0,0,0,0,0,0,0,0,0,0,1,0,0,0,0,0,0,0,0,0,0,0,0,0,0,0,0,0,0,0,0,0,0,0,0,1.63144,658.159,0.957553,0.593497
Test,A100,256,16384,4194304,536870912,8,10,4.29497,1073741824,0,0,0,0,0,0,0,0,0,0,0,4,0,0,0,0,0,0,0,0,0,0,0,0,0,0,0,0,0,0,0,0,0,0,0,1.69769,2529.89,1.26674,0.785134
Test,A100,256,16384,4194304,268435456,8,10,2.14748,1073741824,0,0,0,0,0,0,0,0,0,0,0,0,2,0,0,0,0,0,0,0,0,0,0,0,0,0,0,0,0,0,0,0,0,0,0,0.832614,2579.21,2.99074,1.85368
Test,A100,256,16384,4194304,134217728,8,10,1.07374,1073741824,0,0,0,0,0,0,0,0,0,0,0,0,0,1,0,0,0,0,0,0,0,0,0,0,0,0,0,0,0,0,0,0,0,0,0,0.831693,1291.04,2.22676,1.38016
Test,A100,256,16384,4194304,1073741824,8,10,17.1799,1073741824,0,0,0,0,0,0,0,0,0,0,0,0,0,0,16,0,0,0,0,0,0,0,0,0,0,0,0,0,0,0,0,0,0,0,0,2.93059,5862.27,2.50006,1.54955
Test,A100,256,16384,4194304,536870912,8,10,8.58993,1073741824,0,0,0,0,0,0,0,0,0,0,0,0,0,0,0,8,0,0,0,0,0,0,0,0,0,0,0,0,0,0,0,0,0,0,0,1.6043,5354.32,3.07603,1.90654
Test,A100,256,16384,4194304,268435456,8,10,4.29497,1073741824,0,0,0,0,0,0,0,0,0,0,0,0,0,0,0,0,4,0,0,0,0,0,0,0,0,0,0,0,0,0,0,0,0,0,0,0.981606,4375.45,3.64898,2.26166
Test,A100,256,16384,4194304,134217728,8,10,2.14748,1073741824,0,0,0,0,0,0,0,0,0,0,0,0,0,0,0,0,0,2,0,0,0,0,0,0,0,0,0,0,0,0,0,0,0,0,0,0.843981,2544.48,4.73552,2.9351
Test,A100,256,16384,4194304,536870912,8,10,8.58993,1073741824,0,0,0,0,0,0,0,0,0,0,0,0,0,0,0,0,0,0,8,0,0,0,0,0,0,0,0,0,0,0,0,0,0,0,0,2.00663,4280.78,2.96057,1.83498
Test,A100,256,16384,4194304,268435456,8,10,4.29497,1073741824,0,0,0,0,0,0,0,0,0,0,0,0,0,0,0,0,0,0,0,4,0,0,0,0,0,0,0,0,0,0,0,0,0,0,0,0.832307,5160.32,6.84311,4.24141
Test,A100,256,16384,4194304,134217728,8,10,2.14748,1073741824,0,0,0,0,0,0,0,0,0,0,0,0,0,0,0,0,0,0,0,0,2,0,0,0,0,0,0,0,0,0,0,0,0,0,0,0.83241,2579.86,6.40348,3.96892
Test,A100,256,16384,4194304,1073741824,8,10,8.58993,1073741824,0,0,0,0,0,0,0,0,0,0,0,0,0,0,0,0,0,0,0,0,0,8,0,0,0,0,0,0,0,0,0,0,0,0,0,15.2118,564.688,0.0883972,0.0547892
Test,A100,256,16384,4194304,536870912,8,10,4.29497,1073741824,0,0,0,0,0,0,0,0,0,0,0,0,0,0,0,0,0,0,0,0,0,0,4,0,0,0,0,0,0,0,0,0,0,0,0,7.66915,560.032,0.0832472,0.0515972
Test,A100,256,16384,4194304,268435456,8,10,2.14748,1073741824,0,0,0,0,0,0,0,0,0,0,0,0,0,0,0,0,0,0,0,0,0,0,0,2,0,0,0,0,0,0,0,0,0,0,0,3.21894,667.139,0.357942,0.221855
Test,A100,256,16384,4194304,134217728,8,10,1.07374,1073741824,0,0,0,0,0,0,0,0,0,0,0,0,0,0,0,0,0,0,0,0,0,0,0,0,1,0,0,0,0,0,0,0,0,0,0,1.83624,584.752,0.406971,0.252243
Test,A100,256,16384,4194304,536870912,8,10,4.29497,1073741824,0,0,0,0,0,0,0,0,0,0,0,0,0,0,0,0,0,0,0,0,0,0,0,0,0,4,0,0,0,0,0,0,0,0,0,4.27018,1005.8,0.521834,0.323436
Test,A100,256,16384,4194304,268435456,8,10,2.14748,1073741824,0,0,0,0,0,0,0,0,0,0,0,0,0,0,0,0,0,0,0,0,0,0,0,0,0,0,2,0,0,0,0,0,0,0,0,4.58527,468.345,0.502691,0.311571
Test,A100,256,16384,4194304,134217728,8,10,1.07374,1073741824,0,0,0,0,0,0,0,0,0,0,0,0,0,0,0,0,0,0,0,0,0,0,0,0,0,0,0,1,0,0,0,0,0,0,0,6.20708,172.987,0.0972566,0.0602803
Test,A100,256,16384,4194304,1073741824,8,10,8.58993,1073741824,0,0,0,0,0,0,0,0,0,0,0,0,0,0,0,0,0,0,0,0,0,0,0,0,0,0,0,0,8,0,0,0,0,0,0,9.78237,878.104,0.780188,0.483566
Test,A100,256,16384,4194304,536870912,8,10,4.29497,1073741824,0,0,0,0,0,0,0,0,0,0,0,0,0,0,0,0,0,0,0,0,0,0,0,0,0,0,0,0,0,4,0,0,0,0,0,5.13884,835.788,1.46156,0.905886
Test,A100,256,16384,4194304,268435456,8,10,2.14748,1073741824,0,0,0,0,0,0,0,0,0,0,0,0,0,0,0,0,0,0,0,0,0,0,0,0,0,0,0,0,0,0,2,0,0,0,0,1.86706,1150.2,0.634402,0.393206
Test,A100,256,16384,4194304,134217728,8,10,1.07374,1073741824,0,0,0,0,0,0,0,0,0,0,0,0,0,0,0,0,0,0,0,0,0,0,0,0,0,0,0,0,0,0,0,1,0,0,0,1.63574,656.427,0.667768,0.413887
Test,A100,256,16384,4194304,536870912,8,10,4.29497,1073741824,0,0,0,0,0,0,0,0,0,0,0,0,0,0,0,0,0,0,0,0,0,0,0,0,0,0,0,0,0,0,0,0,4,0,0,4.45983,963.036,1.19826,0.742691
Test,A100,256,16384,4194304,268435456,8,10,2.14748,1073741824,0,0,0,0,0,0,0,0,0,0,0,0,0,0,0,0,0,0,0,0,0,0,0,0,0,0,0,0,0,0,0,0,0,2,0,1.78555,1202.71,3.06511,1.89978
Test,A100,256,16384,4194304,134217728,8,10,1.07374,1073741824,0,0,0,0,0,0,0,0,0,0,0,0,0,0,0,0,0,0,0,0,0,0,0,0,0,0,0,0,0,0,0,0,0,0,1,1.63021,658.654,0.761276,0.471844
Test,A100,256,16384,4194304,1073741824,16,10,17.1799,1073741824,16,0,0,0,0,0,0,0,0,0,0,0,0,0,0,0,0,0,0,0,0,0,0,0,0,0,0,0,0,0,0,0,0,0,0,12.2013,1408.04,2.33237,1.44562
Test,A100,256,16384,4194304,536870912,16,10,8.58993,1073741824,0,8,0,0,0,0,0,0,0,0,0,0,0,0,0,0,0,0,0,0,0,0,0,0,0,0,0,0,0,0,0,0,0,0,0,4.17802,2055.99,3.81247,2.36299
Test,A100,256,16384,4194304,268435456,16,10,4.29497,1073741824,0,0,4,0,0,0,0,0,0,0,0,0,0,0,0,0,0,0,0,0,0,0,0,0,0,0,0,0,0,0,0,0,0,0,0,1.75002,2454.24,0.908229,0.562926
Test,A100,256,16384,4194304,134217728,16,10,2.14748,1073741824,0,0,0,2,0,0,0,0,0,0,0,0,0,0,0,0,0,0,0,0,0,0,0,0,0,0,0,0,0,0,0,0,0,0,0,1.62796,1319.13,1.03627,0.642289
Test,A100,256,16384,4194304,536870912,16,10,8.58993,1073741824,0,0,0,0,8,0,0,0,0,0,0,0,0,0,0,0,0,0,0,0,0,0,0,0,0,0,0,0,0,0,0,0,0,0,0,2.01165,4270.1,2.42943,1.50578
Test,A100,256,16384,4194304,268435456,16,10,4.29497,1073741824,0,0,0,0,0,4,0,0,0,0,0,0,0,0,0,0,0,0,0,0,0,0,0,0,0,0,0,0,0,0,0,0,0,0,0,0.844288,5087.09,4.97435,3.08314
Test,A100,256,16384,4194304,134217728,16,10,2.14748,1073741824,0,0,0,0,0,0,2,0,0,0,0,0,0,0,0,0,0,0,0,0,0,0,0,0,0,0,0,0,0,0,0,0,0,0,0,0.840397,2555.33,5.92195,3.67046
Test,A100,256,16384,4194304,1073741824,16,10,17.1799,1073741824,0,0,0,0,0,0,0,16,0,0,0,0,0,0,0,0,0,0,0,0,0,0,0,0,0,0,0,0,0,0,0,0,0,0,0,7.79274,2204.61,4.068,2.52137
Test,A100,256,16384,4194304,536870912,16,10,8.58993,1073741824,0,0,0,0,0,0,0,0,8,0,0,0,0,0,0,0,0,0,0,0,0,0,0,0,0,0,0,0,0,0,0,0,0,0,0,4.03712,2127.74,2.45148,1.51945
Test,A100,256,16384,4194304,268435456,16,10,4.29497,1073741824,0,0,0,0,0,0,0,0,0,4,0,0,0,0,0,0,0,0,0,0,0,0,0,0,0,0,0,0,0,0,0,0,0,0,0,1.74787,2457.27,2.08222,1.29057
Test,A100,256,16384,4194304,134217728,16,10,2.14748,1073741824,0,0,0,0,0,0,0,0,0,0,2,0,0,0,0,0,0,0,0,0,0,0,0,0,0,0,0,0,0,0,0,0,0,0,0,1.64178,1308.02,0.968616,0.600354
Test,A100,256,16384,4194304,536870912,16,10,8.58993,1073741824,0,0,0,0,0,0,0,0,0,0,0,8,0,0,0,0,0,0,0,0,0,0,0,0,0,0,0,0,0,0,0,0,0,0,0,2.01073,4272.06,1.99472,1.23634
Test,A100,256,16384,4194304,268435456,16,10,4.29497,1073741824,0,0,0,0,0,0,0,0,0,0,0,0,4,0,0,0,0,0,0,0,0,0,0,0,0,0,0,0,0,0,0,0,0,0,0,0.8448,5084.01,6.15801,3.81678
Test,A100,256,16384,4194304,134217728,16,10,2.14748,1073741824,0,0,0,0,0,0,0,0,0,0,0,0,0,2,0,0,0,0,0,0,0,0,0,0,0,0,0,0,0,0,0,0,0,0,0,0.840602,2554.7,1.67601,1.0388
Test,A100,256,16384,4194304,1073741824,16,10,34.3597,1073741824,0,0,0,0,0,0,0,0,0,0,0,0,0,0,32,0,0,0,0,0,0,0,0,0,0,0,0,0,0,0,0,0,0,0,0,3.27004,10507.4,12.6053,7.81287
Test,A100,256,16384,4194304,536870912,16,10,17.1799,1073741824,0,0,0,0,0,0,0,0,0,0,0,0,0,0,0,16,0,0,0,0,0,0,0,0,0,0,0,0,0,0,0,0,0,0,0,1.79794,9555.32,4.74348,2.94004
Test,A100,256,16384,4194304,268435456,16,10,8.58993,1073741824,0,0,0,0,0,0,0,0,0,0,0,0,0,0,0,0,8,0,0,0,0,0,0,0,0,0,0,0,0,0,0,0,0,0,0,1.01069,8499.1,6.66993,4.13406
Test,A100,256,16384,4194304,134217728,16,10,4.29497,1073741824,0,0,0,0,0,0,0,0,0,0,0,0,0,0,0,0,0,4,0,0,0,0,0,0,0,0,0,0,0,0,0,0,0,0,0,0.986624,4353.2,4.15796,2.57713
Test,A100,256,16384,4194304,536870912,16,10,17.1799,1073741824,0,0,0,0,0,0,0,0,0,0,0,0,0,0,0,0,0,0,16,0,0,0,0,0,0,0,0,0,0,0,0,0,0,0,0,3.02346,5682.19,4.72733,2.93003
Test,A100,256,16384,4194304,268435456,16,10,8.58993,1073741824,0,0,0,0,0,0,0,0,0,0,0,0,0,0,0,0,0,0,0,8,0,0,0,0,0,0,0,0,0,0,0,0,0,0,0,0.8448,10168,13.5014,8.36826
Test,A100,256,16384,4194304,134217728,16,10,4.29497,1073741824,0,0,0,0,0,0,0,0,0,0,0,0,0,0,0,0,0,0,0,0,4,0,0,0,0,0,0,0,0,0,0,0,0,0,0,0.840909,5107.56,11.4208,7.07868
Test,A100,256,16384,4194304,1073741824,16,10,17.1799,1073741824,0,0,0,0,0,0,0,0,0,0,0,0,0,0,0,0,0,0,0,0,0,16,0,0,0,0,0,0,0,0,0,0,0,0,0,30.0357,571.982,0.0360156,0.0223227
Test,A100,256,16384,4194304,536870912,16,10,8.58993,1073741824,0,0,0,0,0,0,0,0,0,0,0,0,0,0,0,0,0,0,0,0,0,0,8,0,0,0,0,0,0,0,0,0,0,0,0,15.0571,570.491,0.048445,0.0300265
Test,A100,256,16384,4194304,268435456,16,10,4.29497,1073741824,0,0,0,0,0,0,0,0,0,0,0,0,0,0,0,0,0,0,0,0,0,0,0,4,0,0,0,0,0,0,0,0,0,0,0,6.24896,687.309,0.183242,0.113575
Test,A100,256,16384,4194304,134217728,16,10,2.14748,1073741824,0,0,0,0,0,0,0,0,0,0,0,0,0,0,0,0,0,0,0,0,0,0,0,0,2,0,0,0,0,0,0,0,0,0,0,3.57683,600.387,0.473455,0.29345
Test,A100,256,16384,4194304,536870912,16,10,8.58993,1073741824,0,0,0,0,0,0,0,0,0,0,0,0,0,0,0,0,0,0,0,0,0,0,0,0,0,8,0,0,0,0,0,0,0,0,0,8.15923,1052.79,0.534401,0.331225
Test,A100,256,16384,4194304,268435456,16,10,4.29497,1073741824,0,0,0,0,0,0,0,0,0,0,0,0,0,0,0,0,0,0,0,0,0,0,0,0,0,0,4,0,0,0,0,0,0,0,0,9.52996,450.69,2.09406,1.29791
Test,A100,256,16384,4194304,134217728,16,10,2.14748,1073741824,0,0,0,0,0,0,0,0,0,0,0,0,0,0,0,0,0,0,0,0,0,0,0,0,0,0,0,2,0,0,0,0,0,0,0,12.362,173.716,0.0182585,0.0113167
Test,A100,256,16384,4194304,1073741824,16,10,17.1799,1073741824,0,0,0,0,0,0,0,0,0,0,0,0,0,0,0,0,0,0,0,0,0,0,0,0,0,0,0,0,16,0,0,0,0,0,0,11.1832,1536.22,0.745707,0.462194
Test,A100,256,16384,4194304,536870912,16,10,8.58993,1073741824,0,0,0,0,0,0,0,0,0,0,0,0,0,0,0,0,0,0,0,0,0,0,0,0,0,0,0,0,0,8,0,0,0,0,0,5.70931,1504.55,2.35312,1.45848
Test,A100,256,16384,4194304,268435456,16,10,4.29497,1073741824,0,0,0,0,0,0,0,0,0,0,0,0,0,0,0,0,0,0,0,0,0,0,0,0,0,0,0,0,0,0,4,0,0,0,0,2.71288,1583.17,0.273825,0.169718
Test,A100,256,16384,4194304,134217728,16,10,2.14748,1073741824,0,0,0,0,0,0,0,0,0,0,0,0,0,0,0,0,0,0,0,0,0,0,0,0,0,0,0,0,0,0,0,2,0,0,0,1.66676,1288.41,0.940494,0.582924
Test,A100,256,16384,4194304,536870912,16,10,8.58993,1073741824,0,0,0,0,0,0,0,0,0,0,0,0,0,0,0,0,0,0,0,0,0,0,0,0,0,0,0,0,0,0,0,0,8,0,0,4.6848,1833.58,2.49546,1.5467
Test,A100,256,16384,4194304,268435456,16,10,4.29497,1073741824,0,0,0,0,0,0,0,0,0,0,0,0,0,0,0,0,0,0,0,0,0,0,0,0,0,0,0,0,0,0,0,0,0,4,0,1.83173,2344.76,3.8223,2.36908
Test,A100,256,16384,4194304,134217728,16,10,2.14748,1073741824,0,0,0,0,0,0,0,0,0,0,0,0,0,0,0,0,0,0,0,0,0,0,0,0,0,0,0,0,0,0,0,0,0,0,2,1.6342,1314.09,1.13182,0.701511
Test,A100,256,16384,4194304,1073741824,32,10,34.3597,1073741824,32,0,0,0,0,0,0,0,0,0,0,0,0,0,0,0,0,0,0,0,0,0,0,0,0,0,0,0,0,0,0,0,0,0,0,12.2209,2811.56,4.33227,2.68517
Test,A100,256,16384,4194304,536870912,32,10,17.1799,1073741824,0,16,0,0,0,0,0,0,0,0,0,0,0,0,0,0,0,0,0,0,0,0,0,0,0,0,0,0,0,0,0,0,0,0,0,4.22195,4069.18,5.60233,3.47236
Test,A100,256,16384,4194304,268435456,32,10,8.58993,1073741824,0,0,8,0,0,0,0,0,0,0,0,0,0,0,0,0,0,0,0,0,0,0,0,0,0,0,0,0,0,0,0,0,0,0,0,1.76609,4863.81,3.34813,2.0752
Test,A100,256,16384,4194304,134217728,32,10,4.29497,1073741824,0,0,0,4,0,0,0,0,0,0,0,0,0,0,0,0,0,0,0,0,0,0,0,0,0,0,0,0,0,0,0,0,0,0,0,1.63226,2631.31,3.13209,1.94129
Test,A100,256,16384,4194304,536870912,32,10,17.1799,1073741824,0,0,0,0,16,0,0,0,0,0,0,0,0,0,0,0,0,0,0,0,0,0,0,0,0,0,0,0,0,0,0,0,0,0,0,3.04507,5641.87,3.39981,2.10722
Test,A100,256,16384,4194304,268435456,32,10,8.58993,1073741824,0,0,0,0,0,8,0,0,0,0,0,0,0,0,0,0,0,0,0,0,0,0,0,0,0,0,0,0,0,0,0,0,0,0,0,0.94976,9044.33,10.9051,6.75903
Test,A100,256,16384,4194304,134217728,32,10,4.29497,1073741824,0,0,0,0,0,0,4,0,0,0,0,0,0,0,0,0,0,0,0,0,0,0,0,0,0,0,0,0,0,0,0,0,0,0,0,0.95191,4511.95,3.21794,1.9945
Test,A100,256,16384,4194304,1073741824,32,10,34.3597,1073741824,0,0,0,0,0,0,0,32,0,0,0,0,0,0,0,0,0,0,0,0,0,0,0,0,0,0,0,0,0,0,0,0,0,0,0,8.15811,4211.74,4.99757,3.09753
Test,A100,256,16384,4194304,536870912,32,10,17.1799,1073741824,0,0,0,0,0,0,0,0,16,0,0,0,0,0,0,0,0,0,0,0,0,0,0,0,0,0,0,0,0,0,0,0,0,0,0,4.25759,4035.13,6.39651,3.9646
Test,A100,256,16384,4194304,268435456,32,10,8.58993,1073741824,0,0,0,0,0,0,0,0,0,8,0,0,0,0,0,0,0,0,0,0,0,0,0,0,0,0,0,0,0,0,0,0,0,0,0,1.77746,4832.71,3.47706,2.15511
Test,A100,256,16384,4194304,134217728,32,10,4.29497,1073741824,0,0,0,0,0,0,0,0,0,0,4,0,0,0,0,0,0,0,0,0,0,0,0,0,0,0,0,0,0,0,0,0,0,0,0,1.97089,2179.2,1.24506,0.771693
Test,A100,256,16384,4194304,536870912,32,10,17.1799,1073741824,0,0,0,0,0,0,0,0,0,0,0,16,0,0,0,0,0,0,0,0,0,0,0,0,0,0,0,0,0,0,0,0,0,0,0,3.02234,5684.3,2.31834,1.43692
Test,A100,256,16384,4194304,268435456,32,10,8.58993,1073741824,0,0,0,0,0,0,0,0,0,0,0,0,8,0,0,0,0,0,0,0,0,0,0,0,0,0,0,0,0,0,0,0,0,0,0,0.950067,9041.41,11.3697,7.04701
Test,A100,256,16384,4194304,134217728,32,10,4.29497,1073741824,0,0,0,0,0,0,0,0,0,0,0,0,0,4,0,0,0,0,0,0,0,0,0,0,0,0,0,0,0,0,0,0,0,0,0,0.952115,4510.98,4.74825,2.943
Test,A100,256,16384,4194304,1073741824,32,10,68.7195,1073741824,0,0,0,0,0,0,0,0,0,0,0,0,0,0,64,0,0,0,0,0,0,0,0,0,0,0,0,0,0,0,0,0,0,0,0,4.34872,15802.2,6.61201,4.09817
Test,A100,256,16384,4194304,536870912,32,10,34.3597,1073741824,0,0,0,0,0,0,0,0,0,0,0,0,0,0,0,32,0,0,0,0,0,0,0,0,0,0,0,0,0,0,0,0,0,0,0,2.28383,15044.8,5.26743,3.26479
Test,A100,256,16384,4194304,268435456,32,10,17.1799,1073741824,0,0,0,0,0,0,0,0,0,0,0,0,0,0,0,0,16,0,0,0,0,0,0,0,0,0,0,0,0,0,0,0,0,0,0,1.12323,15295.1,15.821,9.80598
Test,A100,256,16384,4194304,134217728,32,10,8.58993,1073741824,0,0,0,0,0,0,0,0,0,0,0,0,0,0,0,0,0,8,0,0,0,0,0,0,0,0,0,0,0,0,0,0,0,0,0,1.8517,4638.95,1.64159,1.01747
Test,A100,256,16384,4194304,536870912,32,10,34.3597,1073741824,0,0,0,0,0,0,0,0,0,0,0,0,0,0,0,0,0,0,32,0,0,0,0,0,0,0,0,0,0,0,0,0,0,0,0,5.6533,6077.82,1.76057,1.09121
Test,A100,256,16384,4194304,268435456,32,10,17.1799,1073741824,0,0,0,0,0,0,0,0,0,0,0,0,0,0,0,0,0,0,0,16,0,0,0,0,0,0,0,0,0,0,0,0,0,0,0,0.95447,17999.4,20.1184,12.4695
Test,A100,256,16384,4194304,134217728,32,10,8.58993,1073741824,0,0,0,0,0,0,0,0,0,0,0,0,0,0,0,0,0,0,0,0,8,0,0,0,0,0,0,0,0,0,0,0,0,0,0,0.957542,8970.82,6.71585,4.16253
Test,A100,256,16384,4194304,1073741824,32,10,34.3597,1073741824,0,0,0,0,0,0,0,0,0,0,0,0,0,0,0,0,0,0,0,0,0,32,0,0,0,0,0,0,0,0,0,0,0,0,0,60.1035,571.686,2.3667,1.4669
Test,A100,256,16384,4194304,536870912,32,10,17.1799,1073741824,0,0,0,0,0,0,0,0,0,0,0,0,0,0,0,0,0,0,0,0,0,0,16,0,0,0,0,0,0,0,0,0,0,0,0,30.0141,572.394,0.0420716,0.0260763
Test,A100,256,16384,4194304,268435456,32,10,8.58993,1073741824,0,0,0,0,0,0,0,0,0,0,0,0,0,0,0,0,0,0,0,0,0,0,0,8,0,0,0,0,0,0,0,0,0,0,0,12.4227,691.488,3.15546,1.95577
Test,A100,256,16384,4194304,134217728,32,10,4.29497,1073741824,0,0,0,0,0,0,0,0,0,0,0,0,0,0,0,0,0,0,0,0,0,0,0,0,4,0,0,0,0,0,0,0,0,0,0,7.13923,601.605,1.47569,0.914642
Test,A100,256,16384,4194304,536870912,32,10,17.1799,1073741824,0,0,0,0,0,0,0,0,0,0,0,0,0,0,0,0,0,0,0,0,0,0,0,0,0,16,0,0,0,0,0,0,0,0,0,15.9664,1076,0.144055,0.0892863
Test,A100,256,16384,4194304,268435456,32,10,8.58993,1073741824,0,0,0,0,0,0,0,0,0,0,0,0,0,0,0,0,0,0,0,0,0,0,0,0,0,0,8,0,0,0,0,0,0,0,0,19.6109,438.018,0.0434535,0.0269328
Test,A100,256,16384,4194304,134217728,32,10,4.29497,1073741824,0,0,0,0,0,0,0,0,0,0,0,0,0,0,0,0,0,0,0,0,0,0,0,0,0,0,0,4,0,0,0,0,0,0,0,24.2708,176.963,0.732843,0.454221
Test,A100,256,16384,4194304,1073741824,32,10,34.3597,1073741824,0,0,0,0,0,0,0,0,0,0,0,0,0,0,0,0,0,0,0,0,0,0,0,0,0,0,0,0,32,0,0,0,0,0,0,21.8148,1575.07,0.129156,0.0800518
Test,A100,256,16384,4194304,536870912,32,10,17.1799,1073741824,0,0,0,0,0,0,0,0,0,0,0,0,0,0,0,0,0,0,0,0,0,0,0,0,0,0,0,0,0,16,0,0,0,0,0,10.7723,1594.82,0.132158,0.0819122
Test,A100,256,16384,4194304,268435456,32,10,8.58993,1073741824,0,0,0,0,0,0,0,0,0,0,0,0,0,0,0,0,0,0,0,0,0,0,0,0,0,0,0,0,0,0,8,0,0,0,0,5.39054,1593.52,0.325946,0.202023
Test,A100,256,16384,4194304,134217728,32,10,4.29497,1073741824,0,0,0,0,0,0,0,0,0,0,0,0,0,0,0,0,0,0,0,0,0,0,0,0,0,0,0,0,0,0,0,4,0,0,0,2.80719,1529.99,0.446399,0.276681
Test,A100,256,16384,4194304,536870912,32,10,17.1799,1073741824,0,0,0,0,0,0,0,0,0,0,0,0,0,0,0,0,0,0,0,0,0,0,0,0,0,0,0,0,0,0,0,0,16,0,0,5.15594,3332.06,4.80595,2.97876
Test,A100,256,16384,4194304,268435456,32,10,8.58993,1073741824,0,0,0,0,0,0,0,0,0,0,0,0,0,0,0,0,0,0,0,0,0,0,0,0,0,0,0,0,0,0,0,0,0,8,0,2.04319,4204.2,9.09035,5.63425
Test,A100,256,16384,4194304,134217728,32,10,4.29497,1073741824,0,0,0,0,0,0,0,0,0,0,0,0,0,0,0,0,0,0,0,0,0,0,0,0,0,0,0,0,0,0,0,0,0,0,4,1.65038,2602.42,4.78307,2.96458
Test,A100,256,16384,4194304,1073741824,64,10,68.7195,1073741824,64,0,0,0,0,0,0,0,0,0,0,0,0,0,0,0,0,0,0,0,0,0,0,0,0,0,0,0,0,0,0,0,0,0,0,11.7571,5844.96,6.53845,4.05257
Test,A100,256,16384,4194304,536870912,64,10,34.3597,1073741824,0,32,0,0,0,0,0,0,0,0,0,0,0,0,0,0,0,0,0,0,0,0,0,0,0,0,0,0,0,0,0,0,0,0,0,4.39818,7812.28,13.2468,8.21042
Test,A100,256,16384,4194304,268435456,64,10,17.1799,1073741824,0,0,16,0,0,0,0,0,0,0,0,0,0,0,0,0,0,0,0,0,0,0,0,0,0,0,0,0,0,0,0,0,0,0,0,1.81903,9444.51,6.3804,3.95462
Test,A100,256,16384,4194304,134217728,64,10,8.58993,1073741824,0,0,0,8,0,0,0,0,0,0,0,0,0,0,0,0,0,0,0,0,0,0,0,0,0,0,0,0,0,0,0,0,0,0,0,1.64628,5217.78,6.34411,3.93212
Test,A100,256,16384,4194304,536870912,64,10,34.3597,1073741824,0,0,0,0,32,0,0,0,0,0,0,0,0,0,0,0,0,0,0,0,0,0,0,0,0,0,0,0,0,0,0,0,0,0,0,5.65432,6076.72,1.75994,1.09082
Test,A100,256,16384,4194304,268435456,64,10,17.1799,1073741824,0,0,0,0,0,16,0,0,0,0,0,0,0,0,0,0,0,0,0,0,0,0,0,0,0,0,0,0,0,0,0,0,0,0,0,1.80675,9508.74,4.31101,2.67199
Test,A100,256,16384,4194304,134217728,64,10,8.58993,1073741824,0,0,0,0,0,0,8,0,0,0,0,0,0,0,0,0,0,0,0,0,0,0,0,0,0,0,0,0,0,0,0,0,0,0,0,1.81514,4732.38,3.41493,2.1166
Test,A100,256,16384,4194304,1073741824,64,10,68.7195,1073741824,0,0,0,0,0,0,0,64,0,0,0,0,0,0,0,0,0,0,0,0,0,0,0,0,0,0,0,0,0,0,0,0,0,0,0,9.38179,7324.78,6.11244,3.78853
Test,A100,256,16384,4194304,536870912,64,10,34.3597,1073741824,0,0,0,0,0,0,0,0,32,0,0,0,0,0,0,0,0,0,0,0,0,0,0,0,0,0,0,0,0,0,0,0,0,0,0,4.90721,7001.89,7.59269,4.706
Test,A100,256,16384,4194304,268435456,64,10,17.1799,1073741824,0,0,0,0,0,0,0,0,0,16,0,0,0,0,0,0,0,0,0,0,0,0,0,0,0,0,0,0,0,0,0,0,0,0,0,1.99199,8624.49,7.42682,4.60319
Test,A100,256,16384,4194304,134217728,64,10,8.58993,1073741824,0,0,0,0,0,0,0,0,0,0,8,0,0,0,0,0,0,0,0,0,0,0,0,0,0,0,0,0,0,0,0,0,0,0,0,3.90083,2202.08,1.03981,0.644478
Test,A100,256,16384,4194304,536870912,64,10,34.3597,1073741824,0,0,0,0,0,0,0,0,0,0,0,32,0,0,0,0,0,0,0,0,0,0,0,0,0,0,0,0,0,0,0,0,0,0,0,5.69498,6033.34,3.47076,2.1512
Test,A100,256,16384,4194304,268435456,64,10,17.1799,1073741824,0,0,0,0,0,0,0,0,0,0,0,0,16,0,0,0,0,0,0,0,0,0,0,0,0,0,0,0,0,0,0,0,0,0,0,1.80654,9509.82,4.69832,2.91205
Test,A100,256,16384,4194304,134217728,64,10,8.58993,1073741824,0,0,0,0,0,0,0,0,0,0,0,0,0,8,0,0,0,0,0,0,0,0,0,0,0,0,0,0,0,0,0,0,0,0,0,1.82661,4702.66,2.83883,1.75952
Test,A100,256,16384,4194304,1073741824,64,10,137.439,1073741824,0,0,0,0,0,0,0,0,0,0,0,0,0,0,128,0,0,0,0,0,0,0,0,0,0,0,0,0,0,0,0,0,0,0,0,7.808,17602.3,8.6924,5.3876
Test,A100,256,16384,4194304,536870912,64,10,68.7195,1073741824,0,0,0,0,0,0,0,0,0,0,0,0,0,0,0,64,0,0,0,0,0,0,0,0,0,0,0,0,0,0,0,0,0,0,0,3.9509,17393.4,16.3571,10.1383
Test,A100,256,16384,4194304,268435456,64,10,34.3597,1073741824,0,0,0,0,0,0,0,0,0,0,0,0,0,0,0,0,32,0,0,0,0,0,0,0,0,0,0,0,0,0,0,0,0,0,0,1.89829,18100.4,7.30563,4.52808
Test,A100,256,16384,4194304,134217728,64,10,17.1799,1073741824,0,0,0,0,0,0,0,0,0,0,0,0,0,0,0,0,0,16,0,0,0,0,0,0,0,0,0,0,0,0,0,0,0,0,0,3.64759,4709.92,1.09793,0.680506
Test,A100,256,16384,4194304,536870912,64,10,68.7195,1073741824,0,0,0,0,0,0,0,0,0,0,0,0,0,0,0,0,0,0,64,0,0,0,0,0,0,0,0,0,0,0,0,0,0,0,0,11.068,6208.89,18.2557,11.315
Test,A100,256,16384,4194304,268435456,64,10,34.3597,1073741824,0,0,0,0,0,0,0,0,0,0,0,0,0,0,0,0,0,0,0,32,0,0,0,0,0,0,0,0,0,0,0,0,0,0,0,1.81965,18882.6,12.5611,7.78546
Test,A100,256,16384,4194304,134217728,64,10,17.1799,1073741824,0,0,0,0,0,0,0,0,0,0,0,0,0,0,0,0,0,0,0,0,16,0,0,0,0,0,0,0,0,0,0,0,0,0,0,1.82938,9391.12,9.46368,5.86565
Test,A100,256,16384,4194304,1073741824,64,10,68.7195,1073741824,0,0,0,0,0,0,0,0,0,0,0,0,0,0,0,0,0,0,0,0,0,64,0,0,0,0,0,0,0,0,0,0,0,0,0,120.431,570.611,0.0296778,0.0183945
Test,A100,256,16384,4194304,536870912,64,10,34.3597,1073741824,0,0,0,0,0,0,0,0,0,0,0,0,0,0,0,0,0,0,0,0,0,0,32,0,0,0,0,0,0,0,0,0,0,0,0,59.898,573.638,0.0111298,0.00689832
Test,A100,256,16384,4194304,268435456,64,10,17.1799,1073741824,0,0,0,0,0,0,0,0,0,0,0,0,0,0,0,0,0,0,0,0,0,0,0,16,0,0,0,0,0,0,0,0,0,0,0,24.6563,696.775,0.0265261,0.016441
Test,A100,256,16384,4194304,134217728,64,10,8.58993,1073741824,0,0,0,0,0,0,0,0,0,0,0,0,0,0,0,0,0,0,0,0,0,0,0,0,8,0,0,0,0,0,0,0,0,0,0,14.1707,606.183,2.243,1.39023
Test,A100,256,16384,4194304,536870912,64,10,34.3597,1073741824,0,0,0,0,0,0,0,0,0,0,0,0,0,0,0,0,0,0,0,0,0,0,0,0,0,32,0,0,0,0,0,0,0,0,0,31.7214,1083.17,0.124547,0.0771949
Test,A100,256,16384,4194304,268435456,64,10,17.1799,1073741824,0,0,0,0,0,0,0,0,0,0,0,0,0,0,0,0,0,0,0,0,0,0,0,0,0,0,16,0,0,0,0,0,0,0,0,39.1822,438.47,1.98842,1.23244
Test,A100,256,16384,4194304,134217728,64,10,8.58993,1073741824,0,0,0,0,0,0,0,0,0,0,0,0,0,0,0,0,0,0,0,0,0,0,0,0,0,0,0,8,0,0,0,0,0,0,0,48.7933,176.047,0.0123695,0.00766671
Test,A100,256,16384,4194304,1073741824,64,10,68.7195,1073741824,0,0,0,0,0,0,0,0,0,0,0,0,0,0,0,0,0,0,0,0,0,0,0,0,0,0,0,0,64,0,0,0,0,0,0,43.7712,1569.99,5.79665,3.5928
Test,A100,256,16384,4194304,536870912,64,10,34.3597,1073741824,0,0,0,0,0,0,0,0,0,0,0,0,0,0,0,0,0,0,0,0,0,0,0,0,0,0,0,0,0,32,0,0,0,0,0,21.4849,1599.25,0.108024,0.0669541
Test,A100,256,16384,4194304,268435456,64,10,17.1799,1073741824,0,0,0,0,0,0,0,0,0,0,0,0,0,0,0,0,0,0,0,0,0,0,0,0,0,0,0,0,0,0,16,0,0,0,0,10.8177,1588.12,0.187721,0.11635
Test,A100,256,16384,4194304,134217728,64,10,8.58993,1073741824,0,0,0,0,0,0,0,0,0,0,0,0,0,0,0,0,0,0,0,0,0,0,0,0,0,0,0,0,0,0,0,8,0,0,0,5.6278,1526.34,0.261937,0.16235
Test,A100,256,16384,4194304,536870912,64,10,34.3597,1073741824,0,0,0,0,0,0,0,0,0,0,0,0,0,0,0,0,0,0,0,0,0,0,0,0,0,0,0,0,0,0,0,0,32,0,0,7.45011,4611.98,5.07128,3.14321
Test,A100,256,16384,4194304,268435456,64,10,17.1799,1073741824,0,0,0,0,0,0,0,0,0,0,0,0,0,0,0,0,0,0,0,0,0,0,0,0,0,0,0,0,0,0,0,0,0,16,0,3.71057,4629.99,6.39924,3.96629
Test,A100,256,16384,4194304,134217728,64,10,8.58993,1073741824,0,0,0,0,0,0,0,0,0,0,0,0,0,0,0,0,0,0,0,0,0,0,0,0,0,0,0,0,0,0,0,0,0,0,8,1.9799,4338.59,10.2841,6.37417
Test,A100,256,16384,4194304,1073741824,128,10,137.439,1073741824,128,0,0,0,0,0,0,0,0,0,0,0,0,0,0,0,0,0,0,0,0,0,0,0,0,0,0,0,0,0,0,0,0,0,0,13.2132,10401.7,7.79833,4.83345
Test,A100,256,16384,4194304,536870912,128,10,68.7195,1073741824,0,64,0,0,0,0,0,0,0,0,0,0,0,0,0,0,0,0,0,0,0,0,0,0,0,0,0,0,0,0,0,0,0,0,0,5.07392,13544.8,121.707,75.4346
Test,A100,256,16384,4194304,268435456,128,10,34.3597,1073741824,0,0,32,0,0,0,0,0,0,0,0,0,0,0,0,0,0,0,0,0,0,0,0,0,0,0,0,0,0,0,0,0,0,0,0,2.10063,16356.9,21.7374,13.473
Test,A100,256,16384,4194304,134217728,128,10,17.1799,1073741824,0,0,0,16,0,0,0,0,0,0,0,0,0,0,0,0,0,0,0,0,0,0,0,0,0,0,0,0,0,0,0,0,0,0,0,1.96547,8741.1,45.0746,27.9375
Test,A100,256,16384,4194304,536870912,128,10,68.7195,1073741824,0,0,0,0,64,0,0,0,0,0,0,0,0,0,0,0,0,0,0,0,0,0,0,0,0,0,0,0,0,0,0,0,0,0,0,11.0073,6243.09,0.901508,0.55876
Test,A100,256,16384,4194304,268435456,128,10,34.3597,1073741824,0,0,0,0,0,32,0,0,0,0,0,0,0,0,0,0,0,0,0,0,0,0,0,0,0,0,0,0,0,0,0,0,0,0,0,3.57898,9600.42,1.9225,1.19158
Test,A100,256,16384,4194304,134217728,128,10,17.1799,1073741824,0,0,0,0,0,0,16,0,0,0,0,0,0,0,0,0,0,0,0,0,0,0,0,0,0,0,0,0,0,0,0,0,0,0,0,3.58103,4797.47,1.29428,0.802206
Test,A100,256,16384,4194304,1073741824,128,10,137.439,1073741824,0,0,0,0,0,0,0,128,0,0,0,0,0,0,0,0,0,0,0,0,0,0,0,0,0,0,0,0,0,0,0,0,0,0,0,14.8937,9228.01,1.42424,0.882751
Test,A100,256,16384,4194304,536870912,128,10,68.7195,1073741824,0,0,0,0,0,0,0,0,64,0,0,0,0,0,0,0,0,0,0,0,0,0,0,0,0,0,0,0,0,0,0,0,0,0,0,7.61303,9026.56,1.73426,1.0749
Test,A100,256,16384,4194304,268435456,128,10,34.3597,1073741824,0,0,0,0,0,0,0,0,0,32,0,0,0,0,0,0,0,0,0,0,0,0,0,0,0,0,0,0,0,0,0,0,0,0,0,3.64964,9414.56,2.99907,1.85884
Test,A100,256,16384,4194304,134217728,128,10,17.1799,1073741824,0,0,0,0,0,0,0,0,0,0,16,0,0,0,0,0,0,0,0,0,0,0,0,0,0,0,0,0,0,0,0,0,0,0,0,7.68604,2235.2,0.208496,0.129227
Test,A100,256,16384,4194304,536870912,128,10,68.7195,1073741824,0,0,0,0,0,0,0,0,0,0,0,64,0,0,0,0,0,0,0,0,0,0,0,0,0,0,0,0,0,0,0,0,0,0,0,11.0062,6243.73,0.929285,0.575977
Test,A100,256,16384,4194304,268435456,128,10,34.3597,1073741824,0,0,0,0,0,0,0,0,0,0,0,0,32,0,0,0,0,0,0,0,0,0,0,0,0,0,0,0,0,0,0,0,0,0,0,3.57898,9600.42,2.28104,1.4138
Test,A100,256,16384,4194304,134217728,128,10,17.1799,1073741824,0,0,0,0,0,0,0,0,0,0,0,0,0,16,0,0,0,0,0,0,0,0,0,0,0,0,0,0,0,0,0,0,0,0,0,3.58062,4798.01,0.878767,0.544666
Test,A100,256,16384,4194304,1073741824,128,10,274.878,1073741824,0,0,0,0,0,0,0,0,0,0,0,0,0,0,256,0,0,0,0,0,0,0,0,0,0,0,0,0,0,0,0,0,0,0,0,15.021,18299.6,3.59068,2.22553
Test,A100,256,16384,4194304,536870912,128,10,137.439,1073741824,0,0,0,0,0,0,0,0,0,0,0,0,0,0,0,128,0,0,0,0,0,0,0,0,0,0,0,0,0,0,0,0,0,0,0,7.50234,18319.5,4.50618,2.79296
Test,A100,256,16384,4194304,268435456,128,10,68.7195,1073741824,0,0,0,0,0,0,0,0,0,0,0,0,0,0,0,0,64,0,0,0,0,0,0,0,0,0,0,0,0,0,0,0,0,0,0,3.68722,18637.2,8.27554,5.12923
Test,A100,256,16384,4194304,134217728,128,10,34.3597,1073741824,0,0,0,0,0,0,0,0,0,0,0,0,0,0,0,0,0,32,0,0,0,0,0,0,0,0,0,0,0,0,0,0,0,0,0,7.2065,4767.88,1.21899,0.755537
Test,A100,256,16384,4194304,536870912,128,10,137.439,1073741824,0,0,0,0,0,0,0,0,0,0,0,0,0,0,0,0,0,0,128,0,0,0,0,0,0,0,0,0,0,0,0,0,0,0,0,21.6622,6344.64,1.71264,1.06151
Test,A100,256,16384,4194304,268435456,128,10,68.7195,1073741824,0,0,0,0,0,0,0,0,0,0,0,0,0,0,0,0,0,0,0,64,0,0,0,0,0,0,0,0,0,0,0,0,0,0,0,3.60325,19071.5,5.8366,3.61756
Test,A100,256,16384,4194304,134217728,128,10,34.3597,1073741824,0,0,0,0,0,0,0,0,0,0,0,0,0,0,0,0,0,0,0,0,32,0,0,0,0,0,0,0,0,0,0,0,0,0,0,3.60561,9529.53,3.9097,2.42326
Test,A100,256,16384,4194304,1073741824,128,10,137.439,1073741824,0,0,0,0,0,0,0,0,0,0,0,0,0,0,0,0,0,0,0,0,0,128,0,0,0,0,0,0,0,0,0,0,0,0,0,240.703,570.989,0.0239592,0.01485
Test,A100,256,16384,4194304,536870912,128,10,68.7195,1073741824,0,0,0,0,0,0,0,0,0,0,0,0,0,0,0,0,0,0,0,0,0,0,64,0,0,0,0,0,0,0,0,0,0,0,0,120.332,571.09,1.72973,1.07209
Test,A100,256,16384,4194304,268435456,128,10,34.3597,1073741824,0,0,0,0,0,0,0,0,0,0,0,0,0,0,0,0,0,0,0,0,0,0,0,32,0,0,0,0,0,0,0,0,0,0,0,49.4979,694.179,3.05461,1.89327
Test,A100,256,16384,4194304,134217728,128,10,17.1799,1073741824,0,0,0,0,0,0,0,0,0,0,0,0,0,0,0,0,0,0,0,0,0,0,0,0,16,0,0,0,0,0,0,0,0,0,0,32.3114,531.702,1.72808,1.07107
Test,A100,256,16384,4194304,536870912,128,10,68.7195,1073741824,0,0,0,0,0,0,0,0,0,0,0,0,0,0,0,0,0,0,0,0,0,0,0,0,0,64,0,0,0,0,0,0,0,0,0,62.7012,1096,3.73794,2.3168
Test,A100,256,16384,4194304,268435456,128,10,34.3597,1073741824,0,0,0,0,0,0,0,0,0,0,0,0,0,0,0,0,0,0,0,0,0,0,0,0,0,0,32,0,0,0,0,0,0,0,0,77.9409,440.846,1.18868,0.73675
Test,A100,256,16384,4194304,134217728,128,10,17.1799,1073741824,0,0,0,0,0,0,0,0,0,0,0,0,0,0,0,0,0,0,0,0,0,0,0,0,0,0,0,16,0,0,0,0,0,0,0,97.6219,175.985,0.405481,0.25132
Test,A100,256,16384,4194304,1073741824,128,10,137.439,1073741824,0,0,0,0,0,0,0,0,0,0,0,0,0,0,0,0,0,0,0,0,0,0,0,0,0,0,0,0,128,0,0,0,0,0,0,87.3651,1573.17,4.6754,2.89784
Test,A100,256,16384,4194304,536870912,128,10,68.7195,1073741824,0,0,0,0,0,0,0,0,0,0,0,0,0,0,0,0,0,0,0,0,0,0,0,0,0,0,0,0,0,64,0,0,0,0,0,43.0414,1596.61,5.35016,3.31607
Test,A100,256,16384,4194304,268435456,128,10,34.3597,1073741824,0,0,0,0,0,0,0,0,0,0,0,0,0,0,0,0,0,0,0,0,0,0,0,0,0,0,0,0,0,0,32,0,0,0,0,21.6041,1590.42,0.467082,0.289501
Test,A100,256,16384,4194304,134217728,128,10,17.1799,1073741824,0,0,0,0,0,0,0,0,0,0,0,0,0,0,0,0,0,0,0,0,0,0,0,0,0,0,0,0,0,0,0,16,0,0,0,11.241,1528.33,0.31904,0.197743
Test,A100,256,16384,4194304,536870912,128,10,68.7195,1073741824,0,0,0,0,0,0,0,0,0,0,0,0,0,0,0,0,0,0,0,0,0,0,0,0,0,0,0,0,0,0,0,0,64,0,0,14.775,4651.07,3.02618,1.87565
Test,A100,256,16384,4194304,268435456,128,10,34.3597,1073741824,0,0,0,0,0,0,0,0,0,0,0,0,0,0,0,0,0,0,0,0,0,0,0,0,0,0,0,0,0,0,0,0,0,32,0,7.39154,4648.53,4.17535,2.58791
Test,A100,256,16384,4194304,134217728,128,10,17.1799,1073741824,0,0,0,0,0,0,0,0,0,0,0,0,0,0,0,0,0,0,0,0,0,0,0,0,0,0,0,0,0,0,0,0,0,0,16,3.80283,4517.67,7.10788,4.40551
Test,A100,256,16384,4194304,1073741824,256,10,274.878,1073741824,256,0,0,0,0,0,0,0,0,0,0,0,0,0,0,0,0,0,0,0,0,0,0,0,0,0,0,0,0,0,0,0,0,0,0,20.9786,13288.9,1497.97,928.451
Test,A100,256,16384,4194304,536870912,256,10,137.439,1073741824,0,128,0,0,0,0,0,0,0,0,0,0,0,0,0,0,0,0,0,0,0,0,0,0,0,0,0,0,0,0,0,0,0,0,0,7.56326,18172,47.4689,29.4216
Test,A100,256,16384,4194304,268435456,256,10,68.7195,1073741824,0,0,64,0,0,0,0,0,0,0,0,0,0,0,0,0,0,0,0,0,0,0,0,0,0,0,0,0,0,0,0,0,0,0,0,3.83447,17922.7,144.379,89.4868
Test,A100,256,16384,4194304,134217728,256,10,34.3597,1073741824,0,0,0,32,0,0,0,0,0,0,0,0,0,0,0,0,0,0,0,0,0,0,0,0,0,0,0,0,0,0,0,0,0,0,0,3.8057,9034.27,225.241,139.606
Test,A100,256,16384,4194304,536870912,256,10,137.439,1073741824,0,0,0,0,128,0,0,0,0,0,0,0,0,0,0,0,0,0,0,0,0,0,0,0,0,0,0,0,0,0,0,0,0,0,0,21.7078,6331.39,20.2476,12.5496
Test,A100,256,16384,4194304,268435456,256,10,68.7195,1073741824,0,0,0,0,0,64,0,0,0,0,0,0,0,0,0,0,0,0,0,0,0,0,0,0,0,0,0,0,0,0,0,0,0,0,0,7.10717,9669.03,2.50547,1.55291
Test,A100,256,16384,4194304,134217728,256,10,34.3597,1073741824,0,0,0,0,0,0,32,0,0,0,0,0,0,0,0,0,0,0,0,0,0,0,0,0,0,0,0,0,0,0,0,0,0,0,0,7.16585,4794.93,1.82311,1.12998
Test,A100,256,16384,4194304,1073741824,256,10,274.878,1073741824,0,0,0,0,0,0,0,256,0,0,0,0,0,0,0,0,0,0,0,0,0,0,0,0,0,0,0,0,0,0,0,0,0,0,0,29.2961,9382.74,1.33,0.824342
Test,A100,256,16384,4194304,536870912,256,10,137.439,1073741824,0,0,0,0,0,0,0,0,128,0,0,0,0,0,0,0,0,0,0,0,0,0,0,0,0,0,0,0,0,0,0,0,0,0,0,14.8099,9280.21,2.56254,1.58828
Test,A100,256,16384,4194304,268435456,256,10,68.7195,1073741824,0,0,0,0,0,0,0,0,0,64,0,0,0,0,0,0,0,0,0,0,0,0,0,0,0,0,0,0,0,0,0,0,0,0,0,7.24009,9491.53,2.76334,1.71273
Test,A100,256,16384,4194304,134217728,256,10,34.3597,1073741824,0,0,0,0,0,0,0,0,0,0,32,0,0,0,0,0,0,0,0,0,0,0,0,0,0,0,0,0,0,0,0,0,0,0,0,15.4082,2229.96,0.687184,0.425921
Test,A100,256,16384,4194304,536870912,256,10,137.439,1073741824,0,0,0,0,0,0,0,0,0,0,0,128,0,0,0,0,0,0,0,0,0,0,0,0,0,0,0,0,0,0,0,0,0,0,0,21.7078,6331.38,19.4275,12.0413
Test,A100,256,16384,4194304,268435456,256,10,68.7195,1073741824,0,0,0,0,0,0,0,0,0,0,0,0,64,0,0,0,0,0,0,0,0,0,0,0,0,0,0,0,0,0,0,0,0,0,0,7.15418,9605.51,3.43521,2.12917
Test,A100,256,16384,4194304,134217728,256,10,34.3597,1073741824,0,0,0,0,0,0,0,0,0,0,0,0,0,32,0,0,0,0,0,0,0,0,0,0,0,0,0,0,0,0,0,0,0,0,0,7.1638,4796.3,1.45186,0.899869
Test,A100,256,16384,4194304,1073741824,256,10,549.756,1073741824,0,0,0,0,0,0,0,0,0,0,0,0,0,0,512,0,0,0,0,0,0,0,0,0,0,0,0,0,0,0,0,0,0,0,0,29.2023,18825.9,57.279,35.5019
Test,A100,256,16384,4194304,536870912,256,10,274.878,1073741824,0,0,0,0,0,0,0,0,0,0,0,0,0,0,0,256,0,0,0,0,0,0,0,0,0,0,0,0,0,0,0,0,0,0,0,14.6081,18816.8,2.13029,1.32036
Test,A100,256,16384,4194304,268435456,256,10,137.439,1073741824,0,0,0,0,0,0,0,0,0,0,0,0,0,0,0,0,128,0,0,0,0,0,0,0,0,0,0,0,0,0,0,0,0,0,0,7.20896,19065,3.63288,2.25168
Test,A100,256,16384,4194304,134217728,256,10,68.7195,1073741824,0,0,0,0,0,0,0,0,0,0,0,0,0,0,0,0,0,64,0,0,0,0,0,0,0,0,0,0,0,0,0,0,0,0,0,14.3192,4799.11,0.843336,0.522705
Test,A100,256,16384,4194304,536870912,256,10,274.878,1073741824,0,0,0,0,0,0,0,0,0,0,0,0,0,0,0,0,0,0,256,0,0,0,0,0,0,0,0,0,0,0,0,0,0,0,0,42.971,6396.82,0.648256,0.401793
Test,A100,256,16384,4194304,268435456,256,10,137.439,1073741824,0,0,0,0,0,0,0,0,0,0,0,0,0,0,0,0,0,0,0,128,0,0,0,0,0,0,0,0,0,0,0,0,0,0,0,7.17732,19149.1,7.37267,4.56963
Test,A100,256,16384,4194304,134217728,256,10,68.7195,1073741824,0,0,0,0,0,0,0,0,0,0,0,0,0,0,0,0,0,0,0,0,64,0,0,0,0,0,0,0,0,0,0,0,0,0,0,7.16892,9585.75,3.48612,2.16072
Test,A100,256,16384,4194304,1073741824,256,10,274.878,1073741824,0,0,0,0,0,0,0,0,0,0,0,0,0,0,0,0,0,0,0,0,0,256,0,0,0,0,0,0,0,0,0,0,0,0,0,478.263,574.743,0.593847,0.36807
Test,A100,256,16384,4194304,536870912,256,10,137.439,1073741824,0,0,0,0,0,0,0,0,0,0,0,0,0,0,0,0,0,0,0,0,0,0,128,0,0,0,0,0,0,0,0,0,0,0,0,239.654,573.49,0.995967,0.617307
Test,A100,256,16384,4194304,268435456,256,10,68.7195,1073741824,0,0,0,0,0,0,0,0,0,0,0,0,0,0,0,0,0,0,0,0,0,0,0,64,0,0,0,0,0,0,0,0,0,0,0,104.688,656.423,1.13604,0.704124
Test,A100,256,16384,4194304,134217728,256,10,34.3597,1073741824,0,0,0,0,0,0,0,0,0,0,0,0,0,0,0,0,0,0,0,0,0,0,0,0,32,0,0,0,0,0,0,0,0,0,0,70.1,490.156,1.15849,0.718037
Test,A100,256,16384,4194304,536870912,256,10,137.439,1073741824,0,0,0,0,0,0,0,0,0,0,0,0,0,0,0,0,0,0,0,0,0,0,0,0,0,128,0,0,0,0,0,0,0,0,0,131.72,1043.42,2.19207,1.35866
Test,A100,256,16384,4194304,268435456,256,10,68.7195,1073741824,0,0,0,0,0,0,0,0,0,0,0,0,0,0,0,0,0,0,0,0,0,0,0,0,0,0,64,0,0,0,0,0,0,0,0,161.665,425.074,0.726924,0.450552
Test,A100,256,16384,4194304,134217728,256,10,34.3597,1073741824,0,0,0,0,0,0,0,0,0,0,0,0,0,0,0,0,0,0,0,0,0,0,0,0,0,0,0,32,0,0,0,0,0,0,0,204.423,168.082,0.131301,0.0813811
Test,A100,256,16384,4194304,1073741824,256,10,274.878,1073741824,0,0,0,0,0,0,0,0,0,0,0,0,0,0,0,0,0,0,0,0,0,0,0,0,0,0,0,0,256,0,0,0,0,0,0,173.991,1579.84,0.04122,0.0255484
Test,A100,256,16384,4194304,536870912,256,10,137.439,1073741824,0,0,0,0,0,0,0,0,0,0,0,0,0,0,0,0,0,0,0,0,0,0,0,0,0,0,0,0,0,128,0,0,0,0,0,86.3639,1591.39,0.19035,0.11798
Test,A100,256,16384,4194304,268435456,256,10,68.7195,1073741824,0,0,0,0,0,0,0,0,0,0,0,0,0,0,0,0,0,0,0,0,0,0,0,0,0,0,0,0,0,0,64,0,0,0,0,43.1801,1591.46,0.430451,0.266796
Test,A100,256,16384,4194304,134217728,256,10,34.3597,1073741824,0,0,0,0,0,0,0,0,0,0,0,0,0,0,0,0,0,0,0,0,0,0,0,0,0,0,0,0,0,0,0,32,0,0,0,22.4476,1530.66,1.02005,0.632235
Test,A100,256,16384,4194304,536870912,256,10,137.439,1073741824,0,0,0,0,0,0,0,0,0,0,0,0,0,0,0,0,0,0,0,0,0,0,0,0,0,0,0,0,0,0,0,0,128,0,0,29.374,4678.94,1.63178,1.01139
Test,A100,256,16384,4194304,268435456,256,10,68.7195,1073741824,0,0,0,0,0,0,0,0,0,0,0,0,0,0,0,0,0,0,0,0,0,0,0,0,0,0,0,0,0,0,0,0,0,64,0,14.6532,4689.71,2.2481,1.39339
Test,A100,256,16384,4194304,134217728,256,10,34.3597,1073741824,0,0,0,0,0,0,0,0,0,0,0,0,0,0,0,0,0,0,0,0,0,0,0,0,0,0,0,0,0,0,0,0,0,0,32,7.41079,4636.45,4.03688,2.50208
Test,A100,256,16384,4194304,1073741824,512,10,549.756,1073741824,512,0,0,0,0,0,0,0,0,0,0,0,0,0,0,0,0,0,0,0,0,0,0,0,0,0,0,0,0,0,0,0,0,0,0,36.036,15777.2,2702.93,1675.29
Test,A100,256,16384,4194304,536870912,512,10,274.878,1073741824,0,256,0,0,0,0,0,0,0,0,0,0,0,0,0,0,0,0,0,0,0,0,0,0,0,0,0,0,0,0,0,0,0,0,0,15.729,17494.6,585.537,362.92
Test,A100,256,16384,4194304,268435456,512,10,137.439,1073741824,0,0,128,0,0,0,0,0,0,0,0,0,0,0,0,0,0,0,0,0,0,0,0,0,0,0,0,0,0,0,0,0,0,0,0,7.78865,17673.4,696.23,431.528
Test,A100,256,16384,4194304,134217728,512,10,68.7195,1073741824,0,0,0,64,0,0,0,0,0,0,0,0,0,0,0,0,0,0,0,0,0,0,0,0,0,0,0,0,0,0,0,0,0,0,0,7.62952,9015.92,283.911,175.97
Test,A100,256,16384,4194304,536870912,512,10,274.878,1073741824,0,0,0,0,256,0,0,0,0,0,0,0,0,0,0,0,0,0,0,0,0,0,0,0,0,0,0,0,0,0,0,0,0,0,0,43.2739,6352.05,2.71814,1.68472
Test,A100,256,16384,4194304,268435456,512,10,137.439,1073741824,0,0,0,0,0,128,0,0,0,0,0,0,0,0,0,0,0,0,0,0,0,0,0,0,0,0,0,0,0,0,0,0,0,0,0,14.1694,9699.71,1.59931,0.991261
Test,A100,256,16384,4194304,134217728,512,10,68.7195,1073741824,0,0,0,0,0,0,64,0,0,0,0,0,0,0,0,0,0,0,0,0,0,0,0,0,0,0,0,0,0,0,0,0,0,0,0,14.284,4810.95,1.50092,0.930281
Test,A100,256,16384,4194304,1073741824,512,10,549.756,1073741824,0,0,0,0,0,0,0,512,0,0,0,0,0,0,0,0,0,0,0,0,0,0,0,0,0,0,0,0,0,0,0,0,0,0,0,57.9313,9489.8,6.85053,4.24601
Test,A100,256,16384,4194304,536870912,512,10,274.878,1073741824,0,0,0,0,0,0,0,0,256,0,0,0,0,0,0,0,0,0,0,0,0,0,0,0,0,0,0,0,0,0,0,0,0,0,0,28.9223,9504.02,0.799025,0.495241
Test,A100,256,16384,4194304,268435456,512,10,137.439,1073741824,0,0,0,0,0,0,0,0,0,128,0,0,0,0,0,0,0,0,0,0,0,0,0,0,0,0,0,0,0,0,0,0,0,0,0,14.3527,9575.83,4.49136,2.78377
Test,A100,256,16384,4194304,134217728,512,10,68.7195,1073741824,0,0,0,0,0,0,0,0,0,0,64,0,0,0,0,0,0,0,0,0,0,0,0,0,0,0,0,0,0,0,0,0,0,0,0,30.7614,2233.95,0.223557,0.138562
Test,A100,256,16384,4194304,536870912,512,10,274.878,1073741824,0,0,0,0,0,0,0,0,0,0,0,256,0,0,0,0,0,0,0,0,0,0,0,0,0,0,0,0,0,0,0,0,0,0,0,43.2595,6354.16,1.46641,0.908893
Test,A100,256,16384,4194304,268435456,512,10,137.439,1073741824,0,0,0,0,0,0,0,0,0,0,0,0,128,0,0,0,0,0,0,0,0,0,0,0,0,0,0,0,0,0,0,0,0,0,0,14.2638,9635.5,1.83636,1.13819
Test,A100,256,16384,4194304,134217728,512,10,68.7195,1073741824,0,0,0,0,0,0,0,0,0,0,0,0,0,64,0,0,0,0,0,0,0,0,0,0,0,0,0,0,0,0,0,0,0,0,0,14.2763,4813.54,0.637525,0.395142
Test,A100,256,16384,4194304,1073741824,512,10,1099.51,1073741824,0,0,0,0,0,0,0,0,0,0,0,0,0,0,1024,0,0,0,0,0,0,0,0,0,0,0,0,0,0,0,0,0,0,0,0,57.9438,18975.5,1.80018,1.11576
Test,A100,256,16384,4194304,536870912,512,10,549.756,1073741824,0,0,0,0,0,0,0,0,0,0,0,0,0,0,0,512,0,0,0,0,0,0,0,0,0,0,0,0,0,0,0,0,0,0,0,28.8188,19076.3,1.74669,1.08261
Test,A100,256,16384,4194304,268435456,512,10,274.878,1073741824,0,0,0,0,0,0,0,0,0,0,0,0,0,0,0,0,256,0,0,0,0,0,0,0,0,0,0,0,0,0,0,0,0,0,0,14.3729,19124.8,2.5852,1.60233
Test,A100,256,16384,4194304,134217728,512,10,137.439,1073741824,0,0,0,0,0,0,0,0,0,0,0,0,0,0,0,0,0,128,0,0,0,0,0,0,0,0,0,0,0,0,0,0,0,0,0,28.5405,4815.57,0.364031,0.225629
Test,A100,256,16384,4194304,536870912,512,10,549.756,1073741824,0,0,0,0,0,0,0,0,0,0,0,0,0,0,0,0,0,0,512,0,0,0,0,0,0,0,0,0,0,0,0,0,0,0,0,92.0996,5969.17,11.6363,7.21228
Test,A100,256,16384,4194304,268435456,512,10,274.878,1073741824,0,0,0,0,0,0,0,0,0,0,0,0,0,0,0,0,0,0,0,256,0,0,0,0,0,0,0,0,0,0,0,0,0,0,0,14.2054,19350.2,3.25573,2.01792
Test,A100,256,16384,4194304,134217728,512,10,137.439,1073741824,0,0,0,0,0,0,0,0,0,0,0,0,0,0,0,0,0,0,0,0,128,0,0,0,0,0,0,0,0,0,0,0,0,0,0,14.1908,9685.08,2.51482,1.5587
Test,A100,256,16384,4194304,1073741824,512,10,549.756,1073741824,0,0,0,0,0,0,0,0,0,0,0,0,0,0,0,0,0,0,0,0,0,512,0,0,0,0,0,0,0,0,0,0,0,0,0,955.815,575.17,0.00520952,0.00322889
Test,A100,256,16384,4194304,536870912,512,10,274.878,1073741824,0,0,0,0,0,0,0,0,0,0,0,0,0,0,0,0,0,0,0,0,0,0,256,0,0,0,0,0,0,0,0,0,0,0,0,478.316,574.679,0.00596919,0.00369975
Test,A100,256,16384,4194304,268435456,512,10,137.439,1073741824,0,0,0,0,0,0,0,0,0,0,0,0,0,0,0,0,0,0,0,0,0,0,0,128,0,0,0,0,0,0,0,0,0,0,0,227.002,605.454,0.248203,0.153838
Test,A100,256,16384,4194304,134217728,512,10,68.7195,1073741824,0,0,0,0,0,0,0,0,0,0,0,0,0,0,0,0,0,0,0,0,0,0,0,0,64,0,0,0,0,0,0,0,0,0,0,148.6,462.446,0.292258,0.181144
Test,A100,256,16384,4194304,536870912,512,10,274.878,1073741824,0,0,0,0,0,0,0,0,0,0,0,0,0,0,0,0,0,0,0,0,0,0,0,0,0,256,0,0,0,0,0,0,0,0,0,292.523,939.68,0.289844,0.179647
Test,A100,256,16384,4194304,268435456,512,10,137.439,1073741824,0,0,0,0,0,0,0,0,0,0,0,0,0,0,0,0,0,0,0,0,0,0,0,0,0,0,128,0,0,0,0,0,0,0,0,358.171,383.725,0.181072,0.11223
Test,A100,256,16384,4194304,134217728,512,10,68.7195,1073741824,0,0,0,0,0,0,0,0,0,0,0,0,0,0,0,0,0,0,0,0,0,0,0,0,0,0,0,64,0,0,0,0,0,0,0,433.514,158.517,0.0786984,0.0487778
Test,A100,256,16384,4194304,1073741824,512,10,549.756,1073741824,0,0,0,0,0,0,0,0,0,0,0,0,0,0,0,0,0,0,0,0,0,0,0,0,0,0,0,0,512,0,0,0,0,0,0,349.179,1574.42,1.05303,0.652675
Test,A100,256,16384,4194304,536870912,512,10,274.878,1073741824,0,0,0,0,0,0,0,0,0,0,0,0,0,0,0,0,0,0,0,0,0,0,0,0,0,0,0,0,0,256,0,0,0,0,0,171.542,1602.39,0.0455651,0.0282415
Test,A100,256,16384,4194304,268435456,512,10,137.439,1073741824,0,0,0,0,0,0,0,0,0,0,0,0,0,0,0,0,0,0,0,0,0,0,0,0,0,0,0,0,0,0,128,0,0,0,0,85.7777,1602.27,0.0868287,0.053817
Test,A100,256,16384,4194304,134217728,512,10,68.7195,1073741824,0,0,0,0,0,0,0,0,0,0,0,0,0,0,0,0,0,0,0,0,0,0,0,0,0,0,0,0,0,0,0,64,0,0,0,44.8948,1530.68,0.467763,0.289923
Test,A100,256,16384,4194304,536870912,512,10,274.878,1073741824,0,0,0,0,0,0,0,0,0,0,0,0,0,0,0,0,0,0,0,0,0,0,0,0,0,0,0,0,0,0,0,0,256,0,0,58.3591,4710.15,12.2963,7.62134
Test,A100,256,16384,4194304,268435456,512,10,137.439,1073741824,0,0,0,0,0,0,0,0,0,0,0,0,0,0,0,0,0,0,0,0,0,0,0,0,0,0,0,0,0,0,0,0,0,128,0,29.2798,4693.98,1.51256,0.937492
Test,A100,256,16384,4194304,134217728,512,10,68.7195,1073741824,0,0,0,0,0,0,0,0,0,0,0,0,0,0,0,0,0,0,0,0,0,0,0,0,0,0,0,0,0,0,0,0,0,0,64,14.6786,4681.6,2.88047,1.78533
Test,A100,256,16384,4194304,1073741824,1024,10,1099.51,1073741824,1024,0,0,0,0,0,0,0,0,0,0,0,0,0,0,0,0,0,0,0,0,0,0,0,0,0,0,0,0,0,0,0,0,0,0,63.6391,17619.8,2267.2,1405.23
Test,A100,256,16384,4194304,536870912,1024,10,549.756,1073741824,0,512,0,0,0,0,0,0,0,0,0,0,0,0,0,0,0,0,0,0,0,0,0,0,0,0,0,0,0,0,0,0,0,0,0,28.9315,19002.2,58.4515,36.2286
Test,A100,256,16384,4194304,268435456,1024,10,274.878,1073741824,0,0,256,0,0,0,0,0,0,0,0,0,0,0,0,0,0,0,0,0,0,0,0,0,0,0,0,0,0,0,0,0,0,0,0,14.6689,18739.6,119.105,73.8219
Test,A100,256,16384,4194304,134217728,1024,10,137.439,1073741824,0,0,0,128,0,0,0,0,0,0,0,0,0,0,0,0,0,0,0,0,0,0,0,0,0,0,0,0,0,0,0,0,0,0,0,15.1428,9079.86,185.096,114.724
Test,A100,256,16384,4194304,536870912,1024,10,549.756,1073741824,0,0,0,0,512,0,0,0,0,0,0,0,0,0,0,0,0,0,0,0,0,0,0,0,0,0,0,0,0,0,0,0,0,0,0,92.0719,5970.94,1.54274,0.9562
Test,A100,256,16384,4194304,268435456,1024,10,274.878,1073741824,0,0,0,0,0,256,0,0,0,0,0,0,0,0,0,0,0,0,0,0,0,0,0,0,0,0,0,0,0,0,0,0,0,0,0,28.2978,9713.74,0.756927,0.469148
Test,A100,256,16384,4194304,134217728,1024,10,137.439,1073741824,0,0,0,0,0,0,128,0,0,0,0,0,0,0,0,0,0,0,0,0,0,0,0,0,0,0,0,0,0,0,0,0,0,0,0,28.5128,4820.26,0.778944,0.482795
Test,A100,256,16384,4194304,1073741824,1024,10,1099.51,1073741824,0,0,0,0,0,0,0,1024,0,0,0,0,0,0,0,0,0,0,0,0,0,0,0,0,0,0,0,0,0,0,0,0,0,0,0,114.747,9582.18,33.9744,21.0575
Test,A100,256,16384,4194304,536870912,1024,10,549.756,1073741824,0,0,0,0,0,0,0,0,512,0,0,0,0,0,0,0,0,0,0,0,0,0,0,0,0,0,0,0,0,0,0,0,0,0,0,57.3405,9587.56,0.460356,0.285332
Test,A100,256,16384,4194304,268435456,1024,10,274.878,1073741824,0,0,0,0,0,0,0,0,0,256,0,0,0,0,0,0,0,0,0,0,0,0,0,0,0,0,0,0,0,0,0,0,0,0,0,28.3892,9682.49,0.512942,0.317925
Test,A100,256,16384,4194304,134217728,1024,10,137.439,1073741824,0,0,0,0,0,0,0,0,0,0,128,0,0,0,0,0,0,0,0,0,0,0,0,0,0,0,0,0,0,0,0,0,0,0,0,62.0196,2216.06,0.49204,0.30497
Test,A100,256,16384,4194304,536870912,1024,10,549.756,1073741824,0,0,0,0,0,0,0,0,0,0,0,512,0,0,0,0,0,0,0,0,0,0,0,0,0,0,0,0,0,0,0,0,0,0,0,92.0585,5971.81,0.990462,0.613895
Test,A100,256,16384,4194304,268435456,1024,10,274.878,1073741824,0,0,0,0,0,0,0,0,0,0,0,0,256,0,0,0,0,0,0,0,0,0,0,0,0,0,0,0,0,0,0,0,0,0,0,28.297,9714.03,0.409386,0.25374
Test,A100,256,16384,4194304,134217728,1024,10,137.439,1073741824,0,0,0,0,0,0,0,0,0,0,0,0,0,128,0,0,0,0,0,0,0,0,0,0,0,0,0,0,0,0,0,0,0,0,0,28.3124,4854.38,0.219113,0.135808
Test,A100,256,16384,4194304,1073741824,1024,10,2199.02,1073741824,0,0,0,0,0,0,0,0,0,0,0,0,0,0,2048,0,0,0,0,0,0,0,0,0,0,0,0,0,0,0,0,0,0,0,0,114.386,19224.6,0.88813,0.550469
Test,A100,256,16384,4194304,536870912,1024,10,1099.51,1073741824,0,0,0,0,0,0,0,0,0,0,0,0,0,0,0,1024,0,0,0,0,0,0,0,0,0,0,0,0,0,0,0,0,0,0,0,57.2363,19210.1,0.957116,0.593227
Test,A100,256,16384,4194304,268435456,1024,10,549.756,1073741824,0,0,0,0,0,0,0,0,0,0,0,0,0,0,0,0,512,0,0,0,0,0,0,0,0,0,0,0,0,0,0,0,0,0,0,28.4087,19351.7,1.22572,0.759706
Test,A100,256,16384,4194304,134217728,1024,10,274.878,1073741824,0,0,0,0,0,0,0,0,0,0,0,0,0,0,0,0,0,256,0,0,0,0,0,0,0,0,0,0,0,0,0,0,0,0,0,56.6174,4855.01,0.153154,0.0949255
Test,A100,256,16384,4194304,536870912,1024,10,1099.51,1073741824,0,0,0,0,0,0,0,0,0,0,0,0,0,0,0,0,0,0,1024,0,0,0,0,0,0,0,0,0,0,0,0,0,0,0,0,218.515,5031.74,2.78959,1.72901
Test,A100,256,16384,4194304,268435456,1024,10,549.756,1073741824,0,0,0,0,0,0,0,0,0,0,0,0,0,0,0,0,0,0,0,512,0,0,0,0,0,0,0,0,0,0,0,0,0,0,0,28.3635,19382.5,1.56591,0.970563
Test,A100,256,16384,4194304,134217728,1024,10,274.878,1073741824,0,0,0,0,0,0,0,0,0,0,0,0,0,0,0,0,0,0,0,0,256,0,0,0,0,0,0,0,0,0,0,0,0,0,0,28.3186,9706.61,1.02257,0.633797
Test,A100,256,16384,4194304,1073741824,1024,10,1099.51,1073741824,0,0,0,0,0,0,0,0,0,0,0,0,0,0,0,0,0,0,0,0,0,1024,0,0,0,0,0,0,0,0,0,0,0,0,0,1912.06,575.04,0.00991954,0.00614819
Test,A100,256,16384,4194304,536870912,1024,10,549.756,1073741824,0,0,0,0,0,0,0,0,0,0,0,0,0,0,0,0,0,0,0,0,0,0,512,0,0,0,0,0,0,0,0,0,0,0,0,957.141,574.373,0.00842126,0.00521955
Test,A100,256,16384,4194304,268435456,1024,10,274.878,1073741824,0,0,0,0,0,0,0,0,0,0,0,0,0,0,0,0,0,0,0,0,0,0,0,256,0,0,0,0,0,0,0,0,0,0,0,489.036,562.081,0.248421,0.153973
Test,A100,256,16384,4194304,134217728,1024,10,137.439,1073741824,0,0,0,0,0,0,0,0,0,0,0,0,0,0,0,0,0,0,0,0,0,0,0,0,128,0,0,0,0,0,0,0,0,0,0,308.5,445.508,0.188911,0.117089
Test,A100,256,16384,4194304,536870912,1024,10,549.756,1073741824,0,0,0,0,0,0,0,0,0,0,0,0,0,0,0,0,0,0,0,0,0,0,0,0,0,512,0,0,0,0,0,0,0,0,0,632.157,869.651,0.294722,0.182671
Test,A100,256,16384,4194304,268435456,1024,10,274.878,1073741824,0,0,0,0,0,0,0,0,0,0,0,0,0,0,0,0,0,0,0,0,0,0,0,0,0,0,256,0,0,0,0,0,0,0,0,722.609,380.396,0.117777,0.0729992
Test,A100,256,16384,4194304,134217728,1024,10,137.439,1073741824,0,0,0,0,0,0,0,0,0,0,0,0,0,0,0,0,0,0,0,0,0,0,0,0,0,0,0,128,0,0,0,0,0,0,0,959.879,143.184,0.0603675,0.0374162
Test,A100,256,16384,4194304,1073741824,1024,10,1099.51,1073741824,0,0,0,0,0,0,0,0,0,0,0,0,0,0,0,0,0,0,0,0,0,0,0,0,0,0,0,0,1024,0,0,0,0,0,0,696.963,1577.58,1.64466,1.01937
Test,A100,256,16384,4194304,536870912,1024,10,549.756,1073741824,0,0,0,0,0,0,0,0,0,0,0,0,0,0,0,0,0,0,0,0,0,0,0,0,0,0,0,0,0,512,0,0,0,0,0,343.043,1602.59,0.0419425,0.0259963
Test,A100,256,16384,4194304,268435456,1024,10,274.878,1073741824,0,0,0,0,0,0,0,0,0,0,0,0,0,0,0,0,0,0,0,0,0,0,0,0,0,0,0,0,0,0,256,0,0,0,0,171.528,1602.52,0.0327057,0.0202712
Test,A100,256,16384,4194304,134217728,1024,10,137.439,1073741824,0,0,0,0,0,0,0,0,0,0,0,0,0,0,0,0,0,0,0,0,0,0,0,0,0,0,0,0,0,0,0,128,0,0,0,89.7546,1531.27,0.49103,0.304343
Test,A100,256,16384,4194304,536870912,1024,10,549.756,1073741824,0,0,0,0,0,0,0,0,0,0,0,0,0,0,0,0,0,0,0,0,0,0,0,0,0,0,0,0,0,0,0,0,512,0,0,117.483,4679.45,1.0428,0.646337
Test,A100,256,16384,4194304,268435456,1024,10,274.878,1073741824,0,0,0,0,0,0,0,0,0,0,0,0,0,0,0,0,0,0,0,0,0,0,0,0,0,0,0,0,0,0,0,0,0,256,0,58.5371,4695.79,1.22928,0.761914
Test,A100,256,16384,4194304,134217728,1024,10,137.439,1073741824,0,0,0,0,0,0,0,0,0,0,0,0,0,0,0,0,0,0,0,0,0,0,0,0,0,0,0,0,0,0,0,0,0,0,128,29.2123,4704.84,2.2261,1.37975
Test,A100,256,16384,4194304,1073741824,2048,10,2199.02,1073741824,2048,0,0,0,0,0,0,0,0,0,0,0,0,0,0,0,0,0,0,0,0,0,0,0,0,0,0,0,0,0,0,0,0,0,0,121.287,18132.1,153.197,94.9527
Test,A100,256,16384,4194304,536870912,2048,10,1099.51,1073741824,0,1024,0,0,0,0,0,0,0,0,0,0,0,0,0,0,0,0,0,0,0,0,0,0,0,0,0,0,0,0,0,0,0,0,0,61.4791,17884.4,46.2423,28.6613
Test,A100,256,16384,4194304,268435456,2048,10,549.756,1073741824,0,0,512,0,0,0,0,0,0,0,0,0,0,0,0,0,0,0,0,0,0,0,0,0,0,0,0,0,0,0,0,0,0,0,0,30.8026,17851.1,252.151,156.285
Test,A100,256,16384,4194304,134217728,2048,10,274.878,1073741824,0,0,0,256,0,0,0,0,0,0,0,0,0,0,0,0,0,0,0,0,0,0,0,0,0,0,0,0,0,0,0,0,0,0,0,34.5448,7957.42,48.6155,30.1322
Test,A100,256,16384,4194304,536870912,2048,10,1099.51,1073741824,0,0,0,0,1024,0,0,0,0,0,0,0,0,0,0,0,0,0,0,0,0,0,0,0,0,0,0,0,0,0,0,0,0,0,0,218.538,5031.22,1.74703,1.08282
Test,A100,256,16384,4194304,268435456,2048,10,549.756,1073741824,0,0,0,0,0,512,0,0,0,0,0,0,0,0,0,0,0,0,0,0,0,0,0,0,0,0,0,0,0,0,0,0,0,0,0,56.5574,9720.32,0.270155,0.167444
Test,A100,256,16384,4194304,134217728,2048,10,274.878,1073741824,0,0,0,0,0,0,256,0,0,0,0,0,0,0,0,0,0,0,0,0,0,0,0,0,0,0,0,0,0,0,0,0,0,0,0,56.581,4858.13,0.224023,0.138851
Test,A100,256,16384,4194304,1073741824,2048,10,2199.02,1073741824,0,0,0,0,0,0,0,2048,0,0,0,0,0,0,0,0,0,0,0,0,0,0,0,0,0,0,0,0,0,0,0,0,0,0,0,243.424,9033.72,2.86614,1.77645
Test,A100,256,16384,4194304,536870912,2048,10,1099.51,1073741824,0,0,0,0,0,0,0,0,1024,0,0,0,0,0,0,0,0,0,0,0,0,0,0,0,0,0,0,0,0,0,0,0,0,0,0,123.441,8907.2,2.10605,1.30534
Test,A100,256,16384,4194304,268435456,2048,10,549.756,1073741824,0,0,0,0,0,0,0,0,0,512,0,0,0,0,0,0,0,0,0,0,0,0,0,0,0,0,0,0,0,0,0,0,0,0,0,56.6506,9704.33,0.204726,0.126891
Test,A100,256,16384,4194304,134217728,2048,10,274.878,1073741824,0,0,0,0,0,0,0,0,0,0,256,0,0,0,0,0,0,0,0,0,0,0,0,0,0,0,0,0,0,0,0,0,0,0,0,134.916,2037.41,0.801743,0.496926
Test,A100,256,16384,4194304,536870912,2048,10,1099.51,1073741824,0,0,0,0,0,0,0,0,0,0,0,1024,0,0,0,0,0,0,0,0,0,0,0,0,0,0,0,0,0,0,0,0,0,0,0,218.57,5030.48,2.32041,1.43821
Test,A100,256,16384,4194304,268435456,2048,10,549.756,1073741824,0,0,0,0,0,0,0,0,0,0,0,0,512,0,0,0,0,0,0,0,0,0,0,0,0,0,0,0,0,0,0,0,0,0,0,56.8946,9662.71,2.87929,1.7846
Test,A100,256,16384,4194304,134217728,2048,10,274.878,1073741824,0,0,0,0,0,0,0,0,0,0,0,0,0,256,0,0,0,0,0,0,0,0,0,0,0,0,0,0,0,0,0,0,0,0,0,56.9105,4830,1.80262,1.11728
Test,A100,256,16384,4194304,1073741824,2048,10,4398.05,1073741824,0,0,0,0,0,0,0,0,0,0,0,0,0,0,4096,0,0,0,0,0,0,0,0,0,0,0,0,0,0,0,0,0,0,0,0,243.486,18062.8,5.60179,3.47202
Test,A100,256,16384,4194304,536870912,2048,10,2199.02,1073741824,0,0,0,0,0,0,0,0,0,0,0,0,0,0,0,2048,0,0,0,0,0,0,0,0,0,0,0,0,0,0,0,0,0,0,0,123.453,17812.6,6.20091,3.84336
Test,A100,256,16384,4194304,268435456,2048,10,1099.51,1073741824,0,0,0,0,0,0,0,0,0,0,0,0,0,0,0,0,1024,0,0,0,0,0,0,0,0,0,0,0,0,0,0,0,0,0,0,56.6738,19400.7,1.09998,0.681773
Test,A100,256,16384,4194304,134217728,2048,10,549.756,1073741824,0,0,0,0,0,0,0,0,0,0,0,0,0,0,0,0,0,512,0,0,0,0,0,0,0,0,0,0,0,0,0,0,0,0,0,117.176,4691.7,2.21469,1.37268
Test,A100,256,16384,4194304,536870912,2048,10,2199.02,1073741824,0,0,0,0,0,0,0,0,0,0,0,0,0,0,0,0,0,0,2048,0,0,0,0,0,0,0,0,0,0,0,0,0,0,0,0,466.438,4714.5,2.07008,1.28305
Test,A100,256,16384,4194304,268435456,2048,10,1099.51,1073741824,0,0,0,0,0,0,0,0,0,0,0,0,0,0,0,0,0,0,0,1024,0,0,0,0,0,0,0,0,0,0,0,0,0,0,0,56.6781,19399.2,0.701566,0.434835
Test,A100,256,16384,4194304,134217728,2048,10,549.756,1073741824,0,0,0,0,0,0,0,0,0,0,0,0,0,0,0,0,0,0,0,0,512,0,0,0,0,0,0,0,0,0,0,0,0,0,0,56.5946,9713.92,0.697778,0.432487
Test,A100,256,16384,4194304,1073741824,2048,10,2199.02,1073741824,0,0,0,0,0,0,0,0,0,0,0,0,0,0,0,0,0,0,0,0,0,2048,0,0,0,0,0,0,0,0,0,0,0,0,0,3865.73,568.85,0.143799,0.0891272
Test,A100,256,16384,4194304,536870912,2048,10,1099.51,1073741824,0,0,0,0,0,0,0,0,0,0,0,0,0,0,0,0,0,0,0,0,0,0,1024,0,0,0,0,0,0,0,0,0,0,0,0,1948.45,564.302,0.1357,0.0841074
Test,A100,256,16384,4194304,268435456,2048,10,549.756,1073741824,0,0,0,0,0,0,0,0,0,0,0,0,0,0,0,0,0,0,0,0,0,0,0,512,0,0,0,0,0,0,0,0,0,0,0,1005.77,546.6,0.566238,0.350958
Test,A100,256,16384,4194304,134217728,2048,10,274.878,1073741824,0,0,0,0,0,0,0,0,0,0,0,0,0,0,0,0,0,0,0,0,0,0,0,0,256,0,0,0,0,0,0,0,0,0,0,629.975,436.332,0.38102,0.236159
Test,A100,256,16384,4194304,536870912,2048,10,1099.51,1073741824,0,0,0,0,0,0,0,0,0,0,0,0,0,0,0,0,0,0,0,0,0,0,0,0,0,1024,0,0,0,0,0,0,0,0,0,1267.63,867.374,0.563184,0.349065
Test,A100,256,16384,4194304,268435456,2048,10,549.756,1073741824,0,0,0,0,0,0,0,0,0,0,0,0,0,0,0,0,0,0,0,0,0,0,0,0,0,0,512,0,0,0,0,0,0,0,0,1570.52,350.048,0.163027,0.101045
Test,A100,256,16384,4194304,134217728,2048,10,274.878,1073741824,0,0,0,0,0,0,0,0,0,0,0,0,0,0,0,0,0,0,0,0,0,0,0,0,0,0,0,256,0,0,0,0,0,0,0,2027.76,135.558,0.0930646,0.0576821
Test,A100,256,16384,4194304,1073741824,2048,10,2199.02,1073741824,0,0,0,0,0,0,0,0,0,0,0,0,0,0,0,0,0,0,0,0,0,0,0,0,0,0,0,0,2048,0,0,0,0,0,0,1412.6,1556.72,0.10531,0.065272
Test,A100,256,16384,4194304,536870912,2048,10,1099.51,1073741824,0,0,0,0,0,0,0,0,0,0,0,0,0,0,0,0,0,0,0,0,0,0,0,0,0,0,0,0,0,1024,0,0,0,0,0,690.673,1591.94,0.126429,0.0783615
Test,A100,256,16384,4194304,268435456,2048,10,549.756,1073741824,0,0,0,0,0,0,0,0,0,0,0,0,0,0,0,0,0,0,0,0,0,0,0,0,0,0,0,0,0,0,512,0,0,0,0,345.713,1590.21,0.254075,0.157477
Test,A100,256,16384,4194304,134217728,2048,10,274.878,1073741824,0,0,0,0,0,0,0,0,0,0,0,0,0,0,0,0,0,0,0,0,0,0,0,0,0,0,0,0,0,0,0,256,0,0,0,179.669,1529.91,0.164336,0.101857
Test,A100,256,16384,4194304,536870912,2048,10,1099.51,1073741824,0,0,0,0,0,0,0,0,0,0,0,0,0,0,0,0,0,0,0,0,0,0,0,0,0,0,0,0,0,0,0,0,1024,0,0,243.915,4507.76,1.77254,1.09863
Test,A100,256,16384,4194304,268435456,2048,10,549.756,1073741824,0,0,0,0,0,0,0,0,0,0,0,0,0,0,0,0,0,0,0,0,0,0,0,0,0,0,0,0,0,0,0,0,0,512,0,117.108,4694.42,0.986819,0.611637
Test,A100,256,16384,4194304,134217728,2048,10,274.878,1073741824,0,0,0,0,0,0,0,0,0,0,0,0,0,0,0,0,0,0,0,0,0,0,0,0,0,0,0,0,0,0,0,0,0,0,256,58.7715,4677.07,2.08709,1.29359
Test,A100,256,16384,4194304,1073741824,4096,10,4398.05,1073741824,4096,0,0,0,0,0,0,0,0,0,0,0,0,0,0,0,0,0,0,0,0,0,0,0,0,0,0,0,0,0,0,0,0,0,0,244.449,17991.6,8.38023,5.19412
Test,A100,256,16384,4194304,536870912,4096,10,2199.02,1073741824,0,2048,0,0,0,0,0,0,0,0,0,0,0,0,0,0,0,0,0,0,0,0,0,0,0,0,0,0,0,0,0,0,0,0,0,123.68,17780.1,43.4377,26.923
Test,A100,256,16384,4194304,268435456,4096,10,1099.51,1073741824,0,0,1024,0,0,0,0,0,0,0,0,0,0,0,0,0,0,0,0,0,0,0,0,0,0,0,0,0,0,0,0,0,0,0,0,63.7276,17253.3,8.083,5.00989
Test,A100,256,16384,4194304,134217728,4096,10,549.756,1073741824,0,0,0,512,0,0,0,0,0,0,0,0,0,0,0,0,0,0,0,0,0,0,0,0,0,0,0,0,0,0,0,0,0,0,0,75.0173,7328.77,53.3347,33.0572
Test,A100,256,16384,4194304,536870912,4096,10,2199.02,1073741824,0,0,0,0,2048,0,0,0,0,0,0,0,0,0,0,0,0,0,0,0,0,0,0,0,0,0,0,0,0,0,0,0,0,0,0,466.383,4715.06,1.73413,1.07482
Test,A100,256,16384,4194304,268435456,4096,10,1099.51,1073741824,0,0,0,0,0,1024,0,0,0,0,0,0,0,0,0,0,0,0,0,0,0,0,0,0,0,0,0,0,0,0,0,0,0,0,0,113.08,9723.27,0.149638,0.0927467
Test,A100,256,16384,4194304,134217728,4096,10,549.756,1073741824,0,0,0,0,0,0,512,0,0,0,0,0,0,0,0,0,0,0,0,0,0,0,0,0,0,0,0,0,0,0,0,0,0,0,0,113.271,4853.49,14.1059,8.74294
Test,A100,256,16384,4194304,1073741824,4096,10,4398.05,1073741824,0,0,0,0,0,0,0,4096,0,0,0,0,0,0,0,0,0,0,0,0,0,0,0,0,0,0,0,0,0,0,0,0,0,0,0,567.201,7753.98,16.9686,10.5172
Test,A100,256,16384,4194304,536870912,4096,10,2199.02,1073741824,0,0,0,0,0,0,0,0,2048,0,0,0,0,0,0,0,0,0,0,0,0,0,0,0,0,0,0,0,0,0,0,0,0,0,0,287.621,7645.58,11.6552,7.22396
Test,A100,256,16384,4194304,268435456,4096,10,1099.51,1073741824,0,0,0,0,0,0,0,0,0,1024,0,0,0,0,0,0,0,0,0,0,0,0,0,0,0,0,0,0,0,0,0,0,0,0,0,113.168,9715.74,0.272165,0.16869
Test,A100,256,16384,4194304,134217728,4096,10,549.756,1073741824,0,0,0,0,0,0,0,0,0,0,512,0,0,0,0,0,0,0,0,0,0,0,0,0,0,0,0,0,0,0,0,0,0,0,0,291.209,1887.84,0.742181,0.460009
Test,A100,256,16384,4194304,536870912,4096,10,2199.02,1073741824,0,0,0,0,0,0,0,0,0,0,0,2048,0,0,0,0,0,0,0,0,0,0,0,0,0,0,0,0,0,0,0,0,0,0,0,466.346,4715.44,1.54354,0.956697
Test,A100,256,16384,4194304,268435456,4096,10,1099.51,1073741824,0,0,0,0,0,0,0,0,0,0,0,0,1024,0,0,0,0,0,0,0,0,0,0,0,0,0,0,0,0,0,0,0,0,0,0,113.83,9659.23,1.83275,1.13595
Test,A100,256,16384,4194304,134217728,4096,10,549.756,1073741824,0,0,0,0,0,0,0,0,0,0,0,0,0,512,0,0,0,0,0,0,0,0,0,0,0,0,0,0,0,0,0,0,0,0,0,113.794,4831.14,2.33323,1.44615
Test,A100,256,16384,4194304,1073741824,4096,10,8796.09,1073741824,0,0,0,0,0,0,0,0,0,0,0,0,0,0,8192,0,0,0,0,0,0,0,0,0,0,0,0,0,0,0,0,0,0,0,0,565.301,15560,10.4304,6.46481
Test,A100,256,16384,4194304,536870912,4096,10,4398.05,1073741824,0,0,0,0,0,0,0,0,0,0,0,0,0,0,0,4096,0,0,0,0,0,0,0,0,0,0,0,0,0,0,0,0,0,0,0,287.408,15302.4,10.0081,6.20308
Test,A100,256,16384,4194304,268435456,4096,10,2199.02,1073741824,0,0,0,0,0,0,0,0,0,0,0,0,0,0,0,0,2048,0,0,0,0,0,0,0,0,0,0,0,0,0,0,0,0,0,0,113.197,19426.5,0.340456,0.211017
Test,A100,256,16384,4194304,134217728,4096,10,1099.51,1073741824,0,0,0,0,0,0,0,0,0,0,0,0,0,0,0,0,0,1024,0,0,0,0,0,0,0,0,0,0,0,0,0,0,0,0,0,270.471,4065.18,6.78657,4.20636
Test,A100,256,16384,4194304,536870912,4096,10,4398.05,1073741824,0,0,0,0,0,0,0,0,0,0,0,0,0,0,0,0,0,0,4096,0,0,0,0,0,0,0,0,0,0,0,0,0,0,0,0,962.947,4567.28,1.9644,1.21755
Test,A100,256,16384,4194304,268435456,4096,10,2199.02,1073741824,0,0,0,0,0,0,0,0,0,0,0,0,0,0,0,0,0,0,0,2048,0,0,0,0,0,0,0,0,0,0,0,0,0,0,0,113.309,19407.4,0.354791,0.219902
Test,A100,256,16384,4194304,134217728,4096,10,1099.51,1073741824,0,0,0,0,0,0,0,0,0,0,0,0,0,0,0,0,0,0,0,0,1024,0,0,0,0,0,0,0,0,0,0,0,0,0,0,113.097,9721.88,1.1077,0.68656
Test,A100,256,16384,4194304,1073741824,4096,10,4398.05,1073741824,0,0,0,0,0,0,0,0,0,0,0,0,0,0,0,0,0,0,0,0,0,4096,0,0,0,0,0,0,0,0,0,0,0,0,0,7605.39,578.28,0.0797782,0.049447
Test,A100,256,16384,4194304,536870912,4096,10,2199.02,1073741824,0,0,0,0,0,0,0,0,0,0,0,0,0,0,0,0,0,0,0,0,0,0,2048,0,0,0,0,0,0,0,0,0,0,0,0,3802.72,578.277,0.0144123,0.00893281
Test,A100,256,16384,4194304,268435456,4096,10,1099.51,1073741824,0,0,0,0,0,0,0,0,0,0,0,0,0,0,0,0,0,0,0,0,0,0,0,1024,0,0,0,0,0,0,0,0,0,0,0,1979.93,555.327,0.358005,0.221894
Test,A100,256,16384,4194304,134217728,4096,10,549.756,1073741824,0,0,0,0,0,0,0,0,0,0,0,0,0,0,0,0,0,0,0,0,0,0,0,0,512,0,0,0,0,0,0,0,0,0,0,1249.79,439.878,0.667166,0.413514
Test,A100,256,16384,4194304,536870912,4096,10,2199.02,1073741824,0,0,0,0,0,0,0,0,0,0,0,0,0,0,0,0,0,0,0,0,0,0,0,0,0,2048,0,0,0,0,0,0,0,0,0,2519.94,872.648,0.202676,0.12562
Test,A100,256,16384,4194304,268435456,4096,10,1099.51,1073741824,0,0,0,0,0,0,0,0,0,0,0,0,0,0,0,0,0,0,0,0,0,0,0,0,0,0,1024,0,0,0,0,0,0,0,0,3011.87,365.06,0.133931,0.0830114
Test,A100,256,16384,4194304,134217728,4096,10,549.756,1073741824,0,0,0,0,0,0,0,0,0,0,0,0,0,0,0,0,0,0,0,0,0,0,0,0,0,0,0,512,0,0,0,0,0,0,0,4037.99,136.146,0.060331,0.0373935
Test,A100,256,16384,4194304,1073741824,4096,10,4398.05,1073741824,0,0,0,0,0,0,0,0,0,0,0,0,0,0,0,0,0,0,0,0,0,0,0,0,0,0,0,0,4096,0,0,0,0,0,0,3045.87,1443.94,1.23151,0.763296
Test,A100,256,16384,4194304,536870912,4096,10,2199.02,1073741824,0,0,0,0,0,0,0,0,0,0,0,0,0,0,0,0,0,0,0,0,0,0,0,0,0,0,0,0,0,2048,0,0,0,0,0,1437.54,1529.72,1.74579,1.08205
Test,A100,256,16384,4194304,268435456,4096,10,1099.51,1073741824,0,0,0,0,0,0,0,0,0,0,0,0,0,0,0,0,0,0,0,0,0,0,0,0,0,0,0,0,0,0,1024,0,0,0,0,719.88,1527.35,0.451471,0.279825
Test,A100,256,16384,4194304,134217728,4096,10,549.756,1073741824,0,0,0,0,0,0,0,0,0,0,0,0,0,0,0,0,0,0,0,0,0,0,0,0,0,0,0,0,0,0,0,512,0,0,0,370.239,1484.87,0.849972,0.526818
Test,A100,256,16384,4194304,536870912,4096,10,2199.02,1073741824,0,0,0,0,0,0,0,0,0,0,0,0,0,0,0,0,0,0,0,0,0,0,0,0,0,0,0,0,0,0,0,0,2048,0,0,527.36,4169.87,1.4666,0.909006
Test,A100,256,16384,4194304,268435456,4096,10,1099.51,1073741824,0,0,0,0,0,0,0,0,0,0,0,0,0,0,0,0,0,0,0,0,0,0,0,0,0,0,0,0,0,0,0,0,0,1024,0,235.051,4677.77,1.28095,0.793939
Test,A100,256,16384,4194304,134217728,4096,10,549.756,1073741824,0,0,0,0,0,0,0,0,0,0,0,0,0,0,0,0,0,0,0,0,0,0,0,0,0,0,0,0,0,0,0,0,0,0,512,117.537,4677.31,2.43627,1.51002
Test,A100,256,16384,4194304,1073741824,8192,10,8796.09,1073741824,8192,0,0,0,0,0,0,0,0,0,0,0,0,0,0,0,0,0,0,0,0,0,0,0,0,0,0,0,0,0,0,0,0,0,0,510.316,17236.6,25.9823,16.104
Test,A100,256,16384,4194304,536870912,8192,10,4398.05,1073741824,0,4096,0,0,0,0,0,0,0,0,0,0,0,0,0,0,0,0,0,0,0,0,0,0,0,0,0,0,0,0,0,0,0,0,0,257.031,17111.4,94.2866,58.4394
Test,A100,256,16384,4194304,268435456,8192,10,2199.02,1073741824,0,0,2048,0,0,0,0,0,0,0,0,0,0,0,0,0,0,0,0,0,0,0,0,0,0,0,0,0,0,0,0,0,0,0,0,130.554,16844.1,73.9929,45.8613
Test,A100,256,16384,4194304,134217728,8192,10,1099.51,1073741824,0,0,0,1024,0,0,0,0,0,0,0,0,0,0,0,0,0,0,0,0,0,0,0,0,0,0,0,0,0,0,0,0,0,0,0,148.107,7423.79,12.0702,7.48121
Test,A100,256,16384,4194304,536870912,8192,10,4398.05,1073741824,0,0,0,0,4096,0,0,0,0,0,0,0,0,0,0,0,0,0,0,0,0,0,0,0,0,0,0,0,0,0,0,0,0,0,0,931.896,4719.46,1.49838,0.928705
Test,A100,256,16384,4194304,268435456,8192,10,2199.02,1073741824,0,0,0,0,0,2048,0,0,0,0,0,0,0,0,0,0,0,0,0,0,0,0,0,0,0,0,0,0,0,0,0,0,0,0,0,226.119,9725.08,0.1258,0.0779714
Test,A100,256,16384,4194304,134217728,8192,10,1099.51,1073741824,0,0,0,0,0,0,1024,0,0,0,0,0,0,0,0,0,0,0,0,0,0,0,0,0,0,0,0,0,0,0,0,0,0,0,0,226.178,4861.26,0.0654914,0.040592
Test,A100,256,16384,4194304,1073741824,8192,10,8796.09,1073741824,0,0,0,0,0,0,0,8192,0,0,0,0,0,0,0,0,0,0,0,0,0,0,0,0,0,0,0,0,0,0,0,0,0,0,0,1122.66,7835.05,2.66746,1.65331
Test,A100,256,16384,4194304,536870912,8192,10,4398.05,1073741824,0,0,0,0,0,0,0,0,4096,0,0,0,0,0,0,0,0,0,0,0,0,0,0,0,0,0,0,0,0,0,0,0,0,0,0,570.645,7707.16,3.26068,2.02099
Test,A100,256,16384,4194304,268435456,8192,10,2199.02,1073741824,0,0,0,0,0,0,0,0,0,2048,0,0,0,0,0,0,0,0,0,0,0,0,0,0,0,0,0,0,0,0,0,0,0,0,0,226.406,9712.74,5.06674,3.1404
Test,A100,256,16384,4194304,134217728,8192,10,1099.51,1073741824,0,0,0,0,0,0,0,0,0,0,1024,0,0,0,0,0,0,0,0,0,0,0,0,0,0,0,0,0,0,0,0,0,0,0,0,570.202,1928.28,0.971417,0.60209
Test,A100,256,16384,4194304,536870912,8192,10,4398.05,1073741824,0,0,0,0,0,0,0,0,0,0,0,4096,0,0,0,0,0,0,0,0,0,0,0,0,0,0,0,0,0,0,0,0,0,0,0,931.692,4720.5,1.09917,0.681275
Test,A100,256,16384,4194304,268435456,8192,10,2199.02,1073741824,0,0,0,0,0,0,0,0,0,0,0,0,2048,0,0,0,0,0,0,0,0,0,0,0,0,0,0,0,0,0,0,0,0,0,0,226.117,9725.17,0.143044,0.0886595
Test,A100,256,16384,4194304,134217728,8192,10,1099.51,1073741824,0,0,0,0,0,0,0,0,0,0,0,0,0,1024,0,0,0,0,0,0,0,0,0,0,0,0,0,0,0,0,0,0,0,0,0,226.149,4861.89,0.0503297,0.0311947
Test,A100,256,16384,4194304,1073741824,8192,10,17592.2,1073741824,0,0,0,0,0,0,0,0,0,0,0,0,0,0,16384,0,0,0,0,0,0,0,0,0,0,0,0,0,0,0,0,0,0,0,0,1124.64,15642.5,5.08296,3.15045
Test,A100,256,16384,4194304,536870912,8192,10,8796.09,1073741824,0,0,0,0,0,0,0,0,0,0,0,0,0,0,0,8192,0,0,0,0,0,0,0,0,0,0,0,0,0,0,0,0,0,0,0,571.182,15399.8,7.18858,4.45553
Test,A100,256,16384,4194304,268435456,8192,10,4398.05,1073741824,0,0,0,0,0,0,0,0,0,0,0,0,0,0,0,0,4096,0,0,0,0,0,0,0,0,0,0,0,0,0,0,0,0,0,0,226.357,19429.7,0.950709,0.589256
Test,A100,256,16384,4194304,134217728,8192,10,2199.02,1073741824,0,0,0,0,0,0,0,0,0,0,0,0,0,0,0,0,0,2048,0,0,0,0,0,0,0,0,0,0,0,0,0,0,0,0,0,524.809,4190.15,5.09379,3.15717
Test,A100,256,16384,4194304,536870912,8192,10,8796.09,1073741824,0,0,0,0,0,0,0,0,0,0,0,0,0,0,0,0,0,0,8192,0,0,0,0,0,0,0,0,0,0,0,0,0,0,0,0,1922.04,4576.43,3.14183,1.94733
Test,A100,256,16384,4194304,268435456,8192,10,4398.05,1073741824,0,0,0,0,0,0,0,0,0,0,0,0,0,0,0,0,0,0,0,4096,0,0,0,0,0,0,0,0,0,0,0,0,0,0,0,226.568,19411.6,0.264281,0.163803
Test,A100,256,16384,4194304,134217728,8192,10,2199.02,1073741824,0,0,0,0,0,0,0,0,0,0,0,0,0,0,0,0,0,0,0,0,2048,0,0,0,0,0,0,0,0,0,0,0,0,0,0,226.154,9723.56,0.648782,0.402119
Test,A100,256,16384,4194304,1073741824,8192,10,8796.09,1073741824,0,0,0,0,0,0,0,0,0,0,0,0,0,0,0,0,0,0,0,0,0,8192,0,0,0,0,0,0,0,0,0,0,0,0,0,15217.9,578.01,0.176963,0.109683
Test,A100,256,16384,4194304,536870912,8192,10,4398.05,1073741824,0,0,0,0,0,0,0,0,0,0,0,0,0,0,0,0,0,0,0,0,0,0,4096,0,0,0,0,0,0,0,0,0,0,0,0,7608.5,578.044,0.230931,0.143133
Test,A100,256,16384,4194304,268435456,8192,10,2199.02,1073741824,0,0,0,0,0,0,0,0,0,0,0,0,0,0,0,0,0,0,0,0,0,0,0,2048,0,0,0,0,0,0,0,0,0,0,0,3936.23,558.663,0.227817,0.141203
Test,A100,256,16384,4194304,134217728,8192,10,1099.51,1073741824,0,0,0,0,0,0,0,0,0,0,0,0,0,0,0,0,0,0,0,0,0,0,0,0,1024,0,0,0,0,0,0,0,0,0,0,2478.29,443.657,0.226137,0.140161
Test,A100,256,16384,4194304,536870912,8192,10,4398.05,1073741824,0,0,0,0,0,0,0,0,0,0,0,0,0,0,0,0,0,0,0,0,0,0,0,0,0,4096,0,0,0,0,0,0,0,0,0,5032.52,873.925,0.263892,0.163562
Test,A100,256,16384,4194304,268435456,8192,10,2199.02,1073741824,0,0,0,0,0,0,0,0,0,0,0,0,0,0,0,0,0,0,0,0,0,0,0,0,0,0,2048,0,0,0,0,0,0,0,0,6019.65,365.307,0.0930733,0.0576875
Test,A100,256,16384,4194304,134217728,8192,10,1099.51,1073741824,0,0,0,0,0,0,0,0,0,0,0,0,0,0,0,0,0,0,0,0,0,0,0,0,0,0,0,1024,0,0,0,0,0,0,0,8041.45,136.73,0.0550609,0.0341271
Test,A100,256,16384,4194304,1073741824,8192,10,8796.09,1073741824,0,0,0,0,0,0,0,0,0,0,0,0,0,0,0,0,0,0,0,0,0,0,0,0,0,0,0,0,8192,0,0,0,0,0,0,6100.88,1441.77,0.77976,0.4833
Test,A100,256,16384,4194304,536870912,8192,10,4398.05,1073741824,0,0,0,0,0,0,0,0,0,0,0,0,0,0,0,0,0,0,0,0,0,0,0,0,0,0,0,0,0,4096,0,0,0,0,0,2873.28,1530.67,0.518899,0.321617
Test,A100,256,16384,4194304,268435456,8192,10,2199.02,1073741824,0,0,0,0,0,0,0,0,0,0,0,0,0,0,0,0,0,0,0,0,0,0,0,0,0,0,0,0,0,0,2048,0,0,0,0,1437.13,1530.15,0.541061,0.335353
Test,A100,256,16384,4194304,134217728,8192,10,1099.51,1073741824,0,0,0,0,0,0,0,0,0,0,0,0,0,0,0,0,0,0,0,0,0,0,0,0,0,0,0,0,0,0,0,1024,0,0,0,732.554,1500.93,0.358726,0.222341
Test,A100,256,16384,4194304,536870912,8192,10,4398.05,1073741824,0,0,0,0,0,0,0,0,0,0,0,0,0,0,0,0,0,0,0,0,0,0,0,0,0,0,0,0,0,0,0,0,4096,0,0,1052.02,4180.57,1.10699,0.686121
Test,A100,256,16384,4194304,268435456,8192,10,2199.02,1073741824,0,0,0,0,0,0,0,0,0,0,0,0,0,0,0,0,0,0,0,0,0,0,0,0,0,0,0,0,0,0,0,0,0,2048,0,484.311,4540.53,5.37441,3.33109
Test,A100,256,16384,4194304,134217728,8192,10,1099.51,1073741824,0,0,0,0,0,0,0,0,0,0,0,0,0,0,0,0,0,0,0,0,0,0,0,0,0,0,0,0,0,0,0,0,0,0,1024,234.234,4694.07,1.1863,0.735276
Test,A100,256,16384,4194304,1073741824,16384,10,17592.2,1073741824,16384,0,0,0,0,0,0,0,0,0,0,0,0,0,0,0,0,0,0,0,0,0,0,0,0,0,0,0,0,0,0,0,0,0,0,966.984,18192.9,45.0793,27.9404
Test,A100,256,16384,4194304,536870912,16384,10,8796.09,1073741824,0,8192,0,0,0,0,0,0,0,0,0,0,0,0,0,0,0,0,0,0,0,0,0,0,0,0,0,0,0,0,0,0,0,0,0,489.115,17983.7,4.96712,3.07865
Test,A100,256,16384,4194304,268435456,16384,10,4398.05,1073741824,0,0,4096,0,0,0,0,0,0,0,0,0,0,0,0,0,0,0,0,0,0,0,0,0,0,0,0,0,0,0,0,0,0,0,0,247.492,17770.4,5.12057,3.17376
Test,A100,256,16384,4194304,134217728,16384,10,2199.02,1073741824,0,0,0,2048,0,0,0,0,0,0,0,0,0,0,0,0,0,0,0,0,0,0,0,0,0,0,0,0,0,0,0,0,0,0,0,293.799,7485.11,50.1385,31.0762
Test,A100,256,16384,4194304,536870912,16384,10,8796.09,1073741824,0,0,0,0,8192,0,0,0,0,0,0,0,0,0,0,0,0,0,0,0,0,0,0,0,0,0,0,0,0,0,0,0,0,0,0,1861.21,4726,1.65633,1.0266
Test,A100,256,16384,4194304,268435456,16384,10,4398.05,1073741824,0,0,0,0,0,4096,0,0,0,0,0,0,0,0,0,0,0,0,0,0,0,0,0,0,0,0,0,0,0,0,0,0,0,0,0,452.199,9725.92,0.0558752,0.0346318
Test,A100,256,16384,4194304,134217728,16384,10,2199.02,1073741824,0,0,0,0,0,0,2048,0,0,0,0,0,0,0,0,0,0,0,0,0,0,0,0,0,0,0,0,0,0,0,0,0,0,0,0,452.258,4862.32,0.0999877,0.061973
Test,A100,256,16384,4194304,1073741824,16384,10,17592.2,1073741824,0,0,0,0,0,0,0,16384,0,0,0,0,0,0,0,0,0,0,0,0,0,0,0,0,0,0,0,0,0,0,0,0,0,0,0,2194.5,8016.51,4.45014,2.75822
Test,A100,256,16384,4194304,536870912,16384,10,8796.09,1073741824,0,0,0,0,0,0,0,0,8192,0,0,0,0,0,0,0,0,0,0,0,0,0,0,0,0,0,0,0,0,0,0,0,0,0,0,1119.27,7858.79,4.69628,2.91078
Test,A100,256,16384,4194304,268435456,16384,10,4398.05,1073741824,0,0,0,0,0,0,0,0,0,4096,0,0,0,0,0,0,0,0,0,0,0,0,0,0,0,0,0,0,0,0,0,0,0,0,0,452.546,9718.46,1.18535,0.734685
Test,A100,256,16384,4194304,134217728,16384,10,2199.02,1073741824,0,0,0,0,0,0,0,0,0,0,2048,0,0,0,0,0,0,0,0,0,0,0,0,0,0,0,0,0,0,0,0,0,0,0,0,1124.51,1955.54,0.622576,0.385877
Test,A100,256,16384,4194304,536870912,16384,10,8796.09,1073741824,0,0,0,0,0,0,0,0,0,0,0,8192,0,0,0,0,0,0,0,0,0,0,0,0,0,0,0,0,0,0,0,0,0,0,0,1861.17,4726.11,1.4998,0.929584
Test,A100,256,16384,4194304,268435456,16384,10,4398.05,1073741824,0,0,0,0,0,0,0,0,0,0,0,0,4096,0,0,0,0,0,0,0,0,0,0,0,0,0,0,0,0,0,0,0,0,0,0,452.197,9725.96,0.0780261,0.0483611
Test,A100,256,16384,4194304,134217728,16384,10,2199.02,1073741824,0,0,0,0,0,0,0,0,0,0,0,0,0,2048,0,0,0,0,0,0,0,0,0,0,0,0,0,0,0,0,0,0,0,0,0,452.233,4862.59,0.0252243,0.0156342
Test,A100,256,16384,4194304,1073741824,16384,10,35184.4,1073741824,0,0,0,0,0,0,0,0,0,0,0,0,0,0,32768,0,0,0,0,0,0,0,0,0,0,0,0,0,0,0,0,0,0,0,0,2206.2,15948,12.0517,7.46973
Test,A100,256,16384,4194304,536870912,16384,10,17592.2,1073741824,0,0,0,0,0,0,0,0,0,0,0,0,0,0,0,16384,0,0,0,0,0,0,0,0,0,0,0,0,0,0,0,0,0,0,0,1127.17,15607.4,14.6704,9.09284
Test,A100,256,16384,4194304,268435456,16384,10,8796.09,1073741824,0,0,0,0,0,0,0,0,0,0,0,0,0,0,0,0,8192,0,0,0,0,0,0,0,0,0,0,0,0,0,0,0,0,0,0,453.663,19389.1,28.9914,17.969
Test,A100,256,16384,4194304,134217728,16384,10,4398.05,1073741824,0,0,0,0,0,0,0,0,0,0,0,0,0,0,0,0,0,4096,0,0,0,0,0,0,0,0,0,0,0,0,0,0,0,0,0,1000.68,4395.06,3.78793,2.34778
Test,A100,256,16384,4194304,536870912,16384,10,17592.2,1073741824,0,0,0,0,0,0,0,0,0,0,0,0,0,0,0,0,0,0,16384,0,0,0,0,0,0,0,0,0,0,0,0,0,0,0,0,3845.2,4575.1,3.17333,1.96685
Test,A100,256,16384,4194304,268435456,16384,10,8796.09,1073741824,0,0,0,0,0,0,0,0,0,0,0,0,0,0,0,0,0,0,0,8192,0,0,0,0,0,0,0,0,0,0,0,0,0,0,0,454.554,19351.1,15.6408,9.69429
Test,A100,256,16384,4194304,134217728,16384,10,4398.05,1073741824,0,0,0,0,0,0,0,0,0,0,0,0,0,0,0,0,0,0,0,0,4096,0,0,0,0,0,0,0,0,0,0,0,0,0,0,452.234,9725.15,0.197266,0.122267
Test,A100,256,16384,4194304,1073741824,16384,10,17592.2,1073741824,0,0,0,0,0,0,0,0,0,0,0,0,0,0,0,0,0,0,0,0,0,16384,0,0,0,0,0,0,0,0,0,0,0,0,0,30419.2,578.326,0.045076,0.0279384
Test,A100,256,16384,4194304,536870912,16384,10,8796.09,1073741824,0,0,0,0,0,0,0,0,0,0,0,0,0,0,0,0,0,0,0,0,0,0,8192,0,0,0,0,0,0,0,0,0,0,0,0,15212.3,578.223,0.0385271,0.0238793
Test,A100,256,16384,4194304,268435456,16384,10,4398.05,1073741824,0,0,0,0,0,0,0,0,0,0,0,0,0,0,0,0,0,0,0,0,0,0,0,4096,0,0,0,0,0,0,0,0,0,0,0,7854.98,559.905,0.291552,0.180706
Test,A100,256,16384,4194304,134217728,16384,10,2199.02,1073741824,0,0,0,0,0,0,0,0,0,0,0,0,0,0,0,0,0,0,0,0,0,0,0,0,2048,0,0,0,0,0,0,0,0,0,0,4932.57,445.817,0.334002,0.207016
Test,A100,256,16384,4194304,536870912,16384,10,8796.09,1073741824,0,0,0,0,0,0,0,0,0,0,0,0,0,0,0,0,0,0,0,0,0,0,0,0,0,8192,0,0,0,0,0,0,0,0,0,10058.6,874.486,1.23288,0.764149
Test,A100,256,16384,4194304,268435456,16384,10,4398.05,1073741824,0,0,0,0,0,0,0,0,0,0,0,0,0,0,0,0,0,0,0,0,0,0,0,0,0,0,4096,0,0,0,0,0,0,0,0,12043.5,365.181,0.208761,0.129391
Test,A100,256,16384,4194304,134217728,16384,10,2199.02,1073741824,0,0,0,0,0,0,0,0,0,0,0,0,0,0,0,0,0,0,0,0,0,0,0,0,0,0,0,2048,0,0,0,0,0,0,0,16042.9,137.071,0.0376928,0.0233623
Test,A100,256,16384,4194304,1073741824,16384,10,17592.2,1073741824,0,0,0,0,0,0,0,0,0,0,0,0,0,0,0,0,0,0,0,0,0,0,0,0,0,0,0,0,16384,0,0,0,0,0,0,12168.5,1445.71,1.27423,0.789775
Test,A100,256,16384,4194304,536870912,16384,10,8796.09,1073741824,0,0,0,0,0,0,0,0,0,0,0,0,0,0,0,0,0,0,0,0,0,0,0,0,0,0,0,0,0,8192,0,0,0,0,0,5755.68,1528.25,2.1407,1.32682
Test,A100,256,16384,4194304,268435456,16384,10,4398.05,1073741824,0,0,0,0,0,0,0,0,0,0,0,0,0,0,0,0,0,0,0,0,0,0,0,0,0,0,0,0,0,0,4096,0,0,0,0,2875.81,1529.33,1.68506,1.04441
Test,A100,256,16384,4194304,134217728,16384,10,2199.02,1073741824,0,0,0,0,0,0,0,0,0,0,0,0,0,0,0,0,0,0,0,0,0,0,0,0,0,0,0,0,0,0,0,2048,0,0,0,1456.8,1509.49,0.185938,0.115245
Test,A100,256,16384,4194304,536870912,16384,10,8796.09,1073741824,0,0,0,0,0,0,0,0,0,0,0,0,0,0,0,0,0,0,0,0,0,0,0,0,0,0,0,0,0,0,0,0,8192,0,0,2099.26,4190.09,0.792667,0.4913
Test,A100,256,16384,4194304,268435456,16384,10,4398.05,1073741824,0,0,0,0,0,0,0,0,0,0,0,0,0,0,0,0,0,0,0,0,0,0,0,0,0,0,0,0,0,0,0,0,0,4096,0,958.962,4586.26,1.55617,0.964523
Test,A100,256,16384,4194304,134217728,16384,10,2199.02,1073741824,0,0,0,0,0,0,0,0,0,0,0,0,0,0,0,0,0,0,0,0,0,0,0,0,0,0,0,0,0,0,0,0,0,0,2048,469.91,4679.73,15.7883,9.78571
Test,A100,256,16384,4194304,1073741824,32768,10,35184.4,1073741824,32768,0,0,0,0,0,0,0,0,0,0,0,0,0,0,0,0,0,0,0,0,0,0,0,0,0,0,0,0,0,0,0,0,0,0,2013.28,17476.4,68.5116,42.464
Test,A100,256,16384,4194304,536870912,32768,10,17592.2,1073741824,0,16384,0,0,0,0,0,0,0,0,0,0,0,0,0,0,0,0,0,0,0,0,0,0,0,0,0,0,0,0,0,0,0,0,0,1011.04,17400.1,14.9109,9.24186
Test,A100,256,16384,4194304,268435456,32768,10,8796.09,1073741824,0,0,8192,0,0,0,0,0,0,0,0,0,0,0,0,0,0,0,0,0,0,0,0,0,0,0,0,0,0,0,0,0,0,0,0,511.537,17195.5,37.012,22.9403
Test,A100,256,16384,4194304,134217728,32768,10,4398.05,1073741824,0,0,0,4096,0,0,0,0,0,0,0,0,0,0,0,0,0,0,0,0,0,0,0,0,0,0,0,0,0,0,0,0,0,0,0,595.416,7386.57,21.1021,13.0792
Test,A100,256,16384,4194304,536870912,32768,10,17592.2,1073741824,0,0,0,0,16384,0,0,0,0,0,0,0,0,0,0,0,0,0,0,0,0,0,0,0,0,0,0,0,0,0,0,0,0,0,0,3720.4,4728.58,1.24963,0.774527
Test,A100,256,16384,4194304,268435456,32768,10,8796.09,1073741824,0,0,0,0,0,8192,0,0,0,0,0,0,0,0,0,0,0,0,0,0,0,0,0,0,0,0,0,0,0,0,0,0,0,0,0,904.36,9726.31,0.0763694,0.0473343
Test,A100,256,16384,4194304,134217728,32768,10,4398.05,1073741824,0,0,0,0,0,0,4096,0,0,0,0,0,0,0,0,0,0,0,0,0,0,0,0,0,0,0,0,0,0,0,0,0,0,0,0,904.409,4862.9,0.0496745,0.0307886
Test,A100,256,16384,4194304,1073741824,32768,10,35184.4,1073741824,0,0,0,0,0,0,0,32768,0,0,0,0,0,0,0,0,0,0,0,0,0,0,0,0,0,0,0,0,0,0,0,0,0,0,0,4281.92,8216.97,3.36612,2.08634
Test,A100,256,16384,4194304,536870912,32768,10,17592.2,1073741824,0,0,0,0,0,0,0,0,16384,0,0,0,0,0,0,0,0,0,0,0,0,0,0,0,0,0,0,0,0,0,0,0,0,0,0,2189.43,8035.05,2.80416,1.73803
Test,A100,256,16384,4194304,268435456,32768,10,8796.09,1073741824,0,0,0,0,0,0,0,0,0,8192,0,0,0,0,0,0,0,0,0,0,0,0,0,0,0,0,0,0,0,0,0,0,0,0,0,904.821,9721.37,0.124669,0.0772705
Test,A100,256,16384,4194304,134217728,32768,10,4398.05,1073741824,0,0,0,0,0,0,0,0,0,0,4096,0,0,0,0,0,0,0,0,0,0,0,0,0,0,0,0,0,0,0,0,0,0,0,0,2234.39,1968.34,0.475399,0.294655
Test,A100,256,16384,4194304,536870912,32768,10,17592.2,1073741824,0,0,0,0,0,0,0,0,0,0,0,16384,0,0,0,0,0,0,0,0,0,0,0,0,0,0,0,0,0,0,0,0,0,0,0,3719.39,4729.85,0.947638,0.587352
Test,A100,256,16384,4194304,268435456,32768,10,8796.09,1073741824,0,0,0,0,0,0,0,0,0,0,0,0,8192,0,0,0,0,0,0,0,0,0,0,0,0,0,0,0,0,0,0,0,0,0,0,904.36,9726.32,0.0936003,0.0580141
Test,A100,256,16384,4194304,134217728,32768,10,4398.05,1073741824,0,0,0,0,0,0,0,0,0,0,0,0,0,4096,0,0,0,0,0,0,0,0,0,0,0,0,0,0,0,0,0,0,0,0,0,904.395,4862.97,0.0369681,0.0229131
Test,A100,256,16384,4194304,1073741824,32768,10,70368.7,1073741824,0,0,0,0,0,0,0,0,0,0,0,0,0,0,65536,0,0,0,0,0,0,0,0,0,0,0,0,0,0,0,0,0,0,0,0,4313.39,16314,5.8751,3.64142
Test,A100,256,16384,4194304,536870912,32768,10,35184.4,1073741824,0,0,0,0,0,0,0,0,0,0,0,0,0,0,0,32768,0,0,0,0,0,0,0,0,0,0,0,0,0,0,0,0,0,0,0,2207.49,15938.6,4.83998,2.99985
Test,A100,256,16384,4194304,268435456,32768,10,17592.2,1073741824,0,0,0,0,0,0,0,0,0,0,0,0,0,0,0,0,16384,0,0,0,0,0,0,0,0,0,0,0,0,0,0,0,0,0,0,904.764,19443.9,0.286867,0.177802
Test,A100,256,16384,4194304,134217728,32768,10,8796.09,1073741824,0,0,0,0,0,0,0,0,0,0,0,0,0,0,0,0,0,8192,0,0,0,0,0,0,0,0,0,0,0,0,0,0,0,0,0,1903.3,4621.51,2.59012,1.60537
Test,A100,256,16384,4194304,536870912,32768,10,35184.4,1073741824,0,0,0,0,0,0,0,0,0,0,0,0,0,0,0,0,0,0,32768,0,0,0,0,0,0,0,0,0,0,0,0,0,0,0,0,7673.05,4585.45,1.35252,0.8383
Test,A100,256,16384,4194304,268435456,32768,10,17592.2,1073741824,0,0,0,0,0,0,0,0,0,0,0,0,0,0,0,0,0,0,0,16384,0,0,0,0,0,0,0,0,0,0,0,0,0,0,0,906.125,19414.7,0.154974,0.0960539
Test,A100,256,16384,4194304,134217728,32768,10,8796.09,1073741824,0,0,0,0,0,0,0,0,0,0,0,0,0,0,0,0,0,0,0,0,8192,0,0,0,0,0,0,0,0,0,0,0,0,0,0,904.399,9725.89,0.152823,0.0947204
Test,A100,256,16384,4194304,1073741824,32768,10,35184.4,1073741824,0,0,0,0,0,0,0,0,0,0,0,0,0,0,0,0,0,0,0,0,0,32768,0,0,0,0,0,0,0,0,0,0,0,0,0,60835.2,578.355,0.0117988,0.00731295
Test,A100,256,16384,4194304,536870912,32768,10,17592.2,1073741824,0,0,0,0,0,0,0,0,0,0,0,0,0,0,0,0,0,0,0,0,0,0,16384,0,0,0,0,0,0,0,0,0,0,0,0,30422.1,578.27,0.0122728,0.00760677
Test,A100,256,16384,4194304,268435456,32768,10,8796.09,1073741824,0,0,0,0,0,0,0,0,0,0,0,0,0,0,0,0,0,0,0,0,0,0,0,8192,0,0,0,0,0,0,0,0,0,0,0,15652.9,561.947,0.128306,0.0795248
Test,A100,256,16384,4194304,134217728,32768,10,4398.05,1073741824,0,0,0,0,0,0,0,0,0,0,0,0,0,0,0,0,0,0,0,0,0,0,0,0,4096,0,0,0,0,0,0,0,0,0,0,9835.93,447.141,0.105753,0.0655466
Test,A100,256,16384,4194304,536870912,32768,10,17592.2,1073741824,0,0,0,0,0,0,0,0,0,0,0,0,0,0,0,0,0,0,0,0,0,0,0,0,0,16384,0,0,0,0,0,0,0,0,0,20067,876.673,0.151598,0.0939615
Test,A100,256,16384,4194304,268435456,32768,10,8796.09,1073741824,0,0,0,0,0,0,0,0,0,0,0,0,0,0,0,0,0,0,0,0,0,0,0,0,0,0,8192,0,0,0,0,0,0,0,0,24088.7,365.154,0.229052,0.141968
Test,A100,256,16384,4194304,134217728,32768,10,4398.05,1073741824,0,0,0,0,0,0,0,0,0,0,0,0,0,0,0,0,0,0,0,0,0,0,0,0,0,0,0,4096,0,0,0,0,0,0,0,32043.7,137.252,0.0358476,0.0222186
Test,A100,256,16384,4194304,1073741824,32768,10,35184.4,1073741824,0,0,0,0,0,0,0,0,0,0,0,0,0,0,0,0,0,0,0,0,0,0,0,0,0,0,0,0,32768,0,0,0,0,0,0,24334.1,1445.89,1.43081,0.886827
Test,A100,256,16384,4194304,536870912,32768,10,17592.2,1073741824,0,0,0,0,0,0,0,0,0,0,0,0,0,0,0,0,0,0,0,0,0,0,0,0,0,0,0,0,0,16384,0,0,0,0,0,11494.1,1530.55,1.68127,1.04206
Test,A100,256,16384,4194304,268435456,32768,10,8796.09,1073741824,0,0,0,0,0,0,0,0,0,0,0,0,0,0,0,0,0,0,0,0,0,0,0,0,0,0,0,0,0,0,8192,0,0,0,0,5756.97,1527.91,1.57101,0.973719
Test,A100,256,16384,4194304,134217728,32768,10,4398.05,1073741824,0,0,0,0,0,0,0,0,0,0,0,0,0,0,0,0,0,0,0,0,0,0,0,0,0,0,0,0,0,0,0,4096,0,0,0,2916.74,1507.87,3.08447,1.91177
Test,A100,256,16384,4194304,536870912,32768,10,17592.2,1073741824,0,0,0,0,0,0,0,0,0,0,0,0,0,0,0,0,0,0,0,0,0,0,0,0,0,0,0,0,0,0,0,0,16384,0,0,4190.03,4198.58,0.629815,0.390363
Test,A100,256,16384,4194304,268435456,32768,10,8796.09,1073741824,0,0,0,0,0,0,0,0,0,0,0,0,0,0,0,0,0,0,0,0,0,0,0,0,0,0,0,0,0,0,0,0,0,8192,0,1908.95,4607.81,0.829674,0.514237
Test,A100,256,16384,4194304,134217728,32768,10,4398.05,1073741824,0,0,0,0,0,0,0,0,0,0,0,0,0,0,0,0,0,0,0,0,0,0,0,0,0,0,0,0,0,0,0,0,0,0,4096,935.787,4699.84,0.342828,0.212487
Test,A100,256,16384,4194304,1073741824,1,10,1.07374,2147483648,0.5,0,0,0,0,0,0,0,0,0,0,0,0,0,0,0,0,0,0,0,0,0,0,0,0,0,0,0,0,0,0,0,0,0,0,11.2445,95.645,3.81873,2.36687
Test,A100,256,16384,4194304,536870912,1,10,0.536871,2147483648,0,0.25,0,0,0,0,0,0,0,0,0,0,0,0,0,0,0,0,0,0,0,0,0,0,0,0,0,0,0,0,0,0,0,0,0,4.70815,114.03,0.148757,0.0922007
Test,A100,256,16384,4194304,268435456,1,10,0.268435,2147483648,0,0,0.125,0,0,0,0,0,0,0,0,0,0,0,0,0,0,0,0,0,0,0,0,0,0,0,0,0,0,0,0,0,0,0,0,1.75596,152.872,0.103876,0.0643832
Test,A100,256,16384,4194304,134217728,1,10,0.134218,2147483648,0,0,0,0.0625,0,0,0,0,0,0,0,0,0,0,0,0,0,0,0,0,0,0,0,0,0,0,0,0,0,0,0,0,0,0,0,1.62263,82.7163,0.093831,0.058157
Test,A100,256,16384,4194304,536870912,1,10,0.536871,2147483648,0,0,0,0,0.25,0,0,0,0,0,0,0,0,0,0,0,0,0,0,0,0,0,0,0,0,0,0,0,0,0,0,0,0,0,0,4.5141,118.932,0.188535,0.116855
Test,A100,256,16384,4194304,268435456,1,10,0.268435,1073741824,0,0,0,0,0,0.25,0,0,0,0,0,0,0,0,0,0,0,0,0,0,0,0,0,0,0,0,0,0,0,0,0,0,0,0,0,0.830669,323.158,0.775741,0.480809
Test,A100,256,16384,4194304,134217728,1,10,0.134218,2147483648,0,0,0,0,0,0,0.0625,0,0,0,0,0,0,0,0,0,0,0,0,0,0,0,0,0,0,0,0,0,0,0,0,0,0,0,0,1.64813,81.4366,0.118138,0.0732229
Test,A100,256,16384,4194304,1073741824,1,10,1.07374,2147483648,0,0,0,0,0,0,0,0.5,0,0,0,0,0,0,0,0,0,0,0,0,0,0,0,0,0,0,0,0,0,0,0,0,0,0,0,7.4711,143.719,0.148635,0.092125
Test,A100,256,16384,4194304,536870912,1,10,0.536871,2147483648,0,0,0,0,0,0,0,0,0.25,0,0,0,0,0,0,0,0,0,0,0,0,0,0,0,0,0,0,0,0,0,0,0,0,0,0,4.09262,131.181,0.260907,0.161712
Test,A100,256,16384,4194304,268435456,1,10,0.268435,2147483648,0,0,0,0,0,0,0,0,0,0.125,0,0,0,0,0,0,0,0,0,0,0,0,0,0,0,0,0,0,0,0,0,0,0,0,0,1.75278,153.148,0.0805393,0.0499188
Test,A100,256,16384,4194304,134217728,1,10,0.134218,2147483648,0,0,0,0,0,0,0,0,0,0,0.0625,0,0,0,0,0,0,0,0,0,0,0,0,0,0,0,0,0,0,0,0,0,0,0,0,1.62202,82.7476,0.0774421,0.0479991
Test,A100,256,16384,4194304,536870912,1,10,0.536871,2147483648,0,0,0,0,0,0,0,0,0,0,0,0.25,0,0,0,0,0,0,0,0,0,0,0,0,0,0,0,0,0,0,0,0,0,0,0,4.5184,118.819,0.193526,0.119949
Test,A100,256,16384,4194304,268435456,1,10,0.268435,1073741824,0,0,0,0,0,0,0,0,0,0,0,0,0.25,0,0,0,0,0,0,0,0,0,0,0,0,0,0,0,0,0,0,0,0,0,0,0.831488,322.839,0.641285,0.397473
Test,A100,256,16384,4194304,134217728,1,10,0.134218,2147483648,0,0,0,0,0,0,0,0,0,0,0,0,0,0.0625,0,0,0,0,0,0,0,0,0,0,0,0,0,0,0,0,0,0,0,0,0,1.64884,81.4012,0.117074,0.0725633
Test,A100,256,16384,4194304,1073741824,1,10,2.14748,2147483648,0,0,0,0,0,0,0,0,0,0,0,0,0,0,1,0,0,0,0,0,0,0,0,0,0,0,0,0,0,0,0,0,0,0,0,7.57371,283.545,0.29483,0.182738
Test,A100,256,16384,4194304,536870912,1,10,1.07374,2147483648,0,0,0,0,0,0,0,0,0,0,0,0,0,0,0,0.5,0,0,0,0,0,0,0,0,0,0,0,0,0,0,0,0,0,0,0,4.36142,246.192,0.432358,0.267978
Test,A100,256,16384,4194304,268435456,1,10,0.536871,2147483648,0,0,0,0,0,0,0,0,0,0,0,0,0,0,0,0,0.25,0,0,0,0,0,0,0,0,0,0,0,0,0,0,0,0,0,0,1.7749,302.48,0.136267,0.0844594
Test,A100,256,16384,4194304,134217728,1,10,0.268435,2147483648,0,0,0,0,0,0,0,0,0,0,0,0,0,0,0,0,0,0.125,0,0,0,0,0,0,0,0,0,0,0,0,0,0,0,0,0,1.647,162.985,0.264418,0.163888
Test,A100,256,16384,4194304,536870912,1,10,1.07374,2147483648,0,0,0,0,0,0,0,0,0,0,0,0,0,0,0,0,0,0,0.5,0,0,0,0,0,0,0,0,0,0,0,0,0,0,0,0,4.65459,230.685,0.493319,0.305762
Test,A100,256,16384,4194304,268435456,1,10,0.536871,1073741824,0,0,0,0,0,0,0,0,0,0,0,0,0,0,0,0,0,0,0,0.5,0,0,0,0,0,0,0,0,0,0,0,0,0,0,0,0.831283,645.836,1.17173,0.726245
Test,A100,256,16384,4194304,134217728,1,10,0.268435,2147483648,0,0,0,0,0,0,0,0,0,0,0,0,0,0,0,0,0,0,0,0,0.125,0,0,0,0,0,0,0,0,0,0,0,0,0,0,1.64803,162.883,0.192954,0.119594
Test,A100,256,16384,4194304,1073741824,1,10,1.07374,2147483648,0,0,0,0,0,0,0,0,0,0,0,0,0,0,0,0,0,0,0,0,0,0.5,0,0,0,0,0,0,0,0,0,0,0,0,0,8.89364,120.732,0.148221,0.0918684
Test,A100,256,16384,4194304,536870912,1,10,0.536871,2147483648,0,0,0,0,0,0,0,0,0,0,0,0,0,0,0,0,0,0,0,0,0,0,0.25,0,0,0,0,0,0,0,0,0,0,0,0,4.95811,108.282,0.150839,0.0934911
Test,A100,256,16384,4194304,268435456,1,10,0.268435,2147483648,0,0,0,0,0,0,0,0,0,0,0,0,0,0,0,0,0,0,0,0,0,0,0,0.125,0,0,0,0,0,0,0,0,0,0,0,1.76937,151.713,0.107161,0.0664193
Test,A100,256,16384,4194304,134217728,1,10,0.134218,2147483648,0,0,0,0,0,0,0,0,0,0,0,0,0,0,0,0,0,0,0,0,0,0,0,0,0.0625,0,0,0,0,0,0,0,0,0,0,1.65222,81.2346,0.056261,0.0348709
Test,A100,256,16384,4194304,536870912,1,10,0.536871,2147483648,0,0,0,0,0,0,0,0,0,0,0,0,0,0,0,0,0,0,0,0,0,0,0,0,0,0.25,0,0,0,0,0,0,0,0,0,4.26004,126.025,0.11793,0.0730935
Test,A100,256,16384,4194304,268435456,1,10,0.268435,2147483648,0,0,0,0,0,0,0,0,0,0,0,0,0,0,0,0,0,0,0,0,0,0,0,0,0,0,0.125,0,0,0,0,0,0,0,0,1.77531,151.205,0.0959605,0.0594769
Test,A100,256,16384,4194304,134217728,1,10,0.134218,2147483648,0,0,0,0,0,0,0,0,0,0,0,0,0,0,0,0,0,0,0,0,0,0,0,0,0,0,0,0.0625,0,0,0,0,0,0,0,1.65048,81.3205,0.142289,0.0881916
Test,A100,256,16384,4194304,1073741824,1,10,2.14748,2147483648,0,0,0,0,0,0,0,0,0,0,0,0,0,0,0,0,0,0,0,0,0,0,0,0,0,0,0,0,1,0,0,0,0,0,0,8.90563,241.138,0.242538,0.150327
Test,A100,256,16384,4194304,536870912,1,10,1.07374,2147483648,0,0,0,0,0,0,0,0,0,0,0,0,0,0,0,0,0,0,0,0,0,0,0,0,0,0,0,0,0,0.5,0,0,0,0,0,4.7914,224.098,0.244552,0.151575
Test,A100,256,16384,4194304,268435456,1,10,0.536871,2147483648,0,0,0,0,0,0,0,0,0,0,0,0,0,0,0,0,0,0,0,0,0,0,0,0,0,0,0,0,0,0,0.25,0,0,0,0,1.77377,302.672,0.188235,0.116669
Test,A100,256,16384,4194304,134217728,1,10,0.268435,2147483648,0,0,0,0,0,0,0,0,0,0,0,0,0,0,0,0,0,0,0,0,0,0,0,0,0,0,0,0,0,0,0,0.125,0,0,0,1.64884,162.802,0.0990546,0.0613946
Test,A100,256,16384,4194304,536870912,1,10,1.07374,2147483648,0,0,0,0,0,0,0,0,0,0,0,0,0,0,0,0,0,0,0,0,0,0,0,0,0,0,0,0,0,0,0,0,0.5,0,0,4.20966,255.067,0.481695,0.298557
Test,A100,256,16384,4194304,268435456,1,10,0.536871,2147483648,0,0,0,0,0,0,0,0,0,0,0,0,0,0,0,0,0,0,0,0,0,0,0,0,0,0,0,0,0,0,0,0,0,0.25,0,1.7708,303.179,0.17619,0.109204
Test,A100,256,16384,4194304,134217728,1,10,0.268435,2147483648,0,0,0,0,0,0,0,0,0,0,0,0,0,0,0,0,0,0,0,0,0,0,0,0,0,0,0,0,0,0,0,0,0,0,0.125,1.64915,162.772,0.181925,0.112758
Test,A100,256,16384,4194304,1073741824,2,10,2.14748,2147483648,1,0,0,0,0,0,0,0,0,0,0,0,0,0,0,0,0,0,0,0,0,0,0,0,0,0,0,0,0,0,0,0,0,0,0,11.7972,182.034,0.374865,0.232344
Test,A100,256,16384,4194304,536870912,2,10,1.07374,2147483648,0,0.5,0,0,0,0,0,0,0,0,0,0,0,0,0,0,0,0,0,0,0,0,0,0,0,0,0,0,0,0,0,0,0,0,0,4.70784,228.076,0.313684,0.194423
Test,A100,256,16384,4194304,268435456,2,10,0.536871,2147483648,0,0,0.25,0,0,0,0,0,0,0,0,0,0,0,0,0,0,0,0,0,0,0,0,0,0,0,0,0,0,0,0,0,0,0,0,1.75544,305.832,0.211661,0.131189
Test,A100,256,16384,4194304,134217728,2,10,0.268435,2147483648,0,0,0,0.125,0,0,0,0,0,0,0,0,0,0,0,0,0,0,0,0,0,0,0,0,0,0,0,0,0,0,0,0,0,0,0,1.62294,165.401,0.171114,0.106057
Test,A100,256,16384,4194304,536870912,2,10,1.07374,2147483648,0,0,0,0,0.5,0,0,0,0,0,0,0,0,0,0,0,0,0,0,0,0,0,0,0,0,0,0,0,0,0,0,0,0,0,0,4.65203,230.812,0.359523,0.222835
Test,A100,256,16384,4194304,268435456,2,10,0.536871,1073741824,0,0,0,0,0,0.5,0,0,0,0,0,0,0,0,0,0,0,0,0,0,0,0,0,0,0,0,0,0,0,0,0,0,0,0,0,0.83241,644.963,1.29804,0.804534
Test,A100,256,16384,4194304,134217728,2,10,0.268435,2147483648,0,0,0,0,0,0,0.125,0,0,0,0,0,0,0,0,0,0,0,0,0,0,0,0,0,0,0,0,0,0,0,0,0,0,0,0,1.64762,162.924,0.221867,0.137515
Test,A100,256,16384,4194304,1073741824,2,10,2.14748,2147483648,0,0,0,0,0,0,0,1,0,0,0,0,0,0,0,0,0,0,0,0,0,0,0,0,0,0,0,0,0,0,0,0,0,0,0,7.46957,287.498,0.372046,0.230597
Test,A100,256,16384,4194304,536870912,2,10,1.07374,2147483648,0,0,0,0,0,0,0,0,0.5,0,0,0,0,0,0,0,0,0,0,0,0,0,0,0,0,0,0,0,0,0,0,0,0,0,0,4.09702,262.079,0.378287,0.234464
Test,A100,256,16384,4194304,268435456,2,10,0.536871,2147483648,0,0,0,0,0,0,0,0,0,0.25,0,0,0,0,0,0,0,0,0,0,0,0,0,0,0,0,0,0,0,0,0,0,0,0,0,1.7534,306.189,0.114519,0.0709799
Test,A100,256,16384,4194304,134217728,2,10,0.268435,2147483648,0,0,0,0,0,0,0,0,0,0,0.125,0,0,0,0,0,0,0,0,0,0,0,0,0,0,0,0,0,0,0,0,0,0,0,0,1.62263,165.432,0.176003,0.109087
Test,A100,256,16384,4194304,536870912,2,10,1.07374,2147483648,0,0,0,0,0,0,0,0,0,0,0,0.5,0,0,0,0,0,0,0,0,0,0,0,0,0,0,0,0,0,0,0,0,0,0,0,4.65582,230.624,0.244381,0.151469
Test,A100,256,16384,4194304,268435456,2,10,0.536871,1073741824,0,0,0,0,0,0,0,0,0,0,0,0,0.5,0,0,0,0,0,0,0,0,0,0,0,0,0,0,0,0,0,0,0,0,0,0,0.83159,645.597,1.03333,0.640467
Test,A100,256,16384,4194304,134217728,2,10,0.268435,2147483648,0,0,0,0,0,0,0,0,0,0,0,0,0,0.125,0,0,0,0,0,0,0,0,0,0,0,0,0,0,0,0,0,0,0,0,0,1.64874,162.812,0.199503,0.123653
Test,A100,256,16384,4194304,1073741824,2,10,4.29497,2147483648,0,0,0,0,0,0,0,0,0,0,0,0,0,0,2,0,0,0,0,0,0,0,0,0,0,0,0,0,0,0,0,0,0,0,0,8.10445,529.952,0.446414,0.27669
Test,A100,256,16384,4194304,536870912,2,10,2.14748,2147483648,0,0,0,0,0,0,0,0,0,0,0,0,0,0,0,1,0,0,0,0,0,0,0,0,0,0,0,0,0,0,0,0,0,0,0,4.33572,495.302,0.726732,0.450433
Test,A100,256,16384,4194304,268435456,2,10,1.07374,2147483648,0,0,0,0,0,0,0,0,0,0,0,0,0,0,0,0,0.5,0,0,0,0,0,0,0,0,0,0,0,0,0,0,0,0,0,0,1.7707,606.394,0.210413,0.130415
Test,A100,256,16384,4194304,134217728,2,10,0.536871,2147483648,0,0,0,0,0,0,0,0,0,0,0,0,0,0,0,0,0,0.25,0,0,0,0,0,0,0,0,0,0,0,0,0,0,0,0,0,1.64925,325.524,0.406064,0.251681
Test,A100,256,16384,4194304,536870912,2,10,2.14748,2147483648,0,0,0,0,0,0,0,0,0,0,0,0,0,0,0,0,0,0,1,0,0,0,0,0,0,0,0,0,0,0,0,0,0,0,0,4.70989,455.954,0.795196,0.492867
Test,A100,256,16384,4194304,268435456,2,10,1.07374,1073741824,0,0,0,0,0,0,0,0,0,0,0,0,0,0,0,0,0,0,0,1,0,0,0,0,0,0,0,0,0,0,0,0,0,0,0,0.832205,1290.24,2.3603,1.46293
Test,A100,256,16384,4194304,134217728,2,10,0.536871,2147483648,0,0,0,0,0,0,0,0,0,0,0,0,0,0,0,0,0,0,0,0,0.25,0,0,0,0,0,0,0,0,0,0,0,0,0,0,1.64864,325.645,0.239335,0.148341
Test,A100,256,16384,4194304,1073741824,2,10,2.14748,2147483648,0,0,0,0,0,0,0,0,0,0,0,0,0,0,0,0,0,0,0,0,0,1,0,0,0,0,0,0,0,0,0,0,0,0,0,9.74961,220.264,0.183606,0.1138
Test,A100,256,16384,4194304,536870912,2,10,1.07374,2147483648,0,0,0,0,0,0,0,0,0,0,0,0,0,0,0,0,0,0,0,0,0,0,0.5,0,0,0,0,0,0,0,0,0,0,0,0,5.19322,206.759,0.350073,0.216978
Test,A100,256,16384,4194304,268435456,2,10,0.536871,2147483648,0,0,0,0,0,0,0,0,0,0,0,0,0,0,0,0,0,0,0,0,0,0,0,0.25,0,0,0,0,0,0,0,0,0,0,0,1.78596,300.607,0.162553,0.100751
Test,A100,256,16384,4194304,134217728,2,10,0.268435,2147483648,0,0,0,0,0,0,0,0,0,0,0,0,0,0,0,0,0,0,0,0,0,0,0,0,0.125,0,0,0,0,0,0,0,0,0,0,1.65806,161.897,0.153581,0.0951905
Test,A100,256,16384,4194304,536870912,2,10,1.07374,2147483648,0,0,0,0,0,0,0,0,0,0,0,0,0,0,0,0,0,0,0,0,0,0,0,0,0,0.5,0,0,0,0,0,0,0,0,0,4.93046,217.778,0.281895,0.174721
Test,A100,256,16384,4194304,268435456,2,10,0.536871,2147483648,0,0,0,0,0,0,0,0,0,0,0,0,0,0,0,0,0,0,0,0,0,0,0,0,0,0,0.25,0,0,0,0,0,0,0,0,1.78196,301.28,0.201908,0.125144
Test,A100,256,16384,4194304,134217728,2,10,0.268435,2147483648,0,0,0,0,0,0,0,0,0,0,0,0,0,0,0,0,0,0,0,0,0,0,0,0,0,0,0,0.125,0,0,0,0,0,0,0,1.65427,162.268,0.270145,0.167438
Test,A100,256,16384,4194304,1073741824,2,10,4.29497,2147483648,0,0,0,0,0,0,0,0,0,0,0,0,0,0,0,0,0,0,0,0,0,0,0,0,0,0,0,0,2,0,0,0,0,0,0,9.20402,466.641,0.696006,0.431389
Test,A100,256,16384,4194304,536870912,2,10,2.14748,2147483648,0,0,0,0,0,0,0,0,0,0,0,0,0,0,0,0,0,0,0,0,0,0,0,0,0,0,0,0,0,1,0,0,0,0,0,5.04955,425.284,0.70534,0.437174
Test,A100,256,16384,4194304,268435456,2,10,1.07374,2147483648,0,0,0,0,0,0,0,0,0,0,0,0,0,0,0,0,0,0,0,0,0,0,0,0,0,0,0,0,0,0,0.5,0,0,0,0,1.79651,597.684,0.34769,0.2155
Test,A100,256,16384,4194304,134217728,2,10,0.536871,2147483648,0,0,0,0,0,0,0,0,0,0,0,0,0,0,0,0,0,0,0,0,0,0,0,0,0,0,0,0,0,0,0,0.25,0,0,0,1.65181,325.019,0.210373,0.13039
Test,A100,256,16384,4194304,536870912,2,10,2.14748,2147483648,0,0,0,0,0,0,0,0,0,0,0,0,0,0,0,0,0,0,0,0,0,0,0,0,0,0,0,0,0,0,0,0,1,0,0,4.80246,447.164,0.473943,0.293753
Test,A100,256,16384,4194304,268435456,2,10,1.07374,2147483648,0,0,0,0,0,0,0,0,0,0,0,0,0,0,0,0,0,0,0,0,0,0,0,0,0,0,0,0,0,0,0,0,0,0.5,0,1.77654,604.402,0.328757,0.203766
Test,A100,256,16384,4194304,134217728,2,10,0.536871,2147483648,0,0,0,0,0,0,0,0,0,0,0,0,0,0,0,0,0,0,0,0,0,0,0,0,0,0,0,0,0,0,0,0,0,0,0.25,1.6511,325.16,0.327683,0.2031
Test,A100,256,16384,4194304,1073741824,4,10,4.29497,2147483648,2,0,0,0,0,0,0,0,0,0,0,0,0,0,0,0,0,0,0,0,0,0,0,0,0,0,0,0,0,0,0,0,0,0,0,11.5315,372.457,0.544214,0.337308
Test,A100,256,16384,4194304,536870912,4,10,2.14748,2147483648,0,1,0,0,0,0,0,0,0,0,0,0,0,0,0,0,0,0,0,0,0,0,0,0,0,0,0,0,0,0,0,0,0,0,0,4.72033,454.944,0.73824,0.457566
Test,A100,256,16384,4194304,268435456,4,10,1.07374,2147483648,0,0,0.5,0,0,0,0,0,0,0,0,0,0,0,0,0,0,0,0,0,0,0,0,0,0,0,0,0,0,0,0,0,0,0,0,1.75196,612.88,0.373962,0.231784
Test,A100,256,16384,4194304,134217728,4,10,0.536871,2147483648,0,0,0,0.25,0,0,0,0,0,0,0,0,0,0,0,0,0,0,0,0,0,0,0,0,0,0,0,0,0,0,0,0,0,0,0,1.62304,330.781,0.336563,0.208604
Test,A100,256,16384,4194304,536870912,4,10,2.14748,2147483648,0,0,0,0,1,0,0,0,0,0,0,0,0,0,0,0,0,0,0,0,0,0,0,0,0,0,0,0,0,0,0,0,0,0,0,4.71101,455.844,0.720247,0.446414
Test,A100,256,16384,4194304,268435456,4,10,1.07374,1073741824,0,0,0,0,0,1,0,0,0,0,0,0,0,0,0,0,0,0,0,0,0,0,0,0,0,0,0,0,0,0,0,0,0,0,0,0.837222,1282.51,2.45078,1.51901
Test,A100,256,16384,4194304,134217728,4,10,0.536871,2147483648,0,0,0,0,0,0,0.25,0,0,0,0,0,0,0,0,0,0,0,0,0,0,0,0,0,0,0,0,0,0,0,0,0,0,0,0,1.64936,325.503,0.300176,0.186051
Test,A100,256,16384,4194304,1073741824,4,10,4.29497,2147483648,0,0,0,0,0,0,0,2,0,0,0,0,0,0,0,0,0,0,0,0,0,0,0,0,0,0,0,0,0,0,0,0,0,0,0,7.55282,568.659,1.00887,0.625307
Test,A100,256,16384,4194304,536870912,4,10,2.14748,2147483648,0,0,0,0,0,0,0,0,1,0,0,0,0,0,0,0,0,0,0,0,0,0,0,0,0,0,0,0,0,0,0,0,0,0,0,4.07583,526.885,0.974164,0.603793
Test,A100,256,16384,4194304,268435456,4,10,1.07374,2147483648,0,0,0,0,0,0,0,0,0,0.5,0,0,0,0,0,0,0,0,0,0,0,0,0,0,0,0,0,0,0,0,0,0,0,0,0,1.7451,615.29,0.505329,0.313206
Test,A100,256,16384,4194304,134217728,4,10,0.536871,2147483648,0,0,0,0,0,0,0,0,0,0,0.25,0,0,0,0,0,0,0,0,0,0,0,0,0,0,0,0,0,0,0,0,0,0,0,0,1.62447,330.49,0.448674,0.278091
Test,A100,256,16384,4194304,536870912,4,10,2.14748,2147483648,0,0,0,0,0,0,0,0,0,0,0,1,0,0,0,0,0,0,0,0,0,0,0,0,0,0,0,0,0,0,0,0,0,0,0,4.70518,456.409,0.39336,0.243807
Test,A100,256,16384,4194304,268435456,4,10,1.07374,1073741824,0,0,0,0,0,0,0,0,0,0,0,0,1,0,0,0,0,0,0,0,0,0,0,0,0,0,0,0,0,0,0,0,0,0,0,0.837427,1282.19,2.0779,1.28789
Test,A100,256,16384,4194304,134217728,4,10,0.536871,2147483648,0,0,0,0,0,0,0,0,0,0,0,0,0,0.25,0,0,0,0,0,0,0,0,0,0,0,0,0,0,0,0,0,0,0,0,0,1.64977,325.423,0.489993,0.303701
Test,A100,256,16384,4194304,1073741824,4,10,8.58993,2147483648,0,0,0,0,0,0,0,0,0,0,0,0,0,0,4,0,0,0,0,0,0,0,0,0,0,0,0,0,0,0,0,0,0,0,0,8.17695,1050.51,1.70762,1.0584
Test,A100,256,16384,4194304,536870912,4,10,4.29497,2147483648,0,0,0,0,0,0,0,0,0,0,0,0,0,0,0,2,0,0,0,0,0,0,0,0,0,0,0,0,0,0,0,0,0,0,0,4.35958,985.181,1.14911,0.712226
Test,A100,256,16384,4194304,268435456,4,10,2.14748,2147483648,0,0,0,0,0,0,0,0,0,0,0,0,0,0,0,0,1,0,0,0,0,0,0,0,0,0,0,0,0,0,0,0,0,0,0,1.76486,1216.8,0.569217,0.352804
Test,A100,256,16384,4194304,134217728,4,10,1.07374,2147483648,0,0,0,0,0,0,0,0,0,0,0,0,0,0,0,0,0,0.5,0,0,0,0,0,0,0,0,0,0,0,0,0,0,0,0,0,1.64987,650.806,0.880946,0.546016
Test,A100,256,16384,4194304,536870912,4,10,4.29497,2147483648,0,0,0,0,0,0,0,0,0,0,0,0,0,0,0,0,0,0,2,0,0,0,0,0,0,0,0,0,0,0,0,0,0,0,0,4.79273,896.144,1.21223,0.751346
Test,A100,256,16384,4194304,268435456,4,10,2.14748,1073741824,0,0,0,0,0,0,0,0,0,0,0,0,0,0,0,0,0,0,0,2,0,0,0,0,0,0,0,0,0,0,0,0,0,0,0,0.838451,2561.27,6.93021,4.29539
Test,A100,256,16384,4194304,134217728,4,10,1.07374,2147483648,0,0,0,0,0,0,0,0,0,0,0,0,0,0,0,0,0,0,0,0,0.5,0,0,0,0,0,0,0,0,0,0,0,0,0,0,1.64946,650.967,0.844847,0.523641
Test,A100,256,16384,4194304,1073741824,4,10,4.29497,2147483648,0,0,0,0,0,0,0,0,0,0,0,0,0,0,0,0,0,0,0,0,0,2,0,0,0,0,0,0,0,0,0,0,0,0,0,10.5567,406.847,0.40903,0.25352
Test,A100,256,16384,4194304,536870912,4,10,2.14748,2147483648,0,0,0,0,0,0,0,0,0,0,0,0,0,0,0,0,0,0,0,0,0,0,1,0,0,0,0,0,0,0,0,0,0,0,0,5.52151,388.931,0.522652,0.323943
Test,A100,256,16384,4194304,268435456,4,10,1.07374,2147483648,0,0,0,0,0,0,0,0,0,0,0,0,0,0,0,0,0,0,0,0,0,0,0,0.5,0,0,0,0,0,0,0,0,0,0,0,1.82508,588.328,0.490614,0.304086
Test,A100,256,16384,4194304,134217728,4,10,0.536871,2147483648,0,0,0,0,0,0,0,0,0,0,0,0,0,0,0,0,0,0,0,0,0,0,0,0,0.25,0,0,0,0,0,0,0,0,0,0,1.67506,320.509,0.389946,0.241691
Test,A100,256,16384,4194304,536870912,4,10,2.14748,2147483648,0,0,0,0,0,0,0,0,0,0,0,0,0,0,0,0,0,0,0,0,0,0,0,0,0,1,0,0,0,0,0,0,0,0,0,6.29699,341.035,0.640189,0.396794
Test,A100,256,16384,4194304,268435456,4,10,1.07374,2147483648,0,0,0,0,0,0,0,0,0,0,0,0,0,0,0,0,0,0,0,0,0,0,0,0,0,0,0.5,0,0,0,0,0,0,0,0,1.82231,589.22,0.368583,0.22845
Test,A100,256,16384,4194304,134217728,4,10,0.536871,2147483648,0,0,0,0,0,0,0,0,0,0,0,0,0,0,0,0,0,0,0,0,0,0,0,0,0,0,0,0.25,0,0,0,0,0,0,0,1.66584,322.282,0.194132,0.120324
Test,A100,256,16384,4194304,1073741824,4,10,8.58993,2147483648,0,0,0,0,0,0,0,0,0,0,0,0,0,0,0,0,0,0,0,0,0,0,0,0,0,0,0,0,4,0,0,0,0,0,0,9.81227,875.429,1.06668,0.661135
Test,A100,256,16384,4194304,536870912,4,10,4.29497,2147483648,0,0,0,0,0,0,0,0,0,0,0,0,0,0,0,0,0,0,0,0,0,0,0,0,0,0,0,0,0,2,0,0,0,0,0,5.25589,817.175,1.37527,0.852404
Test,A100,256,16384,4194304,268435456,4,10,2.14748,2147483648,0,0,0,0,0,0,0,0,0,0,0,0,0,0,0,0,0,0,0,0,0,0,0,0,0,0,0,0,0,0,1,0,0,0,0,1.87853,1143.17,1.01393,0.628437
Test,A100,256,16384,4194304,134217728,4,10,1.07374,2147483648,0,0,0,0,0,0,0,0,0,0,0,0,0,0,0,0,0,0,0,0,0,0,0,0,0,0,0,0,0,0,0,0.5,0,0,0,1.65755,647.791,1.05926,0.656534
Test,A100,256,16384,4194304,536870912,4,10,4.29497,2147483648,0,0,0,0,0,0,0,0,0,0,0,0,0,0,0,0,0,0,0,0,0,0,0,0,0,0,0,0,0,0,0,0,2,0,0,4.45819,963.39,1.14982,0.712665
Test,A100,256,16384,4194304,268435456,4,10,2.14748,2147483648,0,0,0,0,0,0,0,0,0,0,0,0,0,0,0,0,0,0,0,0,0,0,0,0,0,0,0,0,0,0,0,0,0,1,0,1.7922,1198.24,1.13717,0.704824
Test,A100,256,16384,4194304,134217728,4,10,1.07374,2147483648,0,0,0,0,0,0,0,0,0,0,0,0,0,0,0,0,0,0,0,0,0,0,0,0,0,0,0,0,0,0,0,0,0,0,0.5,1.65335,649.435,0.846958,0.52495
Test,A100,256,16384,4194304,1073741824,8,10,8.58993,2147483648,4,0,0,0,0,0,0,0,0,0,0,0,0,0,0,0,0,0,0,0,0,0,0,0,0,0,0,0,0,0,0,0,0,0,0,11.2463,767.913,55.354,34.3088
Test,A100,256,16384,4194304,536870912,8,10,4.29497,2147483648,0,2,0,0,0,0,0,0,0,0,0,0,0,0,0,0,0,0,0,0,0,0,0,0,0,0,0,0,0,0,0,0,0,0,0,4.66555,920.573,1.29475,0.802494
Test,A100,256,16384,4194304,268435456,8,10,2.14748,2147483648,0,0,1,0,0,0,0,0,0,0,0,0,0,0,0,0,0,0,0,0,0,0,0,0,0,0,0,0,0,0,0,0,0,0,0,1.75022,1226.98,0.703257,0.435883
Test,A100,256,16384,4194304,134217728,8,10,1.07374,2147483648,0,0,0,0.5,0,0,0,0,0,0,0,0,0,0,0,0,0,0,0,0,0,0,0,0,0,0,0,0,0,0,0,0,0,0,0,1.62427,661.063,0.763783,0.473397
Test,A100,256,16384,4194304,536870912,8,10,4.29497,2147483648,0,0,0,0,2,0,0,0,0,0,0,0,0,0,0,0,0,0,0,0,0,0,0,0,0,0,0,0,0,0,0,0,0,0,0,4.79683,895.379,1.28306,0.795249
Test,A100,256,16384,4194304,268435456,8,10,2.14748,1073741824,0,0,0,0,0,2,0,0,0,0,0,0,0,0,0,0,0,0,0,0,0,0,0,0,0,0,0,0,0,0,0,0,0,0,0,0.843059,2547.25,2.41492,1.49678
Test,A100,256,16384,4194304,134217728,8,10,1.07374,2147483648,0,0,0,0,0,0,0.5,0,0,0,0,0,0,0,0,0,0,0,0,0,0,0,0,0,0,0,0,0,0,0,0,0,0,0,0,1.6511,650.32,0.484121,0.300061
Test,A100,256,16384,4194304,1073741824,8,10,8.58993,2147483648,0,0,0,0,0,0,0,4,0,0,0,0,0,0,0,0,0,0,0,0,0,0,0,0,0,0,0,0,0,0,0,0,0,0,0,7.61006,1128.76,1.49286,0.925282
Test,A100,256,16384,4194304,536870912,8,10,4.29497,2147483648,0,0,0,0,0,0,0,0,2,0,0,0,0,0,0,0,0,0,0,0,0,0,0,0,0,0,0,0,0,0,0,0,0,0,0,4.06886,1055.57,1.47513,0.914296
Test,A100,256,16384,4194304,268435456,8,10,2.14748,2147483648,0,0,0,0,0,0,0,0,0,1,0,0,0,0,0,0,0,0,0,0,0,0,0,0,0,0,0,0,0,0,0,0,0,0,0,1.73978,1234.35,0.649857,0.402786
Test,A100,256,16384,4194304,134217728,8,10,1.07374,2147483648,0,0,0,0,0,0,0,0,0,0,0.5,0,0,0,0,0,0,0,0,0,0,0,0,0,0,0,0,0,0,0,0,0,0,0,0,1.62826,659.441,0.817306,0.506572
Test,A100,256,16384,4194304,536870912,8,10,4.29497,2147483648,0,0,0,0,0,0,0,0,0,0,0,2,0,0,0,0,0,0,0,0,0,0,0,0,0,0,0,0,0,0,0,0,0,0,0,4.79427,895.858,1.65709,1.02707
Test,A100,256,16384,4194304,268435456,8,10,2.14748,1073741824,0,0,0,0,0,0,0,0,0,0,0,0,2,0,0,0,0,0,0,0,0,0,0,0,0,0,0,0,0,0,0,0,0,0,0,0.842854,2547.87,2.91853,1.80892
Test,A100,256,16384,4194304,134217728,8,10,1.07374,2147483648,0,0,0,0,0,0,0,0,0,0,0,0,0,0.5,0,0,0,0,0,0,0,0,0,0,0,0,0,0,0,0,0,0,0,0,0,1.65007,650.724,0.630151,0.390571
Test,A100,256,16384,4194304,1073741824,8,10,17.1799,2147483648,0,0,0,0,0,0,0,0,0,0,0,0,0,0,8,0,0,0,0,0,0,0,0,0,0,0,0,0,0,0,0,0,0,0,0,8.45476,2031.98,0.86084,0.533554
Test,A100,256,16384,4194304,536870912,8,10,8.58993,2147483648,0,0,0,0,0,0,0,0,0,0,0,0,0,0,0,4,0,0,0,0,0,0,0,0,0,0,0,0,0,0,0,0,0,0,0,4.51369,1903.09,1.94385,1.20481
Test,A100,256,16384,4194304,268435456,8,10,4.29497,2147483648,0,0,0,0,0,0,0,0,0,0,0,0,0,0,0,0,2,0,0,0,0,0,0,0,0,0,0,0,0,0,0,0,0,0,0,1.76026,2439.97,1.55384,0.963081
Test,A100,256,16384,4194304,134217728,8,10,2.14748,2147483648,0,0,0,0,0,0,0,0,0,0,0,0,0,0,0,0,0,1,0,0,0,0,0,0,0,0,0,0,0,0,0,0,0,0,0,1.65222,1299.75,1.26115,0.781667
Test,A100,256,16384,4194304,536870912,8,10,8.58993,2147483648,0,0,0,0,0,0,0,0,0,0,0,0,0,0,0,0,0,0,4,0,0,0,0,0,0,0,0,0,0,0,0,0,0,0,0,4.95442,1733.8,2.39609,1.48511
Test,A100,256,16384,4194304,268435456,8,10,4.29497,1073741824,0,0,0,0,0,0,0,0,0,0,0,0,0,0,0,0,0,0,0,4,0,0,0,0,0,0,0,0,0,0,0,0,0,0,0,0.844083,5088.34,9.96303,6.17515
Test,A100,256,16384,4194304,134217728,8,10,2.14748,2147483648,0,0,0,0,0,0,0,0,0,0,0,0,0,0,0,0,0,0,0,0,1,0,0,0,0,0,0,0,0,0,0,0,0,0,0,1.65028,1301.29,1.49687,0.927772
Test,A100,256,16384,4194304,1073741824,8,10,8.58993,2147483648,0,0,0,0,0,0,0,0,0,0,0,0,0,0,0,0,0,0,0,0,0,4,0,0,0,0,0,0,0,0,0,0,0,0,0,14.908,576.196,0.0536718,0.0332661
Test,A100,256,16384,4194304,536870912,8,10,4.29497,2147483648,0,0,0,0,0,0,0,0,0,0,0,0,0,0,0,0,0,0,0,0,0,0,2,0,0,0,0,0,0,0,0,0,0,0,0,7.51759,571.326,1.40983,0.873825
Test,A100,256,16384,4194304,268435456,8,10,2.14748,2147483648,0,0,0,0,0,0,0,0,0,0,0,0,0,0,0,0,0,0,0,0,0,0,0,1,0,0,0,0,0,0,0,0,0,0,0,1.9966,1075.57,0.54067,0.335111
Test,A100,256,16384,4194304,134217728,8,10,1.07374,2147483648,0,0,0,0,0,0,0,0,0,0,0,0,0,0,0,0,0,0,0,0,0,0,0,0,0.5,0,0,0,0,0,0,0,0,0,0,1.90833,562.662,0.741025,0.459292
Test,A100,256,16384,4194304,536870912,8,10,4.29497,2147483648,0,0,0,0,0,0,0,0,0,0,0,0,0,0,0,0,0,0,0,0,0,0,0,0,0,2,0,0,0,0,0,0,0,0,0,8.35768,513.901,1.75979,1.09073
Test,A100,256,16384,4194304,268435456,8,10,2.14748,2147483648,0,0,0,0,0,0,0,0,0,0,0,0,0,0,0,0,0,0,0,0,0,0,0,0,0,0,1,0,0,0,0,0,0,0,0,2.05507,1044.97,0.944567,0.585449
Test,A100,256,16384,4194304,134217728,8,10,1.07374,2147483648,0,0,0,0,0,0,0,0,0,0,0,0,0,0,0,0,0,0,0,0,0,0,0,0,0,0,0,0.5,0,0,0,0,0,0,0,2.16412,496.272,7.56671,4.68989
Test,A100,256,16384,4194304,1073741824,8,10,17.1799,2147483648,0,0,0,0,0,0,0,0,0,0,0,0,0,0,0,0,0,0,0,0,0,0,0,0,0,0,0,0,8,0,0,0,0,0,0,11.2855,1522.3,0.4234,0.262426
Test,A100,256,16384,4194304,536870912,8,10,8.58993,2147483648,0,0,0,0,0,0,0,0,0,0,0,0,0,0,0,0,0,0,0,0,0,0,0,0,0,0,0,0,0,4,0,0,0,0,0,5.78826,1484.03,1.24816,0.77362
Test,A100,256,16384,4194304,268435456,8,10,4.29497,2147483648,0,0,0,0,0,0,0,0,0,0,0,0,0,0,0,0,0,0,0,0,0,0,0,0,0,0,0,0,0,0,2,0,0,0,0,2.75497,1558.99,1.32627,0.822034
Test,A100,256,16384,4194304,134217728,8,10,2.14748,2147483648,0,0,0,0,0,0,0,0,0,0,0,0,0,0,0,0,0,0,0,0,0,0,0,0,0,0,0,0,0,0,0,1,0,0,0,1.68714,1272.85,1.25515,0.777948
Test,A100,256,16384,4194304,536870912,8,10,8.58993,2147483648,0,0,0,0,0,0,0,0,0,0,0,0,0,0,0,0,0,0,0,0,0,0,0,0,0,0,0,0,0,0,0,0,4,0,0,5.05713,1698.58,2.50539,1.55286
Test,A100,256,16384,4194304,268435456,8,10,4.29497,2147483648,0,0,0,0,0,0,0,0,0,0,0,0,0,0,0,0,0,0,0,0,0,0,0,0,0,0,0,0,0,0,0,0,0,2,0,1.83951,2334.84,1.1912,0.73831
Test,A100,256,16384,4194304,134217728,8,10,2.14748,2147483648,0,0,0,0,0,0,0,0,0,0,0,0,0,0,0,0,0,0,0,0,0,0,0,0,0,0,0,0,0,0,0,0,0,0,1,1.65806,1295.18,1.42125,0.880899
Test,A100,256,16384,4194304,1073741824,16,10,17.1799,2147483648,8,0,0,0,0,0,0,0,0,0,0,0,0,0,0,0,0,0,0,0,0,0,0,0,0,0,0,0,0,0,0,0,0,0,0,10.2246,1700.73,191.114,118.453
Test,A100,256,16384,4194304,536870912,16,10,8.58993,2147483648,0,4,0,0,0,0,0,0,0,0,0,0,0,0,0,0,0,0,0,0,0,0,0,0,0,0,0,0,0,0,0,0,0,0,0,4.58168,1874.85,3.27701,2.03111
Test,A100,256,16384,4194304,268435456,16,10,4.29497,2147483648,0,0,2,0,0,0,0,0,0,0,0,0,0,0,0,0,0,0,0,0,0,0,0,0,0,0,0,0,0,0,0,0,0,0,0,1.75278,2450.38,2.22108,1.37664
Test,A100,256,16384,4194304,134217728,16,10,2.14748,2147483648,0,0,0,1,0,0,0,0,0,0,0,0,0,0,0,0,0,0,0,0,0,0,0,0,0,0,0,0,0,0,0,0,0,0,0,1.62417,1322.21,1.20582,0.747373
Test,A100,256,16384,4194304,536870912,16,10,8.58993,2147483648,0,0,0,0,4,0,0,0,0,0,0,0,0,0,0,0,0,0,0,0,0,0,0,0,0,0,0,0,0,0,0,0,0,0,0,4.95636,1733.12,2.61207,1.61898
Test,A100,256,16384,4194304,268435456,16,10,4.29497,1073741824,0,0,0,0,0,4,0,0,0,0,0,0,0,0,0,0,0,0,0,0,0,0,0,0,0,0,0,0,0,0,0,0,0,0,0,0.85504,5023.13,6.02022,3.73137
Test,A100,256,16384,4194304,134217728,16,10,2.14748,2147483648,0,0,0,0,0,0,1,0,0,0,0,0,0,0,0,0,0,0,0,0,0,0,0,0,0,0,0,0,0,0,0,0,0,0,0,1.65417,1298.23,2.35806,1.46154
Test,A100,256,16384,4194304,1073741824,16,10,17.1799,2147483648,0,0,0,0,0,0,0,8,0,0,0,0,0,0,0,0,0,0,0,0,0,0,0,0,0,0,0,0,0,0,0,0,0,0,0,7.79981,2202.61,3.65204,2.26356
Test,A100,256,16384,4194304,536870912,16,10,8.58993,2147483648,0,0,0,0,0,0,0,0,4,0,0,0,0,0,0,0,0,0,0,0,0,0,0,0,0,0,0,0,0,0,0,0,0,0,0,4.1471,2071.32,2.70847,1.67873
Test,A100,256,16384,4194304,268435456,16,10,4.29497,2147483648,0,0,0,0,0,0,0,0,0,2,0,0,0,0,0,0,0,0,0,0,0,0,0,0,0,0,0,0,0,0,0,0,0,0,0,1.74838,2456.55,1.31824,0.817051
Test,A100,256,16384,4194304,134217728,16,10,2.14748,2147483648,0,0,0,0,0,0,0,0,0,0,1,0,0,0,0,0,0,0,0,0,0,0,0,0,0,0,0,0,0,0,0,0,0,0,0,1.64045,1309.09,1.63507,1.01343
Test,A100,256,16384,4194304,536870912,16,10,8.58993,2147483648,0,0,0,0,0,0,0,0,0,0,0,4,0,0,0,0,0,0,0,0,0,0,0,0,0,0,0,0,0,0,0,0,0,0,0,4.96005,1731.83,2.03193,1.2594
Test,A100,256,16384,4194304,268435456,16,10,4.29497,1073741824,0,0,0,0,0,0,0,0,0,0,0,0,4,0,0,0,0,0,0,0,0,0,0,0,0,0,0,0,0,0,0,0,0,0,0,0.854938,5023.73,7.8102,4.84081
Test,A100,256,16384,4194304,134217728,16,10,2.14748,2147483648,0,0,0,0,0,0,0,0,0,0,0,0,0,1,0,0,0,0,0,0,0,0,0,0,0,0,0,0,0,0,0,0,0,0,0,1.65243,1299.59,1.44281,0.894266
Test,A100,256,16384,4194304,1073741824,16,10,34.3597,2147483648,0,0,0,0,0,0,0,0,0,0,0,0,0,0,16,0,0,0,0,0,0,0,0,0,0,0,0,0,0,0,0,0,0,0,0,8.67645,3960.11,2.85445,1.7692
Test,A100,256,16384,4194304,536870912,16,10,17.1799,2147483648,0,0,0,0,0,0,0,0,0,0,0,0,0,0,0,8,0,0,0,0,0,0,0,0,0,0,0,0,0,0,0,0,0,0,0,4.64486,3698.69,6.51854,4.04023
Test,A100,256,16384,4194304,268435456,16,10,8.58993,2147483648,0,0,0,0,0,0,0,0,0,0,0,0,0,0,0,0,4,0,0,0,0,0,0,0,0,0,0,0,0,0,0,0,0,0,0,1.76763,4859.58,3.0328,1.87975
Test,A100,256,16384,4194304,134217728,16,10,4.29497,2147483648,0,0,0,0,0,0,0,0,0,0,0,0,0,0,0,0,0,2,0,0,0,0,0,0,0,0,0,0,0,0,0,0,0,0,0,1.66441,2580.48,1.9043,1.1803
Test,A100,256,16384,4194304,536870912,16,10,17.1799,2147483648,0,0,0,0,0,0,0,0,0,0,0,0,0,0,0,0,0,0,8,0,0,0,0,0,0,0,0,0,0,0,0,0,0,0,0,5.14396,3339.82,3.77498,2.33976
Test,A100,256,16384,4194304,268435456,16,10,8.58993,1073741824,0,0,0,0,0,0,0,0,0,0,0,0,0,0,0,0,0,0,0,8,0,0,0,0,0,0,0,0,0,0,0,0,0,0,0,0.855859,10036.6,10.4743,6.49203
Test,A100,256,16384,4194304,134217728,16,10,4.29497,2147483648,0,0,0,0,0,0,0,0,0,0,0,0,0,0,0,0,0,0,0,0,2,0,0,0,0,0,0,0,0,0,0,0,0,0,0,1.651,2601.44,2.97514,1.84401
Test,A100,256,16384,4194304,1073741824,16,10,17.1799,2147483648,0,0,0,0,0,0,0,0,0,0,0,0,0,0,0,0,0,0,0,0,0,8,0,0,0,0,0,0,0,0,0,0,0,0,0,29.6156,580.097,1.09469,0.678494
Test,A100,256,16384,4194304,536870912,16,10,8.58993,2147483648,0,0,0,0,0,0,0,0,0,0,0,0,0,0,0,0,0,0,0,0,0,0,4,0,0,0,0,0,0,0,0,0,0,0,0,14.9063,576.278,2.93871,1.82143
Test,A100,256,16384,4194304,268435456,16,10,4.29497,2147483648,0,0,0,0,0,0,0,0,0,0,0,0,0,0,0,0,0,0,0,0,0,0,0,2,0,0,0,0,0,0,0,0,0,0,0,3.13979,1367.92,1.3915,0.86246
Test,A100,256,16384,4194304,134217728,16,10,2.14748,2147483648,0,0,0,0,0,0,0,0,0,0,0,0,0,0,0,0,0,0,0,0,0,0,0,0,1,0,0,0,0,0,0,0,0,0,0,3.60397,595.867,0.253831,0.157326
Test,A100,256,16384,4194304,536870912,16,10,8.58993,2147483648,0,0,0,0,0,0,0,0,0,0,0,0,0,0,0,0,0,0,0,0,0,0,0,0,0,4,0,0,0,0,0,0,0,0,0,12.7003,676.372,2.96978,1.84069
Test,A100,256,16384,4194304,268435456,16,10,4.29497,2147483648,0,0,0,0,0,0,0,0,0,0,0,0,0,0,0,0,0,0,0,0,0,0,0,0,0,0,2,0,0,0,0,0,0,0,0,3.96042,1085.31,29.9031,18.5342
Test,A100,256,16384,4194304,134217728,16,10,2.14748,2147483648,0,0,0,0,0,0,0,0,0,0,0,0,0,0,0,0,0,0,0,0,0,0,0,0,0,0,0,1,0,0,0,0,0,0,0,4.32353,497.368,18.2017,11.2815
Test,A100,256,16384,4194304,1073741824,16,10,34.3597,2147483648,0,0,0,0,0,0,0,0,0,0,0,0,0,0,0,0,0,0,0,0,0,0,0,0,0,0,0,0,16,0,0,0,0,0,0,22.1114,1553.95,5.27761,3.2711
Test,A100,256,16384,4194304,536870912,16,10,17.1799,2147483648,0,0,0,0,0,0,0,0,0,0,0,0,0,0,0,0,0,0,0,0,0,0,0,0,0,0,0,0,0,8,0,0,0,0,0,10.8631,1581.51,6.00223,3.72022
Test,A100,256,16384,4194304,268435456,16,10,8.58993,2147483648,0,0,0,0,0,0,0,0,0,0,0,0,0,0,0,0,0,0,0,0,0,0,0,0,0,0,0,0,0,0,4,0,0,0,0,5.43764,1579.74,6.37602,3.9519
Test,A100,256,16384,4194304,134217728,16,10,4.29497,2147483648,0,0,0,0,0,0,0,0,0,0,0,0,0,0,0,0,0,0,0,0,0,0,0,0,0,0,0,0,0,0,0,2,0,0,0,2.84774,1508.2,0.686277,0.425359
Test,A100,256,16384,4194304,536870912,16,10,17.1799,2147483648,0,0,0,0,0,0,0,0,0,0,0,0,0,0,0,0,0,0,0,0,0,0,0,0,0,0,0,0,0,0,0,0,8,0,0,5.11396,3359.42,5.66929,3.51386
Test,A100,256,16384,4194304,268435456,16,10,8.58993,2147483648,0,0,0,0,0,0,0,0,0,0,0,0,0,0,0,0,0,0,0,0,0,0,0,0,0,0,0,0,0,0,0,0,0,4,0,2.04165,4207.35,2.06656,1.28087
Test,A100,256,16384,4194304,134217728,16,10,4.29497,2147483648,0,0,0,0,0,0,0,0,0,0,0,0,0,0,0,0,0,0,0,0,0,0,0,0,0,0,0,0,0,0,0,0,0,0,2,1.67148,2569.57,2.82151,1.74879
Test,A100,256,16384,4194304,1073741824,32,10,34.3597,2147483648,16,0,0,0,0,0,0,0,0,0,0,0,0,0,0,0,0,0,0,0,0,0,0,0,0,0,0,0,0,0,0,0,0,0,0,10.4077,3340.54,379.888,235.457
Test,A100,256,16384,4194304,536870912,32,10,17.1799,2147483648,0,8,0,0,0,0,0,0,0,0,0,0,0,0,0,0,0,0,0,0,0,0,0,0,0,0,0,0,0,0,0,0,0,0,0,4.55987,3767.64,8.08054,5.00837
Test,A100,256,16384,4194304,268435456,32,10,8.58993,2147483648,0,0,4,0,0,0,0,0,0,0,0,0,0,0,0,0,0,0,0,0,0,0,0,0,0,0,0,0,0,0,0,0,0,0,0,1.7662,4863.53,3.74129,2.31887
Test,A100,256,16384,4194304,134217728,32,10,4.29497,2147483648,0,0,0,2,0,0,0,0,0,0,0,0,0,0,0,0,0,0,0,0,0,0,0,0,0,0,0,0,0,0,0,0,0,0,0,1.62796,2638.27,4.3255,2.68098
Test,A100,256,16384,4194304,536870912,32,10,17.1799,2147483648,0,0,0,0,8,0,0,0,0,0,0,0,0,0,0,0,0,0,0,0,0,0,0,0,0,0,0,0,0,0,0,0,0,0,0,5.1456,3338.76,5.68616,3.52432
Test,A100,256,16384,4194304,268435456,32,10,8.58993,1073741824,0,0,0,0,0,8,0,0,0,0,0,0,0,0,0,0,0,0,0,0,0,0,0,0,0,0,0,0,0,0,0,0,0,0,0,0.982938,8739.1,21.7128,13.4577
Test,A100,256,16384,4194304,134217728,32,10,4.29497,2147483648,0,0,0,0,0,0,2,0,0,0,0,0,0,0,0,0,0,0,0,0,0,0,0,0,0,0,0,0,0,0,0,0,0,0,0,1.65878,2589.24,3.30788,2.05025
Test,A100,256,16384,4194304,1073741824,32,10,34.3597,2147483648,0,0,0,0,0,0,0,16,0,0,0,0,0,0,0,0,0,0,0,0,0,0,0,0,0,0,0,0,0,0,0,0,0,0,0,8.15995,4210.79,5.82089,3.60783
Test,A100,256,16384,4194304,536870912,32,10,17.1799,2147483648,0,0,0,0,0,0,0,0,8,0,0,0,0,0,0,0,0,0,0,0,0,0,0,0,0,0,0,0,0,0,0,0,0,0,0,4.31616,3980.37,4.81786,2.98614
Test,A100,256,16384,4194304,268435456,32,10,8.58993,2147483648,0,0,0,0,0,0,0,0,0,4,0,0,0,0,0,0,0,0,0,0,0,0,0,0,0,0,0,0,0,0,0,0,0,0,0,1.77992,4826.03,4.07977,2.52867
Test,A100,256,16384,4194304,134217728,32,10,4.29497,2147483648,0,0,0,0,0,0,0,0,0,0,2,0,0,0,0,0,0,0,0,0,0,0,0,0,0,0,0,0,0,0,0,0,0,0,0,1.99721,2150.49,2.47361,1.53316
Test,A100,256,16384,4194304,536870912,32,10,17.1799,2147483648,0,0,0,0,0,0,0,0,0,0,0,8,0,0,0,0,0,0,0,0,0,0,0,0,0,0,0,0,0,0,0,0,0,0,0,5.14212,3341.02,6.2685,3.88526
Test,A100,256,16384,4194304,268435456,32,10,8.58993,1073741824,0,0,0,0,0,0,0,0,0,0,0,0,8,0,0,0,0,0,0,0,0,0,0,0,0,0,0,0,0,0,0,0,0,0,0,0.980992,8756.39,10.0129,6.20605
Test,A100,256,16384,4194304,134217728,32,10,4.29497,2147483648,0,0,0,0,0,0,0,0,0,0,0,0,0,2,0,0,0,0,0,0,0,0,0,0,0,0,0,0,0,0,0,0,0,0,0,1.65949,2588.12,3.36312,2.08448
Test,A100,256,16384,4194304,1073741824,32,10,68.7195,2147483648,0,0,0,0,0,0,0,0,0,0,0,0,0,0,32,0,0,0,0,0,0,0,0,0,0,0,0,0,0,0,0,0,0,0,0,9.12691,7529.33,8.3477,5.17396
Test,A100,256,16384,4194304,536870912,32,10,34.3597,2147483648,0,0,0,0,0,0,0,0,0,0,0,0,0,0,0,16,0,0,0,0,0,0,0,0,0,0,0,0,0,0,0,0,0,0,0,4.86492,7062.77,12.6014,7.81046
Test,A100,256,16384,4194304,268435456,32,10,17.1799,2147483648,0,0,0,0,0,0,0,0,0,0,0,0,0,0,0,0,8,0,0,0,0,0,0,0,0,0,0,0,0,0,0,0,0,0,0,1.79743,9558.04,5.98851,3.71172
Test,A100,256,16384,4194304,134217728,32,10,8.58993,2147483648,0,0,0,0,0,0,0,0,0,0,0,0,0,0,0,0,0,4,0,0,0,0,0,0,0,0,0,0,0,0,0,0,0,0,0,2.08794,4114.08,4.77331,2.95853
Test,A100,256,16384,4194304,536870912,32,10,34.3597,2147483648,0,0,0,0,0,0,0,0,0,0,0,0,0,0,0,0,0,0,16,0,0,0,0,0,0,0,0,0,0,0,0,0,0,0,0,5.93101,5794.06,68.9488,42.7349
Test,A100,256,16384,4194304,268435456,32,10,17.1799,1073741824,0,0,0,0,0,0,0,0,0,0,0,0,0,0,0,0,0,0,0,16,0,0,0,0,0,0,0,0,0,0,0,0,0,0,0,0.996147,17246.3,10.6363,6.59247
Test,A100,256,16384,4194304,134217728,32,10,8.58993,2147483648,0,0,0,0,0,0,0,0,0,0,0,0,0,0,0,0,0,0,0,0,4,0,0,0,0,0,0,0,0,0,0,0,0,0,0,1.65939,5176.56,6.73631,4.17521
Test,A100,256,16384,4194304,1073741824,32,10,34.3597,2147483648,0,0,0,0,0,0,0,0,0,0,0,0,0,0,0,0,0,0,0,0,0,16,0,0,0,0,0,0,0,0,0,0,0,0,0,59.1497,580.9,1.81922,1.12756
Test,A100,256,16384,4194304,536870912,32,10,17.1799,2147483648,0,0,0,0,0,0,0,0,0,0,0,0,0,0,0,0,0,0,0,0,0,0,8,0,0,0,0,0,0,0,0,0,0,0,0,29.6682,579.076,2.36627,1.46663
Test,A100,256,16384,4194304,268435456,32,10,8.58993,2147483648,0,0,0,0,0,0,0,0,0,0,0,0,0,0,0,0,0,0,0,0,0,0,0,4,0,0,0,0,0,0,0,0,0,0,0,5.96347,1440.43,0.222568,0.137949
Test,A100,256,16384,4194304,134217728,32,10,4.29497,2147483648,0,0,0,0,0,0,0,0,0,0,0,0,0,0,0,0,0,0,0,0,0,0,0,0,2,0,0,0,0,0,0,0,0,0,0,7.18592,597.699,1.99359,1.23564
Test,A100,256,16384,4194304,536870912,32,10,17.1799,2147483648,0,0,0,0,0,0,0,0,0,0,0,0,0,0,0,0,0,0,0,0,0,0,0,0,0,8,0,0,0,0,0,0,0,0,0,22.7682,754.577,4.15545,2.57557
Test,A100,256,16384,4194304,268435456,32,10,8.58993,2147483648,0,0,0,0,0,0,0,0,0,0,0,0,0,0,0,0,0,0,0,0,0,0,0,0,0,0,4,0,0,0,0,0,0,0,0,39.2187,219.027,0.401706,0.24898
Test,A100,256,16384,4194304,134217728,32,10,4.29497,2147483648,0,0,0,0,0,0,0,0,0,0,0,0,0,0,0,0,0,0,0,0,0,0,0,0,0,0,0,2,0,0,0,0,0,0,0,8.79985,488.557,15.5773,9.65491
Test,A100,256,16384,4194304,1073741824,32,10,68.7195,2147483648,0,0,0,0,0,0,0,0,0,0,0,0,0,0,0,0,0,0,0,0,0,0,0,0,0,0,0,0,32,0,0,0,0,0,0,44.203,1554.65,4.84526,3.00312
Test,A100,256,16384,4194304,536870912,32,10,34.3597,2147483648,0,0,0,0,0,0,0,0,0,0,0,0,0,0,0,0,0,0,0,0,0,0,0,0,0,0,0,0,0,16,0,0,0,0,0,21.6996,1583.43,1.40554,0.871161
Test,A100,256,16384,4194304,268435456,32,10,17.1799,2147483648,0,0,0,0,0,0,0,0,0,0,0,0,0,0,0,0,0,0,0,0,0,0,0,0,0,0,0,0,0,0,8,0,0,0,0,10.8653,1581.18,1.30272,0.807434
Test,A100,256,16384,4194304,134217728,32,10,8.58993,2147483648,0,0,0,0,0,0,0,0,0,0,0,0,0,0,0,0,0,0,0,0,0,0,0,0,0,0,0,0,0,0,0,4,0,0,0,5.65053,1520.2,0.668701,0.414465
Test,A100,256,16384,4194304,536870912,32,10,34.3597,2147483648,0,0,0,0,0,0,0,0,0,0,0,0,0,0,0,0,0,0,0,0,0,0,0,0,0,0,0,0,0,0,0,0,16,0,0,7.32631,4689.91,3.40882,2.11281
Test,A100,256,16384,4194304,268435456,32,10,17.1799,2147483648,0,0,0,0,0,0,0,0,0,0,0,0,0,0,0,0,0,0,0,0,0,0,0,0,0,0,0,0,0,0,0,0,0,8,0,3.62547,4738.66,2.09518,1.2986
Test,A100,256,16384,4194304,134217728,32,10,8.58993,2147483648,0,0,0,0,0,0,0,0,0,0,0,0,0,0,0,0,0,0,0,0,0,0,0,0,0,0,0,0,0,0,0,0,0,0,4,1.94007,4427.64,4.07611,2.5264
Test,A100,256,16384,4194304,1073741824,64,10,68.7195,2147483648,32,0,0,0,0,0,0,0,0,0,0,0,0,0,0,0,0,0,0,0,0,0,0,0,0,0,0,0,0,0,0,0,0,0,0,12.8759,5337.08,7.44811,4.61639
Test,A100,256,16384,4194304,536870912,64,10,34.3597,2147483648,0,16,0,0,0,0,0,0,0,0,0,0,0,0,0,0,0,0,0,0,0,0,0,0,0,0,0,0,0,0,0,0,0,0,0,4.66022,7372.99,7.42558,4.60242
Test,A100,256,16384,4194304,268435456,64,10,17.1799,2147483648,0,0,8,0,0,0,0,0,0,0,0,0,0,0,0,0,0,0,0,0,0,0,0,0,0,0,0,0,0,0,0,0,0,0,0,1.81719,9454.09,9.59065,5.94435
Test,A100,256,16384,4194304,134217728,64,10,8.58993,2147483648,0,0,0,4,0,0,0,0,0,0,0,0,0,0,0,0,0,0,0,0,0,0,0,0,0,0,0,0,0,0,0,0,0,0,0,1.63891,5241.25,4.20794,2.60811
Test,A100,256,16384,4194304,536870912,64,10,34.3597,2147483648,0,0,0,0,16,0,0,0,0,0,0,0,0,0,0,0,0,0,0,0,0,0,0,0,0,0,0,0,0,0,0,0,0,0,0,6.04416,5687.14,115.925,71.8508
Test,A100,256,16384,4194304,268435456,64,10,17.1799,1073741824,0,0,0,0,0,16,0,0,0,0,0,0,0,0,0,0,0,0,0,0,0,0,0,0,0,0,0,0,0,0,0,0,0,0,0,1.856,9256.4,3.42442,2.12247
Test,A100,256,16384,4194304,134217728,64,10,8.58993,2147483648,0,0,0,0,0,0,4,0,0,0,0,0,0,0,0,0,0,0,0,0,0,0,0,0,0,0,0,0,0,0,0,0,0,0,0,1.86644,4602.3,4.07287,2.52439
Test,A100,256,16384,4194304,1073741824,64,10,68.7195,2147483648,0,0,0,0,0,0,0,32,0,0,0,0,0,0,0,0,0,0,0,0,0,0,0,0,0,0,0,0,0,0,0,0,0,0,0,9.43892,7280.47,16.773,10.396
Test,A100,256,16384,4194304,536870912,64,10,34.3597,2147483648,0,0,0,0,0,0,0,0,16,0,0,0,0,0,0,0,0,0,0,0,0,0,0,0,0,0,0,0,0,0,0,0,0,0,0,4.96998,6913.62,33.8878,21.0039
Test,A100,256,16384,4194304,268435456,64,10,17.1799,2147483648,0,0,0,0,0,0,0,0,0,8,0,0,0,0,0,0,0,0,0,0,0,0,0,0,0,0,0,0,0,0,0,0,0,0,0,2.01042,8545.42,4.78984,2.96877
Test,A100,256,16384,4194304,134217728,64,10,8.58993,2147483648,0,0,0,0,0,0,0,0,0,0,4,0,0,0,0,0,0,0,0,0,0,0,0,0,0,0,0,0,0,0,0,0,0,0,0,3.92387,2189.15,2.41394,1.49617
Test,A100,256,16384,4194304,536870912,64,10,34.3597,2147483648,0,0,0,0,0,0,0,0,0,0,0,16,0,0,0,0,0,0,0,0,0,0,0,0,0,0,0,0,0,0,0,0,0,0,0,5.91032,5814.03,54.8963,34.0251
Test,A100,256,16384,4194304,268435456,64,10,17.1799,1073741824,0,0,0,0,0,0,0,0,0,0,0,0,16,0,0,0,0,0,0,0,0,0,0,0,0,0,0,0,0,0,0,0,0,0,0,1.83716,9351.33,5.43939,3.37137
Test,A100,256,16384,4194304,134217728,64,10,8.58993,2147483648,0,0,0,0,0,0,0,0,0,0,0,0,0,4,0,0,0,0,0,0,0,0,0,0,0,0,0,0,0,0,0,0,0,0,0,1.87146,4590.11,25.9767,16.1005
Test,A100,256,16384,4194304,1073741824,64,10,137.439,2147483648,0,0,0,0,0,0,0,0,0,0,0,0,0,0,64,0,0,0,0,0,0,0,0,0,0,0,0,0,0,0,0,0,0,0,0,11.4997,11955.2,212.24,131.547
Test,A100,256,16384,4194304,536870912,64,10,68.7195,2147483648,0,0,0,0,0,0,0,0,0,0,0,0,0,0,0,32,0,0,0,0,0,0,0,0,0,0,0,0,0,0,0,0,0,0,0,5.88175,11690.9,293.65,182.006
Test,A100,256,16384,4194304,268435456,64,10,34.3597,2147483648,0,0,0,0,0,0,0,0,0,0,0,0,0,0,0,0,16,0,0,0,0,0,0,0,0,0,0,0,0,0,0,0,0,0,0,2.01677,17037,9.67274,5.99523
Test,A100,256,16384,4194304,134217728,64,10,17.1799,2147483648,0,0,0,0,0,0,0,0,0,0,0,0,0,0,0,0,0,8,0,0,0,0,0,0,0,0,0,0,0,0,0,0,0,0,0,4.13143,4158.97,51.0296,31.6285
Test,A100,256,16384,4194304,536870912,64,10,68.7195,2147483648,0,0,0,0,0,0,0,0,0,0,0,0,0,0,0,0,0,0,32,0,0,0,0,0,0,0,0,0,0,0,0,0,0,0,0,11.1111,6184.9,30.8292,19.1081
Test,A100,256,16384,4194304,268435456,64,10,34.3597,1073741824,0,0,0,0,0,0,0,0,0,0,0,0,0,0,0,0,0,0,0,32,0,0,0,0,0,0,0,0,0,0,0,0,0,0,0,1.84781,18594.9,5.15234,3.19346
Test,A100,256,16384,4194304,134217728,64,10,17.1799,2147483648,0,0,0,0,0,0,0,0,0,0,0,0,0,0,0,0,0,0,0,0,8,0,0,0,0,0,0,0,0,0,0,0,0,0,0,1.8944,9069.25,65.7449,40.7491
Test,A100,256,16384,4194304,1073741824,64,10,68.7195,2147483648,0,0,0,0,0,0,0,0,0,0,0,0,0,0,0,0,0,0,0,0,0,32,0,0,0,0,0,0,0,0,0,0,0,0,0,118.186,581.454,1.5752,0.976319
Test,A100,256,16384,4194304,536870912,64,10,34.3597,2147483648,0,0,0,0,0,0,0,0,0,0,0,0,0,0,0,0,0,0,0,0,0,0,16,0,0,0,0,0,0,0,0,0,0,0,0,59.2641,579.782,2.20248,1.36511
Test,A100,256,16384,4194304,268435456,64,10,17.1799,2147483648,0,0,0,0,0,0,0,0,0,0,0,0,0,0,0,0,0,0,0,0,0,0,0,8,0,0,0,0,0,0,0,0,0,0,0,11.6085,1479.94,0.17702,0.109718
Test,A100,256,16384,4194304,134217728,64,10,8.58993,2147483648,0,0,0,0,0,0,0,0,0,0,0,0,0,0,0,0,0,0,0,0,0,0,0,0,4,0,0,0,0,0,0,0,0,0,0,14.0661,610.685,0.107426,0.0665834
Test,A100,256,16384,4194304,536870912,64,10,34.3597,2147483648,0,0,0,0,0,0,0,0,0,0,0,0,0,0,0,0,0,0,0,0,0,0,0,0,0,16,0,0,0,0,0,0,0,0,0,37.5861,914.172,3.35502,2.07946
Test,A100,256,16384,4194304,268435456,64,10,17.1799,2147483648,0,0,0,0,0,0,0,0,0,0,0,0,0,0,0,0,0,0,0,0,0,0,0,0,0,0,8,0,0,0,0,0,0,0,0,101.05,170.014,0.361092,0.223807
Test,A100,256,16384,4194304,134217728,64,10,8.58993,2147483648,0,0,0,0,0,0,0,0,0,0,0,0,0,0,0,0,0,0,0,0,0,0,0,0,0,0,0,4,0,0,0,0,0,0,0,17.5083,491.043,14.6927,9.10665
Test,A100,256,16384,4194304,1073741824,64,10,137.439,2147483648,0,0,0,0,0,0,0,0,0,0,0,0,0,0,0,0,0,0,0,0,0,0,0,0,0,0,0,0,64,0,0,0,0,0,0,88.3561,1555.53,5.07185,3.14357
Test,A100,256,16384,4194304,536870912,64,10,68.7195,2147483648,0,0,0,0,0,0,0,0,0,0,0,0,0,0,0,0,0,0,0,0,0,0,0,0,0,0,0,0,0,32,0,0,0,0,0,43.1532,1592.45,0.0713092,0.0441979
Test,A100,256,16384,4194304,268435456,64,10,34.3597,2147483648,0,0,0,0,0,0,0,0,0,0,0,0,0,0,0,0,0,0,0,0,0,0,0,0,0,0,0,0,0,0,16,0,0,0,0,21.5815,1592.09,0.0759178,0.0470543
Test,A100,256,16384,4194304,134217728,64,10,17.1799,2147483648,0,0,0,0,0,0,0,0,0,0,0,0,0,0,0,0,0,0,0,0,0,0,0,0,0,0,0,0,0,0,0,8,0,0,0,11.2745,1523.77,0.600211,0.372015
Test,A100,256,16384,4194304,536870912,64,10,68.7195,2147483648,0,0,0,0,0,0,0,0,0,0,0,0,0,0,0,0,0,0,0,0,0,0,0,0,0,0,0,0,0,0,0,0,32,0,0,14.4884,4743.08,0.746563,0.462725
Test,A100,256,16384,4194304,268435456,64,10,34.3597,2147483648,0,0,0,0,0,0,0,0,0,0,0,0,0,0,0,0,0,0,0,0,0,0,0,0,0,0,0,0,0,0,0,0,0,16,0,7.1849,4782.22,2.50057,1.54987
Test,A100,256,16384,4194304,134217728,64,10,17.1799,2147483648,0,0,0,0,0,0,0,0,0,0,0,0,0,0,0,0,0,0,0,0,0,0,0,0,0,0,0,0,0,0,0,0,0,0,8,3.7118,4628.45,1.48903,0.922911
Test,A100,256,16384,4194304,1073741824,128,10,137.439,2147483648,64,0,0,0,0,0,0,0,0,0,0,0,0,0,0,0,0,0,0,0,0,0,0,0,0,0,0,0,0,0,0,0,0,0,0,10.1646,13524.3,202.03,125.219
Test,A100,256,16384,4194304,536870912,128,10,68.7195,2147483648,0,32,0,0,0,0,0,0,0,0,0,0,0,0,0,0,0,0,0,0,0,0,0,0,0,0,0,0,0,0,0,0,0,0,0,5.31139,12943.4,260.34,161.36
Test,A100,256,16384,4194304,268435456,128,10,34.3597,2147483648,0,0,16,0,0,0,0,0,0,0,0,0,0,0,0,0,0,0,0,0,0,0,0,0,0,0,0,0,0,0,0,0,0,0,0,2.11057,16280.2,70.0908,43.4427
Test,A100,256,16384,4194304,134217728,128,10,17.1799,2147483648,0,0,0,8,0,0,0,0,0,0,0,0,0,0,0,0,0,0,0,0,0,0,0,0,0,0,0,0,0,0,0,0,0,0,0,1.99383,8616.54,13.7614,8.5294
Test,A100,256,16384,4194304,536870912,128,10,68.7195,2147483648,0,0,0,0,32,0,0,0,0,0,0,0,0,0,0,0,0,0,0,0,0,0,0,0,0,0,0,0,0,0,0,0,0,0,0,11.4222,6017.98,101.66,63.0093
Test,A100,256,16384,4194304,268435456,128,10,34.3597,1073741824,0,0,0,0,0,32,0,0,0,0,0,0,0,0,0,0,0,0,0,0,0,0,0,0,0,0,0,0,0,0,0,0,0,0,0,3.63612,9449.56,4.82448,2.99025
Test,A100,256,16384,4194304,134217728,128,10,17.1799,2147483648,0,0,0,0,0,0,8,0,0,0,0,0,0,0,0,0,0,0,0,0,0,0,0,0,0,0,0,0,0,0,0,0,0,0,0,3.6095,4759.63,0.945103,0.585781
Test,A100,256,16384,4194304,1073741824,128,10,137.439,2147483648,0,0,0,0,0,0,0,64,0,0,0,0,0,0,0,0,0,0,0,0,0,0,0,0,0,0,0,0,0,0,0,0,0,0,0,15.3062,8982.26,164.72,102.095
Test,A100,256,16384,4194304,536870912,128,10,68.7195,2147483648,0,0,0,0,0,0,0,0,32,0,0,0,0,0,0,0,0,0,0,0,0,0,0,0,0,0,0,0,0,0,0,0,0,0,0,7.76663,8851.82,183.227,113.565
Test,A100,256,16384,4194304,268435456,128,10,34.3597,2147483648,0,0,0,0,0,0,0,0,0,16,0,0,0,0,0,0,0,0,0,0,0,0,0,0,0,0,0,0,0,0,0,0,0,0,0,3.71415,9251.22,41.861,25.9457
Test,A100,256,16384,4194304,134217728,128,10,17.1799,2147483648,0,0,0,0,0,0,0,0,0,0,8,0,0,0,0,0,0,0,0,0,0,0,0,0,0,0,0,0,0,0,0,0,0,0,0,7.70785,2228.88,0.573977,0.355755
Test,A100,256,16384,4194304,536870912,128,10,68.7195,2147483648,0,0,0,0,0,0,0,0,0,0,0,32,0,0,0,0,0,0,0,0,0,0,0,0,0,0,0,0,0,0,0,0,0,0,0,11.2015,6134.96,29.2079,18.1032
Test,A100,256,16384,4194304,268435456,128,10,34.3597,1073741824,0,0,0,0,0,0,0,0,0,0,0,0,32,0,0,0,0,0,0,0,0,0,0,0,0,0,0,0,0,0,0,0,0,0,0,3.61441,9506.39,26.8481,16.6406
Test,A100,256,16384,4194304,134217728,128,10,17.1799,2147483648,0,0,0,0,0,0,0,0,0,0,0,0,0,8,0,0,0,0,0,0,0,0,0,0,0,0,0,0,0,0,0,0,0,0,0,3.7077,4635.77,100.289,62.1599
Test,A100,256,16384,4194304,1073741824,128,10,274.878,2147483648,0,0,0,0,0,0,0,0,0,0,0,0,0,0,128,0,0,0,0,0,0,0,0,0,0,0,0,0,0,0,0,0,0,0,0,22.5383,12197.6,141.074,87.4383
Test,A100,256,16384,4194304,536870912,128,10,137.439,2147483648,0,0,0,0,0,0,0,0,0,0,0,0,0,0,0,64,0,0,0,0,0,0,0,0,0,0,0,0,0,0,0,0,0,0,0,11.368,12095.2,255.296,158.234
Test,A100,256,16384,4194304,268435456,128,10,68.7195,2147483648,0,0,0,0,0,0,0,0,0,0,0,0,0,0,0,0,32,0,0,0,0,0,0,0,0,0,0,0,0,0,0,0,0,0,0,3.69265,18609.8,22.7624,14.1083
Test,A100,256,16384,4194304,134217728,128,10,34.3597,2147483648,0,0,0,0,0,0,0,0,0,0,0,0,0,0,0,0,0,16,0,0,0,0,0,0,0,0,0,0,0,0,0,0,0,0,0,8.16302,4209.98,57.5607,35.6765
Test,A100,256,16384,4194304,536870912,128,10,137.439,2147483648,0,0,0,0,0,0,0,0,0,0,0,0,0,0,0,0,0,0,64,0,0,0,0,0,0,0,0,0,0,0,0,0,0,0,0,21.9488,6262.03,38.8558,24.0831
Test,A100,256,16384,4194304,268435456,128,10,68.7195,1073741824,0,0,0,0,0,0,0,0,0,0,0,0,0,0,0,0,0,0,0,64,0,0,0,0,0,0,0,0,0,0,0,0,0,0,0,3.62107,18977.7,7.50809,4.65356
Test,A100,256,16384,4194304,134217728,128,10,34.3597,2147483648,0,0,0,0,0,0,0,0,0,0,0,0,0,0,0,0,0,0,0,0,16,0,0,0,0,0,0,0,0,0,0,0,0,0,0,3.66838,9366.47,2.09172,1.29646
Test,A100,256,16384,4194304,1073741824,128,10,137.439,2147483648,0,0,0,0,0,0,0,0,0,0,0,0,0,0,0,0,0,0,0,0,0,64,0,0,0,0,0,0,0,0,0,0,0,0,0,236.127,582.057,1.17908,0.7308
Test,A100,256,16384,4194304,536870912,128,10,68.7195,2147483648,0,0,0,0,0,0,0,0,0,0,0,0,0,0,0,0,0,0,0,0,0,0,32,0,0,0,0,0,0,0,0,0,0,0,0,118.175,581.511,1.76403,1.09336
Test,A100,256,16384,4194304,268435456,128,10,34.3597,2147483648,0,0,0,0,0,0,0,0,0,0,0,0,0,0,0,0,0,0,0,0,0,0,0,16,0,0,0,0,0,0,0,0,0,0,0,22.9488,1497.26,5.96797,3.69898
Test,A100,256,16384,4194304,134217728,128,10,17.1799,2147483648,0,0,0,0,0,0,0,0,0,0,0,0,0,0,0,0,0,0,0,0,0,0,0,0,8,0,0,0,0,0,0,0,0,0,0,31.7682,540.794,1.68757,1.04596
Test,A100,256,16384,4194304,536870912,128,10,68.7195,2147483648,0,0,0,0,0,0,0,0,0,0,0,0,0,0,0,0,0,0,0,0,0,0,0,0,0,32,0,0,0,0,0,0,0,0,0,72.6602,945.78,3.70004,2.29331
Test,A100,256,16384,4194304,268435456,128,10,34.3597,2147483648,0,0,0,0,0,0,0,0,0,0,0,0,0,0,0,0,0,0,0,0,0,0,0,0,0,0,16,0,0,0,0,0,0,0,0,168.586,203.811,0.129973,0.080558
Test,A100,256,16384,4194304,134217728,128,10,17.1799,2147483648,0,0,0,0,0,0,0,0,0,0,0,0,0,0,0,0,0,0,0,0,0,0,0,0,0,0,0,8,0,0,0,0,0,0,0,35.4924,484.076,3.95187,2.4494
Test,A100,256,16384,4194304,1073741824,128,10,274.878,2147483648,0,0,0,0,0,0,0,0,0,0,0,0,0,0,0,0,0,0,0,0,0,0,0,0,0,0,0,0,128,0,0,0,0,0,0,176.799,1554.76,3.47242,2.15223
Test,A100,256,16384,4194304,536870912,128,10,137.439,2147483648,0,0,0,0,0,0,0,0,0,0,0,0,0,0,0,0,0,0,0,0,0,0,0,0,0,0,0,0,0,64,0,0,0,0,0,86.2304,1593.86,0.022744,0.0140969
Test,A100,256,16384,4194304,268435456,128,10,68.7195,2147483648,0,0,0,0,0,0,0,0,0,0,0,0,0,0,0,0,0,0,0,0,0,0,0,0,0,0,0,0,0,0,32,0,0,0,0,43.1214,1593.63,0.0340578,0.0211093
Test,A100,256,16384,4194304,134217728,128,10,34.3597,2147483648,0,0,0,0,0,0,0,0,0,0,0,0,0,0,0,0,0,0,0,0,0,0,0,0,0,0,0,0,0,0,0,16,0,0,0,22.3905,1534.57,0.044969,0.0278721
Test,A100,256,16384,4194304,536870912,128,10,137.439,2147483648,0,0,0,0,0,0,0,0,0,0,0,0,0,0,0,0,0,0,0,0,0,0,0,0,0,0,0,0,0,0,0,0,64,0,0,28.7763,4776.11,0.575852,0.356917
Test,A100,256,16384,4194304,268435456,128,10,68.7195,2147483648,0,0,0,0,0,0,0,0,0,0,0,0,0,0,0,0,0,0,0,0,0,0,0,0,0,0,0,0,0,0,0,0,0,32,0,14.3221,4798.15,0.535917,0.332165
Test,A100,256,16384,4194304,134217728,128,10,34.3597,2147483648,0,0,0,0,0,0,0,0,0,0,0,0,0,0,0,0,0,0,0,0,0,0,0,0,0,0,0,0,0,0,0,0,0,0,16,7.28125,4718.93,1.15684,0.717014
Test,A100,256,16384,4194304,1073741824,256,10,274.878,2147483648,128,0,0,0,0,0,0,0,0,0,0,0,0,0,0,0,0,0,0,0,0,0,0,0,0,0,0,0,0,0,0,0,0,0,0,23.4748,12075.3,2382.77,1476.86
Test,A100,256,16384,4194304,536870912,256,10,137.439,2147483648,0,64,0,0,0,0,0,0,0,0,0,0,0,0,0,0,0,0,0,0,0,0,0,0,0,0,0,0,0,0,0,0,0,0,0,8.19159,16817,825.195,511.461
Test,A100,256,16384,4194304,268435456,256,10,68.7195,2147483648,0,0,32,0,0,0,0,0,0,0,0,0,0,0,0,0,0,0,0,0,0,0,0,0,0,0,0,0,0,0,0,0,0,0,0,3.99319,17240.8,735.02,455.57
Test,A100,256,16384,4194304,134217728,256,10,34.3597,2147483648,0,0,0,16,0,0,0,0,0,0,0,0,0,0,0,0,0,0,0,0,0,0,0,0,0,0,0,0,0,0,0,0,0,0,0,3.75439,9151.88,6.33783,3.92823
Test,A100,256,16384,4194304,536870912,256,10,137.439,2147483648,0,0,0,0,64,0,0,0,0,0,0,0,0,0,0,0,0,0,0,0,0,0,0,0,0,0,0,0,0,0,0,0,0,0,0,22.4771,6115.09,54.1977,33.5921
Test,A100,256,16384,4194304,268435456,256,10,68.7195,1073741824,0,0,0,0,0,64,0,0,0,0,0,0,0,0,0,0,0,0,0,0,0,0,0,0,0,0,0,0,0,0,0,0,0,0,0,7.14435,9618.72,1.30067,0.806165
Test,A100,256,16384,4194304,134217728,256,10,34.3597,2147483648,0,0,0,0,0,0,16,0,0,0,0,0,0,0,0,0,0,0,0,0,0,0,0,0,0,0,0,0,0,0,0,0,0,0,0,7.1679,4793.62,16.7984,10.4118
Test,A100,256,16384,4194304,1073741824,256,10,274.878,2147483648,0,0,0,0,0,0,0,128,0,0,0,0,0,0,0,0,0,0,0,0,0,0,0,0,0,0,0,0,0,0,0,0,0,0,0,29.9746,9171.24,90.3394,55.9929
Test,A100,256,16384,4194304,536870912,256,10,137.439,2147483648,0,0,0,0,0,0,0,0,64,0,0,0,0,0,0,0,0,0,0,0,0,0,0,0,0,0,0,0,0,0,0,0,0,0,0,15.0771,9117.57,129.396,80.2006
Test,A100,256,16384,4194304,268435456,256,10,68.7195,2147483648,0,0,0,0,0,0,0,0,0,32,0,0,0,0,0,0,0,0,0,0,0,0,0,0,0,0,0,0,0,0,0,0,0,0,0,7.27859,9441.32,4.82247,2.989
Test,A100,256,16384,4194304,134217728,256,10,34.3597,2147483648,0,0,0,0,0,0,0,0,0,0,16,0,0,0,0,0,0,0,0,0,0,0,0,0,0,0,0,0,0,0,0,0,0,0,0,15.4288,2226.99,2.65849,1.64775
Test,A100,256,16384,4194304,536870912,256,10,137.439,2147483648,0,0,0,0,0,0,0,0,0,0,0,64,0,0,0,0,0,0,0,0,0,0,0,0,0,0,0,0,0,0,0,0,0,0,0,21.7291,6325.15,14.7479,9.14085
Test,A100,256,16384,4194304,268435456,256,10,68.7195,1073741824,0,0,0,0,0,0,0,0,0,0,0,0,64,0,0,0,0,0,0,0,0,0,0,0,0,0,0,0,0,0,0,0,0,0,0,7.14476,9618.17,2.30983,1.43165
Test,A100,256,16384,4194304,134217728,256,10,34.3597,2147483648,0,0,0,0,0,0,0,0,0,0,0,0,0,16,0,0,0,0,0,0,0,0,0,0,0,0,0,0,0,0,0,0,0,0,0,7.29354,4711.54,51.0988,31.6714
Test,A100,256,16384,4194304,1073741824,256,10,549.756,2147483648,0,0,0,0,0,0,0,0,0,0,0,0,0,0,256,0,0,0,0,0,0,0,0,0,0,0,0,0,0,0,0,0,0,0,0,44.3098,12407.4,57.561,35.6767
Test,A100,256,16384,4194304,536870912,256,10,274.878,2147483648,0,0,0,0,0,0,0,0,0,0,0,0,0,0,0,128,0,0,0,0,0,0,0,0,0,0,0,0,0,0,0,0,0,0,0,22.3598,12295.5,162.113,100.479
Test,A100,256,16384,4194304,268435456,256,10,137.439,2147483648,0,0,0,0,0,0,0,0,0,0,0,0,0,0,0,0,64,0,0,0,0,0,0,0,0,0,0,0,0,0,0,0,0,0,0,7.41755,18534.3,316.226,195.999
Test,A100,256,16384,4194304,134217728,256,10,68.7195,2147483648,0,0,0,0,0,0,0,0,0,0,0,0,0,0,0,0,0,32,0,0,0,0,0,0,0,0,0,0,0,0,0,0,0,0,0,16.0383,4284.78,17.3432,10.7494
Test,A100,256,16384,4194304,536870912,256,10,274.878,2147483648,0,0,0,0,0,0,0,0,0,0,0,0,0,0,0,0,0,0,128,0,0,0,0,0,0,0,0,0,0,0,0,0,0,0,0,43.1296,6373.38,23.5568,14.6006
Test,A100,256,16384,4194304,268435456,256,10,137.439,1073741824,0,0,0,0,0,0,0,0,0,0,0,0,0,0,0,0,0,0,0,128,0,0,0,0,0,0,0,0,0,0,0,0,0,0,0,7.19893,19092,92.3271,57.2249
Test,A100,256,16384,4194304,134217728,256,10,68.7195,2147483648,0,0,0,0,0,0,0,0,0,0,0,0,0,0,0,0,0,0,0,0,32,0,0,0,0,0,0,0,0,0,0,0,0,0,0,7.4284,9253.82,164.714,102.091
Test,A100,256,16384,4194304,1073741824,256,10,274.878,2147483648,0,0,0,0,0,0,0,0,0,0,0,0,0,0,0,0,0,0,0,0,0,128,0,0,0,0,0,0,0,0,0,0,0,0,0,471.767,582.657,0.516956,0.320412
Test,A100,256,16384,4194304,536870912,256,10,137.439,2147483648,0,0,0,0,0,0,0,0,0,0,0,0,0,0,0,0,0,0,0,0,0,0,64,0,0,0,0,0,0,0,0,0,0,0,0,235.81,582.837,0.00380861,0.0023606
Test,A100,256,16384,4194304,268435456,256,10,68.7195,2147483648,0,0,0,0,0,0,0,0,0,0,0,0,0,0,0,0,0,0,0,0,0,0,0,32,0,0,0,0,0,0,0,0,0,0,0,45.6315,1505.99,6.02626,3.73512
Test,A100,256,16384,4194304,134217728,256,10,34.3597,2147483648,0,0,0,0,0,0,0,0,0,0,0,0,0,0,0,0,0,0,0,0,0,0,0,0,16,0,0,0,0,0,0,0,0,0,0,68.8006,499.414,1.37742,0.853734
Test,A100,256,16384,4194304,536870912,256,10,137.439,2147483648,0,0,0,0,0,0,0,0,0,0,0,0,0,0,0,0,0,0,0,0,0,0,0,0,0,64,0,0,0,0,0,0,0,0,0,148.208,927.344,1.58597,0.982993
Test,A100,256,16384,4194304,268435456,256,10,68.7195,2147483648,0,0,0,0,0,0,0,0,0,0,0,0,0,0,0,0,0,0,0,0,0,0,0,0,0,0,32,0,0,0,0,0,0,0,0,300.597,228.611,0.502665,0.311555
Test,A100,256,16384,4194304,134217728,256,10,34.3597,2147483648,0,0,0,0,0,0,0,0,0,0,0,0,0,0,0,0,0,0,0,0,0,0,0,0,0,0,0,16,0,0,0,0,0,0,0,160.944,213.49,0.188359,0.116746
Test,A100,256,16384,4194304,1073741824,256,10,549.756,2147483648,0,0,0,0,0,0,0,0,0,0,0,0,0,0,0,0,0,0,0,0,0,0,0,0,0,0,0,0,256,0,0,0,0,0,0,353.358,1555.81,2.05619,1.27444
Test,A100,256,16384,4194304,536870912,256,10,274.878,2147483648,0,0,0,0,0,0,0,0,0,0,0,0,0,0,0,0,0,0,0,0,0,0,0,0,0,0,0,0,0,128,0,0,0,0,0,173.031,1588.61,3.98052,2.46715
Test,A100,256,16384,4194304,268435456,256,10,137.439,2147483648,0,0,0,0,0,0,0,0,0,0,0,0,0,0,0,0,0,0,0,0,0,0,0,0,0,0,0,0,0,0,64,0,0,0,0,86.2156,1594.13,0.0298932,0.018528
Test,A100,256,16384,4194304,134217728,256,10,68.7195,2147483648,0,0,0,0,0,0,0,0,0,0,0,0,0,0,0,0,0,0,0,0,0,0,0,0,0,0,0,0,0,0,0,32,0,0,0,44.7599,1535.29,0.0344265,0.0213377
Test,A100,256,16384,4194304,536870912,256,10,274.878,2147483648,0,0,0,0,0,0,0,0,0,0,0,0,0,0,0,0,0,0,0,0,0,0,0,0,0,0,0,0,0,0,0,0,128,0,0,57.0635,4817.05,0.213281,0.132193
Test,A100,256,16384,4194304,268435456,256,10,137.439,2147483648,0,0,0,0,0,0,0,0,0,0,0,0,0,0,0,0,0,0,0,0,0,0,0,0,0,0,0,0,0,0,0,0,0,64,0,28.5773,4809.38,2.04198,1.26563
Test,A100,256,16384,4194304,134217728,256,10,68.7195,2147483648,0,0,0,0,0,0,0,0,0,0,0,0,0,0,0,0,0,0,0,0,0,0,0,0,0,0,0,0,0,0,0,0,0,0,32,14.4142,4767.47,1.7339,1.07468
Test,A100,256,16384,4194304,1073741824,512,10,549.756,2147483648,256,0,0,0,0,0,0,0,0,0,0,0,0,0,0,0,0,0,0,0,0,0,0,0,0,0,0,0,0,0,0,0,0,0,0,35.5362,15904.3,2324.01,1440.44
Test,A100,256,16384,4194304,536870912,512,10,274.878,2147483648,0,128,0,0,0,0,0,0,0,0,0,0,0,0,0,0,0,0,0,0,0,0,0,0,0,0,0,0,0,0,0,0,0,0,0,15.6708,17607.1,1082.19,670.747
Test,A100,256,16384,4194304,268435456,512,10,137.439,2147483648,0,0,64,0,0,0,0,0,0,0,0,0,0,0,0,0,0,0,0,0,0,0,0,0,0,0,0,0,0,0,0,0,0,0,0,7.98597,17245.3,788.936,488.988
Test,A100,256,16384,4194304,134217728,512,10,68.7195,2147483648,0,0,0,32,0,0,0,0,0,0,0,0,0,0,0,0,0,0,0,0,0,0,0,0,0,0,0,0,0,0,0,0,0,0,0,8.14387,8449.73,313.371,194.229
Test,A100,256,16384,4194304,536870912,512,10,274.878,2147483648,0,0,0,0,128,0,0,0,0,0,0,0,0,0,0,0,0,0,0,0,0,0,0,0,0,0,0,0,0,0,0,0,0,0,0,44.2432,6213.26,47.5619,29.4792
Test,A100,256,16384,4194304,268435456,512,10,137.439,1073741824,0,0,0,0,0,128,0,0,0,0,0,0,0,0,0,0,0,0,0,0,0,0,0,0,0,0,0,0,0,0,0,0,0,0,0,14.2061,9674.67,0.906498,0.561853
Test,A100,256,16384,4194304,134217728,512,10,68.7195,2147483648,0,0,0,0,0,0,32,0,0,0,0,0,0,0,0,0,0,0,0,0,0,0,0,0,0,0,0,0,0,0,0,0,0,0,0,14.2131,4834.97,13.7905,8.54742
Test,A100,256,16384,4194304,1073741824,512,10,549.756,2147483648,0,0,0,0,0,0,0,256,0,0,0,0,0,0,0,0,0,0,0,0,0,0,0,0,0,0,0,0,0,0,0,0,0,0,0,58.7334,9360.21,11.4391,7.09006
Test,A100,256,16384,4194304,536870912,512,10,274.878,2147483648,0,0,0,0,0,0,0,0,128,0,0,0,0,0,0,0,0,0,0,0,0,0,0,0,0,0,0,0,0,0,0,0,0,0,0,29.692,9258.23,73.8781,45.7901
Test,A100,256,16384,4194304,268435456,512,10,137.439,2147483648,0,0,0,0,0,0,0,0,0,64,0,0,0,0,0,0,0,0,0,0,0,0,0,0,0,0,0,0,0,0,0,0,0,0,0,14.2925,9616.17,0.635116,0.393649
Test,A100,256,16384,4194304,134217728,512,10,68.7195,2147483648,0,0,0,0,0,0,0,0,0,0,32,0,0,0,0,0,0,0,0,0,0,0,0,0,0,0,0,0,0,0,0,0,0,0,0,30.5885,2246.58,2.65936,1.64829
Test,A100,256,16384,4194304,536870912,512,10,274.878,2147483648,0,0,0,0,0,0,0,0,0,0,0,128,0,0,0,0,0,0,0,0,0,0,0,0,0,0,0,0,0,0,0,0,0,0,0,43.0208,6389.42,0.436801,0.270732
Test,A100,256,16384,4194304,268435456,512,10,137.439,1073741824,0,0,0,0,0,0,0,0,0,0,0,0,128,0,0,0,0,0,0,0,0,0,0,0,0,0,0,0,0,0,0,0,0,0,0,14.205,9675.37,1.22567,0.759678
Test,A100,256,16384,4194304,134217728,512,10,68.7195,2147483648,0,0,0,0,0,0,0,0,0,0,0,0,0,32,0,0,0,0,0,0,0,0,0,0,0,0,0,0,0,0,0,0,0,0,0,14.1939,4841.49,0.436138,0.270321
Test,A100,256,16384,4194304,1073741824,512,10,1099.51,2147483648,0,0,0,0,0,0,0,0,0,0,0,0,0,0,512,0,0,0,0,0,0,0,0,0,0,0,0,0,0,0,0,0,0,0,0,88.0955,12481,39.6745,24.5905
Test,A100,256,16384,4194304,536870912,512,10,549.756,2147483648,0,0,0,0,0,0,0,0,0,0,0,0,0,0,0,256,0,0,0,0,0,0,0,0,0,0,0,0,0,0,0,0,0,0,0,44.1594,12449.4,13.2642,8.22126
Test,A100,256,16384,4194304,268435456,512,10,274.878,2147483648,0,0,0,0,0,0,0,0,0,0,0,0,0,0,0,0,128,0,0,0,0,0,0,0,0,0,0,0,0,0,0,0,0,0,0,14.6221,18800.1,154.308,95.641
Test,A100,256,16384,4194304,134217728,512,10,137.439,2147483648,0,0,0,0,0,0,0,0,0,0,0,0,0,0,0,0,0,64,0,0,0,0,0,0,0,0,0,0,0,0,0,0,0,0,0,32.0479,4288.7,25.9779,16.1013
Test,A100,256,16384,4194304,536870912,512,10,549.756,2147483648,0,0,0,0,0,0,0,0,0,0,0,0,0,0,0,0,0,0,256,0,0,0,0,0,0,0,0,0,0,0,0,0,0,0,0,92.0459,5972.63,6.76697,4.19421
Test,A100,256,16384,4194304,268435456,512,10,274.878,1073741824,0,0,0,0,0,0,0,0,0,0,0,0,0,0,0,0,0,0,0,256,0,0,0,0,0,0,0,0,0,0,0,0,0,0,0,14.2181,19332.9,2.81533,1.74496
Test,A100,256,16384,4194304,134217728,512,10,137.439,2147483648,0,0,0,0,0,0,0,0,0,0,0,0,0,0,0,0,0,0,0,0,64,0,0,0,0,0,0,0,0,0,0,0,0,0,0,14.3501,9577.71,39.9375,24.7535
Test,A100,256,16384,4194304,1073741824,512,10,549.756,2147483648,0,0,0,0,0,0,0,0,0,0,0,0,0,0,0,0,0,0,0,0,0,256,0,0,0,0,0,0,0,0,0,0,0,0,0,942.904,583.045,0.194512,0.12056
Test,A100,256,16384,4194304,536870912,512,10,274.878,2147483648,0,0,0,0,0,0,0,0,0,0,0,0,0,0,0,0,0,0,0,0,0,0,128,0,0,0,0,0,0,0,0,0,0,0,0,471.518,582.964,0.00546655,0.0033882
Test,A100,256,16384,4194304,268435456,512,10,137.439,2147483648,0,0,0,0,0,0,0,0,0,0,0,0,0,0,0,0,0,0,0,0,0,0,0,64,0,0,0,0,0,0,0,0,0,0,0,98.0847,1401.23,0.318674,0.197516
Test,A100,256,16384,4194304,134217728,512,10,68.7195,2147483648,0,0,0,0,0,0,0,0,0,0,0,0,0,0,0,0,0,0,0,0,0,0,0,0,32,0,0,0,0,0,0,0,0,0,0,146.525,468.994,0.613416,0.380199
Test,A100,256,16384,4194304,536870912,512,10,274.878,2147483648,0,0,0,0,0,0,0,0,0,0,0,0,0,0,0,0,0,0,0,0,0,0,0,0,0,128,0,0,0,0,0,0,0,0,0,323.057,850.866,1.43904,0.891929
Test,A100,256,16384,4194304,268435456,512,10,137.439,2147483648,0,0,0,0,0,0,0,0,0,0,0,0,0,0,0,0,0,0,0,0,0,0,0,0,0,0,64,0,0,0,0,0,0,0,0,656.958,209.205,0.313373,0.194231
Test,A100,256,16384,4194304,134217728,512,10,68.7195,2147483648,0,0,0,0,0,0,0,0,0,0,0,0,0,0,0,0,0,0,0,0,0,0,0,0,0,0,0,32,0,0,0,0,0,0,0,434.272,158.241,0.278275,0.172477
Test,A100,256,16384,4194304,1073741824,512,10,1099.51,2147483648,0,0,0,0,0,0,0,0,0,0,0,0,0,0,0,0,0,0,0,0,0,0,0,0,0,0,0,0,512,0,0,0,0,0,0,706.4,1556.5,1.8175,1.1265
Test,A100,256,16384,4194304,536870912,512,10,549.756,2147483648,0,0,0,0,0,0,0,0,0,0,0,0,0,0,0,0,0,0,0,0,0,0,0,0,0,0,0,0,0,256,0,0,0,0,0,346.838,1585.05,0.669746,0.415113
Test,A100,256,16384,4194304,268435456,512,10,274.878,2147483648,0,0,0,0,0,0,0,0,0,0,0,0,0,0,0,0,0,0,0,0,0,0,0,0,0,0,0,0,0,0,128,0,0,0,0,173.351,1585.67,0.410399,0.254368
Test,A100,256,16384,4194304,134217728,512,10,137.439,2147483648,0,0,0,0,0,0,0,0,0,0,0,0,0,0,0,0,0,0,0,0,0,0,0,0,0,0,0,0,0,0,0,64,0,0,0,89.9919,1527.24,0.471376,0.292162
Test,A100,256,16384,4194304,536870912,512,10,549.756,2147483648,0,0,0,0,0,0,0,0,0,0,0,0,0,0,0,0,0,0,0,0,0,0,0,0,0,0,0,0,0,0,0,0,256,0,0,114.068,4819.56,0.211544,0.131116
Test,A100,256,16384,4194304,268435456,512,10,274.878,2147483648,0,0,0,0,0,0,0,0,0,0,0,0,0,0,0,0,0,0,0,0,0,0,0,0,0,0,0,0,0,0,0,0,0,128,0,57.0642,4816.99,2.28166,1.41419
Test,A100,256,16384,4194304,134217728,512,10,137.439,2147483648,0,0,0,0,0,0,0,0,0,0,0,0,0,0,0,0,0,0,0,0,0,0,0,0,0,0,0,0,0,0,0,0,0,0,64,28.6808,4792.02,1.03843,0.643627
Test,A100,256,16384,4194304,1073741824,1024,10,1099.51,2147483648,512,0,0,0,0,0,0,0,0,0,0,0,0,0,0,0,0,0,0,0,0,0,0,0,0,0,0,0,0,0,0,0,0,0,0,64.8372,17015.1,913.698,566.316
Test,A100,256,16384,4194304,536870912,1024,10,549.756,2147483648,0,256,0,0,0,0,0,0,0,0,0,0,0,0,0,0,0,0,0,0,0,0,0,0,0,0,0,0,0,0,0,0,0,0,0,32.1503,17101.5,183.16,113.523
Test,A100,256,16384,4194304,268435456,1024,10,274.878,2147483648,0,0,128,0,0,0,0,0,0,0,0,0,0,0,0,0,0,0,0,0,0,0,0,0,0,0,0,0,0,0,0,0,0,0,0,16.0756,17116.4,558.611,346.231
Test,A100,256,16384,4194304,134217728,1024,10,137.439,2147483648,0,0,0,64,0,0,0,0,0,0,0,0,0,0,0,0,0,0,0,0,0,0,0,0,0,0,0,0,0,0,0,0,0,0,0,15.5572,8887.03,679.417,421.107
Test,A100,256,16384,4194304,536870912,1024,10,549.756,2147483648,0,0,0,0,256,0,0,0,0,0,0,0,0,0,0,0,0,0,0,0,0,0,0,0,0,0,0,0,0,0,0,0,0,0,0,92.5151,5943.17,69.739,43.2247
Test,A100,256,16384,4194304,268435456,1024,10,274.878,1073741824,0,0,0,0,0,256,0,0,0,0,0,0,0,0,0,0,0,0,0,0,0,0,0,0,0,0,0,0,0,0,0,0,0,0,0,28.3359,9700.69,0.4654,0.288458
Test,A100,256,16384,4194304,134217728,1024,10,137.439,2147483648,0,0,0,0,0,0,64,0,0,0,0,0,0,0,0,0,0,0,0,0,0,0,0,0,0,0,0,0,0,0,0,0,0,0,0,28.3197,4853.11,0.136035,0.0843151
Test,A100,256,16384,4194304,1073741824,1024,10,1099.51,2147483648,0,0,0,0,0,0,0,512,0,0,0,0,0,0,0,0,0,0,0,0,0,0,0,0,0,0,0,0,0,0,0,0,0,0,0,116.961,9400.9,44.2042,27.3981
Test,A100,256,16384,4194304,536870912,1024,10,549.756,2147483648,0,0,0,0,0,0,0,0,256,0,0,0,0,0,0,0,0,0,0,0,0,0,0,0,0,0,0,0,0,0,0,0,0,0,0,58.4802,9400.72,10.061,6.2359
Test,A100,256,16384,4194304,268435456,1024,10,274.878,2147483648,0,0,0,0,0,0,0,0,0,128,0,0,0,0,0,0,0,0,0,0,0,0,0,0,0,0,0,0,0,0,0,0,0,0,0,28.423,9670.98,0.512238,0.317488
Test,A100,256,16384,4194304,134217728,1024,10,137.439,2147483648,0,0,0,0,0,0,0,0,0,0,64,0,0,0,0,0,0,0,0,0,0,0,0,0,0,0,0,0,0,0,0,0,0,0,0,61.8068,2223.69,0.489786,0.303572
Test,A100,256,16384,4194304,536870912,1024,10,549.756,2147483648,0,0,0,0,0,0,0,0,0,0,0,256,0,0,0,0,0,0,0,0,0,0,0,0,0,0,0,0,0,0,0,0,0,0,0,91.9525,5978.69,1.81515,1.12504
Test,A100,256,16384,4194304,268435456,1024,10,274.878,1073741824,0,0,0,0,0,0,0,0,0,0,0,0,256,0,0,0,0,0,0,0,0,0,0,0,0,0,0,0,0,0,0,0,0,0,0,28.3358,9700.72,0.647261,0.401177
Test,A100,256,16384,4194304,134217728,1024,10,137.439,2147483648,0,0,0,0,0,0,0,0,0,0,0,0,0,64,0,0,0,0,0,0,0,0,0,0,0,0,0,0,0,0,0,0,0,0,0,28.3284,4851.62,0.588169,0.364551
Test,A100,256,16384,4194304,1073741824,1024,10,2199.02,2147483648,0,0,0,0,0,0,0,0,0,0,0,0,0,0,1024,0,0,0,0,0,0,0,0,0,0,0,0,0,0,0,0,0,0,0,0,174.928,12571.6,86.7509,53.7687
Test,A100,256,16384,4194304,536870912,1024,10,1099.51,2147483648,0,0,0,0,0,0,0,0,0,0,0,0,0,0,0,512,0,0,0,0,0,0,0,0,0,0,0,0,0,0,0,0,0,0,0,88.1375,12475.1,47.2459,29.2833
Test,A100,256,16384,4194304,268435456,1024,10,549.756,2147483648,0,0,0,0,0,0,0,0,0,0,0,0,0,0,0,0,256,0,0,0,0,0,0,0,0,0,0,0,0,0,0,0,0,0,0,28.7732,19107.4,130.817,81.081
Test,A100,256,16384,4194304,134217728,1024,10,274.878,2147483648,0,0,0,0,0,0,0,0,0,0,0,0,0,0,0,0,0,128,0,0,0,0,0,0,0,0,0,0,0,0,0,0,0,0,0,64.0598,4291.11,25.6245,15.8822
Test,A100,256,16384,4194304,536870912,1024,10,1099.51,2147483648,0,0,0,0,0,0,0,0,0,0,0,0,0,0,0,0,0,0,512,0,0,0,0,0,0,0,0,0,0,0,0,0,0,0,0,218.808,5025.01,2.60427,1.61415
Test,A100,256,16384,4194304,268435456,1024,10,549.756,1073741824,0,0,0,0,0,0,0,0,0,0,0,0,0,0,0,0,0,0,0,512,0,0,0,0,0,0,0,0,0,0,0,0,0,0,0,28.3508,19391.2,1.21564,0.753464
Test,A100,256,16384,4194304,134217728,1024,10,274.878,2147483648,0,0,0,0,0,0,0,0,0,0,0,0,0,0,0,0,0,0,0,0,128,0,0,0,0,0,0,0,0,0,0,0,0,0,0,28.3741,9687.63,1.09941,0.681423
Test,A100,256,16384,4194304,1073741824,1024,10,1099.51,2147483648,0,0,0,0,0,0,0,0,0,0,0,0,0,0,0,0,0,0,0,0,0,512,0,0,0,0,0,0,0,0,0,0,0,0,0,1885.39,583.176,0.0267546,0.0165827
Test,A100,256,16384,4194304,536870912,1024,10,549.756,2147483648,0,0,0,0,0,0,0,0,0,0,0,0,0,0,0,0,0,0,0,0,0,0,256,0,0,0,0,0,0,0,0,0,0,0,0,942.843,583.083,0.00424916,0.00263366
Test,A100,256,16384,4194304,268435456,1024,10,274.878,2147483648,0,0,0,0,0,0,0,0,0,0,0,0,0,0,0,0,0,0,0,0,0,0,0,128,0,0,0,0,0,0,0,0,0,0,0,210.896,1303.38,0.470299,0.291494
Test,A100,256,16384,4194304,134217728,1024,10,137.439,2147483648,0,0,0,0,0,0,0,0,0,0,0,0,0,0,0,0,0,0,0,0,0,0,0,0,64,0,0,0,0,0,0,0,0,0,0,304.343,451.592,0.313604,0.194374
Test,A100,256,16384,4194304,536870912,1024,10,549.756,2147483648,0,0,0,0,0,0,0,0,0,0,0,0,0,0,0,0,0,0,0,0,0,0,0,0,0,256,0,0,0,0,0,0,0,0,0,693.222,793.045,0.620673,0.384697
Test,A100,256,16384,4194304,268435456,1024,10,274.878,2147483648,0,0,0,0,0,0,0,0,0,0,0,0,0,0,0,0,0,0,0,0,0,0,0,0,0,0,128,0,0,0,0,0,0,0,0,1375.35,199.861,0.320997,0.198956
Test,A100,256,16384,4194304,134217728,1024,10,137.439,2147483648,0,0,0,0,0,0,0,0,0,0,0,0,0,0,0,0,0,0,0,0,0,0,0,0,0,0,0,64,0,0,0,0,0,0,0,1023.44,134.292,0.037393,0.0231764
Test,A100,256,16384,4194304,1073741824,1024,10,2199.02,2147483648,0,0,0,0,0,0,0,0,0,0,0,0,0,0,0,0,0,0,0,0,0,0,0,0,0,0,0,0,1024,0,0,0,0,0,0,1429.83,1537.96,1.01426,0.628642
Test,A100,256,16384,4194304,536870912,1024,10,1099.51,2147483648,0,0,0,0,0,0,0,0,0,0,0,0,0,0,0,0,0,0,0,0,0,0,0,0,0,0,0,0,0,512,0,0,0,0,0,695.559,1580.76,0.521764,0.323392
Test,A100,256,16384,4194304,268435456,1024,10,549.756,2147483648,0,0,0,0,0,0,0,0,0,0,0,0,0,0,0,0,0,0,0,0,0,0,0,0,0,0,0,0,0,0,256,0,0,0,0,347.599,1581.58,0.14621,0.0906219
Test,A100,256,16384,4194304,134217728,1024,10,274.878,2147483648,0,0,0,0,0,0,0,0,0,0,0,0,0,0,0,0,0,0,0,0,0,0,0,0,0,0,0,0,0,0,0,128,0,0,0,180.458,1523.23,0.373751,0.231653
Test,A100,256,16384,4194304,536870912,1024,10,1099.51,2147483648,0,0,0,0,0,0,0,0,0,0,0,0,0,0,0,0,0,0,0,0,0,0,0,0,0,0,0,0,0,0,0,0,512,0,0,230.695,4766.08,0.832727,0.51613
Test,A100,256,16384,4194304,268435456,1024,10,549.756,2147483648,0,0,0,0,0,0,0,0,0,0,0,0,0,0,0,0,0,0,0,0,0,0,0,0,0,0,0,0,0,0,0,0,0,256,0,113.63,4838.13,0.19691,0.122046
Test,A100,256,16384,4194304,134217728,1024,10,274.878,2147483648,0,0,0,0,0,0,0,0,0,0,0,0,0,0,0,0,0,0,0,0,0,0,0,0,0,0,0,0,0,0,0,0,0,0,128,57.2396,4802.24,3.33067,2.06437
Test,A100,256,16384,4194304,1073741824,2048,10,2199.02,2147483648,1024,0,0,0,0,0,0,0,0,0,0,0,0,0,0,0,0,0,0,0,0,0,0,0,0,0,0,0,0,0,0,0,0,0,0,126.303,17411,66.3242,41.1082
Test,A100,256,16384,4194304,536870912,2048,10,1099.51,2147483648,0,512,0,0,0,0,0,0,0,0,0,0,0,0,0,0,0,0,0,0,0,0,0,0,0,0,0,0,0,0,0,0,0,0,0,63.4823,17320.1,47.618,29.5139
Test,A100,256,16384,4194304,268435456,2048,10,549.756,2147483648,0,0,256,0,0,0,0,0,0,0,0,0,0,0,0,0,0,0,0,0,0,0,0,0,0,0,0,0,0,0,0,0,0,0,0,31.8325,17274.7,281.886,174.715
Test,A100,256,16384,4194304,134217728,2048,10,274.878,2147483648,0,0,0,128,0,0,0,0,0,0,0,0,0,0,0,0,0,0,0,0,0,0,0,0,0,0,0,0,0,0,0,0,0,0,0,36.0791,7619.21,59.2399,36.7173
Test,A100,256,16384,4194304,536870912,2048,10,1099.51,2147483648,0,0,0,0,512,0,0,0,0,0,0,0,0,0,0,0,0,0,0,0,0,0,0,0,0,0,0,0,0,0,0,0,0,0,0,218.787,5025.5,2.56574,1.59026
Test,A100,256,16384,4194304,268435456,2048,10,549.756,1073741824,0,0,0,0,0,512,0,0,0,0,0,0,0,0,0,0,0,0,0,0,0,0,0,0,0,0,0,0,0,0,0,0,0,0,0,57.0821,9630.97,2.8427,1.76192
Test,A100,256,16384,4194304,134217728,2048,10,274.878,2147483648,0,0,0,0,0,0,128,0,0,0,0,0,0,0,0,0,0,0,0,0,0,0,0,0,0,0,0,0,0,0,0,0,0,0,0,56.5847,4857.81,0.105755,0.0655478
Test,A100,256,16384,4194304,1073741824,2048,10,2199.02,2147483648,0,0,0,0,0,0,0,1024,0,0,0,0,0,0,0,0,0,0,0,0,0,0,0,0,0,0,0,0,0,0,0,0,0,0,0,244.095,9008.9,17.2206,10.6734
Test,A100,256,16384,4194304,536870912,2048,10,1099.51,2147483648,0,0,0,0,0,0,0,0,512,0,0,0,0,0,0,0,0,0,0,0,0,0,0,0,0,0,0,0,0,0,0,0,0,0,0,124.203,8853.3,83.3858,51.6831
Test,A100,256,16384,4194304,268435456,2048,10,549.756,2147483648,0,0,0,0,0,0,0,0,0,256,0,0,0,0,0,0,0,0,0,0,0,0,0,0,0,0,0,0,0,0,0,0,0,0,0,56.6852,9698.41,0.140259,0.0869334
Test,A100,256,16384,4194304,134217728,2048,10,274.878,2147483648,0,0,0,0,0,0,0,0,0,0,128,0,0,0,0,0,0,0,0,0,0,0,0,0,0,0,0,0,0,0,0,0,0,0,0,133.018,2066.48,1.11144,0.688877
Test,A100,256,16384,4194304,536870912,2048,10,1099.51,2147483648,0,0,0,0,0,0,0,0,0,0,0,512,0,0,0,0,0,0,0,0,0,0,0,0,0,0,0,0,0,0,0,0,0,0,0,218.757,5026.18,1.30216,0.80709
Test,A100,256,16384,4194304,268435456,2048,10,549.756,1073741824,0,0,0,0,0,0,0,0,0,0,0,0,512,0,0,0,0,0,0,0,0,0,0,0,0,0,0,0,0,0,0,0,0,0,0,57.0874,9630.07,1.26972,0.786979
Test,A100,256,16384,4194304,134217728,2048,10,274.878,2147483648,0,0,0,0,0,0,0,0,0,0,0,0,0,128,0,0,0,0,0,0,0,0,0,0,0,0,0,0,0,0,0,0,0,0,0,56.6098,4855.66,0.446045,0.276461
Test,A100,256,16384,4194304,1073741824,2048,10,4398.05,2147483648,0,0,0,0,0,0,0,0,0,0,0,0,0,0,2048,0,0,0,0,0,0,0,0,0,0,0,0,0,0,0,0,0,0,0,0,349.865,12570.7,22.5919,14.0026
Test,A100,256,16384,4194304,536870912,2048,10,2199.02,2147483648,0,0,0,0,0,0,0,0,0,0,0,0,0,0,0,1024,0,0,0,0,0,0,0,0,0,0,0,0,0,0,0,0,0,0,0,175.692,12516.8,69.6785,43.1872
Test,A100,256,16384,4194304,268435456,2048,10,1099.51,2147483648,0,0,0,0,0,0,0,0,0,0,0,0,0,0,0,0,512,0,0,0,0,0,0,0,0,0,0,0,0,0,0,0,0,0,0,56.7195,19385.1,14.6091,9.05482
Test,A100,256,16384,4194304,134217728,2048,10,549.756,2147483648,0,0,0,0,0,0,0,0,0,0,0,0,0,0,0,0,0,256,0,0,0,0,0,0,0,0,0,0,0,0,0,0,0,0,0,133.988,4103.02,2.52609,1.56569
Test,A100,256,16384,4194304,536870912,2048,10,2199.02,2147483648,0,0,0,0,0,0,0,0,0,0,0,0,0,0,0,0,0,0,1024,0,0,0,0,0,0,0,0,0,0,0,0,0,0,0,0,466.431,4714.58,2.11897,1.31335
Test,A100,256,16384,4194304,268435456,2048,10,1099.51,1073741824,0,0,0,0,0,0,0,0,0,0,0,0,0,0,0,0,0,0,0,1024,0,0,0,0,0,0,0,0,0,0,0,0,0,0,0,57.2554,19203.7,41.5662,25.763
Test,A100,256,16384,4194304,134217728,2048,10,549.756,2147483648,0,0,0,0,0,0,0,0,0,0,0,0,0,0,0,0,0,0,0,0,256,0,0,0,0,0,0,0,0,0,0,0,0,0,0,56.6844,9698.55,12.4836,7.73743
Test,A100,256,16384,4194304,1073741824,2048,10,2199.02,2147483648,0,0,0,0,0,0,0,0,0,0,0,0,0,0,0,0,0,0,0,0,0,1024,0,0,0,0,0,0,0,0,0,0,0,0,0,3771.91,582.999,0.0838026,0.0519414
Test,A100,256,16384,4194304,536870912,2048,10,1099.51,2147483648,0,0,0,0,0,0,0,0,0,0,0,0,0,0,0,0,0,0,0,0,0,0,512,0,0,0,0,0,0,0,0,0,0,0,0,1886.21,582.92,0.146682,0.0909143
Test,A100,256,16384,4194304,268435456,2048,10,549.756,2147483648,0,0,0,0,0,0,0,0,0,0,0,0,0,0,0,0,0,0,0,0,0,0,0,256,0,0,0,0,0,0,0,0,0,0,0,450.772,1219.59,0.890316,0.551824
Test,A100,256,16384,4194304,134217728,2048,10,274.878,2147483648,0,0,0,0,0,0,0,0,0,0,0,0,0,0,0,0,0,0,0,0,0,0,0,0,128,0,0,0,0,0,0,0,0,0,0,618.661,444.311,0.229762,0.142408
Test,A100,256,16384,4194304,536870912,2048,10,1099.51,2147483648,0,0,0,0,0,0,0,0,0,0,0,0,0,0,0,0,0,0,0,0,0,0,0,0,0,512,0,0,0,0,0,0,0,0,0,1378.38,797.686,0.730097,0.452519
Test,A100,256,16384,4194304,268435456,2048,10,549.756,2147483648,0,0,0,0,0,0,0,0,0,0,0,0,0,0,0,0,0,0,0,0,0,0,0,0,0,0,256,0,0,0,0,0,0,0,0,3087.65,178.05,0.353026,0.218808
Test,A100,256,16384,4194304,134217728,2048,10,274.878,2147483648,0,0,0,0,0,0,0,0,0,0,0,0,0,0,0,0,0,0,0,0,0,0,0,0,0,0,0,128,0,0,0,0,0,0,0,2208.76,124.449,0.0487102,0.0301909
Test,A100,256,16384,4194304,1073741824,2048,10,4398.05,2147483648,0,0,0,0,0,0,0,0,0,0,0,0,0,0,0,0,0,0,0,0,0,0,0,0,0,0,0,0,2048,0,0,0,0,0,0,3077.82,1428.95,0.929156,0.575897
Test,A100,256,16384,4194304,536870912,2048,10,2199.02,2147483648,0,0,0,0,0,0,0,0,0,0,0,0,0,0,0,0,0,0,0,0,0,0,0,0,0,0,0,0,0,1024,0,0,0,0,0,1445.2,1521.61,0.317057,0.196514
Test,A100,256,16384,4194304,268435456,2048,10,1099.51,2147483648,0,0,0,0,0,0,0,0,0,0,0,0,0,0,0,0,0,0,0,0,0,0,0,0,0,0,0,0,0,0,512,0,0,0,0,726.457,1513.53,0.495195,0.306925
Test,A100,256,16384,4194304,134217728,2048,10,549.756,2147483648,0,0,0,0,0,0,0,0,0,0,0,0,0,0,0,0,0,0,0,0,0,0,0,0,0,0,0,0,0,0,0,256,0,0,0,373.861,1470.48,0.748429,0.463881
Test,A100,256,16384,4194304,536870912,2048,10,2199.02,2147483648,0,0,0,0,0,0,0,0,0,0,0,0,0,0,0,0,0,0,0,0,0,0,0,0,0,0,0,0,0,0,0,0,1024,0,0,478.97,4591.15,2.22646,1.37997
Test,A100,256,16384,4194304,268435456,2048,10,1099.51,2147483648,0,0,0,0,0,0,0,0,0,0,0,0,0,0,0,0,0,0,0,0,0,0,0,0,0,0,0,0,0,0,0,0,0,512,0,227.855,4825.5,0.426814,0.264542
Test,A100,256,16384,4194304,134217728,2048,10,549.756,2147483648,0,0,0,0,0,0,0,0,0,0,0,0,0,0,0,0,0,0,0,0,0,0,0,0,0,0,0,0,0,0,0,0,0,0,256,114.749,4790.95,4.40791,2.73205
Test,A100,256,16384,4194304,1073741824,4096,10,4398.05,2147483648,2048,0,0,0,0,0,0,0,0,0,0,0,0,0,0,0,0,0,0,0,0,0,0,0,0,0,0,0,0,0,0,0,0,0,0,262.542,16751.9,34.2182,21.2087
Test,A100,256,16384,4194304,536870912,4096,10,2199.02,2147483648,0,1024,0,0,0,0,0,0,0,0,0,0,0,0,0,0,0,0,0,0,0,0,0,0,0,0,0,0,0,0,0,0,0,0,0,133.722,16445.2,92.9664,57.6212
Test,A100,256,16384,4194304,268435456,4096,10,1099.51,2147483648,0,0,512,0,0,0,0,0,0,0,0,0,0,0,0,0,0,0,0,0,0,0,0,0,0,0,0,0,0,0,0,0,0,0,0,68.6977,16005.2,49.261,30.5323
Test,A100,256,16384,4194304,134217728,4096,10,549.756,2147483648,0,0,0,256,0,0,0,0,0,0,0,0,0,0,0,0,0,0,0,0,0,0,0,0,0,0,0,0,0,0,0,0,0,0,0,78.2288,7027.62,23.6949,14.6862
Test,A100,256,16384,4194304,536870912,4096,10,2199.02,2147483648,0,0,0,0,1024,0,0,0,0,0,0,0,0,0,0,0,0,0,0,0,0,0,0,0,0,0,0,0,0,0,0,0,0,0,0,466.481,4714.07,1.80564,1.11915
Test,A100,256,16384,4194304,268435456,4096,10,1099.51,1073741824,0,0,0,0,0,1024,0,0,0,0,0,0,0,0,0,0,0,0,0,0,0,0,0,0,0,0,0,0,0,0,0,0,0,0,0,114.144,9632.68,1.871,1.15966
Test,A100,256,16384,4194304,134217728,4096,10,549.756,2147483648,0,0,0,0,0,0,256,0,0,0,0,0,0,0,0,0,0,0,0,0,0,0,0,0,0,0,0,0,0,0,0,0,0,0,0,113.117,4860.06,0.110827,0.0686912
Test,A100,256,16384,4194304,1073741824,4096,10,4398.05,2147483648,0,0,0,0,0,0,0,2048,0,0,0,0,0,0,0,0,0,0,0,0,0,0,0,0,0,0,0,0,0,0,0,0,0,0,0,565.311,7779.88,3.77003,2.33669
Test,A100,256,16384,4194304,536870912,4096,10,2199.02,2147483648,0,0,0,0,0,0,0,0,1024,0,0,0,0,0,0,0,0,0,0,0,0,0,0,0,0,0,0,0,0,0,0,0,0,0,0,287.644,7644.95,6.78341,4.2044
Test,A100,256,16384,4194304,268435456,4096,10,1099.51,2147483648,0,0,0,0,0,0,0,0,0,512,0,0,0,0,0,0,0,0,0,0,0,0,0,0,0,0,0,0,0,0,0,0,0,0,0,113.21,9712.14,0.261,0.161769
Test,A100,256,16384,4194304,134217728,4096,10,549.756,2147483648,0,0,0,0,0,0,0,0,0,0,256,0,0,0,0,0,0,0,0,0,0,0,0,0,0,0,0,0,0,0,0,0,0,0,0,286.624,1918.04,0.785646,0.486948
Test,A100,256,16384,4194304,536870912,4096,10,2199.02,2147483648,0,0,0,0,0,0,0,0,0,0,0,1024,0,0,0,0,0,0,0,0,0,0,0,0,0,0,0,0,0,0,0,0,0,0,0,466.659,4712.27,2.51815,1.56076
Test,A100,256,16384,4194304,268435456,4096,10,1099.51,1073741824,0,0,0,0,0,0,0,0,0,0,0,0,1024,0,0,0,0,0,0,0,0,0,0,0,0,0,0,0,0,0,0,0,0,0,0,114.135,9633.47,2.14547,1.32977
Test,A100,256,16384,4194304,134217728,4096,10,549.756,2147483648,0,0,0,0,0,0,0,0,0,0,0,0,0,256,0,0,0,0,0,0,0,0,0,0,0,0,0,0,0,0,0,0,0,0,0,113.166,4857.97,0.656286,0.40677
Test,A100,256,16384,4194304,1073741824,4096,10,8796.09,2147483648,0,0,0,0,0,0,0,0,0,0,0,0,0,0,4096,0,0,0,0,0,0,0,0,0,0,0,0,0,0,0,0,0,0,0,0,696.025,12637.7,25.3374,15.7043
Test,A100,256,16384,4194304,536870912,4096,10,4398.05,2147483648,0,0,0,0,0,0,0,0,0,0,0,0,0,0,0,2048,0,0,0,0,0,0,0,0,0,0,0,0,0,0,0,0,0,0,0,351.196,12523.1,27.0156,16.7444
Test,A100,256,16384,4194304,268435456,4096,10,2199.02,2147483648,0,0,0,0,0,0,0,0,0,0,0,0,0,0,0,0,1024,0,0,0,0,0,0,0,0,0,0,0,0,0,0,0,0,0,0,113.361,19398.4,0.539811,0.334578
Test,A100,256,16384,4194304,134217728,4096,10,1099.51,2147483648,0,0,0,0,0,0,0,0,0,0,0,0,0,0,0,0,0,512,0,0,0,0,0,0,0,0,0,0,0,0,0,0,0,0,0,265.471,4141.77,13.0835,8.10924
Test,A100,256,16384,4194304,536870912,4096,10,4398.05,2147483648,0,0,0,0,0,0,0,0,0,0,0,0,0,0,0,0,0,0,2048,0,0,0,0,0,0,0,0,0,0,0,0,0,0,0,0,931.993,4718.97,2.27367,1.40923
Test,A100,256,16384,4194304,268435456,4096,10,2199.02,1073741824,0,0,0,0,0,0,0,0,0,0,0,0,0,0,0,0,0,0,0,2048,0,0,0,0,0,0,0,0,0,0,0,0,0,0,0,113.977,19293.6,2.14519,1.3296
Test,A100,256,16384,4194304,134217728,4096,10,1099.51,2147483648,0,0,0,0,0,0,0,0,0,0,0,0,0,0,0,0,0,0,0,0,512,0,0,0,0,0,0,0,0,0,0,0,0,0,0,113.245,9709.12,1.09141,0.676464
Test,A100,256,16384,4194304,1073741824,4096,10,4398.05,2147483648,0,0,0,0,0,0,0,0,0,0,0,0,0,0,0,0,0,0,0,0,0,2048,0,0,0,0,0,0,0,0,0,0,0,0,0,7599.29,578.745,0.0767397,0.0475637
Test,A100,256,16384,4194304,536870912,4096,10,2199.02,2147483648,0,0,0,0,0,0,0,0,0,0,0,0,0,0,0,0,0,0,0,0,0,0,1024,0,0,0,0,0,0,0,0,0,0,0,0,3798.86,578.864,0.059128,0.0366479
Test,A100,256,16384,4194304,268435456,4096,10,1099.51,2147483648,0,0,0,0,0,0,0,0,0,0,0,0,0,0,0,0,0,0,0,0,0,0,0,512,0,0,0,0,0,0,0,0,0,0,0,891.083,1233.91,0.709066,0.439484
Test,A100,256,16384,4194304,134217728,4096,10,549.756,2147483648,0,0,0,0,0,0,0,0,0,0,0,0,0,0,0,0,0,0,0,0,0,0,0,0,256,0,0,0,0,0,0,0,0,0,0,1228.44,447.525,0.205244,0.127212
Test,A100,256,16384,4194304,536870912,4096,10,2199.02,2147483648,0,0,0,0,0,0,0,0,0,0,0,0,0,0,0,0,0,0,0,0,0,0,0,0,0,1024,0,0,0,0,0,0,0,0,0,2742.74,801.762,0.528775,0.327738
Test,A100,256,16384,4194304,268435456,4096,10,1099.51,2147483648,0,0,0,0,0,0,0,0,0,0,0,0,0,0,0,0,0,0,0,0,0,0,0,0,0,0,512,0,0,0,0,0,0,0,0,6156.34,178.599,0.198402,0.122971
Test,A100,256,16384,4194304,134217728,4096,10,549.756,2147483648,0,0,0,0,0,0,0,0,0,0,0,0,0,0,0,0,0,0,0,0,0,0,0,0,0,0,0,256,0,0,0,0,0,0,0,4514.32,121.78,0.0566352,0.0351029
Test,A100,256,16384,4194304,1073741824,4096,10,8796.09,2147483648,0,0,0,0,0,0,0,0,0,0,0,0,0,0,0,0,0,0,0,0,0,0,0,0,0,0,0,0,4096,0,0,0,0,0,0,6101.4,1441.66,1.91667,1.18796
Test,A100,256,16384,4194304,536870912,4096,10,4398.05,2147483648,0,0,0,0,0,0,0,0,0,0,0,0,0,0,0,0,0,0,0,0,0,0,0,0,0,0,0,0,0,2048,0,0,0,0,0,2899.65,1516.75,0.455445,0.282288
Test,A100,256,16384,4194304,268435456,4096,10,2199.02,2147483648,0,0,0,0,0,0,0,0,0,0,0,0,0,0,0,0,0,0,0,0,0,0,0,0,0,0,0,0,0,0,1024,0,0,0,0,1447.85,1518.83,2.16604,1.34252
Test,A100,256,16384,4194304,134217728,4096,10,1099.51,2147483648,0,0,0,0,0,0,0,0,0,0,0,0,0,0,0,0,0,0,0,0,0,0,0,0,0,0,0,0,0,0,0,512,0,0,0,738.678,1488.49,0.256316,0.158866
Test,A100,256,16384,4194304,536870912,4096,10,4398.05,2147483648,0,0,0,0,0,0,0,0,0,0,0,0,0,0,0,0,0,0,0,0,0,0,0,0,0,0,0,0,0,0,0,0,2048,0,0,1032.93,4257.86,6.33625,3.92725
Test,A100,256,16384,4194304,268435456,4096,10,2199.02,2147483648,0,0,0,0,0,0,0,0,0,0,0,0,0,0,0,0,0,0,0,0,0,0,0,0,0,0,0,0,0,0,0,0,0,1024,0,464.508,4734.09,1.56543,0.970263
Test,A100,256,16384,4194304,134217728,4096,10,1099.51,2147483648,0,0,0,0,0,0,0,0,0,0,0,0,0,0,0,0,0,0,0,0,0,0,0,0,0,0,0,0,0,0,0,0,0,0,512,228.286,4816.38,0.468502,0.29038
Test,A100,256,16384,4194304,1073741824,8192,10,8796.09,2147483648,4096,0,0,0,0,0,0,0,0,0,0,0,0,0,0,0,0,0,0,0,0,0,0,0,0,0,0,0,0,0,0,0,0,0,0,526.985,16691.4,18.6919,11.5854
Test,A100,256,16384,4194304,536870912,8192,10,4398.05,2147483648,0,2048,0,0,0,0,0,0,0,0,0,0,0,0,0,0,0,0,0,0,0,0,0,0,0,0,0,0,0,0,0,0,0,0,0,267.347,16450.8,45.0853,27.9441
Test,A100,256,16384,4194304,268435456,8192,10,2199.02,2147483648,0,0,1024,0,0,0,0,0,0,0,0,0,0,0,0,0,0,0,0,0,0,0,0,0,0,0,0,0,0,0,0,0,0,0,0,135.968,16173.1,38.1079,23.6195
Test,A100,256,16384,4194304,134217728,8192,10,1099.51,2147483648,0,0,0,512,0,0,0,0,0,0,0,0,0,0,0,0,0,0,0,0,0,0,0,0,0,0,0,0,0,0,0,0,0,0,0,157.962,6960.74,31.6837,19.6378
Test,A100,256,16384,4194304,536870912,8192,10,4398.05,2147483648,0,0,0,0,2048,0,0,0,0,0,0,0,0,0,0,0,0,0,0,0,0,0,0,0,0,0,0,0,0,0,0,0,0,0,0,932.033,4718.77,1.85832,1.1518
Test,A100,256,16384,4194304,268435456,8192,10,2199.02,1073741824,0,0,0,0,0,2048,0,0,0,0,0,0,0,0,0,0,0,0,0,0,0,0,0,0,0,0,0,0,0,0,0,0,0,0,0,228.323,9631.21,0.819818,0.508129
Test,A100,256,16384,4194304,134217728,8192,10,1099.51,2147483648,0,0,0,0,0,0,512,0,0,0,0,0,0,0,0,0,0,0,0,0,0,0,0,0,0,0,0,0,0,0,0,0,0,0,0,226.19,4861.01,0.0625004,0.0387381
Test,A100,256,16384,4194304,1073741824,8192,10,8796.09,2147483648,0,0,0,0,0,0,0,4096,0,0,0,0,0,0,0,0,0,0,0,0,0,0,0,0,0,0,0,0,0,0,0,0,0,0,0,1123.23,7831.09,3.1631,1.96051
Test,A100,256,16384,4194304,536870912,8192,10,4398.05,2147483648,0,0,0,0,0,0,0,0,2048,0,0,0,0,0,0,0,0,0,0,0,0,0,0,0,0,0,0,0,0,0,0,0,0,0,0,572.242,7685.64,4.17297,2.58643
Test,A100,256,16384,4194304,268435456,8192,10,2199.02,2147483648,0,0,0,0,0,0,0,0,0,1024,0,0,0,0,0,0,0,0,0,0,0,0,0,0,0,0,0,0,0,0,0,0,0,0,0,226.499,9708.75,3.90534,2.42055
Test,A100,256,16384,4194304,134217728,8192,10,1099.51,2147483648,0,0,0,0,0,0,0,0,0,0,512,0,0,0,0,0,0,0,0,0,0,0,0,0,0,0,0,0,0,0,0,0,0,0,0,567.238,1938.36,1.68204,1.04254
Test,A100,256,16384,4194304,536870912,8192,10,4398.05,2147483648,0,0,0,0,0,0,0,0,0,0,0,2048,0,0,0,0,0,0,0,0,0,0,0,0,0,0,0,0,0,0,0,0,0,0,0,933.069,4713.53,4.08487,2.53183
Test,A100,256,16384,4194304,268435456,8192,10,2199.02,1073741824,0,0,0,0,0,0,0,0,0,0,0,0,2048,0,0,0,0,0,0,0,0,0,0,0,0,0,0,0,0,0,0,0,0,0,0,228.473,9624.87,9.18619,5.69366
Test,A100,256,16384,4194304,134217728,8192,10,1099.51,2147483648,0,0,0,0,0,0,0,0,0,0,0,0,0,512,0,0,0,0,0,0,0,0,0,0,0,0,0,0,0,0,0,0,0,0,0,226.256,4859.58,0.210303,0.130347
Test,A100,256,16384,4194304,1073741824,8192,10,17592.2,2147483648,0,0,0,0,0,0,0,0,0,0,0,0,0,0,8192,0,0,0,0,0,0,0,0,0,0,0,0,0,0,0,0,0,0,0,0,1395.03,12610.6,13.203,8.18333
Test,A100,256,16384,4194304,536870912,8192,10,8796.09,2147483648,0,0,0,0,0,0,0,0,0,0,0,0,0,0,0,4096,0,0,0,0,0,0,0,0,0,0,0,0,0,0,0,0,0,0,0,703.571,12502.1,29.0942,18.0328
Test,A100,256,16384,4194304,268435456,8192,10,4398.05,2147483648,0,0,0,0,0,0,0,0,0,0,0,0,0,0,0,0,2048,0,0,0,0,0,0,0,0,0,0,0,0,0,0,0,0,0,0,226.459,19420.9,0.476381,0.295264
Test,A100,256,16384,4194304,134217728,8192,10,2199.02,2147483648,0,0,0,0,0,0,0,0,0,0,0,0,0,0,0,0,0,1024,0,0,0,0,0,0,0,0,0,0,0,0,0,0,0,0,0,529.881,4150.08,13.6264,8.44574
Test,A100,256,16384,4194304,536870912,8192,10,8796.09,2147483648,0,0,0,0,0,0,0,0,0,0,0,0,0,0,0,0,0,0,4096,0,0,0,0,0,0,0,0,0,0,0,0,0,0,0,0,1862.78,4722.02,1.93627,1.20011
Test,A100,256,16384,4194304,268435456,8192,10,4398.05,1073741824,0,0,0,0,0,0,0,0,0,0,0,0,0,0,0,0,0,0,0,4096,0,0,0,0,0,0,0,0,0,0,0,0,0,0,0,228.148,19277.2,28.379,17.5895
Test,A100,256,16384,4194304,134217728,8192,10,2199.02,2147483648,0,0,0,0,0,0,0,0,0,0,0,0,0,0,0,0,0,0,0,0,1024,0,0,0,0,0,0,0,0,0,0,0,0,0,0,226.399,9713.04,0.41642,0.2581
Test,A100,256,16384,4194304,1073741824,8192,10,8796.09,2147483648,0,0,0,0,0,0,0,0,0,0,0,0,0,0,0,0,0,0,0,0,0,4096,0,0,0,0,0,0,0,0,0,0,0,0,0,15211.8,578.241,0.323664,0.200609
Test,A100,256,16384,4194304,536870912,8192,10,4398.05,2147483648,0,0,0,0,0,0,0,0,0,0,0,0,0,0,0,0,0,0,0,0,0,0,2048,0,0,0,0,0,0,0,0,0,0,0,0,7602.7,578.485,0.43218,0.267868
Test,A100,256,16384,4194304,268435456,8192,10,2199.02,2147483648,0,0,0,0,0,0,0,0,0,0,0,0,0,0,0,0,0,0,0,0,0,0,0,1024,0,0,0,0,0,0,0,0,0,0,0,1772.55,1240.6,0.728427,0.451484
Test,A100,256,16384,4194304,134217728,8192,10,1099.51,2147483648,0,0,0,0,0,0,0,0,0,0,0,0,0,0,0,0,0,0,0,0,0,0,0,0,512,0,0,0,0,0,0,0,0,0,0,2444.3,449.826,0.392529,0.243292
Test,A100,256,16384,4194304,536870912,8192,10,4398.05,2147483648,0,0,0,0,0,0,0,0,0,0,0,0,0,0,0,0,0,0,0,0,0,0,0,0,0,2048,0,0,0,0,0,0,0,0,0,5476.29,803.108,0.427641,0.265055
Test,A100,256,16384,4194304,268435456,8192,10,2199.02,2147483648,0,0,0,0,0,0,0,0,0,0,0,0,0,0,0,0,0,0,0,0,0,0,0,0,0,0,1024,0,0,0,0,0,0,0,0,12229.6,179.813,0.548747,0.340117
Test,A100,256,16384,4194304,134217728,8192,10,1099.51,2147483648,0,0,0,0,0,0,0,0,0,0,0,0,0,0,0,0,0,0,0,0,0,0,0,0,0,0,0,512,0,0,0,0,0,0,0,9065.39,121.287,0.198554,0.123065
Test,A100,256,16384,4194304,1073741824,8192,10,17592.2,2147483648,0,0,0,0,0,0,0,0,0,0,0,0,0,0,0,0,0,0,0,0,0,0,0,0,0,0,0,0,8192,0,0,0,0,0,0,12215,1440.22,0.66641,0.413045
Test,A100,256,16384,4194304,536870912,8192,10,8796.09,2147483648,0,0,0,0,0,0,0,0,0,0,0,0,0,0,0,0,0,0,0,0,0,0,0,0,0,0,0,0,0,4096,0,0,0,0,0,5798.21,1517.04,0.24692,0.153043
Test,A100,256,16384,4194304,268435456,8192,10,4398.05,2147483648,0,0,0,0,0,0,0,0,0,0,0,0,0,0,0,0,0,0,0,0,0,0,0,0,0,0,0,0,0,0,2048,0,0,0,0,2900.47,1516.32,0.363483,0.225289
Test,A100,256,16384,4194304,134217728,8192,10,2199.02,2147483648,0,0,0,0,0,0,0,0,0,0,0,0,0,0,0,0,0,0,0,0,0,0,0,0,0,0,0,0,0,0,0,1024,0,0,0,1468.83,1497.13,1.24051,0.768875
Test,A100,256,16384,4194304,536870912,8192,10,8796.09,2147483648,0,0,0,0,0,0,0,0,0,0,0,0,0,0,0,0,0,0,0,0,0,0,0,0,0,0,0,0,0,0,0,0,4096,0,0,1997.83,4402.83,8.65195,5.36253
Test,A100,256,16384,4194304,268435456,8192,10,4398.05,2147483648,0,0,0,0,0,0,0,0,0,0,0,0,0,0,0,0,0,0,0,0,0,0,0,0,0,0,0,0,0,0,0,0,0,2048,0,925.041,4754.46,10.1906,6.31622
Test,A100,256,16384,4194304,134217728,8192,10,2199.02,2147483648,0,0,0,0,0,0,0,0,0,0,0,0,0,0,0,0,0,0,0,0,0,0,0,0,0,0,0,0,0,0,0,0,0,0,1024,459.149,4789.35,1.3794,0.85496
Test,A100,256,16384,4194304,1073741824,16384,10,17592.2,2147483648,8192,0,0,0,0,0,0,0,0,0,0,0,0,0,0,0,0,0,0,0,0,0,0,0,0,0,0,0,0,0,0,0,0,0,0,1046,16818.6,32.2051,19.9609
Test,A100,256,16384,4194304,536870912,16384,10,8796.09,2147483648,0,4096,0,0,0,0,0,0,0,0,0,0,0,0,0,0,0,0,0,0,0,0,0,0,0,0,0,0,0,0,0,0,0,0,0,530.656,16576.5,101.551,62.9417
Test,A100,256,16384,4194304,268435456,16384,10,4398.05,2147483648,0,0,2048,0,0,0,0,0,0,0,0,0,0,0,0,0,0,0,0,0,0,0,0,0,0,0,0,0,0,0,0,0,0,0,0,268.34,16391.5,162.354,100.628
Test,A100,256,16384,4194304,134217728,16384,10,2199.02,2147483648,0,0,0,1024,0,0,0,0,0,0,0,0,0,0,0,0,0,0,0,0,0,0,0,0,0,0,0,0,0,0,0,0,0,0,0,316.583,6946.28,33.0235,20.4682
Test,A100,256,16384,4194304,536870912,16384,10,8796.09,2147483648,0,0,0,0,4096,0,0,0,0,0,0,0,0,0,0,0,0,0,0,0,0,0,0,0,0,0,0,0,0,0,0,0,0,0,0,1862.54,4722.64,2.87072,1.77929
Test,A100,256,16384,4194304,268435456,16384,10,4398.05,1073741824,0,0,0,0,0,4096,0,0,0,0,0,0,0,0,0,0,0,0,0,0,0,0,0,0,0,0,0,0,0,0,0,0,0,0,0,457.105,9621.52,6.27864,3.89154
Test,A100,256,16384,4194304,134217728,16384,10,2199.02,2147483648,0,0,0,0,0,0,1024,0,0,0,0,0,0,0,0,0,0,0,0,0,0,0,0,0,0,0,0,0,0,0,0,0,0,0,0,452.282,4862.06,0.0462408,0.0286603
Test,A100,256,16384,4194304,1073741824,16384,10,17592.2,2147483648,0,0,0,0,0,0,0,8192,0,0,0,0,0,0,0,0,0,0,0,0,0,0,0,0,0,0,0,0,0,0,0,0,0,0,0,2193.74,8019.29,3.41204,2.1148
Test,A100,256,16384,4194304,536870912,16384,10,8796.09,2147483648,0,0,0,0,0,0,0,0,4096,0,0,0,0,0,0,0,0,0,0,0,0,0,0,0,0,0,0,0,0,0,0,0,0,0,0,1120.46,7850.42,5.5735,3.45449
Test,A100,256,16384,4194304,268435456,16384,10,4398.05,2147483648,0,0,0,0,0,0,0,0,0,2048,0,0,0,0,0,0,0,0,0,0,0,0,0,0,0,0,0,0,0,0,0,0,0,0,0,452.596,9717.38,0.253819,0.157319
Test,A100,256,16384,4194304,134217728,16384,10,2199.02,2147483648,0,0,0,0,0,0,0,0,0,0,1024,0,0,0,0,0,0,0,0,0,0,0,0,0,0,0,0,0,0,0,0,0,0,0,0,1115.98,1970.49,0.731298,0.453263
Test,A100,256,16384,4194304,536870912,16384,10,8796.09,2147483648,0,0,0,0,0,0,0,0,0,0,0,4096,0,0,0,0,0,0,0,0,0,0,0,0,0,0,0,0,0,0,0,0,0,0,0,1861.86,4724.36,1.57187,0.974252
Test,A100,256,16384,4194304,268435456,16384,10,4398.05,1073741824,0,0,0,0,0,0,0,0,0,0,0,0,4096,0,0,0,0,0,0,0,0,0,0,0,0,0,0,0,0,0,0,0,0,0,0,457.608,9610.96,6.92186,4.29021
Test,A100,256,16384,4194304,134217728,16384,10,2199.02,2147483648,0,0,0,0,0,0,0,0,0,0,0,0,0,1024,0,0,0,0,0,0,0,0,0,0,0,0,0,0,0,0,0,0,0,0,0,452.464,4860.1,3.26391,2.02299
Test,A100,256,16384,4194304,1073741824,16384,10,35184.4,2147483648,0,0,0,0,0,0,0,0,0,0,0,0,0,0,16384,0,0,0,0,0,0,0,0,0,0,0,0,0,0,0,0,0,0,0,0,2796.79,12580.3,13.9239,8.6301
Test,A100,256,16384,4194304,536870912,16384,10,17592.2,2147483648,0,0,0,0,0,0,0,0,0,0,0,0,0,0,0,8192,0,0,0,0,0,0,0,0,0,0,0,0,0,0,0,0,0,0,0,1412.34,12456.1,6.1442,3.80821
Test,A100,256,16384,4194304,268435456,16384,10,8796.09,2147483648,0,0,0,0,0,0,0,0,0,0,0,0,0,0,0,0,4096,0,0,0,0,0,0,0,0,0,0,0,0,0,0,0,0,0,0,452.639,19432.9,0.24352,0.150935
Test,A100,256,16384,4194304,134217728,16384,10,4398.05,2147483648,0,0,0,0,0,0,0,0,0,0,0,0,0,0,0,0,0,2048,0,0,0,0,0,0,0,0,0,0,0,0,0,0,0,0,0,1060.92,4145.48,1.65436,1.02538
Test,A100,256,16384,4194304,536870912,16384,10,17592.2,2147483648,0,0,0,0,0,0,0,0,0,0,0,0,0,0,0,0,0,0,8192,0,0,0,0,0,0,0,0,0,0,0,0,0,0,0,0,3725.64,4721.93,5.30302,3.28685
Test,A100,256,16384,4194304,268435456,16384,10,8796.09,1073741824,0,0,0,0,0,0,0,0,0,0,0,0,0,0,0,0,0,0,0,8192,0,0,0,0,0,0,0,0,0,0,0,0,0,0,0,456.396,19273,15.3837,9.53489
Test,A100,256,16384,4194304,134217728,16384,10,4398.05,2147483648,0,0,0,0,0,0,0,0,0,0,0,0,0,0,0,0,0,0,0,0,2048,0,0,0,0,0,0,0,0,0,0,0,0,0,0,452.568,9717.99,6.32794,3.9221
Test,A100,256,16384,4194304,1073741824,16384,10,17592.2,2147483648,0,0,0,0,0,0,0,0,0,0,0,0,0,0,0,0,0,0,0,0,0,8192,0,0,0,0,0,0,0,0,0,0,0,0,0,30394.6,578.793,0.0865545,0.053647
Test,A100,256,16384,4194304,536870912,16384,10,8796.09,2147483648,0,0,0,0,0,0,0,0,0,0,0,0,0,0,0,0,0,0,0,0,0,0,4096,0,0,0,0,0,0,0,0,0,0,0,0,15195.2,578.874,0.016148,0.0100086
Test,A100,256,16384,4194304,268435456,16384,10,4398.05,2147483648,0,0,0,0,0,0,0,0,0,0,0,0,0,0,0,0,0,0,0,0,0,0,0,2048,0,0,0,0,0,0,0,0,0,0,0,3520.26,1249.35,0.434957,0.269589
Test,A100,256,16384,4194304,134217728,16384,10,2199.02,2147483648,0,0,0,0,0,0,0,0,0,0,0,0,0,0,0,0,0,0,0,0,0,0,0,0,1024,0,0,0,0,0,0,0,0,0,0,4859.15,452.553,0.182023,0.112819
Test,A100,256,16384,4194304,536870912,16384,10,8796.09,2147483648,0,0,0,0,0,0,0,0,0,0,0,0,0,0,0,0,0,0,0,0,0,0,0,0,0,4096,0,0,0,0,0,0,0,0,0,10928.3,804.888,0.428579,0.265636
Test,A100,256,16384,4194304,268435456,16384,10,4398.05,2147483648,0,0,0,0,0,0,0,0,0,0,0,0,0,0,0,0,0,0,0,0,0,0,0,0,0,0,2048,0,0,0,0,0,0,0,0,24140.5,182.186,0.290613,0.180124
Test,A100,256,16384,4194304,134217728,16384,10,2199.02,2147483648,0,0,0,0,0,0,0,0,0,0,0,0,0,0,0,0,0,0,0,0,0,0,0,0,0,0,0,1024,0,0,0,0,0,0,0,18066.7,121.717,0.0699898,0.0433801
Test,A100,256,16384,4194304,1073741824,16384,10,35184.4,2147483648,0,0,0,0,0,0,0,0,0,0,0,0,0,0,0,0,0,0,0,0,0,0,0,0,0,0,0,0,16384,0,0,0,0,0,0,24371.4,1443.68,1.32437,0.820853
Test,A100,256,16384,4194304,536870912,16384,10,17592.2,2147483648,0,0,0,0,0,0,0,0,0,0,0,0,0,0,0,0,0,0,0,0,0,0,0,0,0,0,0,0,0,8192,0,0,0,0,0,11578.1,1519.44,0.951428,0.589701
Test,A100,256,16384,4194304,268435456,16384,10,8796.09,2147483648,0,0,0,0,0,0,0,0,0,0,0,0,0,0,0,0,0,0,0,0,0,0,0,0,0,0,0,0,0,0,4096,0,0,0,0,5795.78,1517.67,1.57252,0.974661
Test,A100,256,16384,4194304,134217728,16384,10,4398.05,2147483648,0,0,0,0,0,0,0,0,0,0,0,0,0,0,0,0,0,0,0,0,0,0,0,0,0,0,0,0,0,0,0,2048,0,0,0,2931.12,1500.47,2.67122,1.65564
Test,A100,256,16384,4194304,536870912,16384,10,17592.2,2147483648,0,0,0,0,0,0,0,0,0,0,0,0,0,0,0,0,0,0,0,0,0,0,0,0,0,0,0,0,0,0,0,0,8192,0,0,3898.56,4512.49,3.83572,2.37741
Test,A100,256,16384,4194304,268435456,16384,10,8796.09,2147483648,0,0,0,0,0,0,0,0,0,0,0,0,0,0,0,0,0,0,0,0,0,0,0,0,0,0,0,0,0,0,0,0,0,4096,0,1837.51,4786.96,1.01426,0.628643
Test,A100,256,16384,4194304,134217728,16384,10,4398.05,2147483648,0,0,0,0,0,0,0,0,0,0,0,0,0,0,0,0,0,0,0,0,0,0,0,0,0,0,0,0,0,0,0,0,0,0,2048,911.102,4827.17,0.338734,0.20995
Test,A100,256,16384,4194304,1073741824,32768,10,35184.4,2147483648,16384,0,0,0,0,0,0,0,0,0,0,0,0,0,0,0,0,0,0,0,0,0,0,0,0,0,0,0,0,0,0,0,0,0,0,2083.92,16883.9,53.1065,32.9157
Test,A100,256,16384,4194304,536870912,32768,10,17592.2,2147483648,0,8192,0,0,0,0,0,0,0,0,0,0,0,0,0,0,0,0,0,0,0,0,0,0,0,0,0,0,0,0,0,0,0,0,0,1056.13,16657.2,17.4313,10.804
Test,A100,256,16384,4194304,268435456,32768,10,8796.09,2147483648,0,0,4096,0,0,0,0,0,0,0,0,0,0,0,0,0,0,0,0,0,0,0,0,0,0,0,0,0,0,0,0,0,0,0,0,532.314,16524.9,103.821,64.3488
Test,A100,256,16384,4194304,134217728,32768,10,4398.05,2147483648,0,0,0,2048,0,0,0,0,0,0,0,0,0,0,0,0,0,0,0,0,0,0,0,0,0,0,0,0,0,0,0,0,0,0,0,633.094,6946.92,7.90115,4.89719
Test,A100,256,16384,4194304,536870912,32768,10,17592.2,2147483648,0,0,0,0,8192,0,0,0,0,0,0,0,0,0,0,0,0,0,0,0,0,0,0,0,0,0,0,0,0,0,0,0,0,0,0,3719.79,4729.35,1.02878,0.637646
Test,A100,256,16384,4194304,268435456,32768,10,8796.09,1073741824,0,0,0,0,0,8192,0,0,0,0,0,0,0,0,0,0,0,0,0,0,0,0,0,0,0,0,0,0,0,0,0,0,0,0,0,914.073,9622.96,1.3113,0.812751
Test,A100,256,16384,4194304,134217728,32768,10,4398.05,2147483648,0,0,0,0,0,0,2048,0,0,0,0,0,0,0,0,0,0,0,0,0,0,0,0,0,0,0,0,0,0,0,0,0,0,0,0,904.439,4862.73,0.025415,0.0157524
Test,A100,256,16384,4194304,1073741824,32768,10,35184.4,2147483648,0,0,0,0,0,0,0,16384,0,0,0,0,0,0,0,0,0,0,0,0,0,0,0,0,0,0,0,0,0,0,0,0,0,0,0,4279.89,8220.87,3.76647,2.33448
Test,A100,256,16384,4194304,536870912,32768,10,17592.2,2147483648,0,0,0,0,0,0,0,0,8192,0,0,0,0,0,0,0,0,0,0,0,0,0,0,0,0,0,0,0,0,0,0,0,0,0,0,2188.34,8039.04,3.17654,1.96884
Test,A100,256,16384,4194304,268435456,32768,10,8796.09,2147483648,0,0,0,0,0,0,0,0,0,4096,0,0,0,0,0,0,0,0,0,0,0,0,0,0,0,0,0,0,0,0,0,0,0,0,0,904.892,9720.6,0.177524,0.11003
Test,A100,256,16384,4194304,134217728,32768,10,4398.05,2147483648,0,0,0,0,0,0,0,0,0,0,2048,0,0,0,0,0,0,0,0,0,0,0,0,0,0,0,0,0,0,0,0,0,0,0,0,2214.95,1985.62,0.57131,0.354102
Test,A100,256,16384,4194304,536870912,32768,10,17592.2,2147483648,0,0,0,0,0,0,0,0,0,0,0,8192,0,0,0,0,0,0,0,0,0,0,0,0,0,0,0,0,0,0,0,0,0,0,0,3721.98,4726.57,3.04231,1.88564
Test,A100,256,16384,4194304,268435456,32768,10,8796.09,1073741824,0,0,0,0,0,0,0,0,0,0,0,0,8192,0,0,0,0,0,0,0,0,0,0,0,0,0,0,0,0,0,0,0,0,0,0,914.047,9623.24,1.29822,0.804648
Test,A100,256,16384,4194304,134217728,32768,10,4398.05,2147483648,0,0,0,0,0,0,0,0,0,0,0,0,0,2048,0,0,0,0,0,0,0,0,0,0,0,0,0,0,0,0,0,0,0,0,0,904.95,4860,7.67721,4.75839
Test,A100,256,16384,4194304,1073741824,32768,10,70368.7,2147483648,0,0,0,0,0,0,0,0,0,0,0,0,0,0,32768,0,0,0,0,0,0,0,0,0,0,0,0,0,0,0,0,0,0,0,0,5617.25,12527.4,47.0856,29.184
Test,A100,256,16384,4194304,536870912,32768,10,35184.4,2147483648,0,0,0,0,0,0,0,0,0,0,0,0,0,0,0,16384,0,0,0,0,0,0,0,0,0,0,0,0,0,0,0,0,0,0,0,2826.76,12446.9,6.82909,4.23272
Test,A100,256,16384,4194304,268435456,32768,10,17592.2,2147483648,0,0,0,0,0,0,0,0,0,0,0,0,0,0,0,0,8192,0,0,0,0,0,0,0,0,0,0,0,0,0,0,0,0,0,0,905.419,19429.9,14.4469,8.95431
Test,A100,256,16384,4194304,134217728,32768,10,8796.09,2147483648,0,0,0,0,0,0,0,0,0,0,0,0,0,0,0,0,0,4096,0,0,0,0,0,0,0,0,0,0,0,0,0,0,0,0,0,2116.02,4156.91,2.36973,1.46878
Test,A100,256,16384,4194304,536870912,32768,10,35184.4,2147483648,0,0,0,0,0,0,0,0,0,0,0,0,0,0,0,0,0,0,16384,0,0,0,0,0,0,0,0,0,0,0,0,0,0,0,0,7440.18,4728.97,2.09345,1.29754
Test,A100,256,16384,4194304,268435456,32768,10,17592.2,1073741824,0,0,0,0,0,0,0,0,0,0,0,0,0,0,0,0,0,0,0,16384,0,0,0,0,0,0,0,0,0,0,0,0,0,0,0,911.908,19291.6,2.56847,1.59195
Test,A100,256,16384,4194304,134217728,32768,10,8796.09,2147483648,0,0,0,0,0,0,0,0,0,0,0,0,0,0,0,0,0,0,0,0,4096,0,0,0,0,0,0,0,0,0,0,0,0,0,0,904.709,9722.56,0.0864365,0.0535739
Test,A100,256,16384,4194304,1073741824,32768,10,35184.4,2147483648,0,0,0,0,0,0,0,0,0,0,0,0,0,0,0,0,0,0,0,0,0,16384,0,0,0,0,0,0,0,0,0,0,0,0,0,60785.8,578.826,0.0748311,0.0463808
Test,A100,256,16384,4194304,536870912,32768,10,17592.2,2147483648,0,0,0,0,0,0,0,0,0,0,0,0,0,0,0,0,0,0,0,0,0,0,8192,0,0,0,0,0,0,0,0,0,0,0,0,30395.8,578.77,0.163828,0.101541
Test,A100,256,16384,4194304,268435456,32768,10,8796.09,2147483648,0,0,0,0,0,0,0,0,0,0,0,0,0,0,0,0,0,0,0,0,0,0,0,4096,0,0,0,0,0,0,0,0,0,0,0,7020.85,1252.85,0.508622,0.315247
Test,A100,256,16384,4194304,134217728,32768,10,4398.05,2147483648,0,0,0,0,0,0,0,0,0,0,0,0,0,0,0,0,0,0,0,0,0,0,0,0,2048,0,0,0,0,0,0,0,0,0,0,9695.61,453.612,0.203237,0.125968
Test,A100,256,16384,4194304,536870912,32768,10,17592.2,2147483648,0,0,0,0,0,0,0,0,0,0,0,0,0,0,0,0,0,0,0,0,0,0,0,0,0,8192,0,0,0,0,0,0,0,0,0,21865.2,804.576,0.711035,0.440704
Test,A100,256,16384,4194304,268435456,32768,10,8796.09,2147483648,0,0,0,0,0,0,0,0,0,0,0,0,0,0,0,0,0,0,0,0,0,0,0,0,0,0,4096,0,0,0,0,0,0,0,0,47968.2,183.374,0.331688,0.205583
Test,A100,256,16384,4194304,134217728,32768,10,4398.05,2147483648,0,0,0,0,0,0,0,0,0,0,0,0,0,0,0,0,0,0,0,0,0,0,0,0,0,0,0,2048,0,0,0,0,0,0,0,36248.3,121.331,0.227706,0.141133
Test,A100,256,16384,4194304,1073741824,32768,10,70368.7,2147483648,0,0,0,0,0,0,0,0,0,0,0,0,0,0,0,0,0,0,0,0,0,0,0,0,0,0,0,0,32768,0,0,0,0,0,0,48812.8,1441.6,0.753761,0.467186
Test,A100,256,16384,4194304,536870912,32768,10,35184.4,2147483648,0,0,0,0,0,0,0,0,0,0,0,0,0,0,0,0,0,0,0,0,0,0,0,0,0,0,0,0,0,16384,0,0,0,0,0,23136.8,1520.71,1.1968,0.741784
Test,A100,256,16384,4194304,268435456,32768,10,17592.2,2147483648,0,0,0,0,0,0,0,0,0,0,0,0,0,0,0,0,0,0,0,0,0,0,0,0,0,0,0,0,0,0,8192,0,0,0,0,11574.5,1519.91,1.74148,1.07938
Test,A100,256,16384,4194304,134217728,32768,10,8796.09,2147483648,0,0,0,0,0,0,0,0,0,0,0,0,0,0,0,0,0,0,0,0,0,0,0,0,0,0,0,0,0,0,0,4096,0,0,0,5845.31,1504.82,3.00017,1.85952
Test,A100,256,16384,4194304,536870912,32768,10,35184.4,2147483648,0,0,0,0,0,0,0,0,0,0,0,0,0,0,0,0,0,0,0,0,0,0,0,0,0,0,0,0,0,0,0,0,16384,0,0,7693.91,4573.02,6.80781,4.21952
Test,A100,256,16384,4194304,268435456,32768,10,17592.2,2147483648,0,0,0,0,0,0,0,0,0,0,0,0,0,0,0,0,0,0,0,0,0,0,0,0,0,0,0,0,0,0,0,0,0,8192,0,3681.57,4778.44,1.86461,1.1557
Test,A100,256,16384,4194304,134217728,32768,10,8796.09,2147483648,0,0,0,0,0,0,0,0,0,0,0,0,0,0,0,0,0,0,0,0,0,0,0,0,0,0,0,0,0,0,0,0,0,0,4096,1833.66,4797.02,2.39707,1.48572
Test,A100,256,16384,4194304,1073741824,1,10,1.07374,2147483648,0,0,0,0,0,0,0,0,0,0,0,0,0,0,0,0,0,0,0,0,0,0.5,0,0,0,0,0,0,0,0,0,0,0,0,0,10.859,99.7716,9.43031,5.84496
Test,A100,256,16384,4194304,536870912,1,10,0.536871,2147483648,0,0,0,0,0,0,0,0,0,0,0,0,0,0,0,0,0,0,0,0,0,0,0.25,0,0,0,0,0,0,0,0,0,0,0,0,4.95688,108.308,0.0999647,0.0619588
Test,A100,256,16384,4194304,268435456,1,10,0.268435,2147483648,0,0,0,0,0,0,0,0,0,0,0,0,0,0,0,0,0,0,0,0,0,0,0,0.125,0,0,0,0,0,0,0,0,0,0,0,1.76957,151.695,0.072887,0.0451758
Test,A100,256,16384,4194304,134217728,1,10,0.134218,2147483648,0,0,0,0,0,0,0,0,0,0,0,0,0,0,0,0,0,0,0,0,0,0,0,0,0.0625,0,0,0,0,0,0,0,0,0,0,1.65192,81.2498,0.0866787,0.053724
Test,A100,256,16384,4194304,536870912,1,10,0.536871,2147483648,0,0,0,0,0,0,0,0,0,0,0,0,0,0,0,0,0,0,0,0,0,0,0,0,0,0.25,0,0,0,0,0,0,0,0,0,4.26127,125.989,0.17965,0.111348
Test,A100,256,16384,4194304,268435456,1,10,0.268435,2147483648,0,0,0,0,0,0,0,0,0,0,0,0,0,0,0,0,0,0,0,0,0,0,0,0,0,0,0.125,0,0,0,0,0,0,0,0,1.77469,151.257,0.0823164,0.0510203
Test,A100,256,16384,4194304,134217728,1,10,0.134218,2147483648,0,0,0,0,0,0,0,0,0,0,0,0,0,0,0,0,0,0,0,0,0,0,0,0,0,0,0,0.0625,0,0,0,0,0,0,0,1.64946,81.3708,0.0588953,0.0365037
Test,A100,256,16384,4194304,1073741824,2,10,2.14748,2147483648,0,0,0,0,0,0,0,0,0,0,0,0,0,0,0,0,0,0,0,0,0,1,0,0,0,0,0,0,0,0,0,0,0,0,0,12.9251,166.493,8.04962,4.98921
Test,A100,256,16384,4194304,536870912,2,10,1.07374,2147483648,0,0,0,0,0,0,0,0,0,0,0,0,0,0,0,0,0,0,0,0,0,0,0.5,0,0,0,0,0,0,0,0,0,0,0,0,5.19117,206.841,0.296131,0.183544
Test,A100,256,16384,4194304,268435456,2,10,0.536871,2147483648,0,0,0,0,0,0,0,0,0,0,0,0,0,0,0,0,0,0,0,0,0,0,0,0.25,0,0,0,0,0,0,0,0,0,0,0,1.78524,300.727,0.0845002,0.0523738
Test,A100,256,16384,4194304,134217728,2,10,0.268435,2147483648,0,0,0,0,0,0,0,0,0,0,0,0,0,0,0,0,0,0,0,0,0,0,0,0,0.125,0,0,0,0,0,0,0,0,0,0,1.65755,161.947,0.179182,0.111058
Test,A100,256,16384,4194304,536870912,2,10,1.07374,2147483648,0,0,0,0,0,0,0,0,0,0,0,0,0,0,0,0,0,0,0,0,0,0,0,0,0,0.5,0,0,0,0,0,0,0,0,0,4.93343,217.647,0.307634,0.190673
Test,A100,256,16384,4194304,268435456,2,10,0.536871,2147483648,0,0,0,0,0,0,0,0,0,0,0,0,0,0,0,0,0,0,0,0,0,0,0,0,0,0,0.25,0,0,0,0,0,0,0,0,1.78227,301.229,0.270843,0.16787
Test,A100,256,16384,4194304,134217728,2,10,0.268435,2147483648,0,0,0,0,0,0,0,0,0,0,0,0,0,0,0,0,0,0,0,0,0,0,0,0,0,0,0,0.125,0,0,0,0,0,0,0,1.65335,162.359,0.225632,0.139848
Test,A100,256,16384,4194304,1073741824,4,10,4.29497,2147483648,0,0,0,0,0,0,0,0,0,0,0,0,0,0,0,0,0,0,0,0,0,2,0,0,0,0,0,0,0,0,0,0,0,0,0,14.7507,291.346,7.09255,4.39601
Test,A100,256,16384,4194304,536870912,4,10,2.14748,2147483648,0,0,0,0,0,0,0,0,0,0,0,0,0,0,0,0,0,0,0,0,0,0,1,0,0,0,0,0,0,0,0,0,0,0,0,5.53042,388.305,0.663454,0.411213
Test,A100,256,16384,4194304,268435456,4,10,1.07374,2147483648,0,0,0,0,0,0,0,0,0,0,0,0,0,0,0,0,0,0,0,0,0,0,0,0.5,0,0,0,0,0,0,0,0,0,0,0,1.82446,588.526,0.392153,0.243059
Test,A100,256,16384,4194304,134217728,4,10,0.536871,2147483648,0,0,0,0,0,0,0,0,0,0,0,0,0,0,0,0,0,0,0,0,0,0,0,0,0.25,0,0,0,0,0,0,0,0,0,0,1.67485,320.548,0.373807,0.231688
Test,A100,256,16384,4194304,536870912,4,10,2.14748,2147483648,0,0,0,0,0,0,0,0,0,0,0,0,0,0,0,0,0,0,0,0,0,0,0,0,0,1,0,0,0,0,0,0,0,0,0,6.30804,340.436,0.528685,0.327682
Test,A100,256,16384,4194304,268435456,4,10,1.07374,2147483648,0,0,0,0,0,0,0,0,0,0,0,0,0,0,0,0,0,0,0,0,0,0,0,0,0,0,0.5,0,0,0,0,0,0,0,0,1.82262,589.121,0.404048,0.250432
Test,A100,256,16384,4194304,134217728,4,10,0.536871,2147483648,0,0,0,0,0,0,0,0,0,0,0,0,0,0,0,0,0,0,0,0,0,0,0,0,0,0,0,0.25,0,0,0,0,0,0,0,1.66431,322.58,0.396953,0.246034
Test,A100,256,16384,4194304,1073741824,8,10,8.58993,2147483648,0,0,0,0,0,0,0,0,0,0,0,0,0,0,0,0,0,0,0,0,0,4,0,0,0,0,0,0,0,0,0,0,0,0,0,14.9427,574.865,2.0235,1.25418
Test,A100,256,16384,4194304,536870912,8,10,4.29497,2147483648,0,0,0,0,0,0,0,0,0,0,0,0,0,0,0,0,0,0,0,0,0,0,2,0,0,0,0,0,0,0,0,0,0,0,0,7.51063,571.852,0.116654,0.0723031
Test,A100,256,16384,4194304,268435456,8,10,2.14748,2147483648,0,0,0,0,0,0,0,0,0,0,0,0,0,0,0,0,0,0,0,0,0,0,0,1,0,0,0,0,0,0,0,0,0,0,0,2.0011,1073.15,1.119,0.693564
Test,A100,256,16384,4194304,134217728,8,10,1.07374,2147483648,0,0,0,0,0,0,0,0,0,0,0,0,0,0,0,0,0,0,0,0,0,0,0,0,0.5,0,0,0,0,0,0,0,0,0,0,1.91724,560.047,0.355234,0.220176
Test,A100,256,16384,4194304,536870912,8,10,4.29497,2147483648,0,0,0,0,0,0,0,0,0,0,0,0,0,0,0,0,0,0,0,0,0,0,0,0,0,2,0,0,0,0,0,0,0,0,0,8.34314,514.791,0.687784,0.426293
Test,A100,256,16384,4194304,268435456,8,10,2.14748,2147483648,0,0,0,0,0,0,0,0,0,0,0,0,0,0,0,0,0,0,0,0,0,0,0,0,0,0,1,0,0,0,0,0,0,0,0,2.05978,1042.58,0.778072,0.482254
Test,A100,256,16384,4194304,134217728,8,10,1.07374,2147483648,0,0,0,0,0,0,0,0,0,0,0,0,0,0,0,0,0,0,0,0,0,0,0,0,0,0,0,0.5,0,0,0,0,0,0,0,2.13484,503.261,11.8746,7.35996
Test,A100,256,16384,4194304,1073741824,16,10,17.1799,2147483648,0,0,0,0,0,0,0,0,0,0,0,0,0,0,0,0,0,0,0,0,0,8,0,0,0,0,0,0,0,0,0,0,0,0,0,29.6281,579.854,1.35901,0.842322
Test,A100,256,16384,4194304,536870912,16,10,8.58993,2147483648,0,0,0,0,0,0,0,0,0,0,0,0,0,0,0,0,0,0,0,0,0,0,4,0,0,0,0,0,0,0,0,0,0,0,0,14.8923,576.809,1.93689,1.20049
Test,A100,256,16384,4194304,268435456,16,10,4.29497,2147483648,0,0,0,0,0,0,0,0,0,0,0,0,0,0,0,0,0,0,0,0,0,0,0,2,0,0,0,0,0,0,0,0,0,0,0,3.13682,1369.21,0.448905,0.278234
Test,A100,256,16384,4194304,134217728,16,10,2.14748,2147483648,0,0,0,0,0,0,0,0,0,0,0,0,0,0,0,0,0,0,0,0,0,0,0,0,1,0,0,0,0,0,0,0,0,0,0,3.62291,592.761,2.44523,1.51557
Test,A100,256,16384,4194304,536870912,16,10,8.58993,2147483648,0,0,0,0,0,0,0,0,0,0,0,0,0,0,0,0,0,0,0,0,0,0,0,0,0,4,0,0,0,0,0,0,0,0,0,12.7004,676.362,2.40794,1.49246
Test,A100,256,16384,4194304,268435456,16,10,4.29497,2147483648,0,0,0,0,0,0,0,0,0,0,0,0,0,0,0,0,0,0,0,0,0,0,0,0,0,0,2,0,0,0,0,0,0,0,0,3.86345,1111.69,0.50114,0.31061
Test,A100,256,16384,4194304,134217728,16,10,2.14748,2147483648,0,0,0,0,0,0,0,0,0,0,0,0,0,0,0,0,0,0,0,0,0,0,0,0,0,0,0,1,0,0,0,0,0,0,0,4.29486,500.687,18.0891,11.2118
Test,A100,256,16384,4194304,1073741824,32,10,34.3597,2147483648,0,0,0,0,0,0,0,0,0,0,0,0,0,0,0,0,0,0,0,0,0,16,0,0,0,0,0,0,0,0,0,0,0,0,0,61.7994,561.865,50.1652,31.0927
Test,A100,256,16384,4194304,536870912,32,10,17.1799,2147483648,0,0,0,0,0,0,0,0,0,0,0,0,0,0,0,0,0,0,0,0,0,0,8,0,0,0,0,0,0,0,0,0,0,0,0,29.5987,580.429,1.17838,0.730367
Test,A100,256,16384,4194304,268435456,32,10,8.58993,2147483648,0,0,0,0,0,0,0,0,0,0,0,0,0,0,0,0,0,0,0,0,0,0,0,4,0,0,0,0,0,0,0,0,0,0,0,6.00228,1431.11,0.536895,0.332771
Test,A100,256,16384,4194304,134217728,32,10,4.29497,2147483648,0,0,0,0,0,0,0,0,0,0,0,0,0,0,0,0,0,0,0,0,0,0,0,0,2,0,0,0,0,0,0,0,0,0,0,7.15049,600.654,0.419917,0.260267
Test,A100,256,16384,4194304,536870912,32,10,17.1799,2147483648,0,0,0,0,0,0,0,0,0,0,0,0,0,0,0,0,0,0,0,0,0,0,0,0,0,8,0,0,0,0,0,0,0,0,0,22.6776,757.595,4.36714,2.70678
Test,A100,256,16384,4194304,268435456,32,10,8.58993,2147483648,0,0,0,0,0,0,0,0,0,0,0,0,0,0,0,0,0,0,0,0,0,0,0,0,0,0,4,0,0,0,0,0,0,0,0,39.1985,219.139,0.14535,0.090089
Test,A100,256,16384,4194304,134217728,32,10,4.29497,2147483648,0,0,0,0,0,0,0,0,0,0,0,0,0,0,0,0,0,0,0,0,0,0,0,0,0,0,0,2,0,0,0,0,0,0,0,8.74025,492.002,17.3826,10.7739
Test,A100,256,16384,4194304,1073741824,64,10,68.7195,2147483648,0,0,0,0,0,0,0,0,0,0,0,0,0,0,0,0,0,0,0,0,0,32,0,0,0,0,0,0,0,0,0,0,0,0,0,119.653,575.053,19.551,12.1178
Test,A100,256,16384,4194304,536870912,64,10,34.3597,2147483648,0,0,0,0,0,0,0,0,0,0,0,0,0,0,0,0,0,0,0,0,0,0,16,0,0,0,0,0,0,0,0,0,0,0,0,59.0451,581.924,0.0155108,0.00961371
Test,A100,256,16384,4194304,268435456,64,10,17.1799,2147483648,0,0,0,0,0,0,0,0,0,0,0,0,0,0,0,0,0,0,0,0,0,0,0,8,0,0,0,0,0,0,0,0,0,0,0,11.6081,1479.99,0.116758,0.0723671
Test,A100,256,16384,4194304,134217728,64,10,8.58993,2147483648,0,0,0,0,0,0,0,0,0,0,0,0,0,0,0,0,0,0,0,0,0,0,0,0,4,0,0,0,0,0,0,0,0,0,0,14.0632,610.809,0.0453304,0.028096
Test,A100,256,16384,4194304,536870912,64,10,34.3597,2147483648,0,0,0,0,0,0,0,0,0,0,0,0,0,0,0,0,0,0,0,0,0,0,0,0,0,16,0,0,0,0,0,0,0,0,0,37.2052,923.538,4.12122,2.55436
Test,A100,256,16384,4194304,268435456,64,10,17.1799,2147483648,0,0,0,0,0,0,0,0,0,0,0,0,0,0,0,0,0,0,0,0,0,0,0,0,0,0,8,0,0,0,0,0,0,0,0,101.315,169.569,0.165218,0.102403
Test,A100,256,16384,4194304,134217728,64,10,8.58993,2147483648,0,0,0,0,0,0,0,0,0,0,0,0,0,0,0,0,0,0,0,0,0,0,0,0,0,0,0,4,0,0,0,0,0,0,0,17.3273,496.211,15.3216,9.49644
Test,A100,256,16384,4194304,1073741824,128,10,137.439,2147483648,0,0,0,0,0,0,0,0,0,0,0,0,0,0,0,0,0,0,0,0,0,64,0,0,0,0,0,0,0,0,0,0,0,0,0,235.973,582.437,1.17884,0.730653
Test,A100,256,16384,4194304,536870912,128,10,68.7195,2147483648,0,0,0,0,0,0,0,0,0,0,0,0,0,0,0,0,0,0,0,0,0,0,32,0,0,0,0,0,0,0,0,0,0,0,0,117.968,582.525,0.00608756,0.00377311
Test,A100,256,16384,4194304,268435456,128,10,34.3597,2147483648,0,0,0,0,0,0,0,0,0,0,0,0,0,0,0,0,0,0,0,0,0,0,0,16,0,0,0,0,0,0,0,0,0,0,0,22.9015,1500.33,0.0951459,0.058972
Test,A100,256,16384,4194304,134217728,128,10,17.1799,2147483648,0,0,0,0,0,0,0,0,0,0,0,0,0,0,0,0,0,0,0,0,0,0,0,0,8,0,0,0,0,0,0,0,0,0,0,31.7024,541.91,0.263403,0.163259
Test,A100,256,16384,4194304,536870912,128,10,68.7195,2147483648,0,0,0,0,0,0,0,0,0,0,0,0,0,0,0,0,0,0,0,0,0,0,0,0,0,32,0,0,0,0,0,0,0,0,0,71.8644,956.239,1.06708,0.661382
Test,A100,256,16384,4194304,268435456,128,10,34.3597,2147483648,0,0,0,0,0,0,0,0,0,0,0,0,0,0,0,0,0,0,0,0,0,0,0,0,0,0,16,0,0,0,0,0,0,0,0,168.653,203.73,0.230972,0.143158
Test,A100,256,16384,4194304,134217728,128,10,17.1799,2147483648,0,0,0,0,0,0,0,0,0,0,0,0,0,0,0,0,0,0,0,0,0,0,0,0,0,0,0,8,0,0,0,0,0,0,0,35.1037,489.613,10.4031,6.44794
Test,A100,256,16384,4194304,1073741824,256,10,274.878,2147483648,0,0,0,0,0,0,0,0,0,0,0,0,0,0,0,0,0,0,0,0,0,128,0,0,0,0,0,0,0,0,0,0,0,0,0,473.034,581.101,1.93098,1.19683
Test,A100,256,16384,4194304,536870912,256,10,137.439,2147483648,0,0,0,0,0,0,0,0,0,0,0,0,0,0,0,0,0,0,0,0,0,0,64,0,0,0,0,0,0,0,0,0,0,0,0,235.805,582.849,0.00392186,0.00243079
Test,A100,256,16384,4194304,268435456,256,10,68.7195,2147483648,0,0,0,0,0,0,0,0,0,0,0,0,0,0,0,0,0,0,0,0,0,0,0,32,0,0,0,0,0,0,0,0,0,0,0,45.4977,1510.4,0.0962004,0.0596256
Test,A100,256,16384,4194304,134217728,256,10,34.3597,2147483648,0,0,0,0,0,0,0,0,0,0,0,0,0,0,0,0,0,0,0,0,0,0,0,0,16,0,0,0,0,0,0,0,0,0,0,68.9153,498.579,0.282215,0.174919
Test,A100,256,16384,4194304,536870912,256,10,137.439,2147483648,0,0,0,0,0,0,0,0,0,0,0,0,0,0,0,0,0,0,0,0,0,0,0,0,0,64,0,0,0,0,0,0,0,0,0,147.598,931.183,3.4502,2.13846
Test,A100,256,16384,4194304,268435456,256,10,68.7195,2147483648,0,0,0,0,0,0,0,0,0,0,0,0,0,0,0,0,0,0,0,0,0,0,0,0,0,0,32,0,0,0,0,0,0,0,0,300.567,228.633,0.242455,0.150275
Test,A100,256,16384,4194304,134217728,256,10,34.3597,2147483648,0,0,0,0,0,0,0,0,0,0,0,0,0,0,0,0,0,0,0,0,0,0,0,0,0,0,0,16,0,0,0,0,0,0,0,160.647,213.886,0.819062,0.50766
Test,A100,256,16384,4194304,1073741824,512,10,549.756,2147483648,0,0,0,0,0,0,0,0,0,0,0,0,0,0,0,0,0,0,0,0,0,256,0,0,0,0,0,0,0,0,0,0,0,0,0,944.038,582.346,0.737012,0.456805
Test,A100,256,16384,4194304,536870912,512,10,274.878,2147483648,0,0,0,0,0,0,0,0,0,0,0,0,0,0,0,0,0,0,0,0,0,0,128,0,0,0,0,0,0,0,0,0,0,0,0,472.066,582.289,1.04212,0.645911
Test,A100,256,16384,4194304,268435456,512,10,137.439,2147483648,0,0,0,0,0,0,0,0,0,0,0,0,0,0,0,0,0,0,0,0,0,0,0,64,0,0,0,0,0,0,0,0,0,0,0,98.2724,1398.56,2.91338,1.80573
Test,A100,256,16384,4194304,134217728,512,10,68.7195,2147483648,0,0,0,0,0,0,0,0,0,0,0,0,0,0,0,0,0,0,0,0,0,0,0,0,32,0,0,0,0,0,0,0,0,0,0,146.736,468.321,1.01388,0.628409
Test,A100,256,16384,4194304,536870912,512,10,274.878,2147483648,0,0,0,0,0,0,0,0,0,0,0,0,0,0,0,0,0,0,0,0,0,0,0,0,0,128,0,0,0,0,0,0,0,0,0,322.849,851.416,1.54872,0.959908
Test,A100,256,16384,4194304,268435456,512,10,137.439,2147483648,0,0,0,0,0,0,0,0,0,0,0,0,0,0,0,0,0,0,0,0,0,0,0,0,0,0,64,0,0,0,0,0,0,0,0,657.975,208.883,0.426048,0.264067
Test,A100,256,16384,4194304,134217728,512,10,68.7195,2147483648,0,0,0,0,0,0,0,0,0,0,0,0,0,0,0,0,0,0,0,0,0,0,0,0,0,0,0,32,0,0,0,0,0,0,0,435.466,157.807,0.374733,0.232262
Test,A100,256,16384,4194304,1073741824,1024,10,1099.51,2147483648,0,0,0,0,0,0,0,0,0,0,0,0,0,0,0,0,0,0,0,0,0,512,0,0,0,0,0,0,0,0,0,0,0,0,0,1886.91,582.705,0.526723,0.326466
Test,A100,256,16384,4194304,536870912,1024,10,549.756,2147483648,0,0,0,0,0,0,0,0,0,0,0,0,0,0,0,0,0,0,0,0,0,0,256,0,0,0,0,0,0,0,0,0,0,0,0,944.037,582.346,0.492337,0.305154
Test,A100,256,16384,4194304,268435456,1024,10,274.878,2147483648,0,0,0,0,0,0,0,0,0,0,0,0,0,0,0,0,0,0,0,0,0,0,0,128,0,0,0,0,0,0,0,0,0,0,0,211.162,1301.74,1.49704,0.927876
Test,A100,256,16384,4194304,134217728,1024,10,137.439,2147483648,0,0,0,0,0,0,0,0,0,0,0,0,0,0,0,0,0,0,0,0,0,0,0,0,64,0,0,0,0,0,0,0,0,0,0,304.194,451.814,0.32796,0.203272
Test,A100,256,16384,4194304,536870912,1024,10,549.756,2147483648,0,0,0,0,0,0,0,0,0,0,0,0,0,0,0,0,0,0,0,0,0,0,0,0,0,256,0,0,0,0,0,0,0,0,0,693.378,792.867,0.9243,0.572887
Test,A100,256,16384,4194304,268435456,1024,10,274.878,2147483648,0,0,0,0,0,0,0,0,0,0,0,0,0,0,0,0,0,0,0,0,0,0,0,0,0,0,128,0,0,0,0,0,0,0,0,1373.52,200.128,0.261117,0.161842
Test,A100,256,16384,4194304,134217728,1024,10,137.439,2147483648,0,0,0,0,0,0,0,0,0,0,0,0,0,0,0,0,0,0,0,0,0,0,0,0,0,0,0,64,0,0,0,0,0,0,0,1023.59,134.272,0.0553858,0.0343285
Test,A100,256,16384,4194304,1073741824,2048,10,2199.02,2147483648,0,0,0,0,0,0,0,0,0,0,0,0,0,0,0,0,0,0,0,0,0,1024,0,0,0,0,0,0,0,0,0,0,0,0,0,3776.07,582.361,1.28348,0.795508
Test,A100,256,16384,4194304,536870912,2048,10,1099.51,2147483648,0,0,0,0,0,0,0,0,0,0,0,0,0,0,0,0,0,0,0,0,0,0,512,0,0,0,0,0,0,0,0,0,0,0,0,1885.88,583.022,0.0159826,0.00990612
Test,A100,256,16384,4194304,268435456,2048,10,549.756,2147483648,0,0,0,0,0,0,0,0,0,0,0,0,0,0,0,0,0,0,0,0,0,0,0,256,0,0,0,0,0,0,0,0,0,0,0,450.705,1219.77,0.673915,0.417697
Test,A100,256,16384,4194304,134217728,2048,10,274.878,2147483648,0,0,0,0,0,0,0,0,0,0,0,0,0,0,0,0,0,0,0,0,0,0,0,0,128,0,0,0,0,0,0,0,0,0,0,618.425,444.481,0.222294,0.137779
Test,A100,256,16384,4194304,536870912,2048,10,1099.51,2147483648,0,0,0,0,0,0,0,0,0,0,0,0,0,0,0,0,0,0,0,0,0,0,0,0,0,512,0,0,0,0,0,0,0,0,0,1378.82,797.43,0.581644,0.360507
Test,A100,256,16384,4194304,268435456,2048,10,549.756,2147483648,0,0,0,0,0,0,0,0,0,0,0,0,0,0,0,0,0,0,0,0,0,0,0,0,0,0,256,0,0,0,0,0,0,0,0,3091.39,177.835,0.382341,0.236978
Test,A100,256,16384,4194304,134217728,2048,10,274.878,2147483648,0,0,0,0,0,0,0,0,0,0,0,0,0,0,0,0,0,0,0,0,0,0,0,0,0,0,0,128,0,0,0,0,0,0,0,2210.96,124.325,0.0829477,0.0514115
Test,A100,256,16384,4194304,1073741824,4096,10,4398.05,2147483648,0,0,0,0,0,0,0,0,0,0,0,0,0,0,0,0,0,0,0,0,0,2048,0,0,0,0,0,0,0,0,0,0,0,0,0,7600.05,578.687,0.143151,0.0887261
Test,A100,256,16384,4194304,536870912,4096,10,2199.02,2147483648,0,0,0,0,0,0,0,0,0,0,0,0,0,0,0,0,0,0,0,0,0,0,1024,0,0,0,0,0,0,0,0,0,0,0,0,3799.33,578.793,0.129341,0.0801661
Test,A100,256,16384,4194304,268435456,4096,10,1099.51,2147483648,0,0,0,0,0,0,0,0,0,0,0,0,0,0,0,0,0,0,0,0,0,0,0,512,0,0,0,0,0,0,0,0,0,0,0,892.36,1232.14,0.970573,0.601568
Test,A100,256,16384,4194304,134217728,4096,10,549.756,2147483648,0,0,0,0,0,0,0,0,0,0,0,0,0,0,0,0,0,0,0,0,0,0,0,0,256,0,0,0,0,0,0,0,0,0,0,1230.14,446.907,0.468746,0.290532
Test,A100,256,16384,4194304,536870912,4096,10,2199.02,2147483648,0,0,0,0,0,0,0,0,0,0,0,0,0,0,0,0,0,0,0,0,0,0,0,0,0,1024,0,0,0,0,0,0,0,0,0,2744.1,801.363,0.541531,0.335644
Test,A100,256,16384,4194304,268435456,4096,10,1099.51,2147483648,0,0,0,0,0,0,0,0,0,0,0,0,0,0,0,0,0,0,0,0,0,0,0,0,0,0,512,0,0,0,0,0,0,0,0,6163.11,178.403,0.411967,0.25534
Test,A100,256,16384,4194304,134217728,4096,10,549.756,2147483648,0,0,0,0,0,0,0,0,0,0,0,0,0,0,0,0,0,0,0,0,0,0,0,0,0,0,0,256,0,0,0,0,0,0,0,4513.89,121.792,0.0791814,0.0490771
Test,A100,256,16384,4194304,1073741824,8192,10,8796.09,2147483648,0,0,0,0,0,0,0,0,0,0,0,0,0,0,0,0,0,0,0,0,0,4096,0,0,0,0,0,0,0,0,0,0,0,0,0,15198.1,578.764,0.0612966,0.037992
Test,A100,256,16384,4194304,536870912,8192,10,4398.05,2147483648,0,0,0,0,0,0,0,0,0,0,0,0,0,0,0,0,0,0,0,0,0,0,2048,0,0,0,0,0,0,0,0,0,0,0,0,7599.87,578.701,0.18619,0.115402
Test,A100,256,16384,4194304,268435456,8192,10,2199.02,2147483648,0,0,0,0,0,0,0,0,0,0,0,0,0,0,0,0,0,0,0,0,0,0,0,1024,0,0,0,0,0,0,0,0,0,0,0,1768.48,1243.46,0.440184,0.272829
Test,A100,256,16384,4194304,134217728,8192,10,1099.51,2147483648,0,0,0,0,0,0,0,0,0,0,0,0,0,0,0,0,0,0,0,0,0,0,0,0,512,0,0,0,0,0,0,0,0,0,0,2440.44,450.538,0.178636,0.11072
Test,A100,256,16384,4194304,536870912,8192,10,4398.05,2147483648,0,0,0,0,0,0,0,0,0,0,0,0,0,0,0,0,0,0,0,0,0,0,0,0,0,2048,0,0,0,0,0,0,0,0,0,5479.37,802.656,0.569468,0.35296
Test,A100,256,16384,4194304,268435456,8192,10,2199.02,2147483648,0,0,0,0,0,0,0,0,0,0,0,0,0,0,0,0,0,0,0,0,0,0,0,0,0,0,1024,0,0,0,0,0,0,0,0,12214.3,180.037,0.238952,0.148104
Test,A100,256,16384,4194304,134217728,8192,10,1099.51,2147483648,0,0,0,0,0,0,0,0,0,0,0,0,0,0,0,0,0,0,0,0,0,0,0,0,0,0,0,512,0,0,0,0,0,0,0,9045.56,121.553,0.063103,0.0391116
Test,A100,256,16384,4194304,1073741824,16384,10,17592.2,2147483648,0,0,0,0,0,0,0,0,0,0,0,0,0,0,0,0,0,0,0,0,0,8192,0,0,0,0,0,0,0,0,0,0,0,0,0,30408.5,578.529,0.266791,0.165359
Test,A100,256,16384,4194304,536870912,16384,10,8796.09,2147483648,0,0,0,0,0,0,0,0,0,0,0,0,0,0,0,0,0,0,0,0,0,0,4096,0,0,0,0,0,0,0,0,0,0,0,0,15198.3,578.754,0.0740365,0.0458883
Test,A100,256,16384,4194304,268435456,16384,10,4398.05,2147483648,0,0,0,0,0,0,0,0,0,0,0,0,0,0,0,0,0,0,0,0,0,0,0,2048,0,0,0,0,0,0,0,0,0,0,0,3522.2,1248.67,1.07453,0.666002
Test,A100,256,16384,4194304,134217728,16384,10,2199.02,2147483648,0,0,0,0,0,0,0,0,0,0,0,0,0,0,0,0,0,0,0,0,0,0,0,0,1024,0,0,0,0,0,0,0,0,0,0,4857.88,452.672,0.190146,0.117854
Test,A100,256,16384,4194304,536870912,16384,10,8796.09,2147483648,0,0,0,0,0,0,0,0,0,0,0,0,0,0,0,0,0,0,0,0,0,0,0,0,0,4096,0,0,0,0,0,0,0,0,0,10963.2,802.332,1.46422,0.907535
Test,A100,256,16384,4194304,268435456,16384,10,4398.05,2147483648,0,0,0,0,0,0,0,0,0,0,0,0,0,0,0,0,0,0,0,0,0,0,0,0,0,0,2048,0,0,0,0,0,0,0,0,24147.8,182.131,0.469816,0.291195
Test,A100,256,16384,4194304,134217728,16384,10,2199.02,2147483648,0,0,0,0,0,0,0,0,0,0,0,0,0,0,0,0,0,0,0,0,0,0,0,0,0,0,0,1024,0,0,0,0,0,0,0,18069.6,121.697,0.122951,0.0762057
Test,A100,256,16384,4194304,1073741824,32768,10,35184.4,2147483648,0,0,0,0,0,0,0,0,0,0,0,0,0,0,0,0,0,0,0,0,0,16384,0,0,0,0,0,0,0,0,0,0,0,0,0,60835.2,578.355,0.329446,0.204193
Test,A100,256,16384,4194304,536870912,32768,10,17592.2,2147483648,0,0,0,0,0,0,0,0,0,0,0,0,0,0,0,0,0,0,0,0,0,0,8192,0,0,0,0,0,0,0,0,0,0,0,0,30413.3,578.438,0.308,0.190901
Test,A100,256,16384,4194304,268435456,32768,10,8796.09,2147483648,0,0,0,0,0,0,0,0,0,0,0,0,0,0,0,0,0,0,0,0,0,0,0,4096,0,0,0,0,0,0,0,0,0,0,0,7024.78,1252.15,0.322804,0.200076
Test,A100,256,16384,4194304,134217728,32768,10,4398.05,2147483648,0,0,0,0,0,0,0,0,0,0,0,0,0,0,0,0,0,0,0,0,0,0,0,0,2048,0,0,0,0,0,0,0,0,0,0,9708.46,453.012,0.275996,0.171064
Test,A100,256,16384,4194304,536870912,32768,10,17592.2,2147483648,0,0,0,0,0,0,0,0,0,0,0,0,0,0,0,0,0,0,0,0,0,0,0,0,0,8192,0,0,0,0,0,0,0,0,0,21879.4,804.052,0.511127,0.3168
Test,A100,256,16384,4194304,268435456,32768,10,8796.09,2147483648,0,0,0,0,0,0,0,0,0,0,0,0,0,0,0,0,0,0,0,0,0,0,0,0,0,0,4096,0,0,0,0,0,0,0,0,47909.6,183.598,0.289911,0.179689
Test,A100,256,16384,4194304,134217728,32768,10,4398.05,2147483648,0,0,0,0,0,0,0,0,0,0,0,0,0,0,0,0,0,0,0,0,0,0,0,0,0,0,0,2048,0,0,0,0,0,0,0,36166,121.607,0.0745467,0.0462045
Test,A100,256,16384,4194304,268435456,128,10,34.3597,2147483648,0,0,0,0,0,0,0,0,0,0,0,0,0,0,0,0,0,0,0,0,0,0,0,0,0,0,16,0,0,0,0,0,0,0,0,168.693,203.682,0.236944,0.146859
Test,A100,256,16384,4194304,1073741824,1,10,1.07374,1073741824,0,0,0,0,0,0,0,0,0,0,0,0,0,0,0,0,0,0,0,0,0,1,0,0,0,0,0,0,0,0,0,0,0,0,0,5.15994,208.095,0.811628,0.503052
Test,A100,256,16384,4194304,536870912,1,10,0.536871,1073741824,0,0,0,0,0,0,0,0,0,0,0,0,0,0,0,0,0,0,0,0,0,0,0.5,0,0,0,0,0,0,0,0,0,0,0,0,1.84515,290.964,0.221886,0.137527
Test,A100,256,16384,4194304,268435456,1,10,0.268435,1073741824,0,0,0,0,0,0,0,0,0,0,0,0,0,0,0,0,0,0,0,0,0,0,0,0.25,0,0,0,0,0,0,0,0,0,0,0,1.03455,259.472,0.231113,0.143245
Test,A100,256,16384,4194304,134217728,1,10,0.134218,1073741824,0,0,0,0,0,0,0,0,0,0,0,0,0,0,0,0,0,0,0,0,0,0,0,0,0.125,0,0,0,0,0,0,0,0,0,0,0.857498,156.523,0.149482,0.0926499
Test,A100,256,16384,4194304,536870912,1,10,0.536871,1073741824,0,0,0,0,0,0,0,0,0,0,0,0,0,0,0,0,0,0,0,0,0,0,0,0,0,0.5,0,0,0,0,0,0,0,0,0,1.63523,328.316,0.214622,0.133024
Test,A100,256,16384,4194304,268435456,1,10,0.268435,1073741824,0,0,0,0,0,0,0,0,0,0,0,0,0,0,0,0,0,0,0,0,0,0,0,0,0,0,0.25,0,0,0,0,0,0,0,0,1.007,266.569,0.276359,0.171289
Test,A100,256,16384,4194304,134217728,1,10,0.134218,1073741824,0,0,0,0,0,0,0,0,0,0,0,0,0,0,0,0,0,0,0,0,0,0,0,0,0,0,0,0.125,0,0,0,0,0,0,0,0.843674,159.088,0.21925,0.135893
Test,A100,256,16384,4194304,1073741824,2,10,2.14748,1073741824,0,0,0,0,0,0,0,0,0,0,0,0,0,0,0,0,0,0,0,0,0,2,0,0,0,0,0,0,0,0,0,0,0,0,0,6.93412,309.698,0.0419095,0.0259757
Test,A100,256,16384,4194304,536870912,2,10,1.07374,1073741824,0,0,0,0,0,0,0,0,0,0,0,0,0,0,0,0,0,0,0,0,0,0,1,0,0,0,0,0,0,0,0,0,0,0,0,2.30226,466.386,0.246203,0.152598
Test,A100,256,16384,4194304,268435456,2,10,0.536871,1073741824,0,0,0,0,0,0,0,0,0,0,0,0,0,0,0,0,0,0,0,0,0,0,0,0.5,0,0,0,0,0,0,0,0,0,0,0,1.14207,470.088,0.534277,0.331148
Test,A100,256,16384,4194304,134217728,2,10,0.268435,1073741824,0,0,0,0,0,0,0,0,0,0,0,0,0,0,0,0,0,0,0,0,0,0,0,0,0.25,0,0,0,0,0,0,0,0,0,0,0.894259,300.177,0.345226,0.213973
Test,A100,256,16384,4194304,536870912,2,10,1.07374,1073741824,0,0,0,0,0,0,0,0,0,0,0,0,0,0,0,0,0,0,0,0,0,0,0,0,0,1,0,0,0,0,0,0,0,0,0,1.79569,597.957,0.553551,0.343094
Test,A100,256,16384,4194304,268435456,2,10,0.536871,1073741824,0,0,0,0,0,0,0,0,0,0,0,0,0,0,0,0,0,0,0,0,0,0,0,0,0,0,0.5,0,0,0,0,0,0,0,0,1.0497,511.451,0.566795,0.351303
Test,A100,256,16384,4194304,134217728,2,10,0.268435,1073741824,0,0,0,0,0,0,0,0,0,0,0,0,0,0,0,0,0,0,0,0,0,0,0,0,0,0,0,0.25,0,0,0,0,0,0,0,0.86231,311.299,0.419516,0.260018
Test,A100,256,16384,4194304,1073741824,4,10,4.29497,1073741824,0,0,0,0,0,0,0,0,0,0,0,0,0,0,0,0,0,0,0,0,0,4,0,0,0,0,0,0,0,0,0,0,0,0,0,10.4351,432.389,99.2451,61.5128
Test,A100,256,16384,4194304,536870912,4,10,2.14748,1073741824,0,0,0,0,0,0,0,0,0,0,0,0,0,0,0,0,0,0,0,0,0,0,2,0,0,0,0,0,0,0,0,0,0,0,0,3.89304,551.621,0.424279,0.262971
Test,A100,256,16384,4194304,268435456,4,10,1.07374,1073741824,0,0,0,0,0,0,0,0,0,0,0,0,0,0,0,0,0,0,0,0,0,0,0,1,0,0,0,0,0,0,0,0,0,0,0,1.66175,646.155,1.40406,0.870244
Test,A100,256,16384,4194304,134217728,4,10,0.536871,1073741824,0,0,0,0,0,0,0,0,0,0,0,0,0,0,0,0,0,0,0,0,0,0,0,0,0.5,0,0,0,0,0,0,0,0,0,0,1.05349,509.612,0.533294,0.330539
Test,A100,256,16384,4194304,536870912,4,10,2.14748,1073741824,0,0,0,0,0,0,0,0,0,0,0,0,0,0,0,0,0,0,0,0,0,0,0,0,0,2,0,0,0,0,0,0,0,0,0,2.32827,922.352,0.316788,0.196347
Test,A100,256,16384,4194304,268435456,4,10,1.07374,1073741824,0,0,0,0,0,0,0,0,0,0,0,0,0,0,0,0,0,0,0,0,0,0,0,0,0,0,1,0,0,0,0,0,0,0,0,1.17064,917.23,0.785985,0.487159
Test,A100,256,16384,4194304,134217728,4,10,0.536871,1073741824,0,0,0,0,0,0,0,0,0,0,0,0,0,0,0,0,0,0,0,0,0,0,0,0,0,0,0,0.5,0,0,0,0,0,0,0,1.09363,490.907,0.410835,0.254638
Test,A100,256,16384,4194304,1073741824,8,10,8.58993,1073741824,0,0,0,0,0,0,0,0,0,0,0,0,0,0,0,0,0,0,0,0,0,8,0,0,0,0,0,0,0,0,0,0,0,0,0,18.2656,490.705,93.7161,58.0859
Test,A100,256,16384,4194304,536870912,8,10,4.29497,1073741824,0,0,0,0,0,0,0,0,0,0,0,0,0,0,0,0,0,0,0,0,0,0,4,0,0,0,0,0,0,0,0,0,0,0,0,7.64764,561.607,0.204974,0.127044
Test,A100,256,16384,4194304,268435456,8,10,2.14748,1073741824,0,0,0,0,0,0,0,0,0,0,0,0,0,0,0,0,0,0,0,0,0,0,0,2,0,0,0,0,0,0,0,0,0,0,0,3.20174,670.724,0.525472,0.325691
Test,A100,256,16384,4194304,134217728,8,10,1.07374,1073741824,0,0,0,0,0,0,0,0,0,0,0,0,0,0,0,0,0,0,0,0,0,0,0,0,1,0,0,0,0,0,0,0,0,0,0,1.85815,577.856,0.639628,0.396445
Test,A100,256,16384,4194304,536870912,8,10,4.29497,1073741824,0,0,0,0,0,0,0,0,0,0,0,0,0,0,0,0,0,0,0,0,0,0,0,0,0,4,0,0,0,0,0,0,0,0,0,4.18314,1026.8,8.42375,5.2211
Test,A100,256,16384,4194304,268435456,8,10,2.14748,1073741824,0,0,0,0,0,0,0,0,0,0,0,0,0,0,0,0,0,0,0,0,0,0,0,0,0,0,2,0,0,0,0,0,0,0,0,1.93352,1110.66,1.13899,0.705954
Test,A100,256,16384,4194304,134217728,8,10,1.07374,1073741824,0,0,0,0,0,0,0,0,0,0,0,0,0,0,0,0,0,0,0,0,0,0,0,0,0,0,0,1,0,0,0,0,0,0,0,2.10729,509.548,2.33795,1.44907
Test,A100,256,16384,4194304,1073741824,16,10,17.1799,1073741824,0,0,0,0,0,0,0,0,0,0,0,0,0,0,0,0,0,0,0,0,0,16,0,0,0,0,0,0,0,0,0,0,0,0,0,36.4194,498.34,104.167,64.5631
Test,A100,256,16384,4194304,536870912,16,10,8.58993,1073741824,0,0,0,0,0,0,0,0,0,0,0,0,0,0,0,0,0,0,0,0,0,0,8,0,0,0,0,0,0,0,0,0,0,0,0,15.1673,566.346,0.0851443,0.052773
Test,A100,256,16384,4194304,268435456,16,10,4.29497,1073741824,0,0,0,0,0,0,0,0,0,0,0,0,0,0,0,0,0,0,0,0,0,0,0,4,0,0,0,0,0,0,0,0,0,0,0,6.29893,681.857,0.247993,0.153707
Test,A100,256,16384,4194304,134217728,16,10,2.14748,1073741824,0,0,0,0,0,0,0,0,0,0,0,0,0,0,0,0,0,0,0,0,0,0,0,0,2,0,0,0,0,0,0,0,0,0,0,3.60929,594.988,0.500717,0.310347
Test,A100,256,16384,4194304,536870912,16,10,8.58993,1073741824,0,0,0,0,0,0,0,0,0,0,0,0,0,0,0,0,0,0,0,0,0,0,0,0,0,8,0,0,0,0,0,0,0,0,0,8.0597,1065.79,2.47962,1.53688
Test,A100,256,16384,4194304,268435456,16,10,4.29497,1073741824,0,0,0,0,0,0,0,0,0,0,0,0,0,0,0,0,0,0,0,0,0,0,0,0,0,0,4,0,0,0,0,0,0,0,0,3.85556,1113.99,4.71275,2.92099
Test,A100,256,16384,4194304,134217728,16,10,2.14748,1073741824,0,0,0,0,0,0,0,0,0,0,0,0,0,0,0,0,0,0,0,0,0,0,0,0,0,0,0,2,0,0,0,0,0,0,0,4.21796,509.346,10.3936,6.44201
Test,A100,256,16384,4194304,1073741824,32,10,34.3597,1073741824,0,0,0,0,0,0,0,0,0,0,0,0,0,0,0,0,0,0,0,0,0,32,0,0,0,0,0,0,0,0,0,0,0,0,0,66.9327,531.233,79.5292,49.2927
Test,A100,256,16384,4194304,536870912,32,10,17.1799,1073741824,0,0,0,0,0,0,0,0,0,0,0,0,0,0,0,0,0,0,0,0,0,0,16,0,0,0,0,0,0,0,0,0,0,0,0,30.2207,568.48,0.036761,0.0227847
Test,A100,256,16384,4194304,268435456,32,10,8.58993,1073741824,0,0,0,0,0,0,0,0,0,0,0,0,0,0,0,0,0,0,0,0,0,0,0,8,0,0,0,0,0,0,0,0,0,0,0,12.3876,693.428,0.0516127,0.0319899
Test,A100,256,16384,4194304,134217728,32,10,4.29497,1073741824,0,0,0,0,0,0,0,0,0,0,0,0,0,0,0,0,0,0,0,0,0,0,0,0,4,0,0,0,0,0,0,0,0,0,0,7.1341,602.033,0.30021,0.186072
Test,A100,256,16384,4194304,536870912,32,10,17.1799,1073741824,0,0,0,0,0,0,0,0,0,0,0,0,0,0,0,0,0,0,0,0,0,0,0,0,0,16,0,0,0,0,0,0,0,0,0,15.8981,1080.62,0.174019,0.107858
Test,A100,256,16384,4194304,268435456,32,10,8.58993,1073741824,0,0,0,0,0,0,0,0,0,0,0,0,0,0,0,0,0,0,0,0,0,0,0,0,0,0,8,0,0,0,0,0,0,0,0,7.69229,1116.76,8.35087,5.17592
Test,A100,256,16384,4194304,134217728,32,10,4.29497,1073741824,0,0,0,0,0,0,0,0,0,0,0,0,0,0,0,0,0,0,0,0,0,0,0,0,0,0,0,4,0,0,0,0,0,0,0,8.60672,499.423,14.1582,8.77537
Test,A100,256,16384,4194304,1073741824,64,10,68.7195,1073741824,0,0,0,0,0,0,0,0,0,0,0,0,0,0,0,0,0,0,0,0,0,64,0,0,0,0,0,0,0,0,0,0,0,0,0,120.986,567.996,1.12739,0.698762
Test,A100,256,16384,4194304,536870912,64,10,34.3597,1073741824,0,0,0,0,0,0,0,0,0,0,0,0,0,0,0,0,0,0,0,0,0,0,32,0,0,0,0,0,0,0,0,0,0,0,0,60.3132,569.689,0.0306606,0.0190036
Test,A100,256,16384,4194304,268435456,64,10,17.1799,1073741824,0,0,0,0,0,0,0,0,0,0,0,0,0,0,0,0,0,0,0,0,0,0,0,16,0,0,0,0,0,0,0,0,0,0,0,24.8854,690.361,0.0653254,0.0404891
Test,A100,256,16384,4194304,134217728,64,10,8.58993,1073741824,0,0,0,0,0,0,0,0,0,0,0,0,0,0,0,0,0,0,0,0,0,0,0,0,8,0,0,0,0,0,0,0,0,0,0,14.1227,608.243,1.99266,1.23506
Test,A100,256,16384,4194304,536870912,64,10,34.3597,1073741824,0,0,0,0,0,0,0,0,0,0,0,0,0,0,0,0,0,0,0,0,0,0,0,0,0,32,0,0,0,0,0,0,0,0,0,31.4946,1090.97,0.0780096,0.0483508
Test,A100,256,16384,4194304,268435456,64,10,17.1799,1073741824,0,0,0,0,0,0,0,0,0,0,0,0,0,0,0,0,0,0,0,0,0,0,0,0,0,0,16,0,0,0,0,0,0,0,0,15.2904,1123.59,3.95049,2.44854
Test,A100,256,16384,4194304,134217728,64,10,8.58993,1073741824,0,0,0,0,0,0,0,0,0,0,0,0,0,0,0,0,0,0,0,0,0,0,0,0,0,0,0,8,0,0,0,0,0,0,0,17.3355,495.728,10.5395,6.53243
Test,A100,256,16384,4194304,1073741824,128,10,137.439,1073741824,0,0,0,0,0,0,0,0,0,0,0,0,0,0,0,0,0,0,0,0,0,128,0,0,0,0,0,0,0,0,0,0,0,0,0,241.991,567.95,0.0709399,0.043969
Test,A100,256,16384,4194304,536870912,128,10,68.7195,1073741824,0,0,0,0,0,0,0,0,0,0,0,0,0,0,0,0,0,0,0,0,0,0,64,0,0,0,0,0,0,0,0,0,0,0,0,120.511,570.234,0.0241381,0.0149609
Test,A100,256,16384,4194304,268435456,128,10,34.3597,1073741824,0,0,0,0,0,0,0,0,0,0,0,0,0,0,0,0,0,0,0,0,0,0,0,32,0,0,0,0,0,0,0,0,0,0,0,49.2415,697.78,0.027721,0.0171816
Test,A100,256,16384,4194304,134217728,128,10,17.1799,1073741824,0,0,0,0,0,0,0,0,0,0,0,0,0,0,0,0,0,0,0,0,0,0,0,0,16,0,0,0,0,0,0,0,0,0,0,32.0128,536.656,0.196754,0.12195
Test,A100,256,16384,4194304,536870912,128,10,68.7195,1073741824,0,0,0,0,0,0,0,0,0,0,0,0,0,0,0,0,0,0,0,0,0,0,0,0,0,64,0,0,0,0,0,0,0,0,0,62.6892,1096.19,0.124691,0.0772845
Test,A100,256,16384,4194304,268435456,128,10,34.3597,1073741824,0,0,0,0,0,0,0,0,0,0,0,0,0,0,0,0,0,0,0,0,0,0,0,0,0,0,32,0,0,0,0,0,0,0,0,30.3651,1131.58,5.48799,3.40149
Test,A100,256,16384,4194304,134217728,128,10,17.1799,1073741824,0,0,0,0,0,0,0,0,0,0,0,0,0,0,0,0,0,0,0,0,0,0,0,0,0,0,0,16,0,0,0,0,0,0,0,34.9073,492.213,5.28341,3.27469
Test,A100,256,16384,4194304,1073741824,256,10,274.878,1073741824,0,0,0,0,0,0,0,0,0,0,0,0,0,0,0,0,0,0,0,0,0,256,0,0,0,0,0,0,0,0,0,0,0,0,0,483.837,568.121,0.0240056,0.0148788
Test,A100,256,16384,4194304,536870912,256,10,137.439,1073741824,0,0,0,0,0,0,0,0,0,0,0,0,0,0,0,0,0,0,0,0,0,0,128,0,0,0,0,0,0,0,0,0,0,0,0,240.27,572.026,1.90486,1.18064
Test,A100,256,16384,4194304,268435456,256,10,68.7195,1073741824,0,0,0,0,0,0,0,0,0,0,0,0,0,0,0,0,0,0,0,0,0,0,0,64,0,0,0,0,0,0,0,0,0,0,0,104.037,660.526,0.156402,0.0969387
Test,A100,256,16384,4194304,134217728,256,10,34.3597,1073741824,0,0,0,0,0,0,0,0,0,0,0,0,0,0,0,0,0,0,0,0,0,0,0,0,32,0,0,0,0,0,0,0,0,0,0,69.4398,494.814,0.294833,0.182739
Test,A100,256,16384,4194304,536870912,256,10,137.439,1073741824,0,0,0,0,0,0,0,0,0,0,0,0,0,0,0,0,0,0,0,0,0,0,0,0,0,128,0,0,0,0,0,0,0,0,0,130.871,1050.19,0.221401,0.137226
Test,A100,256,16384,4194304,268435456,256,10,68.7195,1073741824,0,0,0,0,0,0,0,0,0,0,0,0,0,0,0,0,0,0,0,0,0,0,0,0,0,0,64,0,0,0,0,0,0,0,0,62.7854,1094.51,0.34698,0.215061
Test,A100,256,16384,4194304,134217728,256,10,34.3597,1073741824,0,0,0,0,0,0,0,0,0,0,0,0,0,0,0,0,0,0,0,0,0,0,0,0,0,0,0,32,0,0,0,0,0,0,0,73.9309,464.756,0.741213,0.459409
Test,A100,256,16384,4194304,1073741824,512,10,549.756,1073741824,0,0,0,0,0,0,0,0,0,0,0,0,0,0,0,0,0,0,0,0,0,512,0,0,0,0,0,0,0,0,0,0,0,0,0,967.453,568.25,0.119692,0.074186
Test,A100,256,16384,4194304,536870912,512,10,274.878,1073741824,0,0,0,0,0,0,0,0,0,0,0,0,0,0,0,0,0,0,0,0,0,0,256,0,0,0,0,0,0,0,0,0,0,0,0,478.686,574.236,0.709829,0.439956
Test,A100,256,16384,4194304,268435456,512,10,137.439,1073741824,0,0,0,0,0,0,0,0,0,0,0,0,0,0,0,0,0,0,0,0,0,0,0,128,0,0,0,0,0,0,0,0,0,0,0,225.56,609.324,0.275158,0.170545
Test,A100,256,16384,4194304,134217728,512,10,68.7195,1073741824,0,0,0,0,0,0,0,0,0,0,0,0,0,0,0,0,0,0,0,0,0,0,0,0,64,0,0,0,0,0,0,0,0,0,0,147.641,465.45,0.210878,0.130703
Test,A100,256,16384,4194304,536870912,512,10,274.878,1073741824,0,0,0,0,0,0,0,0,0,0,0,0,0,0,0,0,0,0,0,0,0,0,0,0,0,256,0,0,0,0,0,0,0,0,0,289.687,948.88,0.348756,0.216161
Test,A100,256,16384,4194304,268435456,512,10,137.439,1073741824,0,0,0,0,0,0,0,0,0,0,0,0,0,0,0,0,0,0,0,0,0,0,0,0,0,0,128,0,0,0,0,0,0,0,0,140.257,979.909,0.45521,0.282142
Test,A100,256,16384,4194304,134217728,512,10,68.7195,1073741824,0,0,0,0,0,0,0,0,0,0,0,0,0,0,0,0,0,0,0,0,0,0,0,0,0,0,0,64,0,0,0,0,0,0,0,160.216,428.94,3.0264,1.87578
Test,A100,256,16384,4194304,1073741824,1024,10,1099.51,1073741824,0,0,0,0,0,0,0,0,0,0,0,0,0,0,0,0,0,0,0,0,0,1024,0,0,0,0,0,0,0,0,0,0,0,0,0,1933.51,568.666,1.51091,0.936473
Test,A100,256,16384,4194304,536870912,1024,10,549.756,1073741824,0,0,0,0,0,0,0,0,0,0,0,0,0,0,0,0,0,0,0,0,0,0,512,0,0,0,0,0,0,0,0,0,0,0,0,957.094,574.401,0.0107294,0.00665014
Test,A100,256,16384,4194304,268435456,1024,10,274.878,1073741824,0,0,0,0,0,0,0,0,0,0,0,0,0,0,0,0,0,0,0,0,0,0,0,256,0,0,0,0,0,0,0,0,0,0,0,486.504,565.007,0.277511,0.172003
Test,A100,256,16384,4194304,134217728,1024,10,137.439,1073741824,0,0,0,0,0,0,0,0,0,0,0,0,0,0,0,0,0,0,0,0,0,0,0,0,128,0,0,0,0,0,0,0,0,0,0,306.674,448.161,0.214659,0.133047
Test,A100,256,16384,4194304,536870912,1024,10,549.756,1073741824,0,0,0,0,0,0,0,0,0,0,0,0,0,0,0,0,0,0,0,0,0,0,0,0,0,512,0,0,0,0,0,0,0,0,0,629.445,873.398,0.359245,0.222662
Test,A100,256,16384,4194304,268435456,1024,10,274.878,1073741824,0,0,0,0,0,0,0,0,0,0,0,0,0,0,0,0,0,0,0,0,0,0,0,0,0,0,256,0,0,0,0,0,0,0,0,303.373,906.074,0.393721,0.244031
Test,A100,256,16384,4194304,134217728,1024,10,137.439,1073741824,0,0,0,0,0,0,0,0,0,0,0,0,0,0,0,0,0,0,0,0,0,0,0,0,0,0,0,128,0,0,0,0,0,0,0,335.571,409.572,1.26833,0.786121
Test,A100,256,16384,4194304,1073741824,2048,10,2199.02,1073741824,0,0,0,0,0,0,0,0,0,0,0,0,0,0,0,0,0,0,0,0,0,2048,0,0,0,0,0,0,0,0,0,0,0,0,0,3912.24,562.089,0.538019,0.333467
Test,A100,256,16384,4194304,536870912,2048,10,1099.51,1073741824,0,0,0,0,0,0,0,0,0,0,0,0,0,0,0,0,0,0,0,0,0,0,1024,0,0,0,0,0,0,0,0,0,0,0,0,1927.62,570.398,0.0609123,0.0377538
Test,A100,256,16384,4194304,268435456,2048,10,549.756,1073741824,0,0,0,0,0,0,0,0,0,0,0,0,0,0,0,0,0,0,0,0,0,0,0,512,0,0,0,0,0,0,0,0,0,0,0,999.314,550.134,0.581684,0.360531
Test,A100,256,16384,4194304,134217728,2048,10,274.878,1073741824,0,0,0,0,0,0,0,0,0,0,0,0,0,0,0,0,0,0,0,0,0,0,0,0,256,0,0,0,0,0,0,0,0,0,0,625.042,439.776,0.430044,0.266544
Test,A100,256,16384,4194304,536870912,2048,10,1099.51,1073741824,0,0,0,0,0,0,0,0,0,0,0,0,0,0,0,0,0,0,0,0,0,0,0,0,0,1024,0,0,0,0,0,0,0,0,0,1256.16,875.299,0.652175,0.404222
Test,A100,256,16384,4194304,268435456,2048,10,549.756,1073741824,0,0,0,0,0,0,0,0,0,0,0,0,0,0,0,0,0,0,0,0,0,0,0,0,0,0,512,0,0,0,0,0,0,0,0,631.075,871.143,0.522566,0.32389
Test,A100,256,16384,4194304,134217728,2048,10,274.878,1073741824,0,0,0,0,0,0,0,0,0,0,0,0,0,0,0,0,0,0,0,0,0,0,0,0,0,0,0,256,0,0,0,0,0,0,0,688.765,399.089,0.55698,0.34522
Test,A100,256,16384,4194304,1073741824,4096,10,4398.05,1073741824,0,0,0,0,0,0,0,0,0,0,0,0,0,0,0,0,0,0,0,0,0,4096,0,0,0,0,0,0,0,0,0,0,0,0,0,7613.1,577.694,0.0103429,0.0064106
Test,A100,256,16384,4194304,536870912,4096,10,2199.02,1073741824,0,0,0,0,0,0,0,0,0,0,0,0,0,0,0,0,0,0,0,0,0,0,2048,0,0,0,0,0,0,0,0,0,0,0,0,3806.96,577.633,0.0756263,0.0468737
Test,A100,256,16384,4194304,268435456,4096,10,1099.51,1073741824,0,0,0,0,0,0,0,0,0,0,0,0,0,0,0,0,0,0,0,0,0,0,0,1024,0,0,0,0,0,0,0,0,0,0,0,1998.41,550.192,0.226261,0.140238
Test,A100,256,16384,4194304,134217728,4096,10,549.756,1073741824,0,0,0,0,0,0,0,0,0,0,0,0,0,0,0,0,0,0,0,0,0,0,0,0,512,0,0,0,0,0,0,0,0,0,0,1249.9,439.839,0.141473,0.0876858
Test,A100,256,16384,4194304,536870912,4096,10,2199.02,1073741824,0,0,0,0,0,0,0,0,0,0,0,0,0,0,0,0,0,0,0,0,0,0,0,0,0,2048,0,0,0,0,0,0,0,0,0,2499.89,879.647,0.401722,0.24899
Test,A100,256,16384,4194304,268435456,4096,10,1099.51,1073741824,0,0,0,0,0,0,0,0,0,0,0,0,0,0,0,0,0,0,0,0,0,0,0,0,0,0,1024,0,0,0,0,0,0,0,0,1250.6,879.188,0.343827,0.213106
Test,A100,256,16384,4194304,134217728,4096,10,549.756,1073741824,0,0,0,0,0,0,0,0,0,0,0,0,0,0,0,0,0,0,0,0,0,0,0,0,0,0,0,512,0,0,0,0,0,0,0,1364.95,402.768,0.488342,0.302678
Test,A100,256,16384,4194304,1073741824,8192,10,8796.09,1073741824,0,0,0,0,0,0,0,0,0,0,0,0,0,0,0,0,0,0,0,0,0,8192,0,0,0,0,0,0,0,0,0,0,0,0,0,15227.1,577.66,0.03767,0.0233481
Test,A100,256,16384,4194304,536870912,8192,10,4398.05,1073741824,0,0,0,0,0,0,0,0,0,0,0,0,0,0,0,0,0,0,0,0,0,0,4096,0,0,0,0,0,0,0,0,0,0,0,0,7613.91,577.633,0.0199581,0.0123702
Test,A100,256,16384,4194304,268435456,8192,10,2199.02,1073741824,0,0,0,0,0,0,0,0,0,0,0,0,0,0,0,0,0,0,0,0,0,0,0,2048,0,0,0,0,0,0,0,0,0,0,0,3975.96,553.081,0.292139,0.18107
Test,A100,256,16384,4194304,134217728,8192,10,1099.51,1073741824,0,0,0,0,0,0,0,0,0,0,0,0,0,0,0,0,0,0,0,0,0,0,0,0,1024,0,0,0,0,0,0,0,0,0,0,2482.65,442.879,0.273619,0.169591
Test,A100,256,16384,4194304,536870912,8192,10,4398.05,1073741824,0,0,0,0,0,0,0,0,0,0,0,0,0,0,0,0,0,0,0,0,0,0,0,0,0,4096,0,0,0,0,0,0,0,0,0,4989.21,881.511,0.29427,0.18239
Test,A100,256,16384,4194304,268435456,8192,10,2199.02,1073741824,0,0,0,0,0,0,0,0,0,0,0,0,0,0,0,0,0,0,0,0,0,0,0,0,0,0,2048,0,0,0,0,0,0,0,0,2486.94,884.227,0.289986,0.179735
Test,A100,256,16384,4194304,134217728,8192,10,1099.51,1073741824,0,0,0,0,0,0,0,0,0,0,0,0,0,0,0,0,0,0,0,0,0,0,0,0,0,0,0,1024,0,0,0,0,0,0,0,2724.75,403.528,0.367401,0.227718
Test,A100,256,16384,4194304,1073741824,16384,10,17592.2,1073741824,0,0,0,0,0,0,0,0,0,0,0,0,0,0,0,0,0,0,0,0,0,16384,0,0,0,0,0,0,0,0,0,0,0,0,0,30456.6,577.615,0.0972635,0.0602845
Test,A100,256,16384,4194304,536870912,16384,10,8796.09,1073741824,0,0,0,0,0,0,0,0,0,0,0,0,0,0,0,0,0,0,0,0,0,0,8192,0,0,0,0,0,0,0,0,0,0,0,0,15227,577.665,0.0237411,0.0147149
Test,A100,256,16384,4194304,268435456,16384,10,4398.05,1073741824,0,0,0,0,0,0,0,0,0,0,0,0,0,0,0,0,0,0,0,0,0,0,0,4096,0,0,0,0,0,0,0,0,0,0,0,7922.41,555.14,0.237185,0.147009
Test,A100,256,16384,4194304,134217728,16384,10,2199.02,1073741824,0,0,0,0,0,0,0,0,0,0,0,0,0,0,0,0,0,0,0,0,0,0,0,0,2048,0,0,0,0,0,0,0,0,0,0,4942.41,444.929,0.204627,0.126829
Test,A100,256,16384,4194304,536870912,16384,10,8796.09,1073741824,0,0,0,0,0,0,0,0,0,0,0,0,0,0,0,0,0,0,0,0,0,0,0,0,0,8192,0,0,0,0,0,0,0,0,0,9965.67,882.64,0.482449,0.299025
Test,A100,256,16384,4194304,268435456,16384,10,4398.05,1073741824,0,0,0,0,0,0,0,0,0,0,0,0,0,0,0,0,0,0,0,0,0,0,0,0,0,0,4096,0,0,0,0,0,0,0,0,4954.04,887.77,0.608534,0.377173
Test,A100,256,16384,4194304,134217728,16384,10,2199.02,1073741824,0,0,0,0,0,0,0,0,0,0,0,0,0,0,0,0,0,0,0,0,0,0,0,0,0,0,0,2048,0,0,0,0,0,0,0,5428.05,405.122,0.275275,0.170617
Test,A100,256,16384,4194304,1073741824,32768,10,35184.4,1073741824,0,0,0,0,0,0,0,0,0,0,0,0,0,0,0,0,0,0,0,0,0,32768,0,0,0,0,0,0,0,0,0,0,0,0,0,60918.4,577.566,0.131545,0.0815326
Test,A100,256,16384,4194304,536870912,32768,10,17592.2,1073741824,0,0,0,0,0,0,0,0,0,0,0,0,0,0,0,0,0,0,0,0,0,0,16384,0,0,0,0,0,0,0,0,0,0,0,0,30458.6,577.577,0.152237,0.0943575
Test,A100,256,16384,4194304,268435456,32768,10,8796.09,1073741824,0,0,0,0,0,0,0,0,0,0,0,0,0,0,0,0,0,0,0,0,0,0,0,8192,0,0,0,0,0,0,0,0,0,0,0,15814.4,556.206,0.281403,0.174415
Test,A100,256,16384,4194304,134217728,32768,10,4398.05,1073741824,0,0,0,0,0,0,0,0,0,0,0,0,0,0,0,0,0,0,0,0,0,0,0,0,4096,0,0,0,0,0,0,0,0,0,0,9860.04,446.048,0.307711,0.190721
Test,A100,256,16384,4194304,536870912,32768,10,17592.2,1073741824,0,0,0,0,0,0,0,0,0,0,0,0,0,0,0,0,0,0,0,0,0,0,0,0,0,16384,0,0,0,0,0,0,0,0,0,19918.5,883.21,0.486626,0.301614
Test,A100,256,16384,4194304,268435456,32768,10,8796.09,1073741824,0,0,0,0,0,0,0,0,0,0,0,0,0,0,0,0,0,0,0,0,0,0,0,0,0,0,8192,0,0,0,0,0,0,0,0,9877.98,890.475,0.334563,0.207364
Test,A100,256,16384,4194304,134217728,32768,10,4398.05,1073741824,0,0,0,0,0,0,0,0,0,0,0,0,0,0,0,0,0,0,0,0,0,0,0,0,0,0,0,4096,0,0,0,0,0,0,0,10818.5,406.53,0.588252,0.364603
