Kernel,GPU,gridSize,blockSize,nThreads,Length,Iterations,experiments,GFLOPS,totalBytes,AI_HBM_ADD_INT8,AI_HBM_ADD_INT16,AI_HBM_ADD_INT32,AI_HBM_ADD_INT64,AI_HBM_ADD_FP16,AI_HBM_ADD_FP32,AI_HBM_ADD_FP64,AI_HBM_MUL_INT8,AI_HBM_MUL_INT16,AI_HBM_MUL_INT32,AI_HBM_MUL_INT64,AI_HBM_MUL_FP16,AI_HBM_MUL_FP32,AI_HBM_MUL_FP64,AI_HBM_MULADD_INT8,AI_HBM_MULADD_INT16,AI_HBM_MULADD_INT32,AI_HBM_MULADD_INT64,AI_HBM_MULADD_FP16,AI_HBM_MULADD_FP32,AI_HBM_MULADD_FP64,AI_HBM_DIV_INT8,AI_HBM_DIV_INT16,AI_HBM_DIV_INT32,AI_HBM_DIV_INT64,AI_HBM_DIV_FP16,AI_HBM_DIV_FP32,AI_HBM_DIV_FP64,AI_HBM_RSQ_INT8,AI_HBM_RSQ_INT16,AI_HBM_RSQ_INT32,AI_HBM_RSQ_INT64,AI_HBM_RSQ_FP16,AI_HBM_RSQ_FP32,AI_HBM_RSQ_FP64,AverageSec,PERF,STDDEV,CI,Power
Test,A100,256,16384,4194304,1073741824,2,10,2.14748,1073741824,2,0,0,0,0,0,0,0,0,0,0,0,0,0,0,0,0,0,0,0,0,0,0,0,0,0,0,0,0,0,0,0,0,0,0,11.834,181.468,0.271532,0.168298
Test,A100,256,16384,4194304,536870912,2,10,1.07374,1073741824,0,1,0,0,0,0,0,0,0,0,0,0,0,0,0,0,0,0,0,0,0,0,0,0,0,0,0,0,0,0,0,0,0,0,0,4.34217,247.283,0.233635,0.144808
Test,A100,256,16384,4194304,268435456,2,10,0.536871,1073741824,0,0,0.5,0,0,0,0,0,0,0,0,0,0,0,0,0,0,0,0,0,0,0,0,0,0,0,0,0,0,0,0,0,0,0,0,1.75831,305.334,0.257099,0.159351
Test,A100,256,16384,4194304,134217728,2,10,0.268435,1073741824,0,0,0,0.25,0,0,0,0,0,0,0,0,0,0,0,0,0,0,0,0,0,0,0,0,0,0,0,0,0,0,0,0,0,0,0,1.62499,165.193,0.24819,0.15383
Test,A100,256,16384,4194304,536870912,2,10,1.07374,1073741824,0,0,0,0,1,0,0,0,0,0,0,0,0,0,0,0,0,0,0,0,0,0,0,0,0,0,0,0,0,0,0,0,0,0,0,1.52709,703.129,0.424281,0.262972
Test,A100,256,16384,4194304,268435456,2,10,0.536871,1073741824,0,0,0,0,0,0.5,0,0,0,0,0,0,0,0,0,0,0,0,0,0,0,0,0,0,0,0,0,0,0,0,0,0,0,0,0,0.827085,649.115,1.39253,0.8631
Test,A100,256,16384,4194304,134217728,2,10,0.268435,1073741824,0,0,0,0,0,0,0.25,0,0,0,0,0,0,0,0,0,0,0,0,0,0,0,0,0,0,0,0,0,0,0,0,0,0,0,0,0.824013,325.769,0.906952,0.562134
Test,A100,256,16384,4194304,1073741824,2,10,2.14748,1073741824,0,0,0,0,0,0,0,2,0,0,0,0,0,0,0,0,0,0,0,0,0,0,0,0,0,0,0,0,0,0,0,0,0,0,0,7.49158,286.653,0.438253,0.271632
Test,A100,256,16384,4194304,536870912,2,10,1.07374,1073741824,0,0,0,0,0,0,0,0,1,0,0,0,0,0,0,0,0,0,0,0,0,0,0,0,0,0,0,0,0,0,0,0,0,0,0,3.91639,274.167,0.472514,0.292867
Test,A100,256,16384,4194304,268435456,2,10,0.536871,1073741824,0,0,0,0,0,0,0,0,0,0.5,0,0,0,0,0,0,0,0,0,0,0,0,0,0,0,0,0,0,0,0,0,0,0,0,0,1.75729,305.512,0.257242,0.15944
Test,A100,256,16384,4194304,134217728,2,10,0.268435,1073741824,0,0,0,0,0,0,0,0,0,0,0.25,0,0,0,0,0,0,0,0,0,0,0,0,0,0,0,0,0,0,0,0,0,0,0,0,1.62447,165.245,0.20936,0.129763
Test,A100,256,16384,4194304,536870912,2,10,1.07374,1073741824,0,0,0,0,0,0,0,0,0,0,0,1,0,0,0,0,0,0,0,0,0,0,0,0,0,0,0,0,0,0,0,0,0,0,0,1.52648,703.413,0.790557,0.489992
Test,A100,256,16384,4194304,268435456,2,10,0.536871,1073741824,0,0,0,0,0,0,0,0,0,0,0,0,0.5,0,0,0,0,0,0,0,0,0,0,0,0,0,0,0,0,0,0,0,0,0,0,0.826675,649.44,2.03631,1.26212
Test,A100,256,16384,4194304,134217728,2,10,0.268435,1073741824,0,0,0,0,0,0,0,0,0,0,0,0,0,0.25,0,0,0,0,0,0,0,0,0,0,0,0,0,0,0,0,0,0,0,0,0,0.824627,325.528,1.16902,0.724564
Test,A100,256,16384,4194304,1073741824,2,10,4.29497,1073741824,0,0,0,0,0,0,0,0,0,0,0,0,0,0,4,0,0,0,0,0,0,0,0,0,0,0,0,0,0,0,0,0,0,0,0,2.66588,1611.09,0.925583,0.573682
Test,A100,256,16384,4194304,536870912,2,10,2.14748,1073741824,0,0,0,0,0,0,0,0,0,0,0,0,0,0,0,2,0,0,0,0,0,0,0,0,0,0,0,0,0,0,0,0,0,0,0,1.49432,1437.1,1.52726,0.946608
Test,A100,256,16384,4194304,268435456,2,10,1.07374,1073741824,0,0,0,0,0,0,0,0,0,0,0,0,0,0,0,0,1,0,0,0,0,0,0,0,0,0,0,0,0,0,0,0,0,0,0,0.966554,1110.9,1.53132,0.949119
Test,A100,256,16384,4194304,134217728,2,10,0.536871,1073741824,0,0,0,0,0,0,0,0,0,0,0,0,0,0,0,0,0,0.5,0,0,0,0,0,0,0,0,0,0,0,0,0,0,0,0,0,0.830669,646.316,1.69816,1.05253
Test,A100,256,16384,4194304,536870912,2,10,2.14748,1073741824,0,0,0,0,0,0,0,0,0,0,0,0,0,0,0,0,0,0,2,0,0,0,0,0,0,0,0,0,0,0,0,0,0,0,0,1.60072,1341.58,0.923948,0.572669
Test,A100,256,16384,4194304,268435456,2,10,1.07374,1073741824,0,0,0,0,0,0,0,0,0,0,0,0,0,0,0,0,0,0,0,1,0,0,0,0,0,0,0,0,0,0,0,0,0,0,0,0.827392,1297.75,2.03251,1.25976
Test,A100,256,16384,4194304,134217728,2,10,0.536871,1073741824,0,0,0,0,0,0,0,0,0,0,0,0,0,0,0,0,0,0,0,0,0.5,0,0,0,0,0,0,0,0,0,0,0,0,0,0,0.825651,650.244,1.72942,1.07191
Test,A100,256,16384,4194304,1073741824,2,10,2.14748,1073741824,0,0,0,0,0,0,0,0,0,0,0,0,0,0,0,0,0,0,0,0,0,2,0,0,0,0,0,0,0,0,0,0,0,0,0,4.32538,496.485,0.28288,0.175331
Test,A100,256,16384,4194304,536870912,2,10,1.07374,1073741824,0,0,0,0,0,0,0,0,0,0,0,0,0,0,0,0,0,0,0,0,0,0,1,0,0,0,0,0,0,0,0,0,0,0,0,2.28434,470.045,0.397529,0.246391
Test,A100,256,16384,4194304,268435456,2,10,0.536871,1073741824,0,0,0,0,0,0,0,0,0,0,0,0,0,0,0,0,0,0,0,0,0,0,0,0.5,0,0,0,0,0,0,0,0,0,0,0,1.13019,475.028,0.545204,0.337921
Test,A100,256,16384,4194304,134217728,2,10,0.268435,1073741824,0,0,0,0,0,0,0,0,0,0,0,0,0,0,0,0,0,0,0,0,0,0,0,0,0.25,0,0,0,0,0,0,0,0,0,0,0.88023,304.961,0.325108,0.201504
Test,A100,256,16384,4194304,536870912,2,10,1.07374,1073741824,0,0,0,0,0,0,0,0,0,0,0,0,0,0,0,0,0,0,0,0,0,0,0,0,0,1,0,0,0,0,0,0,0,0,0,1.79466,598.298,0.27314,0.169294
Test,A100,256,16384,4194304,268435456,2,10,0.536871,1073741824,0,0,0,0,0,0,0,0,0,0,0,0,0,0,0,0,0,0,0,0,0,0,0,0,0,0,0.5,0,0,0,0,0,0,0,0,1.35905,395.033,0.34677,0.21493
Test,A100,256,16384,4194304,134217728,2,10,0.268435,1073741824,0,0,0,0,0,0,0,0,0,0,0,0,0,0,0,0,0,0,0,0,0,0,0,0,0,0,0,0.25,0,0,0,0,0,0,0,1.63441,164.24,0.0970868,0.060175
Test,A100,256,16384,4194304,1073741824,2,10,2.14748,1073741824,0,0,0,0,0,0,0,0,0,0,0,0,0,0,0,0,0,0,0,0,0,0,0,0,0,0,0,0,2,0,0,0,0,0,0,8.96461,239.555,0.915792,0.567614
Test,A100,256,16384,4194304,536870912,2,10,1.07374,1073741824,0,0,0,0,0,0,0,0,0,0,0,0,0,0,0,0,0,0,0,0,0,0,0,0,0,0,0,0,0,1,0,0,0,0,0,4.54707,236.141,0.611038,0.378725
Test,A100,256,16384,4194304,268435456,2,10,0.536871,1073741824,0,0,0,0,0,0,0,0,0,0,0,0,0,0,0,0,0,0,0,0,0,0,0,0,0,0,0,0,0,0,0.5,0,0,0,0,1.76292,304.535,0.212215,0.131532
Test,A100,256,16384,4194304,134217728,2,10,0.268435,1073741824,0,0,0,0,0,0,0,0,0,0,0,0,0,0,0,0,0,0,0,0,0,0,0,0,0,0,0,0,0,0,0,0.25,0,0,0,1.62499,165.193,0.164163,0.101749
Test,A100,256,16384,4194304,536870912,2,10,1.07374,1073741824,0,0,0,0,0,0,0,0,0,0,0,0,0,0,0,0,0,0,0,0,0,0,0,0,0,0,0,0,0,0,0,0,1,0,0,4.17792,257.007,0.851893,0.528009
Test,A100,256,16384,4194304,268435456,2,10,0.536871,1073741824,0,0,0,0,0,0,0,0,0,0,0,0,0,0,0,0,0,0,0,0,0,0,0,0,0,0,0,0,0,0,0,0,0,0.5,0,1.76538,304.112,0.409047,0.25353
Test,A100,256,16384,4194304,134217728,2,10,0.268435,1073741824,0,0,0,0,0,0,0,0,0,0,0,0,0,0,0,0,0,0,0,0,0,0,0,0,0,0,0,0,0,0,0,0,0,0,0.25,1.62642,165.047,0.250629,0.155342
Test,A100,256,16384,4194304,1073741824,4,10,4.29497,1073741824,4,0,0,0,0,0,0,0,0,0,0,0,0,0,0,0,0,0,0,0,0,0,0,0,0,0,0,0,0,0,0,0,0,0,0,11.1396,385.56,0.706325,0.437785
Test,A100,256,16384,4194304,536870912,4,10,2.14748,1073741824,0,2,0,0,0,0,0,0,0,0,0,0,0,0,0,0,0,0,0,0,0,0,0,0,0,0,0,0,0,0,0,0,0,0,0,4.27049,502.867,0.591777,0.366787
Test,A100,256,16384,4194304,268435456,4,10,1.07374,1073741824,0,0,1,0,0,0,0,0,0,0,0,0,0,0,0,0,0,0,0,0,0,0,0,0,0,0,0,0,0,0,0,0,0,0,0,1.75217,612.808,0.373501,0.231498
Test,A100,256,16384,4194304,134217728,4,10,0.536871,1073741824,0,0,0,0.5,0,0,0,0,0,0,0,0,0,0,0,0,0,0,0,0,0,0,0,0,0,0,0,0,0,0,0,0,0,0,0,1.6255,330.282,0.448767,0.278149
Test,A100,256,16384,4194304,536870912,4,10,2.14748,1073741824,0,0,0,0,2,0,0,0,0,0,0,0,0,0,0,0,0,0,0,0,0,0,0,0,0,0,0,0,0,0,0,0,0,0,0,1.76538,1216.45,0.892334,0.553074
Test,A100,256,16384,4194304,268435456,4,10,1.07374,1073741824,0,0,0,0,0,1,0,0,0,0,0,0,0,0,0,0,0,0,0,0,0,0,0,0,0,0,0,0,0,0,0,0,0,0,0,0.82903,1295.19,3.12886,1.93929
Test,A100,256,16384,4194304,134217728,4,10,0.536871,1073741824,0,0,0,0,0,0,0.5,0,0,0,0,0,0,0,0,0,0,0,0,0,0,0,0,0,0,0,0,0,0,0,0,0,0,0,0,0.828109,648.313,1.52041,0.942359
Test,A100,256,16384,4194304,1073741824,4,10,4.29497,1073741824,0,0,0,0,0,0,0,4,0,0,0,0,0,0,0,0,0,0,0,0,0,0,0,0,0,0,0,0,0,0,0,0,0,0,0,8.79401,488.408,2.30664,1.42967
Test,A100,256,16384,4194304,536870912,4,10,2.14748,1073741824,0,0,0,0,0,0,0,0,2,0,0,0,0,0,0,0,0,0,0,0,0,0,0,0,0,0,0,0,0,0,0,0,0,0,0,3.88895,552.203,0.711033,0.440703
Test,A100,256,16384,4194304,268435456,4,10,1.07374,1073741824,0,0,0,0,0,0,0,0,0,1,0,0,0,0,0,0,0,0,0,0,0,0,0,0,0,0,0,0,0,0,0,0,0,0,0,1.75073,613.31,0.578665,0.358661
Test,A100,256,16384,4194304,134217728,4,10,0.536871,1073741824,0,0,0,0,0,0,0,0,0,0,0.5,0,0,0,0,0,0,0,0,0,0,0,0,0,0,0,0,0,0,0,0,0,0,0,0,1.62755,329.866,0.296349,0.183679
Test,A100,256,16384,4194304,536870912,4,10,2.14748,1073741824,0,0,0,0,0,0,0,0,0,0,0,2,0,0,0,0,0,0,0,0,0,0,0,0,0,0,0,0,0,0,0,0,0,0,0,1.68632,1273.47,1.08232,0.670827
Test,A100,256,16384,4194304,268435456,4,10,1.07374,1073741824,0,0,0,0,0,0,0,0,0,0,0,0,1,0,0,0,0,0,0,0,0,0,0,0,0,0,0,0,0,0,0,0,0,0,0,0.829235,1294.86,2.92589,1.81348
Test,A100,256,16384,4194304,134217728,4,10,0.536871,1073741824,0,0,0,0,0,0,0,0,0,0,0,0,0,0.5,0,0,0,0,0,0,0,0,0,0,0,0,0,0,0,0,0,0,0,0,0,0.828416,648.07,0.878661,0.5446
Test,A100,256,16384,4194304,1073741824,4,10,8.58993,1073741824,0,0,0,0,0,0,0,0,0,0,0,0,0,0,8,0,0,0,0,0,0,0,0,0,0,0,0,0,0,0,0,0,0,0,0,2.75988,3112.43,1.69737,1.05204
Test,A100,256,16384,4194304,536870912,4,10,4.29497,1073741824,0,0,0,0,0,0,0,0,0,0,0,0,0,0,0,4,0,0,0,0,0,0,0,0,0,0,0,0,0,0,0,0,0,0,0,1.56436,2745.5,2.27976,1.41301
Test,A100,256,16384,4194304,268435456,4,10,2.14748,1073741824,0,0,0,0,0,0,0,0,0,0,0,0,0,0,0,0,2,0,0,0,0,0,0,0,0,0,0,0,0,0,0,0,0,0,0,0.971059,2211.49,1.82031,1.12824
Test,A100,256,16384,4194304,134217728,4,10,1.07374,1073741824,0,0,0,0,0,0,0,0,0,0,0,0,0,0,0,0,0,1,0,0,0,0,0,0,0,0,0,0,0,0,0,0,0,0,0,0.833536,1288.18,2.91366,1.8059
Test,A100,256,16384,4194304,536870912,4,10,4.29497,1073741824,0,0,0,0,0,0,0,0,0,0,0,0,0,0,0,0,0,0,4,0,0,0,0,0,0,0,0,0,0,0,0,0,0,0,0,1.69759,2530.04,2.24146,1.38927
Test,A100,256,16384,4194304,268435456,4,10,2.14748,1073741824,0,0,0,0,0,0,0,0,0,0,0,0,0,0,0,0,0,0,0,2,0,0,0,0,0,0,0,0,0,0,0,0,0,0,0,0.829645,2588.45,6.51727,4.03945
Test,A100,256,16384,4194304,134217728,4,10,1.07374,1073741824,0,0,0,0,0,0,0,0,0,0,0,0,0,0,0,0,0,0,0,0,1,0,0,0,0,0,0,0,0,0,0,0,0,0,0,0.828109,1296.63,2.78368,1.72534
Test,A100,256,16384,4194304,1073741824,4,10,4.29497,1073741824,0,0,0,0,0,0,0,0,0,0,0,0,0,0,0,0,0,0,0,0,0,4,0,0,0,0,0,0,0,0,0,0,0,0,0,7.71994,556.348,0.15824,0.0980779
Test,A100,256,16384,4194304,536870912,4,10,2.14748,1073741824,0,0,0,0,0,0,0,0,0,0,0,0,0,0,0,0,0,0,0,0,0,0,2,0,0,0,0,0,0,0,0,0,0,0,0,3.86161,556.112,0.258977,0.160515
Test,A100,256,16384,4194304,268435456,4,10,1.07374,1073741824,0,0,0,0,0,0,0,0,0,0,0,0,0,0,0,0,0,0,0,0,0,0,0,1,0,0,0,0,0,0,0,0,0,0,0,1.65325,649.474,0.324176,0.200926
Test,A100,256,16384,4194304,134217728,4,10,0.536871,1073741824,0,0,0,0,0,0,0,0,0,0,0,0,0,0,0,0,0,0,0,0,0,0,0,0,0.5,0,0,0,0,0,0,0,0,0,0,1.04131,515.577,1.09301,0.677454
Test,A100,256,16384,4194304,536870912,4,10,2.14748,1073741824,0,0,0,0,0,0,0,0,0,0,0,0,0,0,0,0,0,0,0,0,0,0,0,0,0,2,0,0,0,0,0,0,0,0,0,2.4148,889.303,0.821993,0.509477
Test,A100,256,16384,4194304,268435456,4,10,1.07374,1073741824,0,0,0,0,0,0,0,0,0,0,0,0,0,0,0,0,0,0,0,0,0,0,0,0,0,0,1,0,0,0,0,0,0,0,0,2.34086,458.695,0.179408,0.111198
Test,A100,256,16384,4194304,134217728,4,10,0.536871,1073741824,0,0,0,0,0,0,0,0,0,0,0,0,0,0,0,0,0,0,0,0,0,0,0,0,0,0,0,0.5,0,0,0,0,0,0,0,3.12064,172.039,0.107695,0.0667503
Test,A100,256,16384,4194304,1073741824,4,10,4.29497,1073741824,0,0,0,0,0,0,0,0,0,0,0,0,0,0,0,0,0,0,0,0,0,0,0,0,0,0,0,0,4,0,0,0,0,0,0,9.22388,465.636,0.535396,0.331842
Test,A100,256,16384,4194304,536870912,4,10,2.14748,1073741824,0,0,0,0,0,0,0,0,0,0,0,0,0,0,0,0,0,0,0,0,0,0,0,0,0,0,0,0,0,2,0,0,0,0,0,4.86257,441.636,0.402157,0.249259
Test,A100,256,16384,4194304,268435456,4,10,1.07374,1073741824,0,0,0,0,0,0,0,0,0,0,0,0,0,0,0,0,0,0,0,0,0,0,0,0,0,0,0,0,0,0,1,0,0,0,0,1.78565,601.317,0.430491,0.266821
Test,A100,256,16384,4194304,134217728,4,10,0.536871,1073741824,0,0,0,0,0,0,0,0,0,0,0,0,0,0,0,0,0,0,0,0,0,0,0,0,0,0,0,0,0,0,0,0.5,0,0,0,1.62765,329.845,0.362413,0.224626
Test,A100,256,16384,4194304,536870912,4,10,2.14748,1073741824,0,0,0,0,0,0,0,0,0,0,0,0,0,0,0,0,0,0,0,0,0,0,0,0,0,0,0,0,0,0,0,0,2,0,0,4.52198,474.9,0.808432,0.501072
Test,A100,256,16384,4194304,268435456,4,10,1.07374,1073741824,0,0,0,0,0,0,0,0,0,0,0,0,0,0,0,0,0,0,0,0,0,0,0,0,0,0,0,0,0,0,0,0,0,1,0,1.77121,606.221,1.24853,0.773845
Test,A100,256,16384,4194304,134217728,4,10,0.536871,1073741824,0,0,0,0,0,0,0,0,0,0,0,0,0,0,0,0,0,0,0,0,0,0,0,0,0,0,0,0,0,0,0,0,0,0,0.5,1.62867,329.638,0.396439,0.245716
Test,A100,256,16384,4194304,1073741824,8,10,8.58993,1073741824,8,0,0,0,0,0,0,0,0,0,0,0,0,0,0,0,0,0,0,0,0,0,0,0,0,0,0,0,0,0,0,0,0,0,0,11.8716,724.658,28.2982,17.5394
Test,A100,256,16384,4194304,536870912,8,10,4.29497,1073741824,0,4,0,0,0,0,0,0,0,0,0,0,0,0,0,0,0,0,0,0,0,0,0,0,0,0,0,0,0,0,0,0,0,0,0,4.22267,1017.13,2.12197,1.31521
Test,A100,256,16384,4194304,268435456,8,10,2.14748,1073741824,0,0,2,0,0,0,0,0,0,0,0,0,0,0,0,0,0,0,0,0,0,0,0,0,0,0,0,0,0,0,0,0,0,0,0,1.74868,1228.06,0.853789,0.529184
Test,A100,256,16384,4194304,134217728,8,10,1.07374,1073741824,0,0,0,1,0,0,0,0,0,0,0,0,0,0,0,0,0,0,0,0,0,0,0,0,0,0,0,0,0,0,0,0,0,0,0,1.62632,660.231,0.94542,0.585977
Test,A100,256,16384,4194304,536870912,8,10,4.29497,1073741824,0,0,0,0,4,0,0,0,0,0,0,0,0,0,0,0,0,0,0,0,0,0,0,0,0,0,0,0,0,0,0,0,0,0,0,1.69697,2530.96,1.64325,1.0185
Test,A100,256,16384,4194304,268435456,8,10,2.14748,1073741824,0,0,0,0,0,2,0,0,0,0,0,0,0,0,0,0,0,0,0,0,0,0,0,0,0,0,0,0,0,0,0,0,0,0,0,0.832922,2578.27,6.04844,3.74886
Test,A100,256,16384,4194304,134217728,8,10,1.07374,1073741824,0,0,0,0,0,0,1,0,0,0,0,0,0,0,0,0,0,0,0,0,0,0,0,0,0,0,0,0,0,0,0,0,0,0,0,0.831693,1291.04,2.92082,1.81034
Test,A100,256,16384,4194304,1073741824,8,10,8.58993,1073741824,0,0,0,0,0,0,0,8,0,0,0,0,0,0,0,0,0,0,0,0,0,0,0,0,0,0,0,0,0,0,0,0,0,0,0,8.7807,978.277,1.56191,0.968083
Test,A100,256,16384,4194304,536870912,8,10,4.29497,1073741824,0,0,0,0,0,0,0,0,4,0,0,0,0,0,0,0,0,0,0,0,0,0,0,0,0,0,0,0,0,0,0,0,0,0,0,4.19922,1022.81,2.2318,1.38328
Test,A100,256,16384,4194304,268435456,8,10,2.14748,1073741824,0,0,0,0,0,0,0,0,0,2,0,0,0,0,0,0,0,0,0,0,0,0,0,0,0,0,0,0,0,0,0,0,0,0,0,1.74264,1232.31,0.541791,0.335806
Test,A100,256,16384,4194304,134217728,8,10,1.07374,1073741824,0,0,0,0,0,0,0,0,0,0,1,0,0,0,0,0,0,0,0,0,0,0,0,0,0,0,0,0,0,0,0,0,0,0,0,1.63144,658.159,0.957553,0.593497
Test,A100,256,16384,4194304,536870912,8,10,4.29497,1073741824,0,0,0,0,0,0,0,0,0,0,0,4,0,0,0,0,0,0,0,0,0,0,0,0,0,0,0,0,0,0,0,0,0,0,0,1.69769,2529.89,1.26674,0.785134
Test,A100,256,16384,4194304,268435456,8,10,2.14748,1073741824,0,0,0,0,0,0,0,0,0,0,0,0,2,0,0,0,0,0,0,0,0,0,0,0,0,0,0,0,0,0,0,0,0,0,0,0.832614,2579.21,2.99074,1.85368
Test,A100,256,16384,4194304,134217728,8,10,1.07374,1073741824,0,0,0,0,0,0,0,0,0,0,0,0,0,1,0,0,0,0,0,0,0,0,0,0,0,0,0,0,0,0,0,0,0,0,0,0.831693,1291.04,2.22676,1.38016
Test,A100,256,16384,4194304,1073741824,8,10,17.1799,1073741824,0,0,0,0,0,0,0,0,0,0,0,0,0,0,16,0,0,0,0,0,0,0,0,0,0,0,0,0,0,0,0,0,0,0,0,2.93059,5862.27,2.50006,1.54955
Test,A100,256,16384,4194304,536870912,8,10,8.58993,1073741824,0,0,0,0,0,0,0,0,0,0,0,0,0,0,0,8,0,0,0,0,0,0,0,0,0,0,0,0,0,0,0,0,0,0,0,1.6043,5354.32,3.07603,1.90654
Test,A100,256,16384,4194304,268435456,8,10,4.29497,1073741824,0,0,0,0,0,0,0,0,0,0,0,0,0,0,0,0,4,0,0,0,0,0,0,0,0,0,0,0,0,0,0,0,0,0,0,0.981606,4375.45,3.64898,2.26166
Test,A100,256,16384,4194304,134217728,8,10,2.14748,1073741824,0,0,0,0,0,0,0,0,0,0,0,0,0,0,0,0,0,2,0,0,0,0,0,0,0,0,0,0,0,0,0,0,0,0,0,0.843981,2544.48,4.73552,2.9351
Test,A100,256,16384,4194304,536870912,8,10,8.58993,1073741824,0,0,0,0,0,0,0,0,0,0,0,0,0,0,0,0,0,0,8,0,0,0,0,0,0,0,0,0,0,0,0,0,0,0,0,2.00663,4280.78,2.96057,1.83498
Test,A100,256,16384,4194304,268435456,8,10,4.29497,1073741824,0,0,0,0,0,0,0,0,0,0,0,0,0,0,0,0,0,0,0,4,0,0,0,0,0,0,0,0,0,0,0,0,0,0,0,0.832307,5160.32,6.84311,4.24141
Test,A100,256,16384,4194304,134217728,8,10,2.14748,1073741824,0,0,0,0,0,0,0,0,0,0,0,0,0,0,0,0,0,0,0,0,2,0,0,0,0,0,0,0,0,0,0,0,0,0,0,0.83241,2579.86,6.40348,3.96892
Test,A100,256,16384,4194304,1073741824,8,10,8.58993,1073741824,0,0,0,0,0,0,0,0,0,0,0,0,0,0,0,0,0,0,0,0,0,8,0,0,0,0,0,0,0,0,0,0,0,0,0,15.2118,564.688,0.0883972,0.0547892
Test,A100,256,16384,4194304,536870912,8,10,4.29497,1073741824,0,0,0,0,0,0,0,0,0,0,0,0,0,0,0,0,0,0,0,0,0,0,4,0,0,0,0,0,0,0,0,0,0,0,0,7.66915,560.032,0.0832472,0.0515972
Test,A100,256,16384,4194304,268435456,8,10,2.14748,1073741824,0,0,0,0,0,0,0,0,0,0,0,0,0,0,0,0,0,0,0,0,0,0,0,2,0,0,0,0,0,0,0,0,0,0,0,3.21894,667.139,0.357942,0.221855
Test,A100,256,16384,4194304,134217728,8,10,1.07374,1073741824,0,0,0,0,0,0,0,0,0,0,0,0,0,0,0,0,0,0,0,0,0,0,0,0,1,0,0,0,0,0,0,0,0,0,0,1.83624,584.752,0.406971,0.252243
Test,A100,256,16384,4194304,536870912,8,10,4.29497,1073741824,0,0,0,0,0,0,0,0,0,0,0,0,0,0,0,0,0,0,0,0,0,0,0,0,0,4,0,0,0,0,0,0,0,0,0,4.27018,1005.8,0.521834,0.323436
Test,A100,256,16384,4194304,268435456,8,10,2.14748,1073741824,0,0,0,0,0,0,0,0,0,0,0,0,0,0,0,0,0,0,0,0,0,0,0,0,0,0,2,0,0,0,0,0,0,0,0,4.58527,468.345,0.502691,0.311571
Test,A100,256,16384,4194304,134217728,8,10,1.07374,1073741824,0,0,0,0,0,0,0,0,0,0,0,0,0,0,0,0,0,0,0,0,0,0,0,0,0,0,0,1,0,0,0,0,0,0,0,6.20708,172.987,0.0972566,0.0602803
Test,A100,256,16384,4194304,1073741824,8,10,8.58993,1073741824,0,0,0,0,0,0,0,0,0,0,0,0,0,0,0,0,0,0,0,0,0,0,0,0,0,0,0,0,8,0,0,0,0,0,0,9.78237,878.104,0.780188,0.483566
Test,A100,256,16384,4194304,536870912,8,10,4.29497,1073741824,0,0,0,0,0,0,0,0,0,0,0,0,0,0,0,0,0,0,0,0,0,0,0,0,0,0,0,0,0,4,0,0,0,0,0,5.13884,835.788,1.46156,0.905886
Test,A100,256,16384,4194304,268435456,8,10,2.14748,1073741824,0,0,0,0,0,0,0,0,0,0,0,0,0,0,0,0,0,0,0,0,0,0,0,0,0,0,0,0,0,0,2,0,0,0,0,1.86706,1150.2,0.634402,0.393206
Test,A100,256,16384,4194304,134217728,8,10,1.07374,1073741824,0,0,0,0,0,0,0,0,0,0,0,0,0,0,0,0,0,0,0,0,0,0,0,0,0,0,0,0,0,0,0,1,0,0,0,1.63574,656.427,0.667768,0.413887
Test,A100,256,16384,4194304,536870912,8,10,4.29497,1073741824,0,0,0,0,0,0,0,0,0,0,0,0,0,0,0,0,0,0,0,0,0,0,0,0,0,0,0,0,0,0,0,0,4,0,0,4.45983,963.036,1.19826,0.742691
Test,A100,256,16384,4194304,268435456,8,10,2.14748,1073741824,0,0,0,0,0,0,0,0,0,0,0,0,0,0,0,0,0,0,0,0,0,0,0,0,0,0,0,0,0,0,0,0,0,2,0,1.78555,1202.71,3.06511,1.89978
Test,A100,256,16384,4194304,134217728,8,10,1.07374,1073741824,0,0,0,0,0,0,0,0,0,0,0,0,0,0,0,0,0,0,0,0,0,0,0,0,0,0,0,0,0,0,0,0,0,0,1,1.63021,658.654,0.761276,0.471844
Test,A100,256,16384,4194304,1073741824,16,10,17.1799,1073741824,16,0,0,0,0,0,0,0,0,0,0,0,0,0,0,0,0,0,0,0,0,0,0,0,0,0,0,0,0,0,0,0,0,0,0,12.2013,1408.04,2.33237,1.44562
Test,A100,256,16384,4194304,536870912,16,10,8.58993,1073741824,0,8,0,0,0,0,0,0,0,0,0,0,0,0,0,0,0,0,0,0,0,0,0,0,0,0,0,0,0,0,0,0,0,0,0,4.17802,2055.99,3.81247,2.36299
Test,A100,256,16384,4194304,268435456,16,10,4.29497,1073741824,0,0,4,0,0,0,0,0,0,0,0,0,0,0,0,0,0,0,0,0,0,0,0,0,0,0,0,0,0,0,0,0,0,0,0,1.75002,2454.24,0.908229,0.562926
Test,A100,256,16384,4194304,134217728,16,10,2.14748,1073741824,0,0,0,2,0,0,0,0,0,0,0,0,0,0,0,0,0,0,0,0,0,0,0,0,0,0,0,0,0,0,0,0,0,0,0,1.62796,1319.13,1.03627,0.642289
Test,A100,256,16384,4194304,536870912,16,10,8.58993,1073741824,0,0,0,0,8,0,0,0,0,0,0,0,0,0,0,0,0,0,0,0,0,0,0,0,0,0,0,0,0,0,0,0,0,0,0,2.01165,4270.1,2.42943,1.50578
Test,A100,256,16384,4194304,268435456,16,10,4.29497,1073741824,0,0,0,0,0,4,0,0,0,0,0,0,0,0,0,0,0,0,0,0,0,0,0,0,0,0,0,0,0,0,0,0,0,0,0,0.844288,5087.09,4.97435,3.08314
Test,A100,256,16384,4194304,134217728,16,10,2.14748,1073741824,0,0,0,0,0,0,2,0,0,0,0,0,0,0,0,0,0,0,0,0,0,0,0,0,0,0,0,0,0,0,0,0,0,0,0,0.840397,2555.33,5.92195,3.67046
Test,A100,256,16384,4194304,1073741824,16,10,17.1799,1073741824,0,0,0,0,0,0,0,16,0,0,0,0,0,0,0,0,0,0,0,0,0,0,0,0,0,0,0,0,0,0,0,0,0,0,0,7.79274,2204.61,4.068,2.52137
Test,A100,256,16384,4194304,536870912,16,10,8.58993,1073741824,0,0,0,0,0,0,0,0,8,0,0,0,0,0,0,0,0,0,0,0,0,0,0,0,0,0,0,0,0,0,0,0,0,0,0,4.03712,2127.74,2.45148,1.51945
Test,A100,256,16384,4194304,268435456,16,10,4.29497,1073741824,0,0,0,0,0,0,0,0,0,4,0,0,0,0,0,0,0,0,0,0,0,0,0,0,0,0,0,0,0,0,0,0,0,0,0,1.74787,2457.27,2.08222,1.29057
Test,A100,256,16384,4194304,134217728,16,10,2.14748,1073741824,0,0,0,0,0,0,0,0,0,0,2,0,0,0,0,0,0,0,0,0,0,0,0,0,0,0,0,0,0,0,0,0,0,0,0,1.64178,1308.02,0.968616,0.600354
Test,A100,256,16384,4194304,536870912,16,10,8.58993,1073741824,0,0,0,0,0,0,0,0,0,0,0,8,0,0,0,0,0,0,0,0,0,0,0,0,0,0,0,0,0,0,0,0,0,0,0,2.01073,4272.06,1.99472,1.23634
Test,A100,256,16384,4194304,268435456,16,10,4.29497,1073741824,0,0,0,0,0,0,0,0,0,0,0,0,4,0,0,0,0,0,0,0,0,0,0,0,0,0,0,0,0,0,0,0,0,0,0,0.8448,5084.01,6.15801,3.81678
Test,A100,256,16384,4194304,134217728,16,10,2.14748,1073741824,0,0,0,0,0,0,0,0,0,0,0,0,0,2,0,0,0,0,0,0,0,0,0,0,0,0,0,0,0,0,0,0,0,0,0,0.840602,2554.7,1.67601,1.0388
Test,A100,256,16384,4194304,1073741824,16,10,34.3597,1073741824,0,0,0,0,0,0,0,0,0,0,0,0,0,0,32,0,0,0,0,0,0,0,0,0,0,0,0,0,0,0,0,0,0,0,0,3.27004,10507.4,12.6053,7.81287
Test,A100,256,16384,4194304,536870912,16,10,17.1799,1073741824,0,0,0,0,0,0,0,0,0,0,0,0,0,0,0,16,0,0,0,0,0,0,0,0,0,0,0,0,0,0,0,0,0,0,0,1.79794,9555.32,4.74348,2.94004
Test,A100,256,16384,4194304,268435456,16,10,8.58993,1073741824,0,0,0,0,0,0,0,0,0,0,0,0,0,0,0,0,8,0,0,0,0,0,0,0,0,0,0,0,0,0,0,0,0,0,0,1.01069,8499.1,6.66993,4.13406
Test,A100,256,16384,4194304,134217728,16,10,4.29497,1073741824,0,0,0,0,0,0,0,0,0,0,0,0,0,0,0,0,0,4,0,0,0,0,0,0,0,0,0,0,0,0,0,0,0,0,0,0.986624,4353.2,4.15796,2.57713
Test,A100,256,16384,4194304,536870912,16,10,17.1799,1073741824,0,0,0,0,0,0,0,0,0,0,0,0,0,0,0,0,0,0,16,0,0,0,0,0,0,0,0,0,0,0,0,0,0,0,0,3.02346,5682.19,4.72733,2.93003
Test,A100,256,16384,4194304,268435456,16,10,8.58993,1073741824,0,0,0,0,0,0,0,0,0,0,0,0,0,0,0,0,0,0,0,8,0,0,0,0,0,0,0,0,0,0,0,0,0,0,0,0.8448,10168,13.5014,8.36826
Test,A100,256,16384,4194304,134217728,16,10,4.29497,1073741824,0,0,0,0,0,0,0,0,0,0,0,0,0,0,0,0,0,0,0,0,4,0,0,0,0,0,0,0,0,0,0,0,0,0,0,0.840909,5107.56,11.4208,7.07868
Test,A100,256,16384,4194304,1073741824,16,10,17.1799,1073741824,0,0,0,0,0,0,0,0,0,0,0,0,0,0,0,0,0,0,0,0,0,16,0,0,0,0,0,0,0,0,0,0,0,0,0,30.0357,571.982,0.0360156,0.0223227
Test,A100,256,16384,4194304,536870912,16,10,8.58993,1073741824,0,0,0,0,0,0,0,0,0,0,0,0,0,0,0,0,0,0,0,0,0,0,8,0,0,0,0,0,0,0,0,0,0,0,0,15.0571,570.491,0.048445,0.0300265
Test,A100,256,16384,4194304,268435456,16,10,4.29497,1073741824,0,0,0,0,0,0,0,0,0,0,0,0,0,0,0,0,0,0,0,0,0,0,0,4,0,0,0,0,0,0,0,0,0,0,0,6.24896,687.309,0.183242,0.113575
Test,A100,256,16384,4194304,134217728,16,10,2.14748,1073741824,0,0,0,0,0,0,0,0,0,0,0,0,0,0,0,0,0,0,0,0,0,0,0,0,2,0,0,0,0,0,0,0,0,0,0,3.57683,600.387,0.473455,0.29345
Test,A100,256,16384,4194304,536870912,16,10,8.58993,1073741824,0,0,0,0,0,0,0,0,0,0,0,0,0,0,0,0,0,0,0,0,0,0,0,0,0,8,0,0,0,0,0,0,0,0,0,8.15923,1052.79,0.534401,0.331225
Test,A100,256,16384,4194304,268435456,16,10,4.29497,1073741824,0,0,0,0,0,0,0,0,0,0,0,0,0,0,0,0,0,0,0,0,0,0,0,0,0,0,4,0,0,0,0,0,0,0,0,9.52996,450.69,2.09406,1.29791
Test,A100,256,16384,4194304,134217728,16,10,2.14748,1073741824,0,0,0,0,0,0,0,0,0,0,0,0,0,0,0,0,0,0,0,0,0,0,0,0,0,0,0,2,0,0,0,0,0,0,0,12.362,173.716,0.0182585,0.0113167
Test,A100,256,16384,4194304,1073741824,16,10,17.1799,1073741824,0,0,0,0,0,0,0,0,0,0,0,0,0,0,0,0,0,0,0,0,0,0,0,0,0,0,0,0,16,0,0,0,0,0,0,11.1832,1536.22,0.745707,0.462194
Test,A100,256,16384,4194304,536870912,16,10,8.58993,1073741824,0,0,0,0,0,0,0,0,0,0,0,0,0,0,0,0,0,0,0,0,0,0,0,0,0,0,0,0,0,8,0,0,0,0,0,5.70931,1504.55,2.35312,1.45848
Test,A100,256,16384,4194304,268435456,16,10,4.29497,1073741824,0,0,0,0,0,0,0,0,0,0,0,0,0,0,0,0,0,0,0,0,0,0,0,0,0,0,0,0,0,0,4,0,0,0,0,2.71288,1583.17,0.273825,0.169718
Test,A100,256,16384,4194304,134217728,16,10,2.14748,1073741824,0,0,0,0,0,0,0,0,0,0,0,0,0,0,0,0,0,0,0,0,0,0,0,0,0,0,0,0,0,0,0,2,0,0,0,1.66676,1288.41,0.940494,0.582924
Test,A100,256,16384,4194304,536870912,16,10,8.58993,1073741824,0,0,0,0,0,0,0,0,0,0,0,0,0,0,0,0,0,0,0,0,0,0,0,0,0,0,0,0,0,0,0,0,8,0,0,4.6848,1833.58,2.49546,1.5467
Test,A100,256,16384,4194304,268435456,16,10,4.29497,1073741824,0,0,0,0,0,0,0,0,0,0,0,0,0,0,0,0,0,0,0,0,0,0,0,0,0,0,0,0,0,0,0,0,0,4,0,1.83173,2344.76,3.8223,2.36908
Test,A100,256,16384,4194304,134217728,16,10,2.14748,1073741824,0,0,0,0,0,0,0,0,0,0,0,0,0,0,0,0,0,0,0,0,0,0,0,0,0,0,0,0,0,0,0,0,0,0,2,1.6342,1314.09,1.13182,0.701511
Test,A100,256,16384,4194304,1073741824,32,10,34.3597,1073741824,32,0,0,0,0,0,0,0,0,0,0,0,0,0,0,0,0,0,0,0,0,0,0,0,0,0,0,0,0,0,0,0,0,0,0,12.2209,2811.56,4.33227,2.68517
Test,A100,256,16384,4194304,536870912,32,10,17.1799,1073741824,0,16,0,0,0,0,0,0,0,0,0,0,0,0,0,0,0,0,0,0,0,0,0,0,0,0,0,0,0,0,0,0,0,0,0,4.22195,4069.18,5.60233,3.47236
Test,A100,256,16384,4194304,268435456,32,10,8.58993,1073741824,0,0,8,0,0,0,0,0,0,0,0,0,0,0,0,0,0,0,0,0,0,0,0,0,0,0,0,0,0,0,0,0,0,0,0,1.76609,4863.81,3.34813,2.0752
Test,A100,256,16384,4194304,134217728,32,10,4.29497,1073741824,0,0,0,4,0,0,0,0,0,0,0,0,0,0,0,0,0,0,0,0,0,0,0,0,0,0,0,0,0,0,0,0,0,0,0,1.63226,2631.31,3.13209,1.94129
Test,A100,256,16384,4194304,536870912,32,10,17.1799,1073741824,0,0,0,0,16,0,0,0,0,0,0,0,0,0,0,0,0,0,0,0,0,0,0,0,0,0,0,0,0,0,0,0,0,0,0,3.04507,5641.87,3.39981,2.10722
Test,A100,256,16384,4194304,268435456,32,10,8.58993,1073741824,0,0,0,0,0,8,0,0,0,0,0,0,0,0,0,0,0,0,0,0,0,0,0,0,0,0,0,0,0,0,0,0,0,0,0,0.94976,9044.33,10.9051,6.75903
Test,A100,256,16384,4194304,134217728,32,10,4.29497,1073741824,0,0,0,0,0,0,4,0,0,0,0,0,0,0,0,0,0,0,0,0,0,0,0,0,0,0,0,0,0,0,0,0,0,0,0,0.95191,4511.95,3.21794,1.9945
Test,A100,256,16384,4194304,1073741824,32,10,34.3597,1073741824,0,0,0,0,0,0,0,32,0,0,0,0,0,0,0,0,0,0,0,0,0,0,0,0,0,0,0,0,0,0,0,0,0,0,0,8.15811,4211.74,4.99757,3.09753
Test,A100,256,16384,4194304,536870912,32,10,17.1799,1073741824,0,0,0,0,0,0,0,0,16,0,0,0,0,0,0,0,0,0,0,0,0,0,0,0,0,0,0,0,0,0,0,0,0,0,0,4.25759,4035.13,6.39651,3.9646
Test,A100,256,16384,4194304,268435456,32,10,8.58993,1073741824,0,0,0,0,0,0,0,0,0,8,0,0,0,0,0,0,0,0,0,0,0,0,0,0,0,0,0,0,0,0,0,0,0,0,0,1.77746,4832.71,3.47706,2.15511
Test,A100,256,16384,4194304,134217728,32,10,4.29497,1073741824,0,0,0,0,0,0,0,0,0,0,4,0,0,0,0,0,0,0,0,0,0,0,0,0,0,0,0,0,0,0,0,0,0,0,0,1.97089,2179.2,1.24506,0.771693
Test,A100,256,16384,4194304,536870912,32,10,17.1799,1073741824,0,0,0,0,0,0,0,0,0,0,0,16,0,0,0,0,0,0,0,0,0,0,0,0,0,0,0,0,0,0,0,0,0,0,0,3.02234,5684.3,2.31834,1.43692
Test,A100,256,16384,4194304,268435456,32,10,8.58993,1073741824,0,0,0,0,0,0,0,0,0,0,0,0,8,0,0,0,0,0,0,0,0,0,0,0,0,0,0,0,0,0,0,0,0,0,0,0.950067,9041.41,11.3697,7.04701
Test,A100,256,16384,4194304,134217728,32,10,4.29497,1073741824,0,0,0,0,0,0,0,0,0,0,0,0,0,4,0,0,0,0,0,0,0,0,0,0,0,0,0,0,0,0,0,0,0,0,0,0.952115,4510.98,4.74825,2.943
Test,A100,256,16384,4194304,1073741824,32,10,68.7195,1073741824,0,0,0,0,0,0,0,0,0,0,0,0,0,0,64,0,0,0,0,0,0,0,0,0,0,0,0,0,0,0,0,0,0,0,0,4.34872,15802.2,6.61201,4.09817
Test,A100,256,16384,4194304,536870912,32,10,34.3597,1073741824,0,0,0,0,0,0,0,0,0,0,0,0,0,0,0,32,0,0,0,0,0,0,0,0,0,0,0,0,0,0,0,0,0,0,0,2.28383,15044.8,5.26743,3.26479
Test,A100,256,16384,4194304,268435456,32,10,17.1799,1073741824,0,0,0,0,0,0,0,0,0,0,0,0,0,0,0,0,16,0,0,0,0,0,0,0,0,0,0,0,0,0,0,0,0,0,0,1.12323,15295.1,15.821,9.80598
Test,A100,256,16384,4194304,134217728,32,10,8.58993,1073741824,0,0,0,0,0,0,0,0,0,0,0,0,0,0,0,0,0,8,0,0,0,0,0,0,0,0,0,0,0,0,0,0,0,0,0,1.8517,4638.95,1.64159,1.01747
Test,A100,256,16384,4194304,536870912,32,10,34.3597,1073741824,0,0,0,0,0,0,0,0,0,0,0,0,0,0,0,0,0,0,32,0,0,0,0,0,0,0,0,0,0,0,0,0,0,0,0,5.6533,6077.82,1.76057,1.09121
Test,A100,256,16384,4194304,268435456,32,10,17.1799,1073741824,0,0,0,0,0,0,0,0,0,0,0,0,0,0,0,0,0,0,0,16,0,0,0,0,0,0,0,0,0,0,0,0,0,0,0,0.95447,17999.4,20.1184,12.4695
Test,A100,256,16384,4194304,134217728,32,10,8.58993,1073741824,0,0,0,0,0,0,0,0,0,0,0,0,0,0,0,0,0,0,0,0,8,0,0,0,0,0,0,0,0,0,0,0,0,0,0,0.957542,8970.82,6.71585,4.16253
Test,A100,256,16384,4194304,1073741824,32,10,34.3597,1073741824,0,0,0,0,0,0,0,0,0,0,0,0,0,0,0,0,0,0,0,0,0,32,0,0,0,0,0,0,0,0,0,0,0,0,0,60.1035,571.686,2.3667,1.4669
Test,A100,256,16384,4194304,536870912,32,10,17.1799,1073741824,0,0,0,0,0,0,0,0,0,0,0,0,0,0,0,0,0,0,0,0,0,0,16,0,0,0,0,0,0,0,0,0,0,0,0,30.0141,572.394,0.0420716,0.0260763
Test,A100,256,16384,4194304,268435456,32,10,8.58993,1073741824,0,0,0,0,0,0,0,0,0,0,0,0,0,0,0,0,0,0,0,0,0,0,0,8,0,0,0,0,0,0,0,0,0,0,0,12.4227,691.488,3.15546,1.95577
Test,A100,256,16384,4194304,134217728,32,10,4.29497,1073741824,0,0,0,0,0,0,0,0,0,0,0,0,0,0,0,0,0,0,0,0,0,0,0,0,4,0,0,0,0,0,0,0,0,0,0,7.13923,601.605,1.47569,0.914642
Test,A100,256,16384,4194304,536870912,32,10,17.1799,1073741824,0,0,0,0,0,0,0,0,0,0,0,0,0,0,0,0,0,0,0,0,0,0,0,0,0,16,0,0,0,0,0,0,0,0,0,15.9664,1076,0.144055,0.0892863
Test,A100,256,16384,4194304,268435456,32,10,8.58993,1073741824,0,0,0,0,0,0,0,0,0,0,0,0,0,0,0,0,0,0,0,0,0,0,0,0,0,0,8,0,0,0,0,0,0,0,0,19.6109,438.018,0.0434535,0.0269328
Test,A100,256,16384,4194304,134217728,32,10,4.29497,1073741824,0,0,0,0,0,0,0,0,0,0,0,0,0,0,0,0,0,0,0,0,0,0,0,0,0,0,0,4,0,0,0,0,0,0,0,24.2708,176.963,0.732843,0.454221
Test,A100,256,16384,4194304,1073741824,32,10,34.3597,1073741824,0,0,0,0,0,0,0,0,0,0,0,0,0,0,0,0,0,0,0,0,0,0,0,0,0,0,0,0,32,0,0,0,0,0,0,21.8148,1575.07,0.129156,0.0800518
Test,A100,256,16384,4194304,536870912,32,10,17.1799,1073741824,0,0,0,0,0,0,0,0,0,0,0,0,0,0,0,0,0,0,0,0,0,0,0,0,0,0,0,0,0,16,0,0,0,0,0,10.7723,1594.82,0.132158,0.0819122
Test,A100,256,16384,4194304,268435456,32,10,8.58993,1073741824,0,0,0,0,0,0,0,0,0,0,0,0,0,0,0,0,0,0,0,0,0,0,0,0,0,0,0,0,0,0,8,0,0,0,0,5.39054,1593.52,0.325946,0.202023
Test,A100,256,16384,4194304,134217728,32,10,4.29497,1073741824,0,0,0,0,0,0,0,0,0,0,0,0,0,0,0,0,0,0,0,0,0,0,0,0,0,0,0,0,0,0,0,4,0,0,0,2.80719,1529.99,0.446399,0.276681
Test,A100,256,16384,4194304,536870912,32,10,17.1799,1073741824,0,0,0,0,0,0,0,0,0,0,0,0,0,0,0,0,0,0,0,0,0,0,0,0,0,0,0,0,0,0,0,0,16,0,0,5.15594,3332.06,4.80595,2.97876
Test,A100,256,16384,4194304,268435456,32,10,8.58993,1073741824,0,0,0,0,0,0,0,0,0,0,0,0,0,0,0,0,0,0,0,0,0,0,0,0,0,0,0,0,0,0,0,0,0,8,0,2.04319,4204.2,9.09035,5.63425
Test,A100,256,16384,4194304,134217728,32,10,4.29497,1073741824,0,0,0,0,0,0,0,0,0,0,0,0,0,0,0,0,0,0,0,0,0,0,0,0,0,0,0,0,0,0,0,0,0,0,4,1.65038,2602.42,4.78307,2.96458
Test,A100,256,16384,4194304,1073741824,64,10,68.7195,1073741824,64,0,0,0,0,0,0,0,0,0,0,0,0,0,0,0,0,0,0,0,0,0,0,0,0,0,0,0,0,0,0,0,0,0,0,11.7571,5844.96,6.53845,4.05257
Test,A100,256,16384,4194304,536870912,64,10,34.3597,1073741824,0,32,0,0,0,0,0,0,0,0,0,0,0,0,0,0,0,0,0,0,0,0,0,0,0,0,0,0,0,0,0,0,0,0,0,4.39818,7812.28,13.2468,8.21042
Test,A100,256,16384,4194304,268435456,64,10,17.1799,1073741824,0,0,16,0,0,0,0,0,0,0,0,0,0,0,0,0,0,0,0,0,0,0,0,0,0,0,0,0,0,0,0,0,0,0,0,1.81903,9444.51,6.3804,3.95462
Test,A100,256,16384,4194304,134217728,64,10,8.58993,1073741824,0,0,0,8,0,0,0,0,0,0,0,0,0,0,0,0,0,0,0,0,0,0,0,0,0,0,0,0,0,0,0,0,0,0,0,1.64628,5217.78,6.34411,3.93212
Test,A100,256,16384,4194304,536870912,64,10,34.3597,1073741824,0,0,0,0,32,0,0,0,0,0,0,0,0,0,0,0,0,0,0,0,0,0,0,0,0,0,0,0,0,0,0,0,0,0,0,5.65432,6076.72,1.75994,1.09082
Test,A100,256,16384,4194304,268435456,64,10,17.1799,1073741824,0,0,0,0,0,16,0,0,0,0,0,0,0,0,0,0,0,0,0,0,0,0,0,0,0,0,0,0,0,0,0,0,0,0,0,1.80675,9508.74,4.31101,2.67199
Test,A100,256,16384,4194304,134217728,64,10,8.58993,1073741824,0,0,0,0,0,0,8,0,0,0,0,0,0,0,0,0,0,0,0,0,0,0,0,0,0,0,0,0,0,0,0,0,0,0,0,1.81514,4732.38,3.41493,2.1166
Test,A100,256,16384,4194304,1073741824,64,10,68.7195,1073741824,0,0,0,0,0,0,0,64,0,0,0,0,0,0,0,0,0,0,0,0,0,0,0,0,0,0,0,0,0,0,0,0,0,0,0,9.38179,7324.78,6.11244,3.78853
Test,A100,256,16384,4194304,536870912,64,10,34.3597,1073741824,0,0,0,0,0,0,0,0,32,0,0,0,0,0,0,0,0,0,0,0,0,0,0,0,0,0,0,0,0,0,0,0,0,0,0,4.90721,7001.89,7.59269,4.706
Test,A100,256,16384,4194304,268435456,64,10,17.1799,1073741824,0,0,0,0,0,0,0,0,0,16,0,0,0,0,0,0,0,0,0,0,0,0,0,0,0,0,0,0,0,0,0,0,0,0,0,1.99199,8624.49,7.42682,4.60319
Test,A100,256,16384,4194304,134217728,64,10,8.58993,1073741824,0,0,0,0,0,0,0,0,0,0,8,0,0,0,0,0,0,0,0,0,0,0,0,0,0,0,0,0,0,0,0,0,0,0,0,3.90083,2202.08,1.03981,0.644478
Test,A100,256,16384,4194304,536870912,64,10,34.3597,1073741824,0,0,0,0,0,0,0,0,0,0,0,32,0,0,0,0,0,0,0,0,0,0,0,0,0,0,0,0,0,0,0,0,0,0,0,5.69498,6033.34,3.47076,2.1512
Test,A100,256,16384,4194304,268435456,64,10,17.1799,1073741824,0,0,0,0,0,0,0,0,0,0,0,0,16,0,0,0,0,0,0,0,0,0,0,0,0,0,0,0,0,0,0,0,0,0,0,1.80654,9509.82,4.69832,2.91205
Test,A100,256,16384,4194304,134217728,64,10,8.58993,1073741824,0,0,0,0,0,0,0,0,0,0,0,0,0,8,0,0,0,0,0,0,0,0,0,0,0,0,0,0,0,0,0,0,0,0,0,1.82661,4702.66,2.83883,1.75952
Test,A100,256,16384,4194304,1073741824,64,10,137.439,1073741824,0,0,0,0,0,0,0,0,0,0,0,0,0,0,128,0,0,0,0,0,0,0,0,0,0,0,0,0,0,0,0,0,0,0,0,7.808,17602.3,8.6924,5.3876
Test,A100,256,16384,4194304,536870912,64,10,68.7195,1073741824,0,0,0,0,0,0,0,0,0,0,0,0,0,0,0,64,0,0,0,0,0,0,0,0,0,0,0,0,0,0,0,0,0,0,0,3.9509,17393.4,16.3571,10.1383
Test,A100,256,16384,4194304,268435456,64,10,34.3597,1073741824,0,0,0,0,0,0,0,0,0,0,0,0,0,0,0,0,32,0,0,0,0,0,0,0,0,0,0,0,0,0,0,0,0,0,0,1.89829,18100.4,7.30563,4.52808
Test,A100,256,16384,4194304,134217728,64,10,17.1799,1073741824,0,0,0,0,0,0,0,0,0,0,0,0,0,0,0,0,0,16,0,0,0,0,0,0,0,0,0,0,0,0,0,0,0,0,0,3.64759,4709.92,1.09793,0.680506
Test,A100,256,16384,4194304,536870912,64,10,68.7195,1073741824,0,0,0,0,0,0,0,0,0,0,0,0,0,0,0,0,0,0,64,0,0,0,0,0,0,0,0,0,0,0,0,0,0,0,0,11.068,6208.89,18.2557,11.315
Test,A100,256,16384,4194304,268435456,64,10,34.3597,1073741824,0,0,0,0,0,0,0,0,0,0,0,0,0,0,0,0,0,0,0,32,0,0,0,0,0,0,0,0,0,0,0,0,0,0,0,1.81965,18882.6,12.5611,7.78546
Test,A100,256,16384,4194304,134217728,64,10,17.1799,1073741824,0,0,0,0,0,0,0,0,0,0,0,0,0,0,0,0,0,0,0,0,16,0,0,0,0,0,0,0,0,0,0,0,0,0,0,1.82938,9391.12,9.46368,5.86565
Test,A100,256,16384,4194304,1073741824,64,10,68.7195,1073741824,0,0,0,0,0,0,0,0,0,0,0,0,0,0,0,0,0,0,0,0,0,64,0,0,0,0,0,0,0,0,0,0,0,0,0,120.431,570.611,0.0296778,0.0183945
Test,A100,256,16384,4194304,536870912,64,10,34.3597,1073741824,0,0,0,0,0,0,0,0,0,0,0,0,0,0,0,0,0,0,0,0,0,0,32,0,0,0,0,0,0,0,0,0,0,0,0,59.898,573.638,0.0111298,0.00689832
Test,A100,256,16384,4194304,268435456,64,10,17.1799,1073741824,0,0,0,0,0,0,0,0,0,0,0,0,0,0,0,0,0,0,0,0,0,0,0,16,0,0,0,0,0,0,0,0,0,0,0,24.6563,696.775,0.0265261,0.016441
Test,A100,256,16384,4194304,134217728,64,10,8.58993,1073741824,0,0,0,0,0,0,0,0,0,0,0,0,0,0,0,0,0,0,0,0,0,0,0,0,8,0,0,0,0,0,0,0,0,0,0,14.1707,606.183,2.243,1.39023
Test,A100,256,16384,4194304,536870912,64,10,34.3597,1073741824,0,0,0,0,0,0,0,0,0,0,0,0,0,0,0,0,0,0,0,0,0,0,0,0,0,32,0,0,0,0,0,0,0,0,0,31.7214,1083.17,0.124547,0.0771949
Test,A100,256,16384,4194304,268435456,64,10,17.1799,1073741824,0,0,0,0,0,0,0,0,0,0,0,0,0,0,0,0,0,0,0,0,0,0,0,0,0,0,16,0,0,0,0,0,0,0,0,39.1822,438.47,1.98842,1.23244
Test,A100,256,16384,4194304,134217728,64,10,8.58993,1073741824,0,0,0,0,0,0,0,0,0,0,0,0,0,0,0,0,0,0,0,0,0,0,0,0,0,0,0,8,0,0,0,0,0,0,0,48.7933,176.047,0.0123695,0.00766671
Test,A100,256,16384,4194304,1073741824,64,10,68.7195,1073741824,0,0,0,0,0,0,0,0,0,0,0,0,0,0,0,0,0,0,0,0,0,0,0,0,0,0,0,0,64,0,0,0,0,0,0,43.7712,1569.99,5.79665,3.5928
Test,A100,256,16384,4194304,536870912,64,10,34.3597,1073741824,0,0,0,0,0,0,0,0,0,0,0,0,0,0,0,0,0,0,0,0,0,0,0,0,0,0,0,0,0,32,0,0,0,0,0,21.4849,1599.25,0.108024,0.0669541
Test,A100,256,16384,4194304,268435456,64,10,17.1799,1073741824,0,0,0,0,0,0,0,0,0,0,0,0,0,0,0,0,0,0,0,0,0,0,0,0,0,0,0,0,0,0,16,0,0,0,0,10.8177,1588.12,0.187721,0.11635
Test,A100,256,16384,4194304,134217728,64,10,8.58993,1073741824,0,0,0,0,0,0,0,0,0,0,0,0,0,0,0,0,0,0,0,0,0,0,0,0,0,0,0,0,0,0,0,8,0,0,0,5.6278,1526.34,0.261937,0.16235
Test,A100,256,16384,4194304,536870912,64,10,34.3597,1073741824,0,0,0,0,0,0,0,0,0,0,0,0,0,0,0,0,0,0,0,0,0,0,0,0,0,0,0,0,0,0,0,0,32,0,0,7.45011,4611.98,5.07128,3.14321
Test,A100,256,16384,4194304,268435456,64,10,17.1799,1073741824,0,0,0,0,0,0,0,0,0,0,0,0,0,0,0,0,0,0,0,0,0,0,0,0,0,0,0,0,0,0,0,0,0,16,0,3.71057,4629.99,6.39924,3.96629
Test,A100,256,16384,4194304,134217728,64,10,8.58993,1073741824,0,0,0,0,0,0,0,0,0,0,0,0,0,0,0,0,0,0,0,0,0,0,0,0,0,0,0,0,0,0,0,0,0,0,8,1.9799,4338.59,10.2841,6.37417
Test,A100,256,16384,4194304,1073741824,128,10,137.439,1073741824,128,0,0,0,0,0,0,0,0,0,0,0,0,0,0,0,0,0,0,0,0,0,0,0,0,0,0,0,0,0,0,0,0,0,0,13.2132,10401.7,7.79833,4.83345
Test,A100,256,16384,4194304,536870912,128,10,68.7195,1073741824,0,64,0,0,0,0,0,0,0,0,0,0,0,0,0,0,0,0,0,0,0,0,0,0,0,0,0,0,0,0,0,0,0,0,0,5.07392,13544.8,121.707,75.4346
Test,A100,256,16384,4194304,268435456,128,10,34.3597,1073741824,0,0,32,0,0,0,0,0,0,0,0,0,0,0,0,0,0,0,0,0,0,0,0,0,0,0,0,0,0,0,0,0,0,0,0,2.10063,16356.9,21.7374,13.473
Test,A100,256,16384,4194304,134217728,128,10,17.1799,1073741824,0,0,0,16,0,0,0,0,0,0,0,0,0,0,0,0,0,0,0,0,0,0,0,0,0,0,0,0,0,0,0,0,0,0,0,1.96547,8741.1,45.0746,27.9375
Test,A100,256,16384,4194304,536870912,128,10,68.7195,1073741824,0,0,0,0,64,0,0,0,0,0,0,0,0,0,0,0,0,0,0,0,0,0,0,0,0,0,0,0,0,0,0,0,0,0,0,11.0073,6243.09,0.901508,0.55876
Test,A100,256,16384,4194304,268435456,128,10,34.3597,1073741824,0,0,0,0,0,32,0,0,0,0,0,0,0,0,0,0,0,0,0,0,0,0,0,0,0,0,0,0,0,0,0,0,0,0,0,3.57898,9600.42,1.9225,1.19158
Test,A100,256,16384,4194304,134217728,128,10,17.1799,1073741824,0,0,0,0,0,0,16,0,0,0,0,0,0,0,0,0,0,0,0,0,0,0,0,0,0,0,0,0,0,0,0,0,0,0,0,3.58103,4797.47,1.29428,0.802206
Test,A100,256,16384,4194304,1073741824,128,10,137.439,1073741824,0,0,0,0,0,0,0,128,0,0,0,0,0,0,0,0,0,0,0,0,0,0,0,0,0,0,0,0,0,0,0,0,0,0,0,14.8937,9228.01,1.42424,0.882751
Test,A100,256,16384,4194304,536870912,128,10,68.7195,1073741824,0,0,0,0,0,0,0,0,64,0,0,0,0,0,0,0,0,0,0,0,0,0,0,0,0,0,0,0,0,0,0,0,0,0,0,7.61303,9026.56,1.73426,1.0749
Test,A100,256,16384,4194304,268435456,128,10,34.3597,1073741824,0,0,0,0,0,0,0,0,0,32,0,0,0,0,0,0,0,0,0,0,0,0,0,0,0,0,0,0,0,0,0,0,0,0,0,3.64964,9414.56,2.99907,1.85884
Test,A100,256,16384,4194304,134217728,128,10,17.1799,1073741824,0,0,0,0,0,0,0,0,0,0,16,0,0,0,0,0,0,0,0,0,0,0,0,0,0,0,0,0,0,0,0,0,0,0,0,7.68604,2235.2,0.208496,0.129227
Test,A100,256,16384,4194304,536870912,128,10,68.7195,1073741824,0,0,0,0,0,0,0,0,0,0,0,64,0,0,0,0,0,0,0,0,0,0,0,0,0,0,0,0,0,0,0,0,0,0,0,11.0062,6243.73,0.929285,0.575977
Test,A100,256,16384,4194304,268435456,128,10,34.3597,1073741824,0,0,0,0,0,0,0,0,0,0,0,0,32,0,0,0,0,0,0,0,0,0,0,0,0,0,0,0,0,0,0,0,0,0,0,3.57898,9600.42,2.28104,1.4138
Test,A100,256,16384,4194304,134217728,128,10,17.1799,1073741824,0,0,0,0,0,0,0,0,0,0,0,0,0,16,0,0,0,0,0,0,0,0,0,0,0,0,0,0,0,0,0,0,0,0,0,3.58062,4798.01,0.878767,0.544666
Test,A100,256,16384,4194304,1073741824,128,10,274.878,1073741824,0,0,0,0,0,0,0,0,0,0,0,0,0,0,256,0,0,0,0,0,0,0,0,0,0,0,0,0,0,0,0,0,0,0,0,15.021,18299.6,3.59068,2.22553
Test,A100,256,16384,4194304,536870912,128,10,137.439,1073741824,0,0,0,0,0,0,0,0,0,0,0,0,0,0,0,128,0,0,0,0,0,0,0,0,0,0,0,0,0,0,0,0,0,0,0,7.50234,18319.5,4.50618,2.79296
Test,A100,256,16384,4194304,268435456,128,10,68.7195,1073741824,0,0,0,0,0,0,0,0,0,0,0,0,0,0,0,0,64,0,0,0,0,0,0,0,0,0,0,0,0,0,0,0,0,0,0,3.68722,18637.2,8.27554,5.12923
Test,A100,256,16384,4194304,134217728,128,10,34.3597,1073741824,0,0,0,0,0,0,0,0,0,0,0,0,0,0,0,0,0,32,0,0,0,0,0,0,0,0,0,0,0,0,0,0,0,0,0,7.2065,4767.88,1.21899,0.755537
Test,A100,256,16384,4194304,536870912,128,10,137.439,1073741824,0,0,0,0,0,0,0,0,0,0,0,0,0,0,0,0,0,0,128,0,0,0,0,0,0,0,0,0,0,0,0,0,0,0,0,21.6622,6344.64,1.71264,1.06151
Test,A100,256,16384,4194304,268435456,128,10,68.7195,1073741824,0,0,0,0,0,0,0,0,0,0,0,0,0,0,0,0,0,0,0,64,0,0,0,0,0,0,0,0,0,0,0,0,0,0,0,3.60325,19071.5,5.8366,3.61756
Test,A100,256,16384,4194304,134217728,128,10,34.3597,1073741824,0,0,0,0,0,0,0,0,0,0,0,0,0,0,0,0,0,0,0,0,32,0,0,0,0,0,0,0,0,0,0,0,0,0,0,3.60561,9529.53,3.9097,2.42326
Test,A100,256,16384,4194304,1073741824,128,10,137.439,1073741824,0,0,0,0,0,0,0,0,0,0,0,0,0,0,0,0,0,0,0,0,0,128,0,0,0,0,0,0,0,0,0,0,0,0,0,240.703,570.989,0.0239592,0.01485
Test,A100,256,16384,4194304,536870912,128,10,68.7195,1073741824,0,0,0,0,0,0,0,0,0,0,0,0,0,0,0,0,0,0,0,0,0,0,64,0,0,0,0,0,0,0,0,0,0,0,0,120.332,571.09,1.72973,1.07209
Test,A100,256,16384,4194304,268435456,128,10,34.3597,1073741824,0,0,0,0,0,0,0,0,0,0,0,0,0,0,0,0,0,0,0,0,0,0,0,32,0,0,0,0,0,0,0,0,0,0,0,49.4979,694.179,3.05461,1.89327
Test,A100,256,16384,4194304,134217728,128,10,17.1799,1073741824,0,0,0,0,0,0,0,0,0,0,0,0,0,0,0,0,0,0,0,0,0,0,0,0,16,0,0,0,0,0,0,0,0,0,0,32.3114,531.702,1.72808,1.07107
Test,A100,256,16384,4194304,536870912,128,10,68.7195,1073741824,0,0,0,0,0,0,0,0,0,0,0,0,0,0,0,0,0,0,0,0,0,0,0,0,0,64,0,0,0,0,0,0,0,0,0,62.7012,1096,3.73794,2.3168
Test,A100,256,16384,4194304,268435456,128,10,34.3597,1073741824,0,0,0,0,0,0,0,0,0,0,0,0,0,0,0,0,0,0,0,0,0,0,0,0,0,0,32,0,0,0,0,0,0,0,0,77.9409,440.846,1.18868,0.73675
Test,A100,256,16384,4194304,134217728,128,10,17.1799,1073741824,0,0,0,0,0,0,0,0,0,0,0,0,0,0,0,0,0,0,0,0,0,0,0,0,0,0,0,16,0,0,0,0,0,0,0,97.6219,175.985,0.405481,0.25132
Test,A100,256,16384,4194304,1073741824,128,10,137.439,1073741824,0,0,0,0,0,0,0,0,0,0,0,0,0,0,0,0,0,0,0,0,0,0,0,0,0,0,0,0,128,0,0,0,0,0,0,87.3651,1573.17,4.6754,2.89784
Test,A100,256,16384,4194304,536870912,128,10,68.7195,1073741824,0,0,0,0,0,0,0,0,0,0,0,0,0,0,0,0,0,0,0,0,0,0,0,0,0,0,0,0,0,64,0,0,0,0,0,43.0414,1596.61,5.35016,3.31607
Test,A100,256,16384,4194304,268435456,128,10,34.3597,1073741824,0,0,0,0,0,0,0,0,0,0,0,0,0,0,0,0,0,0,0,0,0,0,0,0,0,0,0,0,0,0,32,0,0,0,0,21.6041,1590.42,0.467082,0.289501
Test,A100,256,16384,4194304,134217728,128,10,17.1799,1073741824,0,0,0,0,0,0,0,0,0,0,0,0,0,0,0,0,0,0,0,0,0,0,0,0,0,0,0,0,0,0,0,16,0,0,0,11.241,1528.33,0.31904,0.197743
Test,A100,256,16384,4194304,536870912,128,10,68.7195,1073741824,0,0,0,0,0,0,0,0,0,0,0,0,0,0,0,0,0,0,0,0,0,0,0,0,0,0,0,0,0,0,0,0,64,0,0,14.775,4651.07,3.02618,1.87565
Test,A100,256,16384,4194304,268435456,128,10,34.3597,1073741824,0,0,0,0,0,0,0,0,0,0,0,0,0,0,0,0,0,0,0,0,0,0,0,0,0,0,0,0,0,0,0,0,0,32,0,7.39154,4648.53,4.17535,2.58791
Test,A100,256,16384,4194304,134217728,128,10,17.1799,1073741824,0,0,0,0,0,0,0,0,0,0,0,0,0,0,0,0,0,0,0,0,0,0,0,0,0,0,0,0,0,0,0,0,0,0,16,3.80283,4517.67,7.10788,4.40551
Test,A100,256,16384,4194304,1073741824,256,10,274.878,1073741824,256,0,0,0,0,0,0,0,0,0,0,0,0,0,0,0,0,0,0,0,0,0,0,0,0,0,0,0,0,0,0,0,0,0,0,20.9786,13288.9,1497.97,928.451
Test,A100,256,16384,4194304,536870912,256,10,137.439,1073741824,0,128,0,0,0,0,0,0,0,0,0,0,0,0,0,0,0,0,0,0,0,0,0,0,0,0,0,0,0,0,0,0,0,0,0,7.56326,18172,47.4689,29.4216
Test,A100,256,16384,4194304,268435456,256,10,68.7195,1073741824,0,0,64,0,0,0,0,0,0,0,0,0,0,0,0,0,0,0,0,0,0,0,0,0,0,0,0,0,0,0,0,0,0,0,0,3.83447,17922.7,144.379,89.4868
Test,A100,256,16384,4194304,134217728,256,10,34.3597,1073741824,0,0,0,32,0,0,0,0,0,0,0,0,0,0,0,0,0,0,0,0,0,0,0,0,0,0,0,0,0,0,0,0,0,0,0,3.8057,9034.27,225.241,139.606
Test,A100,256,16384,4194304,536870912,256,10,137.439,1073741824,0,0,0,0,128,0,0,0,0,0,0,0,0,0,0,0,0,0,0,0,0,0,0,0,0,0,0,0,0,0,0,0,0,0,0,21.7078,6331.39,20.2476,12.5496
Test,A100,256,16384,4194304,268435456,256,10,68.7195,1073741824,0,0,0,0,0,64,0,0,0,0,0,0,0,0,0,0,0,0,0,0,0,0,0,0,0,0,0,0,0,0,0,0,0,0,0,7.10717,9669.03,2.50547,1.55291
Test,A100,256,16384,4194304,134217728,256,10,34.3597,1073741824,0,0,0,0,0,0,32,0,0,0,0,0,0,0,0,0,0,0,0,0,0,0,0,0,0,0,0,0,0,0,0,0,0,0,0,7.16585,4794.93,1.82311,1.12998
Test,A100,256,16384,4194304,1073741824,256,10,274.878,1073741824,0,0,0,0,0,0,0,256,0,0,0,0,0,0,0,0,0,0,0,0,0,0,0,0,0,0,0,0,0,0,0,0,0,0,0,29.2961,9382.74,1.33,0.824342
Test,A100,256,16384,4194304,536870912,256,10,137.439,1073741824,0,0,0,0,0,0,0,0,128,0,0,0,0,0,0,0,0,0,0,0,0,0,0,0,0,0,0,0,0,0,0,0,0,0,0,14.8099,9280.21,2.56254,1.58828
Test,A100,256,16384,4194304,268435456,256,10,68.7195,1073741824,0,0,0,0,0,0,0,0,0,64,0,0,0,0,0,0,0,0,0,0,0,0,0,0,0,0,0,0,0,0,0,0,0,0,0,7.24009,9491.53,2.76334,1.71273
Test,A100,256,16384,4194304,134217728,256,10,34.3597,1073741824,0,0,0,0,0,0,0,0,0,0,32,0,0,0,0,0,0,0,0,0,0,0,0,0,0,0,0,0,0,0,0,0,0,0,0,15.4082,2229.96,0.687184,0.425921
Test,A100,256,16384,4194304,536870912,256,10,137.439,1073741824,0,0,0,0,0,0,0,0,0,0,0,128,0,0,0,0,0,0,0,0,0,0,0,0,0,0,0,0,0,0,0,0,0,0,0,21.7078,6331.38,19.4275,12.0413
Test,A100,256,16384,4194304,268435456,256,10,68.7195,1073741824,0,0,0,0,0,0,0,0,0,0,0,0,64,0,0,0,0,0,0,0,0,0,0,0,0,0,0,0,0,0,0,0,0,0,0,7.15418,9605.51,3.43521,2.12917
Test,A100,256,16384,4194304,134217728,256,10,34.3597,1073741824,0,0,0,0,0,0,0,0,0,0,0,0,0,32,0,0,0,0,0,0,0,0,0,0,0,0,0,0,0,0,0,0,0,0,0,7.1638,4796.3,1.45186,0.899869
Test,A100,256,16384,4194304,1073741824,256,10,549.756,1073741824,0,0,0,0,0,0,0,0,0,0,0,0,0,0,512,0,0,0,0,0,0,0,0,0,0,0,0,0,0,0,0,0,0,0,0,29.2023,18825.9,57.279,35.5019
Test,A100,256,16384,4194304,536870912,256,10,274.878,1073741824,0,0,0,0,0,0,0,0,0,0,0,0,0,0,0,256,0,0,0,0,0,0,0,0,0,0,0,0,0,0,0,0,0,0,0,14.6081,18816.8,2.13029,1.32036
Test,A100,256,16384,4194304,268435456,256,10,137.439,1073741824,0,0,0,0,0,0,0,0,0,0,0,0,0,0,0,0,128,0,0,0,0,0,0,0,0,0,0,0,0,0,0,0,0,0,0,7.20896,19065,3.63288,2.25168
Test,A100,256,16384,4194304,134217728,256,10,68.7195,1073741824,0,0,0,0,0,0,0,0,0,0,0,0,0,0,0,0,0,64,0,0,0,0,0,0,0,0,0,0,0,0,0,0,0,0,0,14.3192,4799.11,0.843336,0.522705
Test,A100,256,16384,4194304,536870912,256,10,274.878,1073741824,0,0,0,0,0,0,0,0,0,0,0,0,0,0,0,0,0,0,256,0,0,0,0,0,0,0,0,0,0,0,0,0,0,0,0,42.971,6396.82,0.648256,0.401793
Test,A100,256,16384,4194304,268435456,256,10,137.439,1073741824,0,0,0,0,0,0,0,0,0,0,0,0,0,0,0,0,0,0,0,128,0,0,0,0,0,0,0,0,0,0,0,0,0,0,0,7.17732,19149.1,7.37267,4.56963
Test,A100,256,16384,4194304,134217728,256,10,68.7195,1073741824,0,0,0,0,0,0,0,0,0,0,0,0,0,0,0,0,0,0,0,0,64,0,0,0,0,0,0,0,0,0,0,0,0,0,0,7.16892,9585.75,3.48612,2.16072
Test,A100,256,16384,4194304,1073741824,256,10,274.878,1073741824,0,0,0,0,0,0,0,0,0,0,0,0,0,0,0,0,0,0,0,0,0,256,0,0,0,0,0,0,0,0,0,0,0,0,0,478.263,574.743,0.593847,0.36807
Test,A100,256,16384,4194304,536870912,256,10,137.439,1073741824,0,0,0,0,0,0,0,0,0,0,0,0,0,0,0,0,0,0,0,0,0,0,128,0,0,0,0,0,0,0,0,0,0,0,0,239.654,573.49,0.995967,0.617307
Test,A100,256,16384,4194304,268435456,256,10,68.7195,1073741824,0,0,0,0,0,0,0,0,0,0,0,0,0,0,0,0,0,0,0,0,0,0,0,64,0,0,0,0,0,0,0,0,0,0,0,104.688,656.423,1.13604,0.704124
Test,A100,256,16384,4194304,134217728,256,10,34.3597,1073741824,0,0,0,0,0,0,0,0,0,0,0,0,0,0,0,0,0,0,0,0,0,0,0,0,32,0,0,0,0,0,0,0,0,0,0,70.1,490.156,1.15849,0.718037
Test,A100,256,16384,4194304,536870912,256,10,137.439,1073741824,0,0,0,0,0,0,0,0,0,0,0,0,0,0,0,0,0,0,0,0,0,0,0,0,0,128,0,0,0,0,0,0,0,0,0,131.72,1043.42,2.19207,1.35866
Test,A100,256,16384,4194304,268435456,256,10,68.7195,1073741824,0,0,0,0,0,0,0,0,0,0,0,0,0,0,0,0,0,0,0,0,0,0,0,0,0,0,64,0,0,0,0,0,0,0,0,161.665,425.074,0.726924,0.450552
Test,A100,256,16384,4194304,134217728,256,10,34.3597,1073741824,0,0,0,0,0,0,0,0,0,0,0,0,0,0,0,0,0,0,0,0,0,0,0,0,0,0,0,32,0,0,0,0,0,0,0,204.423,168.082,0.131301,0.0813811
Test,A100,256,16384,4194304,1073741824,256,10,274.878,1073741824,0,0,0,0,0,0,0,0,0,0,0,0,0,0,0,0,0,0,0,0,0,0,0,0,0,0,0,0,256,0,0,0,0,0,0,173.991,1579.84,0.04122,0.0255484
Test,A100,256,16384,4194304,536870912,256,10,137.439,1073741824,0,0,0,0,0,0,0,0,0,0,0,0,0,0,0,0,0,0,0,0,0,0,0,0,0,0,0,0,0,128,0,0,0,0,0,86.3639,1591.39,0.19035,0.11798
Test,A100,256,16384,4194304,268435456,256,10,68.7195,1073741824,0,0,0,0,0,0,0,0,0,0,0,0,0,0,0,0,0,0,0,0,0,0,0,0,0,0,0,0,0,0,64,0,0,0,0,43.1801,1591.46,0.430451,0.266796
Test,A100,256,16384,4194304,134217728,256,10,34.3597,1073741824,0,0,0,0,0,0,0,0,0,0,0,0,0,0,0,0,0,0,0,0,0,0,0,0,0,0,0,0,0,0,0,32,0,0,0,22.4476,1530.66,1.02005,0.632235
Test,A100,256,16384,4194304,536870912,256,10,137.439,1073741824,0,0,0,0,0,0,0,0,0,0,0,0,0,0,0,0,0,0,0,0,0,0,0,0,0,0,0,0,0,0,0,0,128,0,0,29.374,4678.94,1.63178,1.01139
Test,A100,256,16384,4194304,268435456,256,10,68.7195,1073741824,0,0,0,0,0,0,0,0,0,0,0,0,0,0,0,0,0,0,0,0,0,0,0,0,0,0,0,0,0,0,0,0,0,64,0,14.6532,4689.71,2.2481,1.39339
Test,A100,256,16384,4194304,134217728,256,10,34.3597,1073741824,0,0,0,0,0,0,0,0,0,0,0,0,0,0,0,0,0,0,0,0,0,0,0,0,0,0,0,0,0,0,0,0,0,0,32,7.41079,4636.45,4.03688,2.50208
Test,A100,256,16384,4194304,1073741824,512,10,549.756,1073741824,512,0,0,0,0,0,0,0,0,0,0,0,0,0,0,0,0,0,0,0,0,0,0,0,0,0,0,0,0,0,0,0,0,0,0,36.036,15777.2,2702.93,1675.29
Test,A100,256,16384,4194304,536870912,512,10,274.878,1073741824,0,256,0,0,0,0,0,0,0,0,0,0,0,0,0,0,0,0,0,0,0,0,0,0,0,0,0,0,0,0,0,0,0,0,0,15.729,17494.6,585.537,362.92
Test,A100,256,16384,4194304,268435456,512,10,137.439,1073741824,0,0,128,0,0,0,0,0,0,0,0,0,0,0,0,0,0,0,0,0,0,0,0,0,0,0,0,0,0,0,0,0,0,0,0,7.78865,17673.4,696.23,431.528
Test,A100,256,16384,4194304,134217728,512,10,68.7195,1073741824,0,0,0,64,0,0,0,0,0,0,0,0,0,0,0,0,0,0,0,0,0,0,0,0,0,0,0,0,0,0,0,0,0,0,0,7.62952,9015.92,283.911,175.97
Test,A100,256,16384,4194304,536870912,512,10,274.878,1073741824,0,0,0,0,256,0,0,0,0,0,0,0,0,0,0,0,0,0,0,0,0,0,0,0,0,0,0,0,0,0,0,0,0,0,0,43.2739,6352.05,2.71814,1.68472
Test,A100,256,16384,4194304,268435456,512,10,137.439,1073741824,0,0,0,0,0,128,0,0,0,0,0,0,0,0,0,0,0,0,0,0,0,0,0,0,0,0,0,0,0,0,0,0,0,0,0,14.1694,9699.71,1.59931,0.991261
Test,A100,256,16384,4194304,134217728,512,10,68.7195,1073741824,0,0,0,0,0,0,64,0,0,0,0,0,0,0,0,0,0,0,0,0,0,0,0,0,0,0,0,0,0,0,0,0,0,0,0,14.284,4810.95,1.50092,0.930281
Test,A100,256,16384,4194304,1073741824,512,10,549.756,1073741824,0,0,0,0,0,0,0,512,0,0,0,0,0,0,0,0,0,0,0,0,0,0,0,0,0,0,0,0,0,0,0,0,0,0,0,57.9313,9489.8,6.85053,4.24601
Test,A100,256,16384,4194304,536870912,512,10,274.878,1073741824,0,0,0,0,0,0,0,0,256,0,0,0,0,0,0,0,0,0,0,0,0,0,0,0,0,0,0,0,0,0,0,0,0,0,0,28.9223,9504.02,0.799025,0.495241
Test,A100,256,16384,4194304,268435456,512,10,137.439,1073741824,0,0,0,0,0,0,0,0,0,128,0,0,0,0,0,0,0,0,0,0,0,0,0,0,0,0,0,0,0,0,0,0,0,0,0,14.3527,9575.83,4.49136,2.78377
Test,A100,256,16384,4194304,134217728,512,10,68.7195,1073741824,0,0,0,0,0,0,0,0,0,0,64,0,0,0,0,0,0,0,0,0,0,0,0,0,0,0,0,0,0,0,0,0,0,0,0,30.7614,2233.95,0.223557,0.138562
Test,A100,256,16384,4194304,536870912,512,10,274.878,1073741824,0,0,0,0,0,0,0,0,0,0,0,256,0,0,0,0,0,0,0,0,0,0,0,0,0,0,0,0,0,0,0,0,0,0,0,43.2595,6354.16,1.46641,0.908893
Test,A100,256,16384,4194304,268435456,512,10,137.439,1073741824,0,0,0,0,0,0,0,0,0,0,0,0,128,0,0,0,0,0,0,0,0,0,0,0,0,0,0,0,0,0,0,0,0,0,0,14.2638,9635.5,1.83636,1.13819
Test,A100,256,16384,4194304,134217728,512,10,68.7195,1073741824,0,0,0,0,0,0,0,0,0,0,0,0,0,64,0,0,0,0,0,0,0,0,0,0,0,0,0,0,0,0,0,0,0,0,0,14.2763,4813.54,0.637525,0.395142
Test,A100,256,16384,4194304,1073741824,512,10,1099.51,1073741824,0,0,0,0,0,0,0,0,0,0,0,0,0,0,1024,0,0,0,0,0,0,0,0,0,0,0,0,0,0,0,0,0,0,0,0,57.9438,18975.5,1.80018,1.11576
Test,A100,256,16384,4194304,536870912,512,10,549.756,1073741824,0,0,0,0,0,0,0,0,0,0,0,0,0,0,0,512,0,0,0,0,0,0,0,0,0,0,0,0,0,0,0,0,0,0,0,28.8188,19076.3,1.74669,1.08261
Test,A100,256,16384,4194304,268435456,512,10,274.878,1073741824,0,0,0,0,0,0,0,0,0,0,0,0,0,0,0,0,256,0,0,0,0,0,0,0,0,0,0,0,0,0,0,0,0,0,0,14.3729,19124.8,2.5852,1.60233
Test,A100,256,16384,4194304,134217728,512,10,137.439,1073741824,0,0,0,0,0,0,0,0,0,0,0,0,0,0,0,0,0,128,0,0,0,0,0,0,0,0,0,0,0,0,0,0,0,0,0,28.5405,4815.57,0.364031,0.225629
Test,A100,256,16384,4194304,536870912,512,10,549.756,1073741824,0,0,0,0,0,0,0,0,0,0,0,0,0,0,0,0,0,0,512,0,0,0,0,0,0,0,0,0,0,0,0,0,0,0,0,92.0996,5969.17,11.6363,7.21228
Test,A100,256,16384,4194304,268435456,512,10,274.878,1073741824,0,0,0,0,0,0,0,0,0,0,0,0,0,0,0,0,0,0,0,256,0,0,0,0,0,0,0,0,0,0,0,0,0,0,0,14.2054,19350.2,3.25573,2.01792
Test,A100,256,16384,4194304,134217728,512,10,137.439,1073741824,0,0,0,0,0,0,0,0,0,0,0,0,0,0,0,0,0,0,0,0,128,0,0,0,0,0,0,0,0,0,0,0,0,0,0,14.1908,9685.08,2.51482,1.5587
Test,A100,256,16384,4194304,1073741824,512,10,549.756,1073741824,0,0,0,0,0,0,0,0,0,0,0,0,0,0,0,0,0,0,0,0,0,512,0,0,0,0,0,0,0,0,0,0,0,0,0,955.815,575.17,0.00520952,0.00322889
Test,A100,256,16384,4194304,536870912,512,10,274.878,1073741824,0,0,0,0,0,0,0,0,0,0,0,0,0,0,0,0,0,0,0,0,0,0,256,0,0,0,0,0,0,0,0,0,0,0,0,478.316,574.679,0.00596919,0.00369975
Test,A100,256,16384,4194304,268435456,512,10,137.439,1073741824,0,0,0,0,0,0,0,0,0,0,0,0,0,0,0,0,0,0,0,0,0,0,0,128,0,0,0,0,0,0,0,0,0,0,0,227.002,605.454,0.248203,0.153838
Test,A100,256,16384,4194304,134217728,512,10,68.7195,1073741824,0,0,0,0,0,0,0,0,0,0,0,0,0,0,0,0,0,0,0,0,0,0,0,0,64,0,0,0,0,0,0,0,0,0,0,148.6,462.446,0.292258,0.181144
Test,A100,256,16384,4194304,536870912,512,10,274.878,1073741824,0,0,0,0,0,0,0,0,0,0,0,0,0,0,0,0,0,0,0,0,0,0,0,0,0,256,0,0,0,0,0,0,0,0,0,292.523,939.68,0.289844,0.179647
Test,A100,256,16384,4194304,268435456,512,10,137.439,1073741824,0,0,0,0,0,0,0,0,0,0,0,0,0,0,0,0,0,0,0,0,0,0,0,0,0,0,128,0,0,0,0,0,0,0,0,358.171,383.725,0.181072,0.11223
Test,A100,256,16384,4194304,134217728,512,10,68.7195,1073741824,0,0,0,0,0,0,0,0,0,0,0,0,0,0,0,0,0,0,0,0,0,0,0,0,0,0,0,64,0,0,0,0,0,0,0,433.514,158.517,0.0786984,0.0487778
Test,A100,256,16384,4194304,1073741824,512,10,549.756,1073741824,0,0,0,0,0,0,0,0,0,0,0,0,0,0,0,0,0,0,0,0,0,0,0,0,0,0,0,0,512,0,0,0,0,0,0,349.179,1574.42,1.05303,0.652675
Test,A100,256,16384,4194304,536870912,512,10,274.878,1073741824,0,0,0,0,0,0,0,0,0,0,0,0,0,0,0,0,0,0,0,0,0,0,0,0,0,0,0,0,0,256,0,0,0,0,0,171.542,1602.39,0.0455651,0.0282415
Test,A100,256,16384,4194304,268435456,512,10,137.439,1073741824,0,0,0,0,0,0,0,0,0,0,0,0,0,0,0,0,0,0,0,0,0,0,0,0,0,0,0,0,0,0,128,0,0,0,0,85.7777,1602.27,0.0868287,0.053817
Test,A100,256,16384,4194304,134217728,512,10,68.7195,1073741824,0,0,0,0,0,0,0,0,0,0,0,0,0,0,0,0,0,0,0,0,0,0,0,0,0,0,0,0,0,0,0,64,0,0,0,44.8948,1530.68,0.467763,0.289923
Test,A100,256,16384,4194304,536870912,512,10,274.878,1073741824,0,0,0,0,0,0,0,0,0,0,0,0,0,0,0,0,0,0,0,0,0,0,0,0,0,0,0,0,0,0,0,0,256,0,0,58.3591,4710.15,12.2963,7.62134
Test,A100,256,16384,4194304,268435456,512,10,137.439,1073741824,0,0,0,0,0,0,0,0,0,0,0,0,0,0,0,0,0,0,0,0,0,0,0,0,0,0,0,0,0,0,0,0,0,128,0,29.2798,4693.98,1.51256,0.937492
Test,A100,256,16384,4194304,134217728,512,10,68.7195,1073741824,0,0,0,0,0,0,0,0,0,0,0,0,0,0,0,0,0,0,0,0,0,0,0,0,0,0,0,0,0,0,0,0,0,0,64,14.6786,4681.6,2.88047,1.78533
Test,A100,256,16384,4194304,1073741824,1024,10,1099.51,1073741824,1024,0,0,0,0,0,0,0,0,0,0,0,0,0,0,0,0,0,0,0,0,0,0,0,0,0,0,0,0,0,0,0,0,0,0,63.6391,17619.8,2267.2,1405.23
Test,A100,256,16384,4194304,536870912,1024,10,549.756,1073741824,0,512,0,0,0,0,0,0,0,0,0,0,0,0,0,0,0,0,0,0,0,0,0,0,0,0,0,0,0,0,0,0,0,0,0,28.9315,19002.2,58.4515,36.2286
Test,A100,256,16384,4194304,268435456,1024,10,274.878,1073741824,0,0,256,0,0,0,0,0,0,0,0,0,0,0,0,0,0,0,0,0,0,0,0,0,0,0,0,0,0,0,0,0,0,0,0,14.6689,18739.6,119.105,73.8219
Test,A100,256,16384,4194304,134217728,1024,10,137.439,1073741824,0,0,0,128,0,0,0,0,0,0,0,0,0,0,0,0,0,0,0,0,0,0,0,0,0,0,0,0,0,0,0,0,0,0,0,15.1428,9079.86,185.096,114.724
Test,A100,256,16384,4194304,536870912,1024,10,549.756,1073741824,0,0,0,0,512,0,0,0,0,0,0,0,0,0,0,0,0,0,0,0,0,0,0,0,0,0,0,0,0,0,0,0,0,0,0,92.0719,5970.94,1.54274,0.9562
Test,A100,256,16384,4194304,268435456,1024,10,274.878,1073741824,0,0,0,0,0,256,0,0,0,0,0,0,0,0,0,0,0,0,0,0,0,0,0,0,0,0,0,0,0,0,0,0,0,0,0,28.2978,9713.74,0.756927,0.469148
Test,A100,256,16384,4194304,134217728,1024,10,137.439,1073741824,0,0,0,0,0,0,128,0,0,0,0,0,0,0,0,0,0,0,0,0,0,0,0,0,0,0,0,0,0,0,0,0,0,0,0,28.5128,4820.26,0.778944,0.482795
Test,A100,256,16384,4194304,1073741824,1024,10,1099.51,1073741824,0,0,0,0,0,0,0,1024,0,0,0,0,0,0,0,0,0,0,0,0,0,0,0,0,0,0,0,0,0,0,0,0,0,0,0,114.747,9582.18,33.9744,21.0575
Test,A100,256,16384,4194304,536870912,1024,10,549.756,1073741824,0,0,0,0,0,0,0,0,512,0,0,0,0,0,0,0,0,0,0,0,0,0,0,0,0,0,0,0,0,0,0,0,0,0,0,57.3405,9587.56,0.460356,0.285332
Test,A100,256,16384,4194304,268435456,1024,10,274.878,1073741824,0,0,0,0,0,0,0,0,0,256,0,0,0,0,0,0,0,0,0,0,0,0,0,0,0,0,0,0,0,0,0,0,0,0,0,28.3892,9682.49,0.512942,0.317925
Test,A100,256,16384,4194304,134217728,1024,10,137.439,1073741824,0,0,0,0,0,0,0,0,0,0,128,0,0,0,0,0,0,0,0,0,0,0,0,0,0,0,0,0,0,0,0,0,0,0,0,62.0196,2216.06,0.49204,0.30497
Test,A100,256,16384,4194304,536870912,1024,10,549.756,1073741824,0,0,0,0,0,0,0,0,0,0,0,512,0,0,0,0,0,0,0,0,0,0,0,0,0,0,0,0,0,0,0,0,0,0,0,92.0585,5971.81,0.990462,0.613895
Test,A100,256,16384,4194304,268435456,1024,10,274.878,1073741824,0,0,0,0,0,0,0,0,0,0,0,0,256,0,0,0,0,0,0,0,0,0,0,0,0,0,0,0,0,0,0,0,0,0,0,28.297,9714.03,0.409386,0.25374
Test,A100,256,16384,4194304,134217728,1024,10,137.439,1073741824,0,0,0,0,0,0,0,0,0,0,0,0,0,128,0,0,0,0,0,0,0,0,0,0,0,0,0,0,0,0,0,0,0,0,0,28.3124,4854.38,0.219113,0.135808
Test,A100,256,16384,4194304,1073741824,1024,10,2199.02,1073741824,0,0,0,0,0,0,0,0,0,0,0,0,0,0,2048,0,0,0,0,0,0,0,0,0,0,0,0,0,0,0,0,0,0,0,0,114.386,19224.6,0.88813,0.550469
Test,A100,256,16384,4194304,536870912,1024,10,1099.51,1073741824,0,0,0,0,0,0,0,0,0,0,0,0,0,0,0,1024,0,0,0,0,0,0,0,0,0,0,0,0,0,0,0,0,0,0,0,57.2363,19210.1,0.957116,0.593227
Test,A100,256,16384,4194304,268435456,1024,10,549.756,1073741824,0,0,0,0,0,0,0,0,0,0,0,0,0,0,0,0,512,0,0,0,0,0,0,0,0,0,0,0,0,0,0,0,0,0,0,28.4087,19351.7,1.22572,0.759706
Test,A100,256,16384,4194304,134217728,1024,10,274.878,1073741824,0,0,0,0,0,0,0,0,0,0,0,0,0,0,0,0,0,256,0,0,0,0,0,0,0,0,0,0,0,0,0,0,0,0,0,56.6174,4855.01,0.153154,0.0949255
Test,A100,256,16384,4194304,536870912,1024,10,1099.51,1073741824,0,0,0,0,0,0,0,0,0,0,0,0,0,0,0,0,0,0,1024,0,0,0,0,0,0,0,0,0,0,0,0,0,0,0,0,218.515,5031.74,2.78959,1.72901
Test,A100,256,16384,4194304,268435456,1024,10,549.756,1073741824,0,0,0,0,0,0,0,0,0,0,0,0,0,0,0,0,0,0,0,512,0,0,0,0,0,0,0,0,0,0,0,0,0,0,0,28.3635,19382.5,1.56591,0.970563
Test,A100,256,16384,4194304,134217728,1024,10,274.878,1073741824,0,0,0,0,0,0,0,0,0,0,0,0,0,0,0,0,0,0,0,0,256,0,0,0,0,0,0,0,0,0,0,0,0,0,0,28.3186,9706.61,1.02257,0.633797
Test,A100,256,16384,4194304,1073741824,1024,10,1099.51,1073741824,0,0,0,0,0,0,0,0,0,0,0,0,0,0,0,0,0,0,0,0,0,1024,0,0,0,0,0,0,0,0,0,0,0,0,0,1912.06,575.04,0.00991954,0.00614819
Test,A100,256,16384,4194304,536870912,1024,10,549.756,1073741824,0,0,0,0,0,0,0,0,0,0,0,0,0,0,0,0,0,0,0,0,0,0,512,0,0,0,0,0,0,0,0,0,0,0,0,957.141,574.373,0.00842126,0.00521955
Test,A100,256,16384,4194304,268435456,1024,10,274.878,1073741824,0,0,0,0,0,0,0,0,0,0,0,0,0,0,0,0,0,0,0,0,0,0,0,256,0,0,0,0,0,0,0,0,0,0,0,489.036,562.081,0.248421,0.153973
Test,A100,256,16384,4194304,134217728,1024,10,137.439,1073741824,0,0,0,0,0,0,0,0,0,0,0,0,0,0,0,0,0,0,0,0,0,0,0,0,128,0,0,0,0,0,0,0,0,0,0,308.5,445.508,0.188911,0.117089
Test,A100,256,16384,4194304,536870912,1024,10,549.756,1073741824,0,0,0,0,0,0,0,0,0,0,0,0,0,0,0,0,0,0,0,0,0,0,0,0,0,512,0,0,0,0,0,0,0,0,0,632.157,869.651,0.294722,0.182671
Test,A100,256,16384,4194304,268435456,1024,10,274.878,1073741824,0,0,0,0,0,0,0,0,0,0,0,0,0,0,0,0,0,0,0,0,0,0,0,0,0,0,256,0,0,0,0,0,0,0,0,722.609,380.396,0.117777,0.0729992
Test,A100,256,16384,4194304,134217728,1024,10,137.439,1073741824,0,0,0,0,0,0,0,0,0,0,0,0,0,0,0,0,0,0,0,0,0,0,0,0,0,0,0,128,0,0,0,0,0,0,0,959.879,143.184,0.0603675,0.0374162
Test,A100,256,16384,4194304,1073741824,1024,10,1099.51,1073741824,0,0,0,0,0,0,0,0,0,0,0,0,0,0,0,0,0,0,0,0,0,0,0,0,0,0,0,0,1024,0,0,0,0,0,0,696.963,1577.58,1.64466,1.01937
Test,A100,256,16384,4194304,536870912,1024,10,549.756,1073741824,0,0,0,0,0,0,0,0,0,0,0,0,0,0,0,0,0,0,0,0,0,0,0,0,0,0,0,0,0,512,0,0,0,0,0,343.043,1602.59,0.0419425,0.0259963
Test,A100,256,16384,4194304,268435456,1024,10,274.878,1073741824,0,0,0,0,0,0,0,0,0,0,0,0,0,0,0,0,0,0,0,0,0,0,0,0,0,0,0,0,0,0,256,0,0,0,0,171.528,1602.52,0.0327057,0.0202712
Test,A100,256,16384,4194304,134217728,1024,10,137.439,1073741824,0,0,0,0,0,0,0,0,0,0,0,0,0,0,0,0,0,0,0,0,0,0,0,0,0,0,0,0,0,0,0,128,0,0,0,89.7546,1531.27,0.49103,0.304343
Test,A100,256,16384,4194304,536870912,1024,10,549.756,1073741824,0,0,0,0,0,0,0,0,0,0,0,0,0,0,0,0,0,0,0,0,0,0,0,0,0,0,0,0,0,0,0,0,512,0,0,117.483,4679.45,1.0428,0.646337
Test,A100,256,16384,4194304,268435456,1024,10,274.878,1073741824,0,0,0,0,0,0,0,0,0,0,0,0,0,0,0,0,0,0,0,0,0,0,0,0,0,0,0,0,0,0,0,0,0,256,0,58.5371,4695.79,1.22928,0.761914
Test,A100,256,16384,4194304,134217728,1024,10,137.439,1073741824,0,0,0,0,0,0,0,0,0,0,0,0,0,0,0,0,0,0,0,0,0,0,0,0,0,0,0,0,0,0,0,0,0,0,128,29.2123,4704.84,2.2261,1.37975
Test,A100,256,16384,4194304,1073741824,2048,10,2199.02,1073741824,2048,0,0,0,0,0,0,0,0,0,0,0,0,0,0,0,0,0,0,0,0,0,0,0,0,0,0,0,0,0,0,0,0,0,0,121.287,18132.1,153.197,94.9527
Test,A100,256,16384,4194304,536870912,2048,10,1099.51,1073741824,0,1024,0,0,0,0,0,0,0,0,0,0,0,0,0,0,0,0,0,0,0,0,0,0,0,0,0,0,0,0,0,0,0,0,0,61.4791,17884.4,46.2423,28.6613
Test,A100,256,16384,4194304,268435456,2048,10,549.756,1073741824,0,0,512,0,0,0,0,0,0,0,0,0,0,0,0,0,0,0,0,0,0,0,0,0,0,0,0,0,0,0,0,0,0,0,0,30.8026,17851.1,252.151,156.285
Test,A100,256,16384,4194304,134217728,2048,10,274.878,1073741824,0,0,0,256,0,0,0,0,0,0,0,0,0,0,0,0,0,0,0,0,0,0,0,0,0,0,0,0,0,0,0,0,0,0,0,34.5448,7957.42,48.6155,30.1322
Test,A100,256,16384,4194304,536870912,2048,10,1099.51,1073741824,0,0,0,0,1024,0,0,0,0,0,0,0,0,0,0,0,0,0,0,0,0,0,0,0,0,0,0,0,0,0,0,0,0,0,0,218.538,5031.22,1.74703,1.08282
Test,A100,256,16384,4194304,268435456,2048,10,549.756,1073741824,0,0,0,0,0,512,0,0,0,0,0,0,0,0,0,0,0,0,0,0,0,0,0,0,0,0,0,0,0,0,0,0,0,0,0,56.5574,9720.32,0.270155,0.167444
Test,A100,256,16384,4194304,134217728,2048,10,274.878,1073741824,0,0,0,0,0,0,256,0,0,0,0,0,0,0,0,0,0,0,0,0,0,0,0,0,0,0,0,0,0,0,0,0,0,0,0,56.581,4858.13,0.224023,0.138851
Test,A100,256,16384,4194304,1073741824,2048,10,2199.02,1073741824,0,0,0,0,0,0,0,2048,0,0,0,0,0,0,0,0,0,0,0,0,0,0,0,0,0,0,0,0,0,0,0,0,0,0,0,243.424,9033.72,2.86614,1.77645
Test,A100,256,16384,4194304,536870912,2048,10,1099.51,1073741824,0,0,0,0,0,0,0,0,1024,0,0,0,0,0,0,0,0,0,0,0,0,0,0,0,0,0,0,0,0,0,0,0,0,0,0,123.441,8907.2,2.10605,1.30534
Test,A100,256,16384,4194304,268435456,2048,10,549.756,1073741824,0,0,0,0,0,0,0,0,0,512,0,0,0,0,0,0,0,0,0,0,0,0,0,0,0,0,0,0,0,0,0,0,0,0,0,56.6506,9704.33,0.204726,0.126891
Test,A100,256,16384,4194304,134217728,2048,10,274.878,1073741824,0,0,0,0,0,0,0,0,0,0,256,0,0,0,0,0,0,0,0,0,0,0,0,0,0,0,0,0,0,0,0,0,0,0,0,134.916,2037.41,0.801743,0.496926
Test,A100,256,16384,4194304,536870912,2048,10,1099.51,1073741824,0,0,0,0,0,0,0,0,0,0,0,1024,0,0,0,0,0,0,0,0,0,0,0,0,0,0,0,0,0,0,0,0,0,0,0,218.57,5030.48,2.32041,1.43821
Test,A100,256,16384,4194304,268435456,2048,10,549.756,1073741824,0,0,0,0,0,0,0,0,0,0,0,0,512,0,0,0,0,0,0,0,0,0,0,0,0,0,0,0,0,0,0,0,0,0,0,56.8946,9662.71,2.87929,1.7846
Test,A100,256,16384,4194304,134217728,2048,10,274.878,1073741824,0,0,0,0,0,0,0,0,0,0,0,0,0,256,0,0,0,0,0,0,0,0,0,0,0,0,0,0,0,0,0,0,0,0,0,56.9105,4830,1.80262,1.11728
Test,A100,256,16384,4194304,1073741824,2048,10,4398.05,1073741824,0,0,0,0,0,0,0,0,0,0,0,0,0,0,4096,0,0,0,0,0,0,0,0,0,0,0,0,0,0,0,0,0,0,0,0,243.486,18062.8,5.60179,3.47202
Test,A100,256,16384,4194304,536870912,2048,10,2199.02,1073741824,0,0,0,0,0,0,0,0,0,0,0,0,0,0,0,2048,0,0,0,0,0,0,0,0,0,0,0,0,0,0,0,0,0,0,0,123.453,17812.6,6.20091,3.84336
Test,A100,256,16384,4194304,268435456,2048,10,1099.51,1073741824,0,0,0,0,0,0,0,0,0,0,0,0,0,0,0,0,1024,0,0,0,0,0,0,0,0,0,0,0,0,0,0,0,0,0,0,56.6738,19400.7,1.09998,0.681773
Test,A100,256,16384,4194304,134217728,2048,10,549.756,1073741824,0,0,0,0,0,0,0,0,0,0,0,0,0,0,0,0,0,512,0,0,0,0,0,0,0,0,0,0,0,0,0,0,0,0,0,117.176,4691.7,2.21469,1.37268
Test,A100,256,16384,4194304,536870912,2048,10,2199.02,1073741824,0,0,0,0,0,0,0,0,0,0,0,0,0,0,0,0,0,0,2048,0,0,0,0,0,0,0,0,0,0,0,0,0,0,0,0,466.438,4714.5,2.07008,1.28305
Test,A100,256,16384,4194304,268435456,2048,10,1099.51,1073741824,0,0,0,0,0,0,0,0,0,0,0,0,0,0,0,0,0,0,0,1024,0,0,0,0,0,0,0,0,0,0,0,0,0,0,0,56.6781,19399.2,0.701566,0.434835
Test,A100,256,16384,4194304,134217728,2048,10,549.756,1073741824,0,0,0,0,0,0,0,0,0,0,0,0,0,0,0,0,0,0,0,0,512,0,0,0,0,0,0,0,0,0,0,0,0,0,0,56.5946,9713.92,0.697778,0.432487
Test,A100,256,16384,4194304,1073741824,2048,10,2199.02,1073741824,0,0,0,0,0,0,0,0,0,0,0,0,0,0,0,0,0,0,0,0,0,2048,0,0,0,0,0,0,0,0,0,0,0,0,0,3865.73,568.85,0.143799,0.0891272
Test,A100,256,16384,4194304,536870912,2048,10,1099.51,1073741824,0,0,0,0,0,0,0,0,0,0,0,0,0,0,0,0,0,0,0,0,0,0,1024,0,0,0,0,0,0,0,0,0,0,0,0,1948.45,564.302,0.1357,0.0841074
Test,A100,256,16384,4194304,268435456,2048,10,549.756,1073741824,0,0,0,0,0,0,0,0,0,0,0,0,0,0,0,0,0,0,0,0,0,0,0,512,0,0,0,0,0,0,0,0,0,0,0,1005.77,546.6,0.566238,0.350958
Test,A100,256,16384,4194304,134217728,2048,10,274.878,1073741824,0,0,0,0,0,0,0,0,0,0,0,0,0,0,0,0,0,0,0,0,0,0,0,0,256,0,0,0,0,0,0,0,0,0,0,629.975,436.332,0.38102,0.236159
Test,A100,256,16384,4194304,536870912,2048,10,1099.51,1073741824,0,0,0,0,0,0,0,0,0,0,0,0,0,0,0,0,0,0,0,0,0,0,0,0,0,1024,0,0,0,0,0,0,0,0,0,1267.63,867.374,0.563184,0.349065
Test,A100,256,16384,4194304,268435456,2048,10,549.756,1073741824,0,0,0,0,0,0,0,0,0,0,0,0,0,0,0,0,0,0,0,0,0,0,0,0,0,0,512,0,0,0,0,0,0,0,0,1570.52,350.048,0.163027,0.101045
Test,A100,256,16384,4194304,134217728,2048,10,274.878,1073741824,0,0,0,0,0,0,0,0,0,0,0,0,0,0,0,0,0,0,0,0,0,0,0,0,0,0,0,256,0,0,0,0,0,0,0,2027.76,135.558,0.0930646,0.0576821
Test,A100,256,16384,4194304,1073741824,2048,10,2199.02,1073741824,0,0,0,0,0,0,0,0,0,0,0,0,0,0,0,0,0,0,0,0,0,0,0,0,0,0,0,0,2048,0,0,0,0,0,0,1412.6,1556.72,0.10531,0.065272
Test,A100,256,16384,4194304,536870912,2048,10,1099.51,1073741824,0,0,0,0,0,0,0,0,0,0,0,0,0,0,0,0,0,0,0,0,0,0,0,0,0,0,0,0,0,1024,0,0,0,0,0,690.673,1591.94,0.126429,0.0783615
Test,A100,256,16384,4194304,268435456,2048,10,549.756,1073741824,0,0,0,0,0,0,0,0,0,0,0,0,0,0,0,0,0,0,0,0,0,0,0,0,0,0,0,0,0,0,512,0,0,0,0,345.713,1590.21,0.254075,0.157477
Test,A100,256,16384,4194304,134217728,2048,10,274.878,1073741824,0,0,0,0,0,0,0,0,0,0,0,0,0,0,0,0,0,0,0,0,0,0,0,0,0,0,0,0,0,0,0,256,0,0,0,179.669,1529.91,0.164336,0.101857
Test,A100,256,16384,4194304,536870912,2048,10,1099.51,1073741824,0,0,0,0,0,0,0,0,0,0,0,0,0,0,0,0,0,0,0,0,0,0,0,0,0,0,0,0,0,0,0,0,1024,0,0,243.915,4507.76,1.77254,1.09863
Test,A100,256,16384,4194304,268435456,2048,10,549.756,1073741824,0,0,0,0,0,0,0,0,0,0,0,0,0,0,0,0,0,0,0,0,0,0,0,0,0,0,0,0,0,0,0,0,0,512,0,117.108,4694.42,0.986819,0.611637
Test,A100,256,16384,4194304,134217728,2048,10,274.878,1073741824,0,0,0,0,0,0,0,0,0,0,0,0,0,0,0,0,0,0,0,0,0,0,0,0,0,0,0,0,0,0,0,0,0,0,256,58.7715,4677.07,2.08709,1.29359
Test,A100,256,16384,4194304,1073741824,4096,10,4398.05,1073741824,4096,0,0,0,0,0,0,0,0,0,0,0,0,0,0,0,0,0,0,0,0,0,0,0,0,0,0,0,0,0,0,0,0,0,0,244.449,17991.6,8.38023,5.19412
Test,A100,256,16384,4194304,536870912,4096,10,2199.02,1073741824,0,2048,0,0,0,0,0,0,0,0,0,0,0,0,0,0,0,0,0,0,0,0,0,0,0,0,0,0,0,0,0,0,0,0,0,123.68,17780.1,43.4377,26.923
Test,A100,256,16384,4194304,268435456,4096,10,1099.51,1073741824,0,0,1024,0,0,0,0,0,0,0,0,0,0,0,0,0,0,0,0,0,0,0,0,0,0,0,0,0,0,0,0,0,0,0,0,63.7276,17253.3,8.083,5.00989
Test,A100,256,16384,4194304,134217728,4096,10,549.756,1073741824,0,0,0,512,0,0,0,0,0,0,0,0,0,0,0,0,0,0,0,0,0,0,0,0,0,0,0,0,0,0,0,0,0,0,0,75.0173,7328.77,53.3347,33.0572
Test,A100,256,16384,4194304,536870912,4096,10,2199.02,1073741824,0,0,0,0,2048,0,0,0,0,0,0,0,0,0,0,0,0,0,0,0,0,0,0,0,0,0,0,0,0,0,0,0,0,0,0,466.383,4715.06,1.73413,1.07482
Test,A100,256,16384,4194304,268435456,4096,10,1099.51,1073741824,0,0,0,0,0,1024,0,0,0,0,0,0,0,0,0,0,0,0,0,0,0,0,0,0,0,0,0,0,0,0,0,0,0,0,0,113.08,9723.27,0.149638,0.0927467
Test,A100,256,16384,4194304,134217728,4096,10,549.756,1073741824,0,0,0,0,0,0,512,0,0,0,0,0,0,0,0,0,0,0,0,0,0,0,0,0,0,0,0,0,0,0,0,0,0,0,0,113.271,4853.49,14.1059,8.74294
Test,A100,256,16384,4194304,1073741824,4096,10,4398.05,1073741824,0,0,0,0,0,0,0,4096,0,0,0,0,0,0,0,0,0,0,0,0,0,0,0,0,0,0,0,0,0,0,0,0,0,0,0,567.201,7753.98,16.9686,10.5172
Test,A100,256,16384,4194304,536870912,4096,10,2199.02,1073741824,0,0,0,0,0,0,0,0,2048,0,0,0,0,0,0,0,0,0,0,0,0,0,0,0,0,0,0,0,0,0,0,0,0,0,0,287.621,7645.58,11.6552,7.22396
Test,A100,256,16384,4194304,268435456,4096,10,1099.51,1073741824,0,0,0,0,0,0,0,0,0,1024,0,0,0,0,0,0,0,0,0,0,0,0,0,0,0,0,0,0,0,0,0,0,0,0,0,113.168,9715.74,0.272165,0.16869
Test,A100,256,16384,4194304,134217728,4096,10,549.756,1073741824,0,0,0,0,0,0,0,0,0,0,512,0,0,0,0,0,0,0,0,0,0,0,0,0,0,0,0,0,0,0,0,0,0,0,0,291.209,1887.84,0.742181,0.460009
Test,A100,256,16384,4194304,536870912,4096,10,2199.02,1073741824,0,0,0,0,0,0,0,0,0,0,0,2048,0,0,0,0,0,0,0,0,0,0,0,0,0,0,0,0,0,0,0,0,0,0,0,466.346,4715.44,1.54354,0.956697
Test,A100,256,16384,4194304,268435456,4096,10,1099.51,1073741824,0,0,0,0,0,0,0,0,0,0,0,0,1024,0,0,0,0,0,0,0,0,0,0,0,0,0,0,0,0,0,0,0,0,0,0,113.83,9659.23,1.83275,1.13595
Test,A100,256,16384,4194304,134217728,4096,10,549.756,1073741824,0,0,0,0,0,0,0,0,0,0,0,0,0,512,0,0,0,0,0,0,0,0,0,0,0,0,0,0,0,0,0,0,0,0,0,113.794,4831.14,2.33323,1.44615
Test,A100,256,16384,4194304,1073741824,4096,10,8796.09,1073741824,0,0,0,0,0,0,0,0,0,0,0,0,0,0,8192,0,0,0,0,0,0,0,0,0,0,0,0,0,0,0,0,0,0,0,0,565.301,15560,10.4304,6.46481
Test,A100,256,16384,4194304,536870912,4096,10,4398.05,1073741824,0,0,0,0,0,0,0,0,0,0,0,0,0,0,0,4096,0,0,0,0,0,0,0,0,0,0,0,0,0,0,0,0,0,0,0,287.408,15302.4,10.0081,6.20308
Test,A100,256,16384,4194304,268435456,4096,10,2199.02,1073741824,0,0,0,0,0,0,0,0,0,0,0,0,0,0,0,0,2048,0,0,0,0,0,0,0,0,0,0,0,0,0,0,0,0,0,0,113.197,19426.5,0.340456,0.211017
Test,A100,256,16384,4194304,134217728,4096,10,1099.51,1073741824,0,0,0,0,0,0,0,0,0,0,0,0,0,0,0,0,0,1024,0,0,0,0,0,0,0,0,0,0,0,0,0,0,0,0,0,270.471,4065.18,6.78657,4.20636
Test,A100,256,16384,4194304,536870912,4096,10,4398.05,1073741824,0,0,0,0,0,0,0,0,0,0,0,0,0,0,0,0,0,0,4096,0,0,0,0,0,0,0,0,0,0,0,0,0,0,0,0,962.947,4567.28,1.9644,1.21755
Test,A100,256,16384,4194304,268435456,4096,10,2199.02,1073741824,0,0,0,0,0,0,0,0,0,0,0,0,0,0,0,0,0,0,0,2048,0,0,0,0,0,0,0,0,0,0,0,0,0,0,0,113.309,19407.4,0.354791,0.219902
Test,A100,256,16384,4194304,134217728,4096,10,1099.51,1073741824,0,0,0,0,0,0,0,0,0,0,0,0,0,0,0,0,0,0,0,0,1024,0,0,0,0,0,0,0,0,0,0,0,0,0,0,113.097,9721.88,1.1077,0.68656
Test,A100,256,16384,4194304,1073741824,4096,10,4398.05,1073741824,0,0,0,0,0,0,0,0,0,0,0,0,0,0,0,0,0,0,0,0,0,4096,0,0,0,0,0,0,0,0,0,0,0,0,0,7605.39,578.28,0.0797782,0.049447
Test,A100,256,16384,4194304,536870912,4096,10,2199.02,1073741824,0,0,0,0,0,0,0,0,0,0,0,0,0,0,0,0,0,0,0,0,0,0,2048,0,0,0,0,0,0,0,0,0,0,0,0,3802.72,578.277,0.0144123,0.00893281
Test,A100,256,16384,4194304,268435456,4096,10,1099.51,1073741824,0,0,0,0,0,0,0,0,0,0,0,0,0,0,0,0,0,0,0,0,0,0,0,1024,0,0,0,0,0,0,0,0,0,0,0,1979.93,555.327,0.358005,0.221894
Test,A100,256,16384,4194304,134217728,4096,10,549.756,1073741824,0,0,0,0,0,0,0,0,0,0,0,0,0,0,0,0,0,0,0,0,0,0,0,0,512,0,0,0,0,0,0,0,0,0,0,1249.79,439.878,0.667166,0.413514
Test,A100,256,16384,4194304,536870912,4096,10,2199.02,1073741824,0,0,0,0,0,0,0,0,0,0,0,0,0,0,0,0,0,0,0,0,0,0,0,0,0,2048,0,0,0,0,0,0,0,0,0,2519.94,872.648,0.202676,0.12562
Test,A100,256,16384,4194304,268435456,4096,10,1099.51,1073741824,0,0,0,0,0,0,0,0,0,0,0,0,0,0,0,0,0,0,0,0,0,0,0,0,0,0,1024,0,0,0,0,0,0,0,0,3011.87,365.06,0.133931,0.0830114
Test,A100,256,16384,4194304,134217728,4096,10,549.756,1073741824,0,0,0,0,0,0,0,0,0,0,0,0,0,0,0,0,0,0,0,0,0,0,0,0,0,0,0,512,0,0,0,0,0,0,0,4037.99,136.146,0.060331,0.0373935
Test,A100,256,16384,4194304,1073741824,4096,10,4398.05,1073741824,0,0,0,0,0,0,0,0,0,0,0,0,0,0,0,0,0,0,0,0,0,0,0,0,0,0,0,0,4096,0,0,0,0,0,0,3045.87,1443.94,1.23151,0.763296
Test,A100,256,16384,4194304,536870912,4096,10,2199.02,1073741824,0,0,0,0,0,0,0,0,0,0,0,0,0,0,0,0,0,0,0,0,0,0,0,0,0,0,0,0,0,2048,0,0,0,0,0,1437.54,1529.72,1.74579,1.08205
Test,A100,256,16384,4194304,268435456,4096,10,1099.51,1073741824,0,0,0,0,0,0,0,0,0,0,0,0,0,0,0,0,0,0,0,0,0,0,0,0,0,0,0,0,0,0,1024,0,0,0,0,719.88,1527.35,0.451471,0.279825
Test,A100,256,16384,4194304,134217728,4096,10,549.756,1073741824,0,0,0,0,0,0,0,0,0,0,0,0,0,0,0,0,0,0,0,0,0,0,0,0,0,0,0,0,0,0,0,512,0,0,0,370.239,1484.87,0.849972,0.526818
Test,A100,256,16384,4194304,536870912,4096,10,2199.02,1073741824,0,0,0,0,0,0,0,0,0,0,0,0,0,0,0,0,0,0,0,0,0,0,0,0,0,0,0,0,0,0,0,0,2048,0,0,527.36,4169.87,1.4666,0.909006
Test,A100,256,16384,4194304,268435456,4096,10,1099.51,1073741824,0,0,0,0,0,0,0,0,0,0,0,0,0,0,0,0,0,0,0,0,0,0,0,0,0,0,0,0,0,0,0,0,0,1024,0,235.051,4677.77,1.28095,0.793939
Test,A100,256,16384,4194304,134217728,4096,10,549.756,1073741824,0,0,0,0,0,0,0,0,0,0,0,0,0,0,0,0,0,0,0,0,0,0,0,0,0,0,0,0,0,0,0,0,0,0,512,117.537,4677.31,2.43627,1.51002
Test,A100,256,16384,4194304,1073741824,8192,10,8796.09,1073741824,8192,0,0,0,0,0,0,0,0,0,0,0,0,0,0,0,0,0,0,0,0,0,0,0,0,0,0,0,0,0,0,0,0,0,0,510.316,17236.6,25.9823,16.104
Test,A100,256,16384,4194304,536870912,8192,10,4398.05,1073741824,0,4096,0,0,0,0,0,0,0,0,0,0,0,0,0,0,0,0,0,0,0,0,0,0,0,0,0,0,0,0,0,0,0,0,0,257.031,17111.4,94.2866,58.4394
Test,A100,256,16384,4194304,268435456,8192,10,2199.02,1073741824,0,0,2048,0,0,0,0,0,0,0,0,0,0,0,0,0,0,0,0,0,0,0,0,0,0,0,0,0,0,0,0,0,0,0,0,130.554,16844.1,73.9929,45.8613
Test,A100,256,16384,4194304,134217728,8192,10,1099.51,1073741824,0,0,0,1024,0,0,0,0,0,0,0,0,0,0,0,0,0,0,0,0,0,0,0,0,0,0,0,0,0,0,0,0,0,0,0,148.107,7423.79,12.0702,7.48121
Test,A100,256,16384,4194304,536870912,8192,10,4398.05,1073741824,0,0,0,0,4096,0,0,0,0,0,0,0,0,0,0,0,0,0,0,0,0,0,0,0,0,0,0,0,0,0,0,0,0,0,0,931.896,4719.46,1.49838,0.928705
Test,A100,256,16384,4194304,268435456,8192,10,2199.02,1073741824,0,0,0,0,0,2048,0,0,0,0,0,0,0,0,0,0,0,0,0,0,0,0,0,0,0,0,0,0,0,0,0,0,0,0,0,226.119,9725.08,0.1258,0.0779714
Test,A100,256,16384,4194304,134217728,8192,10,1099.51,1073741824,0,0,0,0,0,0,1024,0,0,0,0,0,0,0,0,0,0,0,0,0,0,0,0,0,0,0,0,0,0,0,0,0,0,0,0,226.178,4861.26,0.0654914,0.040592
Test,A100,256,16384,4194304,1073741824,8192,10,8796.09,1073741824,0,0,0,0,0,0,0,8192,0,0,0,0,0,0,0,0,0,0,0,0,0,0,0,0,0,0,0,0,0,0,0,0,0,0,0,1122.66,7835.05,2.66746,1.65331
Test,A100,256,16384,4194304,536870912,8192,10,4398.05,1073741824,0,0,0,0,0,0,0,0,4096,0,0,0,0,0,0,0,0,0,0,0,0,0,0,0,0,0,0,0,0,0,0,0,0,0,0,570.645,7707.16,3.26068,2.02099
Test,A100,256,16384,4194304,268435456,8192,10,2199.02,1073741824,0,0,0,0,0,0,0,0,0,2048,0,0,0,0,0,0,0,0,0,0,0,0,0,0,0,0,0,0,0,0,0,0,0,0,0,226.406,9712.74,5.06674,3.1404
Test,A100,256,16384,4194304,134217728,8192,10,1099.51,1073741824,0,0,0,0,0,0,0,0,0,0,1024,0,0,0,0,0,0,0,0,0,0,0,0,0,0,0,0,0,0,0,0,0,0,0,0,570.202,1928.28,0.971417,0.60209
Test,A100,256,16384,4194304,536870912,8192,10,4398.05,1073741824,0,0,0,0,0,0,0,0,0,0,0,4096,0,0,0,0,0,0,0,0,0,0,0,0,0,0,0,0,0,0,0,0,0,0,0,931.692,4720.5,1.09917,0.681275
Test,A100,256,16384,4194304,268435456,8192,10,2199.02,1073741824,0,0,0,0,0,0,0,0,0,0,0,0,2048,0,0,0,0,0,0,0,0,0,0,0,0,0,0,0,0,0,0,0,0,0,0,226.117,9725.17,0.143044,0.0886595
Test,A100,256,16384,4194304,134217728,8192,10,1099.51,1073741824,0,0,0,0,0,0,0,0,0,0,0,0,0,1024,0,0,0,0,0,0,0,0,0,0,0,0,0,0,0,0,0,0,0,0,0,226.149,4861.89,0.0503297,0.0311947
Test,A100,256,16384,4194304,1073741824,8192,10,17592.2,1073741824,0,0,0,0,0,0,0,0,0,0,0,0,0,0,16384,0,0,0,0,0,0,0,0,0,0,0,0,0,0,0,0,0,0,0,0,1124.64,15642.5,5.08296,3.15045
Test,A100,256,16384,4194304,536870912,8192,10,8796.09,1073741824,0,0,0,0,0,0,0,0,0,0,0,0,0,0,0,8192,0,0,0,0,0,0,0,0,0,0,0,0,0,0,0,0,0,0,0,571.182,15399.8,7.18858,4.45553
Test,A100,256,16384,4194304,268435456,8192,10,4398.05,1073741824,0,0,0,0,0,0,0,0,0,0,0,0,0,0,0,0,4096,0,0,0,0,0,0,0,0,0,0,0,0,0,0,0,0,0,0,226.357,19429.7,0.950709,0.589256
Test,A100,256,16384,4194304,134217728,8192,10,2199.02,1073741824,0,0,0,0,0,0,0,0,0,0,0,0,0,0,0,0,0,2048,0,0,0,0,0,0,0,0,0,0,0,0,0,0,0,0,0,524.809,4190.15,5.09379,3.15717
Test,A100,256,16384,4194304,536870912,8192,10,8796.09,1073741824,0,0,0,0,0,0,0,0,0,0,0,0,0,0,0,0,0,0,8192,0,0,0,0,0,0,0,0,0,0,0,0,0,0,0,0,1922.04,4576.43,3.14183,1.94733
Test,A100,256,16384,4194304,268435456,8192,10,4398.05,1073741824,0,0,0,0,0,0,0,0,0,0,0,0,0,0,0,0,0,0,0,4096,0,0,0,0,0,0,0,0,0,0,0,0,0,0,0,226.568,19411.6,0.264281,0.163803
Test,A100,256,16384,4194304,134217728,8192,10,2199.02,1073741824,0,0,0,0,0,0,0,0,0,0,0,0,0,0,0,0,0,0,0,0,2048,0,0,0,0,0,0,0,0,0,0,0,0,0,0,226.154,9723.56,0.648782,0.402119
Test,A100,256,16384,4194304,1073741824,8192,10,8796.09,1073741824,0,0,0,0,0,0,0,0,0,0,0,0,0,0,0,0,0,0,0,0,0,8192,0,0,0,0,0,0,0,0,0,0,0,0,0,15217.9,578.01,0.176963,0.109683
Test,A100,256,16384,4194304,536870912,8192,10,4398.05,1073741824,0,0,0,0,0,0,0,0,0,0,0,0,0,0,0,0,0,0,0,0,0,0,4096,0,0,0,0,0,0,0,0,0,0,0,0,7608.5,578.044,0.230931,0.143133
Test,A100,256,16384,4194304,268435456,8192,10,2199.02,1073741824,0,0,0,0,0,0,0,0,0,0,0,0,0,0,0,0,0,0,0,0,0,0,0,2048,0,0,0,0,0,0,0,0,0,0,0,3936.23,558.663,0.227817,0.141203
Test,A100,256,16384,4194304,134217728,8192,10,1099.51,1073741824,0,0,0,0,0,0,0,0,0,0,0,0,0,0,0,0,0,0,0,0,0,0,0,0,1024,0,0,0,0,0,0,0,0,0,0,2478.29,443.657,0.226137,0.140161
Test,A100,256,16384,4194304,536870912,8192,10,4398.05,1073741824,0,0,0,0,0,0,0,0,0,0,0,0,0,0,0,0,0,0,0,0,0,0,0,0,0,4096,0,0,0,0,0,0,0,0,0,5032.52,873.925,0.263892,0.163562
Test,A100,256,16384,4194304,268435456,8192,10,2199.02,1073741824,0,0,0,0,0,0,0,0,0,0,0,0,0,0,0,0,0,0,0,0,0,0,0,0,0,0,2048,0,0,0,0,0,0,0,0,6019.65,365.307,0.0930733,0.0576875
Test,A100,256,16384,4194304,134217728,8192,10,1099.51,1073741824,0,0,0,0,0,0,0,0,0,0,0,0,0,0,0,0,0,0,0,0,0,0,0,0,0,0,0,1024,0,0,0,0,0,0,0,8041.45,136.73,0.0550609,0.0341271
Test,A100,256,16384,4194304,1073741824,8192,10,8796.09,1073741824,0,0,0,0,0,0,0,0,0,0,0,0,0,0,0,0,0,0,0,0,0,0,0,0,0,0,0,0,8192,0,0,0,0,0,0,6100.88,1441.77,0.77976,0.4833
Test,A100,256,16384,4194304,536870912,8192,10,4398.05,1073741824,0,0,0,0,0,0,0,0,0,0,0,0,0,0,0,0,0,0,0,0,0,0,0,0,0,0,0,0,0,4096,0,0,0,0,0,2873.28,1530.67,0.518899,0.321617
Test,A100,256,16384,4194304,268435456,8192,10,2199.02,1073741824,0,0,0,0,0,0,0,0,0,0,0,0,0,0,0,0,0,0,0,0,0,0,0,0,0,0,0,0,0,0,2048,0,0,0,0,1437.13,1530.15,0.541061,0.335353
Test,A100,256,16384,4194304,134217728,8192,10,1099.51,1073741824,0,0,0,0,0,0,0,0,0,0,0,0,0,0,0,0,0,0,0,0,0,0,0,0,0,0,0,0,0,0,0,1024,0,0,0,732.554,1500.93,0.358726,0.222341
Test,A100,256,16384,4194304,536870912,8192,10,4398.05,1073741824,0,0,0,0,0,0,0,0,0,0,0,0,0,0,0,0,0,0,0,0,0,0,0,0,0,0,0,0,0,0,0,0,4096,0,0,1052.02,4180.57,1.10699,0.686121
Test,A100,256,16384,4194304,268435456,8192,10,2199.02,1073741824,0,0,0,0,0,0,0,0,0,0,0,0,0,0,0,0,0,0,0,0,0,0,0,0,0,0,0,0,0,0,0,0,0,2048,0,484.311,4540.53,5.37441,3.33109
Test,A100,256,16384,4194304,134217728,8192,10,1099.51,1073741824,0,0,0,0,0,0,0,0,0,0,0,0,0,0,0,0,0,0,0,0,0,0,0,0,0,0,0,0,0,0,0,0,0,0,1024,234.234,4694.07,1.1863,0.735276
Test,A100,256,16384,4194304,1073741824,16384,10,17592.2,1073741824,16384,0,0,0,0,0,0,0,0,0,0,0,0,0,0,0,0,0,0,0,0,0,0,0,0,0,0,0,0,0,0,0,0,0,0,966.984,18192.9,45.0793,27.9404
Test,A100,256,16384,4194304,536870912,16384,10,8796.09,1073741824,0,8192,0,0,0,0,0,0,0,0,0,0,0,0,0,0,0,0,0,0,0,0,0,0,0,0,0,0,0,0,0,0,0,0,0,489.115,17983.7,4.96712,3.07865
Test,A100,256,16384,4194304,268435456,16384,10,4398.05,1073741824,0,0,4096,0,0,0,0,0,0,0,0,0,0,0,0,0,0,0,0,0,0,0,0,0,0,0,0,0,0,0,0,0,0,0,0,247.492,17770.4,5.12057,3.17376
Test,A100,256,16384,4194304,134217728,16384,10,2199.02,1073741824,0,0,0,2048,0,0,0,0,0,0,0,0,0,0,0,0,0,0,0,0,0,0,0,0,0,0,0,0,0,0,0,0,0,0,0,293.799,7485.11,50.1385,31.0762
Test,A100,256,16384,4194304,536870912,16384,10,8796.09,1073741824,0,0,0,0,8192,0,0,0,0,0,0,0,0,0,0,0,0,0,0,0,0,0,0,0,0,0,0,0,0,0,0,0,0,0,0,1861.21,4726,1.65633,1.0266
Test,A100,256,16384,4194304,268435456,16384,10,4398.05,1073741824,0,0,0,0,0,4096,0,0,0,0,0,0,0,0,0,0,0,0,0,0,0,0,0,0,0,0,0,0,0,0,0,0,0,0,0,452.199,9725.92,0.0558752,0.0346318
Test,A100,256,16384,4194304,134217728,16384,10,2199.02,1073741824,0,0,0,0,0,0,2048,0,0,0,0,0,0,0,0,0,0,0,0,0,0,0,0,0,0,0,0,0,0,0,0,0,0,0,0,452.258,4862.32,0.0999877,0.061973
Test,A100,256,16384,4194304,1073741824,16384,10,17592.2,1073741824,0,0,0,0,0,0,0,16384,0,0,0,0,0,0,0,0,0,0,0,0,0,0,0,0,0,0,0,0,0,0,0,0,0,0,0,2194.5,8016.51,4.45014,2.75822
Test,A100,256,16384,4194304,536870912,16384,10,8796.09,1073741824,0,0,0,0,0,0,0,0,8192,0,0,0,0,0,0,0,0,0,0,0,0,0,0,0,0,0,0,0,0,0,0,0,0,0,0,1119.27,7858.79,4.69628,2.91078
Test,A100,256,16384,4194304,268435456,16384,10,4398.05,1073741824,0,0,0,0,0,0,0,0,0,4096,0,0,0,0,0,0,0,0,0,0,0,0,0,0,0,0,0,0,0,0,0,0,0,0,0,452.546,9718.46,1.18535,0.734685
Test,A100,256,16384,4194304,134217728,16384,10,2199.02,1073741824,0,0,0,0,0,0,0,0,0,0,2048,0,0,0,0,0,0,0,0,0,0,0,0,0,0,0,0,0,0,0,0,0,0,0,0,1124.51,1955.54,0.622576,0.385877
Test,A100,256,16384,4194304,536870912,16384,10,8796.09,1073741824,0,0,0,0,0,0,0,0,0,0,0,8192,0,0,0,0,0,0,0,0,0,0,0,0,0,0,0,0,0,0,0,0,0,0,0,1861.17,4726.11,1.4998,0.929584
Test,A100,256,16384,4194304,268435456,16384,10,4398.05,1073741824,0,0,0,0,0,0,0,0,0,0,0,0,4096,0,0,0,0,0,0,0,0,0,0,0,0,0,0,0,0,0,0,0,0,0,0,452.197,9725.96,0.0780261,0.0483611
Test,A100,256,16384,4194304,134217728,16384,10,2199.02,1073741824,0,0,0,0,0,0,0,0,0,0,0,0,0,2048,0,0,0,0,0,0,0,0,0,0,0,0,0,0,0,0,0,0,0,0,0,452.233,4862.59,0.0252243,0.0156342
Test,A100,256,16384,4194304,1073741824,16384,10,35184.4,1073741824,0,0,0,0,0,0,0,0,0,0,0,0,0,0,32768,0,0,0,0,0,0,0,0,0,0,0,0,0,0,0,0,0,0,0,0,2206.2,15948,12.0517,7.46973
Test,A100,256,16384,4194304,536870912,16384,10,17592.2,1073741824,0,0,0,0,0,0,0,0,0,0,0,0,0,0,0,16384,0,0,0,0,0,0,0,0,0,0,0,0,0,0,0,0,0,0,0,1127.17,15607.4,14.6704,9.09284
Test,A100,256,16384,4194304,268435456,16384,10,8796.09,1073741824,0,0,0,0,0,0,0,0,0,0,0,0,0,0,0,0,8192,0,0,0,0,0,0,0,0,0,0,0,0,0,0,0,0,0,0,453.663,19389.1,28.9914,17.969
Test,A100,256,16384,4194304,134217728,16384,10,4398.05,1073741824,0,0,0,0,0,0,0,0,0,0,0,0,0,0,0,0,0,4096,0,0,0,0,0,0,0,0,0,0,0,0,0,0,0,0,0,1000.68,4395.06,3.78793,2.34778
Test,A100,256,16384,4194304,536870912,16384,10,17592.2,1073741824,0,0,0,0,0,0,0,0,0,0,0,0,0,0,0,0,0,0,16384,0,0,0,0,0,0,0,0,0,0,0,0,0,0,0,0,3845.2,4575.1,3.17333,1.96685
Test,A100,256,16384,4194304,268435456,16384,10,8796.09,1073741824,0,0,0,0,0,0,0,0,0,0,0,0,0,0,0,0,0,0,0,8192,0,0,0,0,0,0,0,0,0,0,0,0,0,0,0,454.554,19351.1,15.6408,9.69429
Test,A100,256,16384,4194304,134217728,16384,10,4398.05,1073741824,0,0,0,0,0,0,0,0,0,0,0,0,0,0,0,0,0,0,0,0,4096,0,0,0,0,0,0,0,0,0,0,0,0,0,0,452.234,9725.15,0.197266,0.122267
Test,A100,256,16384,4194304,1073741824,16384,10,17592.2,1073741824,0,0,0,0,0,0,0,0,0,0,0,0,0,0,0,0,0,0,0,0,0,16384,0,0,0,0,0,0,0,0,0,0,0,0,0,30419.2,578.326,0.045076,0.0279384
Test,A100,256,16384,4194304,536870912,16384,10,8796.09,1073741824,0,0,0,0,0,0,0,0,0,0,0,0,0,0,0,0,0,0,0,0,0,0,8192,0,0,0,0,0,0,0,0,0,0,0,0,15212.3,578.223,0.0385271,0.0238793
Test,A100,256,16384,4194304,268435456,16384,10,4398.05,1073741824,0,0,0,0,0,0,0,0,0,0,0,0,0,0,0,0,0,0,0,0,0,0,0,4096,0,0,0,0,0,0,0,0,0,0,0,7854.98,559.905,0.291552,0.180706
Test,A100,256,16384,4194304,134217728,16384,10,2199.02,1073741824,0,0,0,0,0,0,0,0,0,0,0,0,0,0,0,0,0,0,0,0,0,0,0,0,2048,0,0,0,0,0,0,0,0,0,0,4932.57,445.817,0.334002,0.207016
Test,A100,256,16384,4194304,536870912,16384,10,8796.09,1073741824,0,0,0,0,0,0,0,0,0,0,0,0,0,0,0,0,0,0,0,0,0,0,0,0,0,8192,0,0,0,0,0,0,0,0,0,10058.6,874.486,1.23288,0.764149
Test,A100,256,16384,4194304,268435456,16384,10,4398.05,1073741824,0,0,0,0,0,0,0,0,0,0,0,0,0,0,0,0,0,0,0,0,0,0,0,0,0,0,4096,0,0,0,0,0,0,0,0,12043.5,365.181,0.208761,0.129391
Test,A100,256,16384,4194304,134217728,16384,10,2199.02,1073741824,0,0,0,0,0,0,0,0,0,0,0,0,0,0,0,0,0,0,0,0,0,0,0,0,0,0,0,2048,0,0,0,0,0,0,0,16042.9,137.071,0.0376928,0.0233623
Test,A100,256,16384,4194304,1073741824,16384,10,17592.2,1073741824,0,0,0,0,0,0,0,0,0,0,0,0,0,0,0,0,0,0,0,0,0,0,0,0,0,0,0,0,16384,0,0,0,0,0,0,12168.5,1445.71,1.27423,0.789775
Test,A100,256,16384,4194304,536870912,16384,10,8796.09,1073741824,0,0,0,0,0,0,0,0,0,0,0,0,0,0,0,0,0,0,0,0,0,0,0,0,0,0,0,0,0,8192,0,0,0,0,0,5755.68,1528.25,2.1407,1.32682
Test,A100,256,16384,4194304,268435456,16384,10,4398.05,1073741824,0,0,0,0,0,0,0,0,0,0,0,0,0,0,0,0,0,0,0,0,0,0,0,0,0,0,0,0,0,0,4096,0,0,0,0,2875.81,1529.33,1.68506,1.04441
Test,A100,256,16384,4194304,134217728,16384,10,2199.02,1073741824,0,0,0,0,0,0,0,0,0,0,0,0,0,0,0,0,0,0,0,0,0,0,0,0,0,0,0,0,0,0,0,2048,0,0,0,1456.8,1509.49,0.185938,0.115245
Test,A100,256,16384,4194304,536870912,16384,10,8796.09,1073741824,0,0,0,0,0,0,0,0,0,0,0,0,0,0,0,0,0,0,0,0,0,0,0,0,0,0,0,0,0,0,0,0,8192,0,0,2099.26,4190.09,0.792667,0.4913
Test,A100,256,16384,4194304,268435456,16384,10,4398.05,1073741824,0,0,0,0,0,0,0,0,0,0,0,0,0,0,0,0,0,0,0,0,0,0,0,0,0,0,0,0,0,0,0,0,0,4096,0,958.962,4586.26,1.55617,0.964523
Test,A100,256,16384,4194304,134217728,16384,10,2199.02,1073741824,0,0,0,0,0,0,0,0,0,0,0,0,0,0,0,0,0,0,0,0,0,0,0,0,0,0,0,0,0,0,0,0,0,0,2048,469.91,4679.73,15.7883,9.78571
Test,A100,256,16384,4194304,1073741824,32768,10,35184.4,1073741824,32768,0,0,0,0,0,0,0,0,0,0,0,0,0,0,0,0,0,0,0,0,0,0,0,0,0,0,0,0,0,0,0,0,0,0,2013.28,17476.4,68.5116,42.464
Test,A100,256,16384,4194304,536870912,32768,10,17592.2,1073741824,0,16384,0,0,0,0,0,0,0,0,0,0,0,0,0,0,0,0,0,0,0,0,0,0,0,0,0,0,0,0,0,0,0,0,0,1011.04,17400.1,14.9109,9.24186
Test,A100,256,16384,4194304,268435456,32768,10,8796.09,1073741824,0,0,8192,0,0,0,0,0,0,0,0,0,0,0,0,0,0,0,0,0,0,0,0,0,0,0,0,0,0,0,0,0,0,0,0,511.537,17195.5,37.012,22.9403
Test,A100,256,16384,4194304,134217728,32768,10,4398.05,1073741824,0,0,0,4096,0,0,0,0,0,0,0,0,0,0,0,0,0,0,0,0,0,0,0,0,0,0,0,0,0,0,0,0,0,0,0,595.416,7386.57,21.1021,13.0792
Test,A100,256,16384,4194304,536870912,32768,10,17592.2,1073741824,0,0,0,0,16384,0,0,0,0,0,0,0,0,0,0,0,0,0,0,0,0,0,0,0,0,0,0,0,0,0,0,0,0,0,0,3720.4,4728.58,1.24963,0.774527
Test,A100,256,16384,4194304,268435456,32768,10,8796.09,1073741824,0,0,0,0,0,8192,0,0,0,0,0,0,0,0,0,0,0,0,0,0,0,0,0,0,0,0,0,0,0,0,0,0,0,0,0,904.36,9726.31,0.0763694,0.0473343
Test,A100,256,16384,4194304,134217728,32768,10,4398.05,1073741824,0,0,0,0,0,0,4096,0,0,0,0,0,0,0,0,0,0,0,0,0,0,0,0,0,0,0,0,0,0,0,0,0,0,0,0,904.409,4862.9,0.0496745,0.0307886
Test,A100,256,16384,4194304,1073741824,32768,10,35184.4,1073741824,0,0,0,0,0,0,0,32768,0,0,0,0,0,0,0,0,0,0,0,0,0,0,0,0,0,0,0,0,0,0,0,0,0,0,0,4281.92,8216.97,3.36612,2.08634
Test,A100,256,16384,4194304,536870912,32768,10,17592.2,1073741824,0,0,0,0,0,0,0,0,16384,0,0,0,0,0,0,0,0,0,0,0,0,0,0,0,0,0,0,0,0,0,0,0,0,0,0,2189.43,8035.05,2.80416,1.73803
Test,A100,256,16384,4194304,268435456,32768,10,8796.09,1073741824,0,0,0,0,0,0,0,0,0,8192,0,0,0,0,0,0,0,0,0,0,0,0,0,0,0,0,0,0,0,0,0,0,0,0,0,904.821,9721.37,0.124669,0.0772705
Test,A100,256,16384,4194304,134217728,32768,10,4398.05,1073741824,0,0,0,0,0,0,0,0,0,0,4096,0,0,0,0,0,0,0,0,0,0,0,0,0,0,0,0,0,0,0,0,0,0,0,0,2234.39,1968.34,0.475399,0.294655
Test,A100,256,16384,4194304,536870912,32768,10,17592.2,1073741824,0,0,0,0,0,0,0,0,0,0,0,16384,0,0,0,0,0,0,0,0,0,0,0,0,0,0,0,0,0,0,0,0,0,0,0,3719.39,4729.85,0.947638,0.587352
Test,A100,256,16384,4194304,268435456,32768,10,8796.09,1073741824,0,0,0,0,0,0,0,0,0,0,0,0,8192,0,0,0,0,0,0,0,0,0,0,0,0,0,0,0,0,0,0,0,0,0,0,904.36,9726.32,0.0936003,0.0580141
Test,A100,256,16384,4194304,134217728,32768,10,4398.05,1073741824,0,0,0,0,0,0,0,0,0,0,0,0,0,4096,0,0,0,0,0,0,0,0,0,0,0,0,0,0,0,0,0,0,0,0,0,904.395,4862.97,0.0369681,0.0229131
Test,A100,256,16384,4194304,1073741824,32768,10,70368.7,1073741824,0,0,0,0,0,0,0,0,0,0,0,0,0,0,65536,0,0,0,0,0,0,0,0,0,0,0,0,0,0,0,0,0,0,0,0,4313.39,16314,5.8751,3.64142
Test,A100,256,16384,4194304,536870912,32768,10,35184.4,1073741824,0,0,0,0,0,0,0,0,0,0,0,0,0,0,0,32768,0,0,0,0,0,0,0,0,0,0,0,0,0,0,0,0,0,0,0,2207.49,15938.6,4.83998,2.99985
Test,A100,256,16384,4194304,268435456,32768,10,17592.2,1073741824,0,0,0,0,0,0,0,0,0,0,0,0,0,0,0,0,16384,0,0,0,0,0,0,0,0,0,0,0,0,0,0,0,0,0,0,904.764,19443.9,0.286867,0.177802
Test,A100,256,16384,4194304,134217728,32768,10,8796.09,1073741824,0,0,0,0,0,0,0,0,0,0,0,0,0,0,0,0,0,8192,0,0,0,0,0,0,0,0,0,0,0,0,0,0,0,0,0,1903.3,4621.51,2.59012,1.60537
Test,A100,256,16384,4194304,536870912,32768,10,35184.4,1073741824,0,0,0,0,0,0,0,0,0,0,0,0,0,0,0,0,0,0,32768,0,0,0,0,0,0,0,0,0,0,0,0,0,0,0,0,7673.05,4585.45,1.35252,0.8383
Test,A100,256,16384,4194304,268435456,32768,10,17592.2,1073741824,0,0,0,0,0,0,0,0,0,0,0,0,0,0,0,0,0,0,0,16384,0,0,0,0,0,0,0,0,0,0,0,0,0,0,0,906.125,19414.7,0.154974,0.0960539
Test,A100,256,16384,4194304,134217728,32768,10,8796.09,1073741824,0,0,0,0,0,0,0,0,0,0,0,0,0,0,0,0,0,0,0,0,8192,0,0,0,0,0,0,0,0,0,0,0,0,0,0,904.399,9725.89,0.152823,0.0947204
Test,A100,256,16384,4194304,1073741824,32768,10,35184.4,1073741824,0,0,0,0,0,0,0,0,0,0,0,0,0,0,0,0,0,0,0,0,0,32768,0,0,0,0,0,0,0,0,0,0,0,0,0,60835.2,578.355,0.0117988,0.00731295
Test,A100,256,16384,4194304,536870912,32768,10,17592.2,1073741824,0,0,0,0,0,0,0,0,0,0,0,0,0,0,0,0,0,0,0,0,0,0,16384,0,0,0,0,0,0,0,0,0,0,0,0,30422.1,578.27,0.0122728,0.00760677
Test,A100,256,16384,4194304,268435456,32768,10,8796.09,1073741824,0,0,0,0,0,0,0,0,0,0,0,0,0,0,0,0,0,0,0,0,0,0,0,8192,0,0,0,0,0,0,0,0,0,0,0,15652.9,561.947,0.128306,0.0795248
Test,A100,256,16384,4194304,134217728,32768,10,4398.05,1073741824,0,0,0,0,0,0,0,0,0,0,0,0,0,0,0,0,0,0,0,0,0,0,0,0,4096,0,0,0,0,0,0,0,0,0,0,9835.93,447.141,0.105753,0.0655466
Test,A100,256,16384,4194304,536870912,32768,10,17592.2,1073741824,0,0,0,0,0,0,0,0,0,0,0,0,0,0,0,0,0,0,0,0,0,0,0,0,0,16384,0,0,0,0,0,0,0,0,0,20067,876.673,0.151598,0.0939615
Test,A100,256,16384,4194304,268435456,32768,10,8796.09,1073741824,0,0,0,0,0,0,0,0,0,0,0,0,0,0,0,0,0,0,0,0,0,0,0,0,0,0,8192,0,0,0,0,0,0,0,0,24088.7,365.154,0.229052,0.141968
Test,A100,256,16384,4194304,134217728,32768,10,4398.05,1073741824,0,0,0,0,0,0,0,0,0,0,0,0,0,0,0,0,0,0,0,0,0,0,0,0,0,0,0,4096,0,0,0,0,0,0,0,32043.7,137.252,0.0358476,0.0222186
Test,A100,256,16384,4194304,1073741824,32768,10,35184.4,1073741824,0,0,0,0,0,0,0,0,0,0,0,0,0,0,0,0,0,0,0,0,0,0,0,0,0,0,0,0,32768,0,0,0,0,0,0,24334.1,1445.89,1.43081,0.886827
Test,A100,256,16384,4194304,536870912,32768,10,17592.2,1073741824,0,0,0,0,0,0,0,0,0,0,0,0,0,0,0,0,0,0,0,0,0,0,0,0,0,0,0,0,0,16384,0,0,0,0,0,11494.1,1530.55,1.68127,1.04206
Test,A100,256,16384,4194304,268435456,32768,10,8796.09,1073741824,0,0,0,0,0,0,0,0,0,0,0,0,0,0,0,0,0,0,0,0,0,0,0,0,0,0,0,0,0,0,8192,0,0,0,0,5756.97,1527.91,1.57101,0.973719
Test,A100,256,16384,4194304,134217728,32768,10,4398.05,1073741824,0,0,0,0,0,0,0,0,0,0,0,0,0,0,0,0,0,0,0,0,0,0,0,0,0,0,0,0,0,0,0,4096,0,0,0,2916.74,1507.87,3.08447,1.91177
Test,A100,256,16384,4194304,536870912,32768,10,17592.2,1073741824,0,0,0,0,0,0,0,0,0,0,0,0,0,0,0,0,0,0,0,0,0,0,0,0,0,0,0,0,0,0,0,0,16384,0,0,4190.03,4198.58,0.629815,0.390363
Test,A100,256,16384,4194304,268435456,32768,10,8796.09,1073741824,0,0,0,0,0,0,0,0,0,0,0,0,0,0,0,0,0,0,0,0,0,0,0,0,0,0,0,0,0,0,0,0,0,8192,0,1908.95,4607.81,0.829674,0.514237
Test,A100,256,16384,4194304,134217728,32768,10,4398.05,1073741824,0,0,0,0,0,0,0,0,0,0,0,0,0,0,0,0,0,0,0,0,0,0,0,0,0,0,0,0,0,0,0,0,0,0,4096,935.787,4699.84,0.342828,0.212487
Test,MI250X,256,16384,4194304,1073741824,2,10,2.14748,1073741824,2,0,0,0,0,0,0,0,0,0,0,0,0,0,0,0,0,0,0,0,0,0,0,0,0,0,0,0,0,0,0,0,0,0,0,5.35088,401.42,5.93959,3.6814
Test,MI250X,256,16384,4194304,1073741824,2,10,2.14748,1073741824,0,0,0,0,0,0,0,2,0,0,0,0,0,0,0,0,0,0,0,0,0,0,0,0,0,0,0,0,0,0,0,0,0,0,0,5.09424,422.539,20.2835,12.5718
Test,MI250X,256,16384,4194304,1073741824,2,10,4.29497,1073741824,0,0,0,0,0,0,0,0,0,0,0,0,0,0,4,0,0,0,0,0,0,0,0,0,0,0,0,0,0,0,0,0,0,0,0,2.45661,1748.35,5.57495,3.45539
Test,MI250X,256,16384,4194304,1073741824,2,10,2.14748,1073741824,0,0,0,0,0,0,0,0,0,0,0,0,0,0,0,0,0,0,0,0,0,2,0,0,0,0,0,0,0,0,0,0,0,0,0,3.06206,701.32,0.76217,0.472398
Test,MI250X,256,16384,4194304,1073741824,2,10,2.14748,1073741824,0,0,0,0,0,0,0,0,0,0,0,0,0,0,0,0,0,0,0,0,0,0,0,0,0,0,0,0,2,0,0,0,0,0,0,6.23138,344.63,1.44446,0.895284
Test,MI250X,256,16384,4194304,536870912,2,10,1.07374,1073741824,0,1,0,0,0,0,0,0,0,0,0,0,0,0,0,0,0,0,0,0,0,0,0,0,0,0,0,0,0,0,0,0,0,0,0,3.19499,336.073,0.950966,0.589415
Test,MI250X,256,16384,4194304,536870912,2,10,1.07374,1073741824,0,0,0,0,0,0,0,0,1,0,0,0,0,0,0,0,0,0,0,0,0,0,0,0,0,0,0,0,0,0,0,0,0,0,0,3.19318,336.262,0.728732,0.451672
Test,MI250X,256,16384,4194304,536870912,2,10,2.14748,1073741824,0,0,0,0,0,0,0,0,0,0,0,0,0,0,0,2,0,0,0,0,0,0,0,0,0,0,0,0,0,0,0,0,0,0,0,1.55582,1380.3,4.1461,2.56978
Test,MI250X,256,16384,4194304,536870912,2,10,1.07374,1073741824,0,0,0,0,0,0,0,0,0,0,0,0,0,0,0,0,0,0,0,0,0,0,1,0,0,0,0,0,0,0,0,0,0,0,0,1.67786,639.95,1.03743,0.643006
Test,MI250X,256,16384,4194304,536870912,2,10,1.07374,1073741824,0,0,0,0,0,0,0,0,0,0,0,0,0,0,0,0,0,0,0,0,0,0,0,0,0,0,0,0,0,1,0,0,0,0,0,3.42384,313.608,0.437893,0.271409
Test,MI250X,256,16384,4194304,268435456,2,10,0.536871,1073741824,0,0,0.5,0,0,0,0,0,0,0,0,0,0,0,0,0,0,0,0,0,0,0,0,0,0,0,0,0,0,0,0,0,0,0,0,1.79909,298.414,0.578134,0.358331
Test,MI250X,256,16384,4194304,268435456,2,10,0.536871,1073741824,0,0,0,0,0,0,0,0,0,0.5,0,0,0,0,0,0,0,0,0,0,0,0,0,0,0,0,0,0,0,0,0,0,0,0,0,1.80077,298.139,1.17453,0.727983
Test,MI250X,256,16384,4194304,268435456,2,10,1.07374,1073741824,0,0,0,0,0,0,0,0,0,0,0,0,0,0,0,0,1,0,0,0,0,0,0,0,0,0,0,0,0,0,0,0,0,0,0,0.949888,1130.42,5.61545,3.48049
Test,MI250X,256,16384,4194304,268435456,2,10,0.536871,1073741824,0,0,0,0,0,0,0,0,0,0,0,0,0,0,0,0,0,0,0,0,0,0,0,0.5,0,0,0,0,0,0,0,0,0,0,0,1.22,440.058,0.208101,0.128982
Test,MI250X,256,16384,4194304,268435456,2,10,0.536871,1073741824,0,0,0,0,0,0,0,0,0,0,0,0,0,0,0,0,0,0,0,0,0,0,0,0,0,0,0,0,0,0,0.5,0,0,0,0,1.8316,293.126,1.76609,1.09464
Test,MI250X,256,16384,4194304,134217728,2,10,0.268435,1073741824,0,0,0,0.25,0,0,0,0,0,0,0,0,0,0,0,0,0,0,0,0,0,0,0,0,0,0,0,0,0,0,0,0,0,0,0,1.79534,149.522,0.775056,0.480385
Test,MI250X,256,16384,4194304,134217728,2,10,0.268435,1073741824,0,0,0,0,0,0,0,0,0,0,0.25,0,0,0,0,0,0,0,0,0,0,0,0,0,0,0,0,0,0,0,0,0,0,0,0,1.79731,149.358,0.758101,0.469876
Test,MI250X,256,16384,4194304,134217728,2,10,0.536871,1073741824,0,0,0,0,0,0,0,0,0,0,0,0,0,0,0,0,0,0.5,0,0,0,0,0,0,0,0,0,0,0,0,0,0,0,0,0,0.927024,579.161,4.01728,2.48994
Test,MI250X,256,16384,4194304,134217728,2,10,0.268435,1073741824,0,0,0,0,0,0,0,0,0,0,0,0,0,0,0,0,0,0,0,0,0,0,0,0,0.25,0,0,0,0,0,0,0,0,0,0,2.38573,112.517,0.0501506,0.0310836
Test,MI250X,256,16384,4194304,134217728,2,10,0.268435,1073741824,0,0,0,0,0,0,0,0,0,0,0,0,0,0,0,0,0,0,0,0,0,0,0,0,0,0,0,0,0,0,0,0.25,0,0,0,1.78931,150.024,0.61398,0.380548
Test,MI250X,256,16384,4194304,536870912,2,10,1.07374,1073741824,0,0,0,0,1,0,0,0,0,0,0,0,0,0,0,0,0,0,0,0,0,0,0,0,0,0,0,0,0,0,0,0,0,0,0,1.57246,682.843,1.49385,0.925899
Test,MI250X,256,16384,4194304,536870912,2,10,1.07374,1073741824,0,0,0,0,0,0,0,0,0,0,0,1,0,0,0,0,0,0,0,0,0,0,0,0,0,0,0,0,0,0,0,0,0,0,0,1.57646,681.112,1.62711,1.0085
Test,MI250X,256,16384,4194304,536870912,2,10,2.14748,1073741824,0,0,0,0,0,0,0,0,0,0,0,0,0,0,0,0,0,0,2,0,0,0,0,0,0,0,0,0,0,0,0,0,0,0,0,1.61382,1330.68,2.48096,1.53772
Test,MI250X,256,16384,4194304,536870912,2,10,1.07374,1073741824,0,0,0,0,0,0,0,0,0,0,0,0,0,0,0,0,0,0,0,0,0,0,0,0,0,1,0,0,0,0,0,0,0,0,0,1.6521,649.93,1.47073,0.911569
Test,MI250X,256,16384,4194304,536870912,2,10,1.07374,1073741824,0,0,0,0,0,0,0,0,0,0,0,0,0,0,0,0,0,0,0,0,0,0,0,0,0,0,0,0,0,0,0,0,1,0,0,3.43426,312.658,0.679509,0.421164
Test,MI250X,256,16384,4194304,268435456,2,10,0.536871,1073741824,0,0,0,0,0,0.5,0,0,0,0,0,0,0,0,0,0,0,0,0,0,0,0,0,0,0,0,0,0,0,0,0,0,0,0,0,0.930048,577.371,8.29685,5.14244
Test,MI250X,256,16384,4194304,268435456,2,10,0.536871,1073741824,0,0,0,0,0,0,0,0,0,0,0,0,0.5,0,0,0,0,0,0,0,0,0,0,0,0,0,0,0,0,0,0,0,0,0,0,0.925616,580.042,3.99545,2.47641
Test,MI250X,256,16384,4194304,268435456,2,10,1.07374,1073741824,0,0,0,0,0,0,0,0,0,0,0,0,0,0,0,0,0,0,0,1,0,0,0,0,0,0,0,0,0,0,0,0,0,0,0,0.926144,1159.43,8.61866,5.3419
Test,MI250X,256,16384,4194304,268435456,2,10,0.536871,1073741824,0,0,0,0,0,0,0,0,0,0,0,0,0,0,0,0,0,0,0,0,0,0,0,0,0,0,0.5,0,0,0,0,0,0,0,0,1.01984,526.428,0.984347,0.610105
Test,MI250X,256,16384,4194304,268435456,2,10,0.536871,1073741824,0,0,0,0,0,0,0,0,0,0,0,0,0,0,0,0,0,0,0,0,0,0,0,0,0,0,0,0,0,0,0,0,0,0.5,0,1.82858,293.614,1.98684,1.23146
Test,MI250X,256,16384,4194304,134217728,2,10,0.268435,1073741824,0,0,0,0,0,0,0.25,0,0,0,0,0,0,0,0,0,0,0,0,0,0,0,0,0,0,0,0,0,0,0,0,0,0,0,0,0.927264,289.509,2.25008,1.39462
Test,MI250X,256,16384,4194304,134217728,2,10,0.268435,1073741824,0,0,0,0,0,0,0,0,0,0,0,0,0,0.25,0,0,0,0,0,0,0,0,0,0,0,0,0,0,0,0,0,0,0,0,0,0.926752,289.665,1.95655,1.21268
Test,MI250X,256,16384,4194304,134217728,2,10,0.536871,1073741824,0,0,0,0,0,0,0,0,0,0,0,0,0,0,0,0,0,0,0,0,0.5,0,0,0,0,0,0,0,0,0,0,0,0,0,0,0.92256,581.975,4.76701,2.95462
Test,MI250X,256,16384,4194304,134217728,2,10,0.268435,1073741824,0,0,0,0,0,0,0,0,0,0,0,0,0,0,0,0,0,0,0,0,0,0,0,0,0,0,0,0.25,0,0,0,0,0,0,0,0.942672,284.773,1.89364,1.17369
Test,MI250X,256,16384,4194304,134217728,2,10,0.268435,1073741824,0,0,0,0,0,0,0,0,0,0,0,0,0,0,0,0,0,0,0,0,0,0,0,0,0,0,0,0,0,0,0,0,0,0,0.25,1.79821,149.282,0.579965,0.359466
Test,MI250X,256,16384,4194304,1073741824,4,10,4.29497,1073741824,4,0,0,0,0,0,0,0,0,0,0,0,0,0,0,0,0,0,0,0,0,0,0,0,0,0,0,0,0,0,0,0,0,0,0,5.67,757.59,8.73939,5.41673
Test,MI250X,256,16384,4194304,1073741824,4,10,4.29497,1073741824,0,0,0,0,0,0,0,4,0,0,0,0,0,0,0,0,0,0,0,0,0,0,0,0,0,0,0,0,0,0,0,0,0,0,0,5.53624,776.295,19.7798,12.2596
Test,MI250X,256,16384,4194304,1073741824,4,10,8.58993,1073741824,0,0,0,0,0,0,0,0,0,0,0,0,0,0,8,0,0,0,0,0,0,0,0,0,0,0,0,0,0,0,0,0,0,0,0,2.51789,3411.59,8.94767,5.54583
Test,MI250X,256,16384,4194304,1073741824,4,10,4.29497,1073741824,0,0,0,0,0,0,0,0,0,0,0,0,0,0,0,0,0,0,0,0,0,4,0,0,0,0,0,0,0,0,0,0,0,0,0,4.81453,892.085,0.52469,0.325206
Test,MI250X,256,16384,4194304,1073741824,4,10,4.29497,1073741824,0,0,0,0,0,0,0,0,0,0,0,0,0,0,0,0,0,0,0,0,0,0,0,0,0,0,0,0,4,0,0,0,0,0,0,6.41781,669.24,3.00558,1.86288
Test,MI250X,256,16384,4194304,536870912,4,10,2.14748,1073741824,0,2,0,0,0,0,0,0,0,0,0,0,0,0,0,0,0,0,0,0,0,0,0,0,0,0,0,0,0,0,0,0,0,0,0,3.30482,649.807,1.28968,0.79935
Test,MI250X,256,16384,4194304,536870912,4,10,2.14748,1073741824,0,0,0,0,0,0,0,0,2,0,0,0,0,0,0,0,0,0,0,0,0,0,0,0,0,0,0,0,0,0,0,0,0,0,0,3.30394,649.982,1.76117,1.09158
Test,MI250X,256,16384,4194304,536870912,4,10,4.29497,1073741824,0,0,0,0,0,0,0,0,0,0,0,0,0,0,0,4,0,0,0,0,0,0,0,0,0,0,0,0,0,0,0,0,0,0,0,1.57104,2733.85,6.70861,4.15804
Test,MI250X,256,16384,4194304,536870912,4,10,2.14748,1073741824,0,0,0,0,0,0,0,0,0,0,0,0,0,0,0,0,0,0,0,0,0,0,2,0,0,0,0,0,0,0,0,0,0,0,0,2.43323,882.564,0.307139,0.190367
Test,MI250X,256,16384,4194304,536870912,4,10,2.14748,1073741824,0,0,0,0,0,0,0,0,0,0,0,0,0,0,0,0,0,0,0,0,0,0,0,0,0,0,0,0,0,2,0,0,0,0,0,3.46328,620.074,1.0374,0.642986
Test,MI250X,256,16384,4194304,268435456,4,10,1.07374,1073741824,0,0,1,0,0,0,0,0,0,0,0,0,0,0,0,0,0,0,0,0,0,0,0,0,0,0,0,0,0,0,0,0,0,0,0,1.80931,593.459,1.86297,1.15468
Test,MI250X,256,16384,4194304,268435456,4,10,1.07374,1073741824,0,0,0,0,0,0,0,0,0,1,0,0,0,0,0,0,0,0,0,0,0,0,0,0,0,0,0,0,0,0,0,0,0,0,0,1.80714,594.18,2.74101,1.69889
Test,MI250X,256,16384,4194304,268435456,4,10,2.14748,1073741824,0,0,0,0,0,0,0,0,0,0,0,0,0,0,0,0,2,0,0,0,0,0,0,0,0,0,0,0,0,0,0,0,0,0,0,0.957104,2243.76,8.51716,5.27899
Test,MI250X,256,16384,4194304,268435456,4,10,1.07374,1073741824,0,0,0,0,0,0,0,0,0,0,0,0,0,0,0,0,0,0,0,0,0,0,0,1,0,0,0,0,0,0,0,0,0,0,0,2.30826,465.174,0.185865,0.1152
Test,MI250X,256,16384,4194304,268435456,4,10,1.07374,1073741824,0,0,0,0,0,0,0,0,0,0,0,0,0,0,0,0,0,0,0,0,0,0,0,0,0,0,0,0,0,0,1,0,0,0,0,1.83963,583.683,2.53778,1.57293
Test,MI250X,256,16384,4194304,134217728,4,10,0.536871,1073741824,0,0,0,0.5,0,0,0,0,0,0,0,0,0,0,0,0,0,0,0,0,0,0,0,0,0,0,0,0,0,0,0,0,0,0,0,1.79448,299.182,0.924357,0.572922
Test,MI250X,256,16384,4194304,134217728,4,10,0.536871,1073741824,0,0,0,0,0,0,0,0,0,0,0.5,0,0,0,0,0,0,0,0,0,0,0,0,0,0,0,0,0,0,0,0,0,0,0,0,1.79677,298.808,1.73932,1.07804
Test,MI250X,256,16384,4194304,134217728,4,10,1.07374,1073741824,0,0,0,0,0,0,0,0,0,0,0,0,0,0,0,0,0,1,0,0,0,0,0,0,0,0,0,0,0,0,0,0,0,0,0,0.941792,1140.18,8.99326,5.57408
Test,MI250X,256,16384,4194304,134217728,4,10,0.536871,1073741824,0,0,0,0,0,0,0,0,0,0,0,0,0,0,0,0,0,0,0,0,0,0,0,0,0.5,0,0,0,0,0,0,0,0,0,0,4.6793,114.733,0.0699933,0.0433823
Test,MI250X,256,16384,4194304,134217728,4,10,0.536871,1073741824,0,0,0,0,0,0,0,0,0,0,0,0,0,0,0,0,0,0,0,0,0,0,0,0,0,0,0,0,0,0,0,0.5,0,0,0,1.79704,298.753,0.469548,0.291029
Test,MI250X,256,16384,4194304,536870912,4,10,2.14748,1073741824,0,0,0,0,2,0,0,0,0,0,0,0,0,0,0,0,0,0,0,0,0,0,0,0,0,0,0,0,0,0,0,0,0,0,0,1.59982,1342.33,2.06672,1.28097
Test,MI250X,256,16384,4194304,536870912,4,10,2.14748,1073741824,0,0,0,0,0,0,0,0,0,0,0,2,0,0,0,0,0,0,0,0,0,0,0,0,0,0,0,0,0,0,0,0,0,0,0,1.60144,1340.97,1.44092,0.89309
Test,MI250X,256,16384,4194304,536870912,4,10,4.29497,1073741824,0,0,0,0,0,0,0,0,0,0,0,0,0,0,0,0,0,0,4,0,0,0,0,0,0,0,0,0,0,0,0,0,0,0,0,1.59208,2697.72,5.75552,3.56731
Test,MI250X,256,16384,4194304,536870912,4,10,2.14748,1073741824,0,0,0,0,0,0,0,0,0,0,0,0,0,0,0,0,0,0,0,0,0,0,0,0,0,2,0,0,0,0,0,0,0,0,0,2.04126,1052.04,0.422867,0.262096
Test,MI250X,256,16384,4194304,536870912,4,10,2.14748,1073741824,0,0,0,0,0,0,0,0,0,0,0,0,0,0,0,0,0,0,0,0,0,0,0,0,0,0,0,0,0,0,0,0,2,0,0,3.47096,618.702,1.02774,0.636997
Test,MI250X,256,16384,4194304,268435456,4,10,1.07374,1073741824,0,0,0,0,0,1,0,0,0,0,0,0,0,0,0,0,0,0,0,0,0,0,0,0,0,0,0,0,0,0,0,0,0,0,0,0.931888,1152.43,15.27,9.46442
Test,MI250X,256,16384,4194304,268435456,4,10,1.07374,1073741824,0,0,0,0,0,0,0,0,0,0,0,0,1,0,0,0,0,0,0,0,0,0,0,0,0,0,0,0,0,0,0,0,0,0,0,0.925472,1160.34,12.1885,7.55454
Test,MI250X,256,16384,4194304,268435456,4,10,2.14748,1073741824,0,0,0,0,0,0,0,0,0,0,0,0,0,0,0,0,0,0,0,2,0,0,0,0,0,0,0,0,0,0,0,0,0,0,0,0.92864,2312.71,22.0435,13.6627
Test,MI250X,256,16384,4194304,268435456,4,10,1.07374,1073741824,0,0,0,0,0,0,0,0,0,0,0,0,0,0,0,0,0,0,0,0,0,0,0,0,0,0,1,0,0,0,0,0,0,0,0,1.56381,686.62,0.18265,0.113207
Test,MI250X,256,16384,4194304,268435456,4,10,1.07374,1073741824,0,0,0,0,0,0,0,0,0,0,0,0,0,0,0,0,0,0,0,0,0,0,0,0,0,0,0,0,0,0,0,0,0,1,0,1.83774,584.276,1.67695,1.03939
Test,MI250X,256,16384,4194304,134217728,4,10,0.536871,1073741824,0,0,0,0,0,0,0.5,0,0,0,0,0,0,0,0,0,0,0,0,0,0,0,0,0,0,0,0,0,0,0,0,0,0,0,0,0.928528,578.228,4.31717,2.67581
Test,MI250X,256,16384,4194304,134217728,4,10,0.536871,1073741824,0,0,0,0,0,0,0,0,0,0,0,0,0,0.5,0,0,0,0,0,0,0,0,0,0,0,0,0,0,0,0,0,0,0,0,0,0.928128,578.518,6.48,4.01635
Test,MI250X,256,16384,4194304,134217728,4,10,1.07374,1073741824,0,0,0,0,0,0,0,0,0,0,0,0,0,0,0,0,0,0,0,0,1,0,0,0,0,0,0,0,0,0,0,0,0,0,0,0.923728,1162.58,14.2389,8.82539
Test,MI250X,256,16384,4194304,134217728,4,10,0.536871,1073741824,0,0,0,0,0,0,0,0,0,0,0,0,0,0,0,0,0,0,0,0,0,0,0,0,0,0,0,0.5,0,0,0,0,0,0,0,0.957585,560.663,2.51818,1.56078
Test,MI250X,256,16384,4194304,134217728,4,10,0.536871,1073741824,0,0,0,0,0,0,0,0,0,0,0,0,0,0,0,0,0,0,0,0,0,0,0,0,0,0,0,0,0,0,0,0,0,0,0.5,1.80682,297.143,1.44375,0.894845
Test,MI250X,256,16384,4194304,1073741824,8,10,8.58993,1073741824,8,0,0,0,0,0,0,0,0,0,0,0,0,0,0,0,0,0,0,0,0,0,0,0,0,0,0,0,0,0,0,0,0,0,0,6.14399,1398.13,5.87467,3.64116
Test,MI250X,256,16384,4194304,1073741824,8,10,8.58993,1073741824,0,0,0,0,0,0,0,8,0,0,0,0,0,0,0,0,0,0,0,0,0,0,0,0,0,0,0,0,0,0,0,0,0,0,0,6.06924,1415.37,8.04436,4.98594
Test,MI250X,256,16384,4194304,1073741824,8,10,17.1799,1073741824,0,0,0,0,0,0,0,0,0,0,0,0,0,0,16,0,0,0,0,0,0,0,0,0,0,0,0,0,0,0,0,0,0,0,0,2.66794,6439.4,11.2645,6.98183
Test,MI250X,256,16384,4194304,1073741824,8,10,8.58993,1073741824,0,0,0,0,0,0,0,0,0,0,0,0,0,0,0,0,0,0,0,0,0,8,0,0,0,0,0,0,0,0,0,0,0,0,0,9.1033,943.607,0.479872,0.297427
Test,MI250X,256,16384,4194304,1073741824,8,10,8.58993,1073741824,0,0,0,0,0,0,0,0,0,0,0,0,0,0,0,0,0,0,0,0,0,0,0,0,0,0,0,0,8,0,0,0,0,0,0,6.70757,1280.64,3.35247,2.07788
Test,MI250X,256,16384,4194304,536870912,8,10,4.29497,1073741824,0,4,0,0,0,0,0,0,0,0,0,0,0,0,0,0,0,0,0,0,0,0,0,0,0,0,0,0,0,0,0,0,0,0,0,3.40421,1261.67,1.98888,1.23272
Test,MI250X,256,16384,4194304,536870912,8,10,4.29497,1073741824,0,0,0,0,0,0,0,0,4,0,0,0,0,0,0,0,0,0,0,0,0,0,0,0,0,0,0,0,0,0,0,0,0,0,0,3.39605,1264.7,2.72905,1.69149
Test,MI250X,256,16384,4194304,536870912,8,10,8.58993,1073741824,0,0,0,0,0,0,0,0,0,0,0,0,0,0,0,8,0,0,0,0,0,0,0,0,0,0,0,0,0,0,0,0,0,0,0,1.58296,5426.51,7.70554,4.77594
Test,MI250X,256,16384,4194304,536870912,8,10,4.29497,1073741824,0,0,0,0,0,0,0,0,0,0,0,0,0,0,0,0,0,0,0,0,0,0,4,0,0,0,0,0,0,0,0,0,0,0,0,4.58443,936.859,0.45659,0.282998
Test,MI250X,256,16384,4194304,536870912,8,10,4.29497,1073741824,0,0,0,0,0,0,0,0,0,0,0,0,0,0,0,0,0,0,0,0,0,0,0,0,0,0,0,0,0,4,0,0,0,0,0,3.6297,1183.29,2.10828,1.30673
Test,MI250X,256,16384,4194304,268435456,8,10,2.14748,1073741824,0,0,2,0,0,0,0,0,0,0,0,0,0,0,0,0,0,0,0,0,0,0,0,0,0,0,0,0,0,0,0,0,0,0,0,1.82482,1176.84,4.69768,2.91165
Test,MI250X,256,16384,4194304,268435456,8,10,2.14748,1073741824,0,0,0,0,0,0,0,0,0,2,0,0,0,0,0,0,0,0,0,0,0,0,0,0,0,0,0,0,0,0,0,0,0,0,0,1.82768,1175.01,5.95032,3.68805
Test,MI250X,256,16384,4194304,268435456,8,10,4.29497,1073741824,0,0,0,0,0,0,0,0,0,0,0,0,0,0,0,0,4,0,0,0,0,0,0,0,0,0,0,0,0,0,0,0,0,0,0,0.968368,4435.32,15.7678,9.77299
Test,MI250X,256,16384,4194304,268435456,8,10,2.14748,1073741824,0,0,0,0,0,0,0,0,0,0,0,0,0,0,0,0,0,0,0,0,0,0,0,2,0,0,0,0,0,0,0,0,0,0,0,4.50266,476.937,0.301814,0.187066
Test,MI250X,256,16384,4194304,268435456,8,10,2.14748,1073741824,0,0,0,0,0,0,0,0,0,0,0,0,0,0,0,0,0,0,0,0,0,0,0,0,0,0,0,0,0,0,2,0,0,0,0,1.86483,1151.59,4.61886,2.8628
Test,MI250X,256,16384,4194304,134217728,8,10,1.07374,1073741824,0,0,0,1,0,0,0,0,0,0,0,0,0,0,0,0,0,0,0,0,0,0,0,0,0,0,0,0,0,0,0,0,0,0,0,1.79142,599.392,2.85464,1.76932
Test,MI250X,256,16384,4194304,134217728,8,10,1.07374,1073741824,0,0,0,0,0,0,0,0,0,0,1,0,0,0,0,0,0,0,0,0,0,0,0,0,0,0,0,0,0,0,0,0,0,0,0,1.79552,598.02,2.31063,1.43214
Test,MI250X,256,16384,4194304,134217728,8,10,2.14748,1073741824,0,0,0,0,0,0,0,0,0,0,0,0,0,0,0,0,0,2,0,0,0,0,0,0,0,0,0,0,0,0,0,0,0,0,0,0.943568,2276.04,16.5604,10.2642
Test,MI250X,256,16384,4194304,134217728,8,10,1.07374,1073741824,0,0,0,0,0,0,0,0,0,0,0,0,0,0,0,0,0,0,0,0,0,0,0,0,1,0,0,0,0,0,0,0,0,0,0,9.27016,115.828,0.0629683,0.0390282
Test,MI250X,256,16384,4194304,134217728,8,10,1.07374,1073741824,0,0,0,0,0,0,0,0,0,0,0,0,0,0,0,0,0,0,0,0,0,0,0,0,0,0,0,0,0,0,0,1,0,0,0,3.11262,344.963,0.0814321,0.0504722
Test,MI250X,256,16384,4194304,536870912,8,10,4.29497,1073741824,0,0,0,0,4,0,0,0,0,0,0,0,0,0,0,0,0,0,0,0,0,0,0,0,0,0,0,0,0,0,0,0,0,0,0,1.57395,2728.78,4.02399,2.49409
Test,MI250X,256,16384,4194304,536870912,8,10,4.29497,1073741824,0,0,0,0,0,0,0,0,0,0,0,4,0,0,0,0,0,0,0,0,0,0,0,0,0,0,0,0,0,0,0,0,0,0,0,1.57048,2734.83,6.53819,4.05241
Test,MI250X,256,16384,4194304,536870912,8,10,8.58993,1073741824,0,0,0,0,0,0,0,0,0,0,0,0,0,0,0,0,0,0,8,0,0,0,0,0,0,0,0,0,0,0,0,0,0,0,0,1.63723,5246.63,6.62767,4.10787
Test,MI250X,256,16384,4194304,536870912,8,10,4.29497,1073741824,0,0,0,0,0,0,0,0,0,0,0,0,0,0,0,0,0,0,0,0,0,0,0,0,0,4,0,0,0,0,0,0,0,0,0,3.77293,1138.36,0.339059,0.210151
Test,MI250X,256,16384,4194304,536870912,8,10,4.29497,1073741824,0,0,0,0,0,0,0,0,0,0,0,0,0,0,0,0,0,0,0,0,0,0,0,0,0,0,0,0,0,0,0,0,4,0,0,3.63703,1180.9,1.75178,1.08577
Test,MI250X,256,16384,4194304,268435456,8,10,2.14748,1073741824,0,0,0,0,0,2,0,0,0,0,0,0,0,0,0,0,0,0,0,0,0,0,0,0,0,0,0,0,0,0,0,0,0,0,0,0.925536,2320.45,21.1323,13.0979
Test,MI250X,256,16384,4194304,268435456,8,10,2.14748,1073741824,0,0,0,0,0,0,0,0,0,0,0,0,2,0,0,0,0,0,0,0,0,0,0,0,0,0,0,0,0,0,0,0,0,0,0,0.920048,2334.2,15.5569,9.64227
Test,MI250X,256,16384,4194304,268435456,8,10,4.29497,1073741824,0,0,0,0,0,0,0,0,0,0,0,0,0,0,0,0,0,0,0,4,0,0,0,0,0,0,0,0,0,0,0,0,0,0,0,0.933105,4603.04,26.9646,16.7128
Test,MI250X,256,16384,4194304,268435456,8,10,2.14748,1073741824,0,0,0,0,0,0,0,0,0,0,0,0,0,0,0,0,0,0,0,0,0,0,0,0,0,0,2,0,0,0,0,0,0,0,0,2.98147,720.276,0.498487,0.308966
Test,MI250X,256,16384,4194304,268435456,8,10,2.14748,1073741824,0,0,0,0,0,0,0,0,0,0,0,0,0,0,0,0,0,0,0,0,0,0,0,0,0,0,0,0,0,0,0,0,0,2,0,1.85406,1158.29,6.46405,4.00646
Test,MI250X,256,16384,4194304,134217728,8,10,1.07374,1073741824,0,0,0,0,0,0,1,0,0,0,0,0,0,0,0,0,0,0,0,0,0,0,0,0,0,0,0,0,0,0,0,0,0,0,0,0.924257,1161.79,8.14285,5.04699
Test,MI250X,256,16384,4194304,134217728,8,10,1.07374,1073741824,0,0,0,0,0,0,0,0,0,0,0,0,0,1,0,0,0,0,0,0,0,0,0,0,0,0,0,0,0,0,0,0,0,0,0,0.922272,1164.25,4.34267,2.69161
Test,MI250X,256,16384,4194304,134217728,8,10,2.14748,1073741824,0,0,0,0,0,0,0,0,0,0,0,0,0,0,0,0,0,0,0,0,2,0,0,0,0,0,0,0,0,0,0,0,0,0,0,0.924608,2322.69,15.5652,9.64742
Test,MI250X,256,16384,4194304,134217728,8,10,1.07374,1073741824,0,0,0,0,0,0,0,0,0,0,0,0,0,0,0,0,0,0,0,0,0,0,0,0,0,0,0,1,0,0,0,0,0,0,0,1.65768,647.738,0.550532,0.341223
Test,MI250X,256,16384,4194304,134217728,8,10,1.07374,1073741824,0,0,0,0,0,0,0,0,0,0,0,0,0,0,0,0,0,0,0,0,0,0,0,0,0,0,0,0,0,0,0,0,0,0,1,1.79302,598.854,2.46342,1.52684
Test,MI250X,256,16384,4194304,1073741824,16,10,17.1799,1073741824,16,0,0,0,0,0,0,0,0,0,0,0,0,0,0,0,0,0,0,0,0,0,0,0,0,0,0,0,0,0,0,0,0,0,0,6.31383,2721.53,38.9245,24.1256
Test,MI250X,256,16384,4194304,1073741824,16,10,17.1799,1073741824,0,0,0,0,0,0,0,16,0,0,0,0,0,0,0,0,0,0,0,0,0,0,0,0,0,0,0,0,0,0,0,0,0,0,0,6.31546,2720.35,13.3876,8.29769
Test,MI250X,256,16384,4194304,1073741824,16,10,34.3597,1073741824,0,0,0,0,0,0,0,0,0,0,0,0,0,0,32,0,0,0,0,0,0,0,0,0,0,0,0,0,0,0,0,0,0,0,0,2.87064,11969.4,24.0671,14.9169
Test,MI250X,256,16384,4194304,1073741824,16,10,17.1799,1073741824,0,0,0,0,0,0,0,0,0,0,0,0,0,0,0,0,0,0,0,0,0,16,0,0,0,0,0,0,0,0,0,0,0,0,0,17.7192,969.563,0.169041,0.104772
Test,MI250X,256,16384,4194304,1073741824,16,10,17.1799,1073741824,0,0,0,0,0,0,0,0,0,0,0,0,0,0,0,0,0,0,0,0,0,0,0,0,0,0,0,0,16,0,0,0,0,0,0,9.01109,1906.53,0.667486,0.413712
Test,MI250X,256,16384,4194304,536870912,16,10,8.58993,1073741824,0,8,0,0,0,0,0,0,0,0,0,0,0,0,0,0,0,0,0,0,0,0,0,0,0,0,0,0,0,0,0,0,0,0,0,3.42141,2510.66,6.07824,3.76733
Test,MI250X,256,16384,4194304,536870912,16,10,8.58993,1073741824,0,0,0,0,0,0,0,0,8,0,0,0,0,0,0,0,0,0,0,0,0,0,0,0,0,0,0,0,0,0,0,0,0,0,0,3.42271,2509.71,6.47836,4.01533
Test,MI250X,256,16384,4194304,536870912,16,10,17.1799,1073741824,0,0,0,0,0,0,0,0,0,0,0,0,0,0,0,16,0,0,0,0,0,0,0,0,0,0,0,0,0,0,0,0,0,0,0,1.63734,10492.6,18.6698,11.5717
Test,MI250X,256,16384,4194304,536870912,16,10,8.58993,1073741824,0,0,0,0,0,0,0,0,0,0,0,0,0,0,0,0,0,0,0,0,0,0,8,0,0,0,0,0,0,0,0,0,0,0,0,8.90888,964.199,0.637891,0.395369
Test,MI250X,256,16384,4194304,536870912,16,10,8.58993,1073741824,0,0,0,0,0,0,0,0,0,0,0,0,0,0,0,0,0,0,0,0,0,0,0,0,0,0,0,0,0,8,0,0,0,0,0,4.68187,1834.73,2.57837,1.59809
Test,MI250X,256,16384,4194304,268435456,16,10,4.29497,1073741824,0,0,4,0,0,0,0,0,0,0,0,0,0,0,0,0,0,0,0,0,0,0,0,0,0,0,0,0,0,0,0,0,0,0,0,1.83997,2334.29,8.18179,5.07113
Test,MI250X,256,16384,4194304,268435456,16,10,4.29497,1073741824,0,0,0,0,0,0,0,0,0,4,0,0,0,0,0,0,0,0,0,0,0,0,0,0,0,0,0,0,0,0,0,0,0,0,0,1.83133,2345.31,9.56039,5.92559
Test,MI250X,256,16384,4194304,268435456,16,10,8.58993,1073741824,0,0,0,0,0,0,0,0,0,0,0,0,0,0,0,0,8,0,0,0,0,0,0,0,0,0,0,0,0,0,0,0,0,0,0,0.983744,8731.92,19.821,12.2852
Test,MI250X,256,16384,4194304,268435456,16,10,4.29497,1073741824,0,0,0,0,0,0,0,0,0,0,0,0,0,0,0,0,0,0,0,0,0,0,0,4,0,0,0,0,0,0,0,0,0,0,0,8.87676,483.844,0.287688,0.178311
Test,MI250X,256,16384,4194304,268435456,16,10,4.29497,1073741824,0,0,0,0,0,0,0,0,0,0,0,0,0,0,0,0,0,0,0,0,0,0,0,0,0,0,0,0,0,0,4,0,0,0,0,2.31576,1854.67,0.651361,0.403718
Test,MI250X,256,16384,4194304,134217728,16,10,2.14748,1073741824,0,0,0,2,0,0,0,0,0,0,0,0,0,0,0,0,0,0,0,0,0,0,0,0,0,0,0,0,0,0,0,0,0,0,0,1.79293,1197.77,4.55439,2.82284
Test,MI250X,256,16384,4194304,134217728,16,10,2.14748,1073741824,0,0,0,0,0,0,0,0,0,0,2,0,0,0,0,0,0,0,0,0,0,0,0,0,0,0,0,0,0,0,0,0,0,0,0,1.79083,1199.16,2.14532,1.32968
Test,MI250X,256,16384,4194304,134217728,16,10,4.29497,1073741824,0,0,0,0,0,0,0,0,0,0,0,0,0,0,0,0,0,4,0,0,0,0,0,0,0,0,0,0,0,0,0,0,0,0,0,0.971904,4419.16,12.8533,7.96656
Test,MI250X,256,16384,4194304,134217728,16,10,2.14748,1073741824,0,0,0,0,0,0,0,0,0,0,0,0,0,0,0,0,0,0,0,0,0,0,0,0,2,0,0,0,0,0,0,0,0,0,0,18.4746,116.24,0.0196159,0.012158
Test,MI250X,256,16384,4194304,134217728,16,10,2.14748,1073741824,0,0,0,0,0,0,0,0,0,0,0,0,0,0,0,0,0,0,0,0,0,0,0,0,0,0,0,0,0,0,0,2,0,0,0,6.11245,351.329,0.120924,0.0749496
Test,MI250X,256,16384,4194304,536870912,16,10,8.58993,1073741824,0,0,0,0,8,0,0,0,0,0,0,0,0,0,0,0,0,0,0,0,0,0,0,0,0,0,0,0,0,0,0,0,0,0,0,1.61981,5303.07,7.35421,4.55819
Test,MI250X,256,16384,4194304,536870912,16,10,8.58993,1073741824,0,0,0,0,0,0,0,0,0,0,0,8,0,0,0,0,0,0,0,0,0,0,0,0,0,0,0,0,0,0,0,0,0,0,0,1.61949,5304.11,6.71139,4.15976
Test,MI250X,256,16384,4194304,536870912,16,10,17.1799,1073741824,0,0,0,0,0,0,0,0,0,0,0,0,0,0,0,0,0,0,16,0,0,0,0,0,0,0,0,0,0,0,0,0,0,0,0,1.92411,8928.72,5.16621,3.20205
Test,MI250X,256,16384,4194304,536870912,16,10,8.58993,1073741824,0,0,0,0,0,0,0,0,0,0,0,0,0,0,0,0,0,0,0,0,0,0,0,0,0,8,0,0,0,0,0,0,0,0,0,7.30826,1175.37,0.437305,0.271044
Test,MI250X,256,16384,4194304,536870912,16,10,8.58993,1073741824,0,0,0,0,0,0,0,0,0,0,0,0,0,0,0,0,0,0,0,0,0,0,0,0,0,0,0,0,0,0,0,0,8,0,0,4.67021,1839.3,0.94268,0.584279
Test,MI250X,256,16384,4194304,268435456,16,10,4.29497,1073741824,0,0,0,0,0,4,0,0,0,0,0,0,0,0,0,0,0,0,0,0,0,0,0,0,0,0,0,0,0,0,0,0,0,0,0,0.939536,4571.69,38.4862,23.854
Test,MI250X,256,16384,4194304,268435456,16,10,4.29497,1073741824,0,0,0,0,0,0,0,0,0,0,0,0,4,0,0,0,0,0,0,0,0,0,0,0,0,0,0,0,0,0,0,0,0,0,0,0.939056,4574.05,39.5645,24.5224
Test,MI250X,256,16384,4194304,268435456,16,10,8.58993,1073741824,0,0,0,0,0,0,0,0,0,0,0,0,0,0,0,0,0,0,0,8,0,0,0,0,0,0,0,0,0,0,0,0,0,0,0,0.93544,9183.07,52.501,32.5404
Test,MI250X,256,16384,4194304,268435456,16,10,4.29497,1073741824,0,0,0,0,0,0,0,0,0,0,0,0,0,0,0,0,0,0,0,0,0,0,0,0,0,0,4,0,0,0,0,0,0,0,0,5.83349,736.261,0.401641,0.24894
Test,MI250X,256,16384,4194304,268435456,16,10,4.29497,1073741824,0,0,0,0,0,0,0,0,0,0,0,0,0,0,0,0,0,0,0,0,0,0,0,0,0,0,0,0,0,0,0,0,0,4,0,2.00685,2140.16,4.14811,2.57102
Test,MI250X,256,16384,4194304,134217728,16,10,2.14748,1073741824,0,0,0,0,0,0,2,0,0,0,0,0,0,0,0,0,0,0,0,0,0,0,0,0,0,0,0,0,0,0,0,0,0,0,0,0.937873,2289.85,15.8244,9.80808
Test,MI250X,256,16384,4194304,134217728,16,10,2.14748,1073741824,0,0,0,0,0,0,0,0,0,0,0,0,0,2,0,0,0,0,0,0,0,0,0,0,0,0,0,0,0,0,0,0,0,0,0,0.938,2289.53,15.6547,9.7029
Test,MI250X,256,16384,4194304,134217728,16,10,4.29497,1073741824,0,0,0,0,0,0,0,0,0,0,0,0,0,0,0,0,0,0,0,0,4,0,0,0,0,0,0,0,0,0,0,0,0,0,0,0.938064,4578.71,27.5119,17.052
Test,MI250X,256,16384,4194304,134217728,16,10,2.14748,1073741824,0,0,0,0,0,0,0,0,0,0,0,0,0,0,0,0,0,0,0,0,0,0,0,0,0,0,0,2,0,0,0,0,0,0,0,3.122,687.858,1.5186,0.941236
Test,MI250X,256,16384,4194304,134217728,16,10,2.14748,1073741824,0,0,0,0,0,0,0,0,0,0,0,0,0,0,0,0,0,0,0,0,0,0,0,0,0,0,0,0,0,0,0,0,0,0,2,1.79096,1199.08,3.85874,2.39167
Test,MI250X,256,16384,4194304,1073741824,32,10,34.3597,1073741824,32,0,0,0,0,0,0,0,0,0,0,0,0,0,0,0,0,0,0,0,0,0,0,0,0,0,0,0,0,0,0,0,0,0,0,6.64456,5171.15,14.8216,9.18652
Test,MI250X,256,16384,4194304,1073741824,32,10,34.3597,1073741824,0,0,0,0,0,0,0,32,0,0,0,0,0,0,0,0,0,0,0,0,0,0,0,0,0,0,0,0,0,0,0,0,0,0,0,6.53645,5256.76,25.1367,15.5799
Test,MI250X,256,16384,4194304,1073741824,32,10,68.7195,1073741824,0,0,0,0,0,0,0,0,0,0,0,0,0,0,64,0,0,0,0,0,0,0,0,0,0,0,0,0,0,0,0,0,0,0,0,3.73707,18388.6,17.7334,10.9913
Test,MI250X,256,16384,4194304,1073741824,32,10,34.3597,1073741824,0,0,0,0,0,0,0,0,0,0,0,0,0,0,0,0,0,0,0,0,0,32,0,0,0,0,0,0,0,0,0,0,0,0,0,34.8518,985.881,0.130281,0.0807492
Test,MI250X,256,16384,4194304,1073741824,32,10,34.3597,1073741824,0,0,0,0,0,0,0,0,0,0,0,0,0,0,0,0,0,0,0,0,0,0,0,0,0,0,0,0,32,0,0,0,0,0,0,17.6025,1951.98,0.227071,0.14074
Test,MI250X,256,16384,4194304,536870912,32,10,17.1799,1073741824,0,16,0,0,0,0,0,0,0,0,0,0,0,0,0,0,0,0,0,0,0,0,0,0,0,0,0,0,0,0,0,0,0,0,0,3.52344,4875.89,8.32679,5.161
Test,MI250X,256,16384,4194304,536870912,32,10,17.1799,1073741824,0,0,0,0,0,0,0,0,16,0,0,0,0,0,0,0,0,0,0,0,0,0,0,0,0,0,0,0,0,0,0,0,0,0,0,3.51205,4891.71,9.63067,5.96915
Test,MI250X,256,16384,4194304,536870912,32,10,34.3597,1073741824,0,0,0,0,0,0,0,0,0,0,0,0,0,0,0,32,0,0,0,0,0,0,0,0,0,0,0,0,0,0,0,0,0,0,0,1.95939,17535.9,9.64676,5.97913
Test,MI250X,256,16384,4194304,536870912,32,10,17.1799,1073741824,0,0,0,0,0,0,0,0,0,0,0,0,0,0,0,0,0,0,0,0,0,0,16,0,0,0,0,0,0,0,0,0,0,0,0,17.5183,980.683,0.177069,0.109749
Test,MI250X,256,16384,4194304,536870912,32,10,17.1799,1073741824,0,0,0,0,0,0,0,0,0,0,0,0,0,0,0,0,0,0,0,0,0,0,0,0,0,0,0,0,0,16,0,0,0,0,0,8.86645,1937.63,0.690865,0.428203
Test,MI250X,256,16384,4194304,268435456,32,10,8.58993,1073741824,0,0,8,0,0,0,0,0,0,0,0,0,0,0,0,0,0,0,0,0,0,0,0,0,0,0,0,0,0,0,0,0,0,0,0,1.85414,4632.87,14.3564,8.89818
Test,MI250X,256,16384,4194304,268435456,32,10,8.58993,1073741824,0,0,0,0,0,0,0,0,0,8,0,0,0,0,0,0,0,0,0,0,0,0,0,0,0,0,0,0,0,0,0,0,0,0,0,1.85645,4627.15,18.4978,11.465
Test,MI250X,256,16384,4194304,268435456,32,10,17.1799,1073741824,0,0,0,0,0,0,0,0,0,0,0,0,0,0,0,0,16,0,0,0,0,0,0,0,0,0,0,0,0,0,0,0,0,0,0,1.07779,15939.9,25.3692,15.724
Test,MI250X,256,16384,4194304,268435456,32,10,8.58993,1073741824,0,0,0,0,0,0,0,0,0,0,0,0,0,0,0,0,0,0,0,0,0,0,0,8,0,0,0,0,0,0,0,0,0,0,0,17.6206,487.494,0.151084,0.093643
Test,MI250X,256,16384,4194304,268435456,32,10,8.58993,1073741824,0,0,0,0,0,0,0,0,0,0,0,0,0,0,0,0,0,0,0,0,0,0,0,0,0,0,0,0,0,0,8,0,0,0,0,4.43923,1935,0.954257,0.591455
Test,MI250X,256,16384,4194304,134217728,32,10,4.29497,1073741824,0,0,0,4,0,0,0,0,0,0,0,0,0,0,0,0,0,0,0,0,0,0,0,0,0,0,0,0,0,0,0,0,0,0,0,1.78893,2400.87,4.73408,2.93422
Test,MI250X,256,16384,4194304,134217728,32,10,4.29497,1073741824,0,0,0,0,0,0,0,0,0,0,4,0,0,0,0,0,0,0,0,0,0,0,0,0,0,0,0,0,0,0,0,0,0,0,0,1.80069,2385.18,2.19731,1.36191
Test,MI250X,256,16384,4194304,134217728,32,10,8.58993,1073741824,0,0,0,0,0,0,0,0,0,0,0,0,0,0,0,0,0,8,0,0,0,0,0,0,0,0,0,0,0,0,0,0,0,0,0,1.73648,4946.75,1.07883,0.668666
Test,MI250X,256,16384,4194304,134217728,32,10,4.29497,1073741824,0,0,0,0,0,0,0,0,0,0,0,0,0,0,0,0,0,0,0,0,0,0,0,0,4,0,0,0,0,0,0,0,0,0,0,36.8416,116.579,0.0141019,0.00874045
Test,MI250X,256,16384,4194304,134217728,32,10,4.29497,1073741824,0,0,0,0,0,0,0,0,0,0,0,0,0,0,0,0,0,0,0,0,0,0,0,0,0,0,0,0,0,0,0,4,0,0,0,12.1052,354.804,0.0815219,0.0505278
Test,MI250X,256,16384,4194304,536870912,32,10,17.1799,1073741824,0,0,0,0,16,0,0,0,0,0,0,0,0,0,0,0,0,0,0,0,0,0,0,0,0,0,0,0,0,0,0,0,0,0,0,1.88149,9131,6.00724,3.72333
Test,MI250X,256,16384,4194304,536870912,32,10,17.1799,1073741824,0,0,0,0,0,0,0,0,0,0,0,16,0,0,0,0,0,0,0,0,0,0,0,0,0,0,0,0,0,0,0,0,0,0,0,1.8869,9104.83,7.26177,4.50089
Test,MI250X,256,16384,4194304,536870912,32,10,34.3597,1073741824,0,0,0,0,0,0,0,0,0,0,0,0,0,0,0,0,0,0,32,0,0,0,0,0,0,0,0,0,0,0,0,0,0,0,0,3.39917,10108.3,2.47955,1.53684
Test,MI250X,256,16384,4194304,536870912,32,10,17.1799,1073741824,0,0,0,0,0,0,0,0,0,0,0,0,0,0,0,0,0,0,0,0,0,0,0,0,0,16,0,0,0,0,0,0,0,0,0,14.3472,1197.43,0.233082,0.144466
Test,MI250X,256,16384,4194304,536870912,32,10,17.1799,1073741824,0,0,0,0,0,0,0,0,0,0,0,0,0,0,0,0,0,0,0,0,0,0,0,0,0,0,0,0,0,0,0,0,16,0,0,8.83495,1944.54,0.460488,0.285413
Test,MI250X,256,16384,4194304,268435456,32,10,8.58993,1073741824,0,0,0,0,0,8,0,0,0,0,0,0,0,0,0,0,0,0,0,0,0,0,0,0,0,0,0,0,0,0,0,0,0,0,0,0.943504,9104.61,54.3963,33.7152
Test,MI250X,256,16384,4194304,268435456,32,10,8.58993,1073741824,0,0,0,0,0,0,0,0,0,0,0,0,8,0,0,0,0,0,0,0,0,0,0,0,0,0,0,0,0,0,0,0,0,0,0,0.946368,9077.24,67.8,42.0229
Test,MI250X,256,16384,4194304,268435456,32,10,17.1799,1073741824,0,0,0,0,0,0,0,0,0,0,0,0,0,0,0,0,0,0,0,16,0,0,0,0,0,0,0,0,0,0,0,0,0,0,0,0.94392,18200.7,53.8909,33.402
Test,MI250X,256,16384,4194304,268435456,32,10,8.58993,1073741824,0,0,0,0,0,0,0,0,0,0,0,0,0,0,0,0,0,0,0,0,0,0,0,0,0,0,8,0,0,0,0,0,0,0,0,11.5052,746.613,0.301678,0.186982
Test,MI250X,256,16384,4194304,268435456,32,10,8.58993,1073741824,0,0,0,0,0,0,0,0,0,0,0,0,0,0,0,0,0,0,0,0,0,0,0,0,0,0,0,0,0,0,0,0,0,8,0,3.65339,2351.22,2.3126,1.43336
Test,MI250X,256,16384,4194304,134217728,32,10,4.29497,1073741824,0,0,0,0,0,0,4,0,0,0,0,0,0,0,0,0,0,0,0,0,0,0,0,0,0,0,0,0,0,0,0,0,0,0,0,0.944816,4546.11,36.1144,22.384
Test,MI250X,256,16384,4194304,134217728,32,10,4.29497,1073741824,0,0,0,0,0,0,0,0,0,0,0,0,0,4,0,0,0,0,0,0,0,0,0,0,0,0,0,0,0,0,0,0,0,0,0,0.941456,4562.32,34.9384,21.655
Test,MI250X,256,16384,4194304,134217728,32,10,8.58993,1073741824,0,0,0,0,0,0,0,0,0,0,0,0,0,0,0,0,0,0,0,0,8,0,0,0,0,0,0,0,0,0,0,0,0,0,0,0.946288,9078.22,80.7647,50.0585
Test,MI250X,256,16384,4194304,134217728,32,10,4.29497,1073741824,0,0,0,0,0,0,0,0,0,0,0,0,0,0,0,0,0,0,0,0,0,0,0,0,0,0,0,4,0,0,0,0,0,0,0,6.10802,703.169,0.585189,0.362704
Test,MI250X,256,16384,4194304,134217728,32,10,4.29497,1073741824,0,0,0,0,0,0,0,0,0,0,0,0,0,0,0,0,0,0,0,0,0,0,0,0,0,0,0,0,0,0,0,0,0,0,4,1.90038,2260.05,2.54353,1.5765
Test,MI250X,256,16384,4194304,1073741824,64,10,68.7195,1073741824,64,0,0,0,0,0,0,0,0,0,0,0,0,0,0,0,0,0,0,0,0,0,0,0,0,0,0,0,0,0,0,0,0,0,0,7.13797,9627.58,50.1305,31.0712
Test,MI250X,256,16384,4194304,1073741824,64,10,68.7195,1073741824,0,0,0,0,0,0,0,64,0,0,0,0,0,0,0,0,0,0,0,0,0,0,0,0,0,0,0,0,0,0,0,0,0,0,0,7.12995,9638.2,25.4989,15.8044
Test,MI250X,256,16384,4194304,1073741824,64,10,137.439,1073741824,0,0,0,0,0,0,0,0,0,0,0,0,0,0,128,0,0,0,0,0,0,0,0,0,0,0,0,0,0,0,0,0,0,0,0,6.79935,20213.6,3.43429,2.1286
Test,MI250X,256,16384,4194304,1073741824,64,10,68.7195,1073741824,0,0,0,0,0,0,0,0,0,0,0,0,0,0,0,0,0,0,0,0,0,64,0,0,0,0,0,0,0,0,0,0,0,0,0,69.0966,994.541,0.213194,0.132139
Test,MI250X,256,16384,4194304,1073741824,64,10,68.7195,1073741824,0,0,0,0,0,0,0,0,0,0,0,0,0,0,0,0,0,0,0,0,0,0,0,0,0,0,0,0,64,0,0,0,0,0,0,34.7731,1976.23,0.354939,0.219993
Test,MI250X,256,16384,4194304,536870912,64,10,34.3597,1073741824,0,32,0,0,0,0,0,0,0,0,0,0,0,0,0,0,0,0,0,0,0,0,0,0,0,0,0,0,0,0,0,0,0,0,0,3.94069,8719.25,15.831,9.81215
Test,MI250X,256,16384,4194304,536870912,64,10,34.3597,1073741824,0,0,0,0,0,0,0,0,32,0,0,0,0,0,0,0,0,0,0,0,0,0,0,0,0,0,0,0,0,0,0,0,0,0,0,3.93331,8735.6,14.4693,8.96817
Test,MI250X,256,16384,4194304,536870912,64,10,68.7195,1073741824,0,0,0,0,0,0,0,0,0,0,0,0,0,0,0,64,0,0,0,0,0,0,0,0,0,0,0,0,0,0,0,0,0,0,0,3.46626,19825.3,9.81557,6.08375
Test,MI250X,256,16384,4194304,536870912,64,10,34.3597,1073741824,0,0,0,0,0,0,0,0,0,0,0,0,0,0,0,0,0,0,0,0,0,0,32,0,0,0,0,0,0,0,0,0,0,0,0,34.728,989.395,0.096714,0.0599439
Test,MI250X,256,16384,4194304,536870912,64,10,34.3597,1073741824,0,0,0,0,0,0,0,0,0,0,0,0,0,0,0,0,0,0,0,0,0,0,0,0,0,0,0,0,0,32,0,0,0,0,0,17.4369,1970.52,0.690511,0.427983
Test,MI250X,256,16384,4194304,268435456,64,10,17.1799,1073741824,0,0,16,0,0,0,0,0,0,0,0,0,0,0,0,0,0,0,0,0,0,0,0,0,0,0,0,0,0,0,0,0,0,0,0,1.93827,8863.56,23.8592,14.7881
Test,MI250X,256,16384,4194304,268435456,64,10,17.1799,1073741824,0,0,0,0,0,0,0,0,0,16,0,0,0,0,0,0,0,0,0,0,0,0,0,0,0,0,0,0,0,0,0,0,0,0,0,1.93336,8886.04,14.1911,8.79575
Test,MI250X,256,16384,4194304,268435456,64,10,34.3597,1073741824,0,0,0,0,0,0,0,0,0,0,0,0,0,0,0,0,32,0,0,0,0,0,0,0,0,0,0,0,0,0,0,0,0,0,0,1.83597,18714.8,6.26585,3.88362
Test,MI250X,256,16384,4194304,268435456,64,10,17.1799,1073741824,0,0,0,0,0,0,0,0,0,0,0,0,0,0,0,0,0,0,0,0,0,0,0,16,0,0,0,0,0,0,0,0,0,0,0,35.0891,489.606,0.0773255,0.0479269
Test,MI250X,256,16384,4194304,268435456,64,10,17.1799,1073741824,0,0,0,0,0,0,0,0,0,0,0,0,0,0,0,0,0,0,0,0,0,0,0,0,0,0,0,0,0,0,16,0,0,0,0,8.71386,1971.56,1.00948,0.625684
Test,MI250X,256,16384,4194304,134217728,64,10,8.58993,1073741824,0,0,0,8,0,0,0,0,0,0,0,0,0,0,0,0,0,0,0,0,0,0,0,0,0,0,0,0,0,0,0,0,0,0,0,1.80371,4762.37,5.36762,3.32689
Test,MI250X,256,16384,4194304,134217728,64,10,8.58993,1073741824,0,0,0,0,0,0,0,0,0,0,8,0,0,0,0,0,0,0,0,0,0,0,0,0,0,0,0,0,0,0,0,0,0,0,0,3.28807,2612.46,0.492704,0.305381
Test,MI250X,256,16384,4194304,134217728,64,10,17.1799,1073741824,0,0,0,0,0,0,0,0,0,0,0,0,0,0,0,0,0,16,0,0,0,0,0,0,0,0,0,0,0,0,0,0,0,0,0,3.40141,5050.81,2.54497,1.57739
Test,MI250X,256,16384,4194304,134217728,64,10,8.58993,1073741824,0,0,0,0,0,0,0,0,0,0,0,0,0,0,0,0,0,0,0,0,0,0,0,0,8,0,0,0,0,0,0,0,0,0,0,73.9079,116.225,0.0304956,0.0189014
Test,MI250X,256,16384,4194304,134217728,64,10,8.58993,1073741824,0,0,0,0,0,0,0,0,0,0,0,0,0,0,0,0,0,0,0,0,0,0,0,0,0,0,0,0,0,0,0,8,0,0,0,24.072,356.844,0.0940263,0.0582781
Test,MI250X,256,16384,4194304,536870912,64,10,34.3597,1073741824,0,0,0,0,32,0,0,0,0,0,0,0,0,0,0,0,0,0,0,0,0,0,0,0,0,0,0,0,0,0,0,0,0,0,0,3.31803,10355.5,4.44435,2.75464
Test,MI250X,256,16384,4194304,536870912,64,10,34.3597,1073741824,0,0,0,0,0,0,0,0,0,0,0,32,0,0,0,0,0,0,0,0,0,0,0,0,0,0,0,0,0,0,0,0,0,0,0,3.33147,10313.7,2.59199,1.60653
Test,MI250X,256,16384,4194304,536870912,64,10,68.7195,1073741824,0,0,0,0,0,0,0,0,0,0,0,0,0,0,0,0,0,0,64,0,0,0,0,0,0,0,0,0,0,0,0,0,0,0,0,6.5238,10533.7,2.67469,1.65779
Test,MI250X,256,16384,4194304,536870912,64,10,34.3597,1073741824,0,0,0,0,0,0,0,0,0,0,0,0,0,0,0,0,0,0,0,0,0,0,0,0,0,32,0,0,0,0,0,0,0,0,0,28.4237,1208.84,0.127344,0.0789287
Test,MI250X,256,16384,4194304,536870912,64,10,34.3597,1073741824,0,0,0,0,0,0,0,0,0,0,0,0,0,0,0,0,0,0,0,0,0,0,0,0,0,0,0,0,0,0,0,0,32,0,0,17.3701,1978.09,0.649901,0.402813
Test,MI250X,256,16384,4194304,268435456,64,10,17.1799,1073741824,0,0,0,0,0,16,0,0,0,0,0,0,0,0,0,0,0,0,0,0,0,0,0,0,0,0,0,0,0,0,0,0,0,0,0,0.972513,17665.5,28.8897,17.906
Test,MI250X,256,16384,4194304,268435456,64,10,17.1799,1073741824,0,0,0,0,0,0,0,0,0,0,0,0,16,0,0,0,0,0,0,0,0,0,0,0,0,0,0,0,0,0,0,0,0,0,0,0.972353,17668.6,65.8856,40.8363
Test,MI250X,256,16384,4194304,268435456,64,10,34.3597,1073741824,0,0,0,0,0,0,0,0,0,0,0,0,0,0,0,0,0,0,0,32,0,0,0,0,0,0,0,0,0,0,0,0,0,0,0,1.01659,33799,47.1489,29.2232
Test,MI250X,256,16384,4194304,268435456,64,10,17.1799,1073741824,0,0,0,0,0,0,0,0,0,0,0,0,0,0,0,0,0,0,0,0,0,0,0,0,0,0,16,0,0,0,0,0,0,0,0,22.8519,751.791,0.127695,0.0791462
Test,MI250X,256,16384,4194304,268435456,64,10,17.1799,1073741824,0,0,0,0,0,0,0,0,0,0,0,0,0,0,0,0,0,0,0,0,0,0,0,0,0,0,0,0,0,0,0,0,0,16,0,7.15445,2401.29,2.51801,1.56068
Test,MI250X,256,16384,4194304,134217728,64,10,8.58993,1073741824,0,0,0,0,0,0,8,0,0,0,0,0,0,0,0,0,0,0,0,0,0,0,0,0,0,0,0,0,0,0,0,0,0,0,0,0.965584,8896.14,19.4028,12.026
Test,MI250X,256,16384,4194304,134217728,64,10,8.58993,1073741824,0,0,0,0,0,0,0,0,0,0,0,0,0,8,0,0,0,0,0,0,0,0,0,0,0,0,0,0,0,0,0,0,0,0,0,0.965345,8898.39,26.2024,16.2404
Test,MI250X,256,16384,4194304,134217728,64,10,17.1799,1073741824,0,0,0,0,0,0,0,0,0,0,0,0,0,0,0,0,0,0,0,0,16,0,0,0,0,0,0,0,0,0,0,0,0,0,0,0.969264,17724.8,59.8343,37.0857
Test,MI250X,256,16384,4194304,134217728,64,10,8.58993,1073741824,0,0,0,0,0,0,0,0,0,0,0,0,0,0,0,0,0,0,0,0,0,0,0,0,0,0,0,8,0,0,0,0,0,0,0,12.1249,708.453,0.530707,0.328936
Test,MI250X,256,16384,4194304,134217728,64,10,8.58993,1073741824,0,0,0,0,0,0,0,0,0,0,0,0,0,0,0,0,0,0,0,0,0,0,0,0,0,0,0,0,0,0,0,0,0,0,8,3.63885,2360.62,2.50898,1.55508
Test,MI250X,256,16384,4194304,1073741824,128,10,137.439,1073741824,128,0,0,0,0,0,0,0,0,0,0,0,0,0,0,0,0,0,0,0,0,0,0,0,0,0,0,0,0,0,0,0,0,0,0,13.0885,10500.8,5.88274,3.64616
Test,MI250X,256,16384,4194304,1073741824,128,10,137.439,1073741824,0,0,0,0,0,0,0,128,0,0,0,0,0,0,0,0,0,0,0,0,0,0,0,0,0,0,0,0,0,0,0,0,0,0,0,12.8814,10669.6,4.2991,2.66461
Test,MI250X,256,16384,4194304,1073741824,128,10,274.878,1073741824,0,0,0,0,0,0,0,0,0,0,0,0,0,0,256,0,0,0,0,0,0,0,0,0,0,0,0,0,0,0,0,0,0,0,0,13.0798,21015.5,4.91268,3.04491
Test,MI250X,256,16384,4194304,1073741824,128,10,137.439,1073741824,0,0,0,0,0,0,0,0,0,0,0,0,0,0,0,0,0,0,0,0,0,128,0,0,0,0,0,0,0,0,0,0,0,0,0,137.455,999.884,0.391158,0.242442
Test,MI250X,256,16384,4194304,1073741824,128,10,137.439,1073741824,0,0,0,0,0,0,0,0,0,0,0,0,0,0,0,0,0,0,0,0,0,0,0,0,0,0,0,0,128,0,0,0,0,0,0,69.0347,1990.87,0.275397,0.170693
Test,MI250X,256,16384,4194304,536870912,128,10,68.7195,1073741824,0,64,0,0,0,0,0,0,0,0,0,0,0,0,0,0,0,0,0,0,0,0,0,0,0,0,0,0,0,0,0,0,0,0,0,6.62773,10368.5,3.79452,2.35187
Test,MI250X,256,16384,4194304,536870912,128,10,68.7195,1073741824,0,0,0,0,0,0,0,0,64,0,0,0,0,0,0,0,0,0,0,0,0,0,0,0,0,0,0,0,0,0,0,0,0,0,0,6.51296,10551.2,5.12595,3.1771
Test,MI250X,256,16384,4194304,536870912,128,10,137.439,1073741824,0,0,0,0,0,0,0,0,0,0,0,0,0,0,0,128,0,0,0,0,0,0,0,0,0,0,0,0,0,0,0,0,0,0,0,6.60962,20793.8,7.26534,4.5031
Test,MI250X,256,16384,4194304,536870912,128,10,68.7195,1073741824,0,0,0,0,0,0,0,0,0,0,0,0,0,0,0,0,0,0,0,0,0,0,64,0,0,0,0,0,0,0,0,0,0,0,0,69.0797,994.786,0.173916,0.107794
Test,MI250X,256,16384,4194304,536870912,128,10,68.7195,1073741824,0,0,0,0,0,0,0,0,0,0,0,0,0,0,0,0,0,0,0,0,0,0,0,0,0,0,0,0,0,64,0,0,0,0,0,34.5504,1988.96,0.245948,0.15244
Test,MI250X,256,16384,4194304,268435456,128,10,34.3597,1073741824,0,0,32,0,0,0,0,0,0,0,0,0,0,0,0,0,0,0,0,0,0,0,0,0,0,0,0,0,0,0,0,0,0,0,0,3.38583,10148.1,4.68624,2.90456
Test,MI250X,256,16384,4194304,268435456,128,10,34.3597,1073741824,0,0,0,0,0,0,0,0,0,32,0,0,0,0,0,0,0,0,0,0,0,0,0,0,0,0,0,0,0,0,0,0,0,0,0,3.2881,10449.7,1.84992,1.14659
Test,MI250X,256,16384,4194304,268435456,128,10,68.7195,1073741824,0,0,0,0,0,0,0,0,0,0,0,0,0,0,0,0,64,0,0,0,0,0,0,0,0,0,0,0,0,0,0,0,0,0,0,3.50135,19626.6,7.50811,4.65358
Test,MI250X,256,16384,4194304,268435456,128,10,34.3597,1073741824,0,0,0,0,0,0,0,0,0,0,0,0,0,0,0,0,0,0,0,0,0,0,0,32,0,0,0,0,0,0,0,0,0,0,0,69.9708,491.058,0.137352,0.0851319
Test,MI250X,256,16384,4194304,268435456,128,10,34.3597,1073741824,0,0,0,0,0,0,0,0,0,0,0,0,0,0,0,0,0,0,0,0,0,0,0,0,0,0,0,0,0,0,32,0,0,0,0,17.2414,1992.87,1.03308,0.640307
Test,MI250X,256,16384,4194304,134217728,128,10,17.1799,1073741824,0,0,0,16,0,0,0,0,0,0,0,0,0,0,0,0,0,0,0,0,0,0,0,0,0,0,0,0,0,0,0,0,0,0,0,3.35381,5122.49,1.63651,1.01432
Test,MI250X,256,16384,4194304,134217728,128,10,17.1799,1073741824,0,0,0,0,0,0,0,0,0,0,16,0,0,0,0,0,0,0,0,0,0,0,0,0,0,0,0,0,0,0,0,0,0,0,0,6.45189,2662.76,0.447901,0.277612
Test,MI250X,256,16384,4194304,134217728,128,10,34.3597,1073741824,0,0,0,0,0,0,0,0,0,0,0,0,0,0,0,0,0,32,0,0,0,0,0,0,0,0,0,0,0,0,0,0,0,0,0,6.7192,5113.66,1.84957,1.14638
Test,MI250X,256,16384,4194304,134217728,128,10,17.1799,1073741824,0,0,0,0,0,0,0,0,0,0,0,0,0,0,0,0,0,0,0,0,0,0,0,0,16,0,0,0,0,0,0,0,0,0,0,148.015,116.069,0.0420186,0.0260434
Test,MI250X,256,16384,4194304,134217728,128,10,17.1799,1073741824,0,0,0,0,0,0,0,0,0,0,0,0,0,0,0,0,0,0,0,0,0,0,0,0,0,0,0,0,0,0,0,16,0,0,0,47.9901,357.988,0.0448708,0.0278112
Test,MI250X,256,16384,4194304,536870912,128,10,68.7195,1073741824,0,0,0,0,64,0,0,0,0,0,0,0,0,0,0,0,0,0,0,0,0,0,0,0,0,0,0,0,0,0,0,0,0,0,0,6.40047,10736.6,6.00318,3.72081
Test,MI250X,256,16384,4194304,536870912,128,10,68.7195,1073741824,0,0,0,0,0,0,0,0,0,0,0,64,0,0,0,0,0,0,0,0,0,0,0,0,0,0,0,0,0,0,0,0,0,0,0,6.42676,10692.7,4.33954,2.68967
Test,MI250X,256,16384,4194304,536870912,128,10,137.439,1073741824,0,0,0,0,0,0,0,0,0,0,0,0,0,0,0,0,0,0,128,0,0,0,0,0,0,0,0,0,0,0,0,0,0,0,0,12.7786,10755.4,4.92676,3.05364
Test,MI250X,256,16384,4194304,536870912,128,10,68.7195,1073741824,0,0,0,0,0,0,0,0,0,0,0,0,0,0,0,0,0,0,0,0,0,0,0,0,0,64,0,0,0,0,0,0,0,0,0,56.4979,1216.32,0.449132,0.278375
Test,MI250X,256,16384,4194304,536870912,128,10,68.7195,1073741824,0,0,0,0,0,0,0,0,0,0,0,0,0,0,0,0,0,0,0,0,0,0,0,0,0,0,0,0,0,0,0,0,64,0,0,34.4158,1996.74,0.603466,0.374032
Test,MI250X,256,16384,4194304,268435456,128,10,34.3597,1073741824,0,0,0,0,0,32,0,0,0,0,0,0,0,0,0,0,0,0,0,0,0,0,0,0,0,0,0,0,0,0,0,0,0,0,0,1.70426,20161.2,31.5364,19.5465
Test,MI250X,256,16384,4194304,268435456,128,10,34.3597,1073741824,0,0,0,0,0,0,0,0,0,0,0,0,32,0,0,0,0,0,0,0,0,0,0,0,0,0,0,0,0,0,0,0,0,0,0,1.70032,20207.8,5.02936,3.11723
Test,MI250X,256,16384,4194304,268435456,128,10,68.7195,1073741824,0,0,0,0,0,0,0,0,0,0,0,0,0,0,0,0,0,0,0,64,0,0,0,0,0,0,0,0,0,0,0,0,0,0,0,1.72157,39916.8,5.93604,3.6792
Test,MI250X,256,16384,4194304,268435456,128,10,34.3597,1073741824,0,0,0,0,0,0,0,0,0,0,0,0,0,0,0,0,0,0,0,0,0,0,0,0,0,0,32,0,0,0,0,0,0,0,0,45.5072,755.039,0.274195,0.169948
Test,MI250X,256,16384,4194304,268435456,128,10,34.3597,1073741824,0,0,0,0,0,0,0,0,0,0,0,0,0,0,0,0,0,0,0,0,0,0,0,0,0,0,0,0,0,0,0,0,0,32,0,14.127,2432.21,2.13884,1.32567
Test,MI250X,256,16384,4194304,134217728,128,10,17.1799,1073741824,0,0,0,0,0,0,16,0,0,0,0,0,0,0,0,0,0,0,0,0,0,0,0,0,0,0,0,0,0,0,0,0,0,0,0,1.69045,10163,36.6014,22.6858
Test,MI250X,256,16384,4194304,134217728,128,10,17.1799,1073741824,0,0,0,0,0,0,0,0,0,0,0,0,0,16,0,0,0,0,0,0,0,0,0,0,0,0,0,0,0,0,0,0,0,0,0,1.67991,10226.7,5.04437,3.12654
Test,MI250X,256,16384,4194304,134217728,128,10,34.3597,1073741824,0,0,0,0,0,0,0,0,0,0,0,0,0,0,0,0,0,0,0,0,32,0,0,0,0,0,0,0,0,0,0,0,0,0,0,1.70603,20140.1,8.10521,5.02366
Test,MI250X,256,16384,4194304,134217728,128,10,17.1799,1073741824,0,0,0,0,0,0,0,0,0,0,0,0,0,0,0,0,0,0,0,0,0,0,0,0,0,0,0,16,0,0,0,0,0,0,0,24.1283,712.021,0.2121,0.131461
Test,MI250X,256,16384,4194304,134217728,128,10,17.1799,1073741824,0,0,0,0,0,0,0,0,0,0,0,0,0,0,0,0,0,0,0,0,0,0,0,0,0,0,0,0,0,0,0,0,0,0,16,7.12853,2410.02,2.85165,1.76747
Test,MI250X,256,16384,4194304,1073741824,256,10,274.878,1073741824,256,0,0,0,0,0,0,0,0,0,0,0,0,0,0,0,0,0,0,0,0,0,0,0,0,0,0,0,0,0,0,0,0,0,0,25.4348,10807.6,69.4457,43.0429
Test,MI250X,256,16384,4194304,1073741824,256,10,274.878,1073741824,0,0,0,0,0,0,0,256,0,0,0,0,0,0,0,0,0,0,0,0,0,0,0,0,0,0,0,0,0,0,0,0,0,0,0,25.338,10848.4,5.88088,3.64501
Test,MI250X,256,16384,4194304,1073741824,256,10,549.756,1073741824,0,0,0,0,0,0,0,0,0,0,0,0,0,0,512,0,0,0,0,0,0,0,0,0,0,0,0,0,0,0,0,0,0,0,0,25.6262,21452.8,3.23978,2.00803
Test,MI250X,256,16384,4194304,1073741824,256,10,274.878,1073741824,0,0,0,0,0,0,0,0,0,0,0,0,0,0,0,0,0,0,0,0,0,256,0,0,0,0,0,0,0,0,0,0,0,0,0,274.364,1001.87,0.254533,0.157761
Test,MI250X,256,16384,4194304,1073741824,256,10,274.878,1073741824,0,0,0,0,0,0,0,0,0,0,0,0,0,0,0,0,0,0,0,0,0,0,0,0,0,0,0,0,256,0,0,0,0,0,0,137.569,1998.12,0.475256,0.294567
Test,MI250X,256,16384,4194304,536870912,256,10,137.439,1073741824,0,128,0,0,0,0,0,0,0,0,0,0,0,0,0,0,0,0,0,0,0,0,0,0,0,0,0,0,0,0,0,0,0,0,0,12.8299,10712.7,57.7534,35.7959
Test,MI250X,256,16384,4194304,536870912,256,10,137.439,1073741824,0,0,0,0,0,0,0,0,128,0,0,0,0,0,0,0,0,0,0,0,0,0,0,0,0,0,0,0,0,0,0,0,0,0,0,12.7349,10792.3,3.54846,2.19936
Test,MI250X,256,16384,4194304,536870912,256,10,274.878,1073741824,0,0,0,0,0,0,0,0,0,0,0,0,0,0,0,256,0,0,0,0,0,0,0,0,0,0,0,0,0,0,0,0,0,0,0,12.8902,21324.6,4.11044,2.54768
Test,MI250X,256,16384,4194304,536870912,256,10,137.439,1073741824,0,0,0,0,0,0,0,0,0,0,0,0,0,0,0,0,0,0,0,0,0,0,128,0,0,0,0,0,0,0,0,0,0,0,0,137.789,997.461,0.326256,0.202215
Test,MI250X,256,16384,4194304,536870912,256,10,137.439,1073741824,0,0,0,0,0,0,0,0,0,0,0,0,0,0,0,0,0,0,0,0,0,0,0,0,0,0,0,0,0,128,0,0,0,0,0,68.7674,1998.61,0.482704,0.299183
Test,MI250X,256,16384,4194304,268435456,256,10,68.7195,1073741824,0,0,64,0,0,0,0,0,0,0,0,0,0,0,0,0,0,0,0,0,0,0,0,0,0,0,0,0,0,0,0,0,0,0,0,6.55133,10489.5,36.2194,22.449
Test,MI250X,256,16384,4194304,268435456,256,10,68.7195,1073741824,0,0,0,0,0,0,0,0,0,64,0,0,0,0,0,0,0,0,0,0,0,0,0,0,0,0,0,0,0,0,0,0,0,0,0,6.41752,10708.1,2.28491,1.4162
Test,MI250X,256,16384,4194304,268435456,256,10,137.439,1073741824,0,0,0,0,0,0,0,0,0,0,0,0,0,0,0,0,128,0,0,0,0,0,0,0,0,0,0,0,0,0,0,0,0,0,0,6.831,20119.9,8.44236,5.23263
Test,MI250X,256,16384,4194304,268435456,256,10,68.7195,1073741824,0,0,0,0,0,0,0,0,0,0,0,0,0,0,0,0,0,0,0,0,0,0,0,64,0,0,0,0,0,0,0,0,0,0,0,139.815,491.504,0.168112,0.104197
Test,MI250X,256,16384,4194304,268435456,256,10,68.7195,1073741824,0,0,0,0,0,0,0,0,0,0,0,0,0,0,0,0,0,0,0,0,0,0,0,0,0,0,0,0,0,0,64,0,0,0,0,34.2938,2003.84,0.259472,0.160823
Test,MI250X,256,16384,4194304,134217728,256,10,34.3597,1073741824,0,0,0,32,0,0,0,0,0,0,0,0,0,0,0,0,0,0,0,0,0,0,0,0,0,0,0,0,0,0,0,0,0,0,0,6.57623,5224.84,1.66335,1.03095
Test,MI250X,256,16384,4194304,134217728,256,10,34.3597,1073741824,0,0,0,0,0,0,0,0,0,0,32,0,0,0,0,0,0,0,0,0,0,0,0,0,0,0,0,0,0,0,0,0,0,0,0,12.7733,2689.97,1.16088,0.719521
Test,MI250X,256,16384,4194304,134217728,256,10,68.7195,1073741824,0,0,0,0,0,0,0,0,0,0,0,0,0,0,0,0,0,64,0,0,0,0,0,0,0,0,0,0,0,0,0,0,0,0,0,13.3362,5152.86,1.00122,0.620563
Test,MI250X,256,16384,4194304,134217728,256,10,34.3597,1073741824,0,0,0,0,0,0,0,0,0,0,0,0,0,0,0,0,0,0,0,0,0,0,0,0,32,0,0,0,0,0,0,0,0,0,0,296.389,115.928,0.0358752,0.0222357
Test,MI250X,256,16384,4194304,134217728,256,10,34.3597,1073741824,0,0,0,0,0,0,0,0,0,0,0,0,0,0,0,0,0,0,0,0,0,0,0,0,0,0,0,0,0,0,0,32,0,0,0,96.2423,357.013,0.109763,0.068032
Test,MI250X,256,16384,4194304,536870912,256,10,137.439,1073741824,0,0,0,0,128,0,0,0,0,0,0,0,0,0,0,0,0,0,0,0,0,0,0,0,0,0,0,0,0,0,0,0,0,0,0,12.5657,10937.6,4.07268,2.52427
Test,MI250X,256,16384,4194304,536870912,256,10,137.439,1073741824,0,0,0,0,0,0,0,0,0,0,0,128,0,0,0,0,0,0,0,0,0,0,0,0,0,0,0,0,0,0,0,0,0,0,0,12.6166,10893.5,3.90333,2.41931
Test,MI250X,256,16384,4194304,536870912,256,10,274.878,1073741824,0,0,0,0,0,0,0,0,0,0,0,0,0,0,0,0,0,0,256,0,0,0,0,0,0,0,0,0,0,0,0,0,0,0,0,25.2347,10892.8,4.17156,2.58556
Test,MI250X,256,16384,4194304,536870912,256,10,137.439,1073741824,0,0,0,0,0,0,0,0,0,0,0,0,0,0,0,0,0,0,0,0,0,0,0,0,0,128,0,0,0,0,0,0,0,0,0,112.715,1219.35,0.209376,0.129772
Test,MI250X,256,16384,4194304,536870912,256,10,137.439,1073741824,0,0,0,0,0,0,0,0,0,0,0,0,0,0,0,0,0,0,0,0,0,0,0,0,0,0,0,0,0,0,0,0,128,0,0,68.4595,2007.59,0.511356,0.316942
Test,MI250X,256,16384,4194304,268435456,256,10,68.7195,1073741824,0,0,0,0,0,64,0,0,0,0,0,0,0,0,0,0,0,0,0,0,0,0,0,0,0,0,0,0,0,0,0,0,0,0,0,3.32583,20662.4,37.144,23.0221
Test,MI250X,256,16384,4194304,268435456,256,10,68.7195,1073741824,0,0,0,0,0,0,0,0,0,0,0,0,64,0,0,0,0,0,0,0,0,0,0,0,0,0,0,0,0,0,0,0,0,0,0,3.31819,20709.9,2.93046,1.81632
Test,MI250X,256,16384,4194304,268435456,256,10,137.439,1073741824,0,0,0,0,0,0,0,0,0,0,0,0,0,0,0,0,0,0,0,128,0,0,0,0,0,0,0,0,0,0,0,0,0,0,0,3.34927,41035.5,8.74173,5.41818
Test,MI250X,256,16384,4194304,268435456,256,10,68.7195,1073741824,0,0,0,0,0,0,0,0,0,0,0,0,0,0,0,0,0,0,0,0,0,0,0,0,0,0,64,0,0,0,0,0,0,0,0,90.8389,756.498,0.229348,0.142151
Test,MI250X,256,16384,4194304,268435456,256,10,68.7195,1073741824,0,0,0,0,0,0,0,0,0,0,0,0,0,0,0,0,0,0,0,0,0,0,0,0,0,0,0,0,0,0,0,0,0,64,0,28.041,2450.68,1.41229,0.875345
Test,MI250X,256,16384,4194304,134217728,256,10,34.3597,1073741824,0,0,0,0,0,0,32,0,0,0,0,0,0,0,0,0,0,0,0,0,0,0,0,0,0,0,0,0,0,0,0,0,0,0,0,3.29034,10442.7,34.6691,21.4881
Test,MI250X,256,16384,4194304,134217728,256,10,34.3597,1073741824,0,0,0,0,0,0,0,0,0,0,0,0,0,32,0,0,0,0,0,0,0,0,0,0,0,0,0,0,0,0,0,0,0,0,0,3.27063,10505.6,1.62845,1.00932
Test,MI250X,256,16384,4194304,134217728,256,10,68.7195,1073741824,0,0,0,0,0,0,0,0,0,0,0,0,0,0,0,0,0,0,0,0,64,0,0,0,0,0,0,0,0,0,0,0,0,0,0,3.31141,20752.3,3.35675,2.08053
Test,MI250X,256,16384,4194304,134217728,256,10,34.3597,1073741824,0,0,0,0,0,0,0,0,0,0,0,0,0,0,0,0,0,0,0,0,0,0,0,0,0,0,0,32,0,0,0,0,0,0,0,48.1775,713.19,0.151035,0.0936122
Test,MI250X,256,16384,4194304,134217728,256,10,34.3597,1073741824,0,0,0,0,0,0,0,0,0,0,0,0,0,0,0,0,0,0,0,0,0,0,0,0,0,0,0,0,0,0,0,0,0,0,32,14.1091,2435.29,3.29481,2.04215
Test,MI250X,256,16384,4194304,1073741824,512,10,549.756,1073741824,512,0,0,0,0,0,0,0,0,0,0,0,0,0,0,0,0,0,0,0,0,0,0,0,0,0,0,0,0,0,0,0,0,0,0,51.0653,10765.7,6.03393,3.73987
Test,MI250X,256,16384,4194304,1073741824,512,10,549.756,1073741824,0,0,0,0,0,0,0,512,0,0,0,0,0,0,0,0,0,0,0,0,0,0,0,0,0,0,0,0,0,0,0,0,0,0,0,50.239,10942.8,1.23336,0.764443
Test,MI250X,256,16384,4194304,1073741824,512,10,1099.51,1073741824,0,0,0,0,0,0,0,0,0,0,0,0,0,0,1024,0,0,0,0,0,0,0,0,0,0,0,0,0,0,0,0,0,0,0,0,50.6542,21706.2,4.2292,2.62128
Test,MI250X,256,16384,4194304,1073741824,512,10,549.756,1073741824,0,0,0,0,0,0,0,0,0,0,0,0,0,0,0,0,0,0,0,0,0,512,0,0,0,0,0,0,0,0,0,0,0,0,0,547.791,1003.59,0.199168,0.123446
Test,MI250X,256,16384,4194304,1073741824,512,10,549.756,1073741824,0,0,0,0,0,0,0,0,0,0,0,0,0,0,0,0,0,0,0,0,0,0,0,0,0,0,0,0,512,0,0,0,0,0,0,274.485,2002.86,0.402158,0.24926
Test,MI250X,256,16384,4194304,536870912,512,10,274.878,1073741824,0,256,0,0,0,0,0,0,0,0,0,0,0,0,0,0,0,0,0,0,0,0,0,0,0,0,0,0,0,0,0,0,0,0,0,25.5798,10745.9,5.45932,3.38372
Test,MI250X,256,16384,4194304,536870912,512,10,274.878,1073741824,0,0,0,0,0,0,0,0,256,0,0,0,0,0,0,0,0,0,0,0,0,0,0,0,0,0,0,0,0,0,0,0,0,0,0,25.1776,10917.5,2.6193,1.62346
Test,MI250X,256,16384,4194304,536870912,512,10,549.756,1073741824,0,0,0,0,0,0,0,0,0,0,0,0,0,0,0,512,0,0,0,0,0,0,0,0,0,0,0,0,0,0,0,0,0,0,0,25.4225,21624.8,6.12158,3.79419
Test,MI250X,256,16384,4194304,536870912,512,10,274.878,1073741824,0,0,0,0,0,0,0,0,0,0,0,0,0,0,0,0,0,0,0,0,0,0,256,0,0,0,0,0,0,0,0,0,0,0,0,275.178,998.911,0.347522,0.215396
Test,MI250X,256,16384,4194304,536870912,512,10,274.878,1073741824,0,0,0,0,0,0,0,0,0,0,0,0,0,0,0,0,0,0,0,0,0,0,0,0,0,0,0,0,0,256,0,0,0,0,0,137.142,2004.32,0.67914,0.420935
Test,MI250X,256,16384,4194304,268435456,512,10,137.439,1073741824,0,0,128,0,0,0,0,0,0,0,0,0,0,0,0,0,0,0,0,0,0,0,0,0,0,0,0,0,0,0,0,0,0,0,0,13.0234,10553.2,3.76264,2.33211
Test,MI250X,256,16384,4194304,268435456,512,10,137.439,1073741824,0,0,0,0,0,0,0,0,0,128,0,0,0,0,0,0,0,0,0,0,0,0,0,0,0,0,0,0,0,0,0,0,0,0,0,12.6851,10834.7,2.96934,1.84042
Test,MI250X,256,16384,4194304,268435456,512,10,274.878,1073741824,0,0,0,0,0,0,0,0,0,0,0,0,0,0,0,0,256,0,0,0,0,0,0,0,0,0,0,0,0,0,0,0,0,0,0,13.5306,20315.3,12.5711,7.79164
Test,MI250X,256,16384,4194304,268435456,512,10,137.439,1073741824,0,0,0,0,0,0,0,0,0,0,0,0,0,0,0,0,0,0,0,0,0,0,0,128,0,0,0,0,0,0,0,0,0,0,0,280.487,490,0.0809419,0.0501683
Test,MI250X,256,16384,4194304,268435456,512,10,137.439,1073741824,0,0,0,0,0,0,0,0,0,0,0,0,0,0,0,0,0,0,0,0,0,0,0,0,0,0,0,0,0,0,128,0,0,0,0,68.3571,2010.6,0.367873,0.22801
Test,MI250X,256,16384,4194304,134217728,512,10,68.7195,1073741824,0,0,0,64,0,0,0,0,0,0,0,0,0,0,0,0,0,0,0,0,0,0,0,0,0,0,0,0,0,0,0,0,0,0,0,13.0462,5267.41,1.69472,1.0504
Test,MI250X,256,16384,4194304,134217728,512,10,68.7195,1073741824,0,0,0,0,0,0,0,0,0,0,64,0,0,0,0,0,0,0,0,0,0,0,0,0,0,0,0,0,0,0,0,0,0,0,0,25.4121,2704.2,0.769524,0.476956
Test,MI250X,256,16384,4194304,134217728,512,10,137.439,1073741824,0,0,0,0,0,0,0,0,0,0,0,0,0,0,0,0,0,128,0,0,0,0,0,0,0,0,0,0,0,0,0,0,0,0,0,26.568,5173.11,1.38771,0.860114
Test,MI250X,256,16384,4194304,134217728,512,10,68.7195,1073741824,0,0,0,0,0,0,0,0,0,0,0,0,0,0,0,0,0,0,0,0,0,0,0,0,64,0,0,0,0,0,0,0,0,0,0,593.031,115.878,0.0295554,0.0183186
Test,MI250X,256,16384,4194304,134217728,512,10,68.7195,1073741824,0,0,0,0,0,0,0,0,0,0,0,0,0,0,0,0,0,0,0,0,0,0,0,0,0,0,0,0,0,0,0,64,0,0,0,192.661,356.687,0.0935003,0.0579521
Test,MI250X,256,16384,4194304,536870912,512,10,274.878,1073741824,0,0,0,0,256,0,0,0,0,0,0,0,0,0,0,0,0,0,0,0,0,0,0,0,0,0,0,0,0,0,0,0,0,0,0,24.8583,11057.8,2.63029,1.63027
Test,MI250X,256,16384,4194304,536870912,512,10,274.878,1073741824,0,0,0,0,0,0,0,0,0,0,0,256,0,0,0,0,0,0,0,0,0,0,0,0,0,0,0,0,0,0,0,0,0,0,0,24.9652,11010.4,2.56692,1.59099
Test,MI250X,256,16384,4194304,536870912,512,10,549.756,1073741824,0,0,0,0,0,0,0,0,0,0,0,0,0,0,0,0,0,0,512,0,0,0,0,0,0,0,0,0,0,0,0,0,0,0,0,50.1282,10967,3.89794,2.41597
Test,MI250X,256,16384,4194304,536870912,512,10,274.878,1073741824,0,0,0,0,0,0,0,0,0,0,0,0,0,0,0,0,0,0,0,0,0,0,0,0,0,256,0,0,0,0,0,0,0,0,0,224.937,1222.02,0.354474,0.219705
Test,MI250X,256,16384,4194304,536870912,512,10,274.878,1073741824,0,0,0,0,0,0,0,0,0,0,0,0,0,0,0,0,0,0,0,0,0,0,0,0,0,0,0,0,0,0,0,0,256,0,0,136.502,2013.73,0.282251,0.174941
Test,MI250X,256,16384,4194304,268435456,512,10,137.439,1073741824,0,0,0,0,0,128,0,0,0,0,0,0,0,0,0,0,0,0,0,0,0,0,0,0,0,0,0,0,0,0,0,0,0,0,0,6.56295,20941.7,35.3813,21.9296
Test,MI250X,256,16384,4194304,268435456,512,10,137.439,1073741824,0,0,0,0,0,0,0,0,0,0,0,0,128,0,0,0,0,0,0,0,0,0,0,0,0,0,0,0,0,0,0,0,0,0,0,6.55574,20964.7,1.98239,1.2287
Test,MI250X,256,16384,4194304,268435456,512,10,274.878,1073741824,0,0,0,0,0,0,0,0,0,0,0,0,0,0,0,0,0,0,0,256,0,0,0,0,0,0,0,0,0,0,0,0,0,0,0,6.60522,41615.2,5.00419,3.10163
Test,MI250X,256,16384,4194304,268435456,512,10,137.439,1073741824,0,0,0,0,0,0,0,0,0,0,0,0,0,0,0,0,0,0,0,0,0,0,0,0,0,0,128,0,0,0,0,0,0,0,0,181.837,755.837,0.122825,0.0761275
Test,MI250X,256,16384,4194304,268435456,512,10,137.439,1073741824,0,0,0,0,0,0,0,0,0,0,0,0,0,0,0,0,0,0,0,0,0,0,0,0,0,0,0,0,0,0,0,0,0,128,0,55.8677,2460.08,1.09844,0.680822
Test,MI250X,256,16384,4194304,134217728,512,10,68.7195,1073741824,0,0,0,0,0,0,64,0,0,0,0,0,0,0,0,0,0,0,0,0,0,0,0,0,0,0,0,0,0,0,0,0,0,0,0,6.49629,10578.4,37.9502,23.5218
Test,MI250X,256,16384,4194304,134217728,512,10,68.7195,1073741824,0,0,0,0,0,0,0,0,0,0,0,0,0,64,0,0,0,0,0,0,0,0,0,0,0,0,0,0,0,0,0,0,0,0,0,6.45484,10646.2,1.79777,1.11427
Test,MI250X,256,16384,4194304,134217728,512,10,137.439,1073741824,0,0,0,0,0,0,0,0,0,0,0,0,0,0,0,0,0,0,0,0,128,0,0,0,0,0,0,0,0,0,0,0,0,0,0,6.52186,21073.6,1.8085,1.12092
Test,MI250X,256,16384,4194304,134217728,512,10,68.7195,1073741824,0,0,0,0,0,0,0,0,0,0,0,0,0,0,0,0,0,0,0,0,0,0,0,0,0,0,0,64,0,0,0,0,0,0,0,96.4985,712.13,0.108123,0.0670151
Test,MI250X,256,16384,4194304,134217728,512,10,68.7195,1073741824,0,0,0,0,0,0,0,0,0,0,0,0,0,0,0,0,0,0,0,0,0,0,0,0,0,0,0,0,0,0,0,0,0,0,64,28.0225,2452.3,2.73165,1.6931
Test,MI250X,256,16384,4194304,1073741824,1024,10,1099.51,1073741824,1024,0,0,0,0,0,0,0,0,0,0,0,0,0,0,0,0,0,0,0,0,0,0,0,0,0,0,0,0,0,0,0,0,0,0,100.259,10967.2,74.2744,46.0358
Test,MI250X,256,16384,4194304,1073741824,1024,10,1099.51,1073741824,0,0,0,0,0,0,0,1024,0,0,0,0,0,0,0,0,0,0,0,0,0,0,0,0,0,0,0,0,0,0,0,0,0,0,0,99.943,11001.4,3.50636,2.17326
Test,MI250X,256,16384,4194304,1073741824,1024,10,2199.02,1073741824,0,0,0,0,0,0,0,0,0,0,0,0,0,0,2048,0,0,0,0,0,0,0,0,0,0,0,0,0,0,0,0,0,0,0,0,100.68,21841.8,7.12646,4.41702
Test,MI250X,256,16384,4194304,1073741824,1024,10,1099.51,1073741824,0,0,0,0,0,0,0,0,0,0,0,0,0,0,0,0,0,0,0,0,0,1024,0,0,0,0,0,0,0,0,0,0,0,0,0,1097.49,1001.84,0.133529,0.0827622
Test,MI250X,256,16384,4194304,1073741824,1024,10,1099.51,1073741824,0,0,0,0,0,0,0,0,0,0,0,0,0,0,0,0,0,0,0,0,0,0,0,0,0,0,0,0,1024,0,0,0,0,0,0,548.376,2005.03,0.40066,0.248332
Test,MI250X,256,16384,4194304,536870912,1024,10,549.756,1073741824,0,512,0,0,0,0,0,0,0,0,0,0,0,0,0,0,0,0,0,0,0,0,0,0,0,0,0,0,0,0,0,0,0,0,0,50.3616,10916.5,57.3212,35.528
Test,MI250X,256,16384,4194304,536870912,1024,10,549.756,1073741824,0,0,0,0,0,0,0,0,512,0,0,0,0,0,0,0,0,0,0,0,0,0,0,0,0,0,0,0,0,0,0,0,0,0,0,50.0157,10991.7,1.34594,0.834222
Test,MI250X,256,16384,4194304,536870912,1024,10,1099.51,1073741824,0,0,0,0,0,0,0,0,0,0,0,0,0,0,0,1024,0,0,0,0,0,0,0,0,0,0,0,0,0,0,0,0,0,0,0,50.4735,21783.9,3.63033,2.2501
Test,MI250X,256,16384,4194304,536870912,1024,10,549.756,1073741824,0,0,0,0,0,0,0,0,0,0,0,0,0,0,0,0,0,0,0,0,0,0,512,0,0,0,0,0,0,0,0,0,0,0,0,551.786,996.32,0.16784,0.104028
Test,MI250X,256,16384,4194304,536870912,1024,10,549.756,1073741824,0,0,0,0,0,0,0,0,0,0,0,0,0,0,0,0,0,0,0,0,0,0,0,0,0,0,0,0,0,512,0,0,0,0,0,273.84,2007.58,0.292718,0.181429
Test,MI250X,256,16384,4194304,268435456,1024,10,274.878,1073741824,0,0,256,0,0,0,0,0,0,0,0,0,0,0,0,0,0,0,0,0,0,0,0,0,0,0,0,0,0,0,0,0,0,0,0,25.6611,10712,38.3844,23.7909
Test,MI250X,256,16384,4194304,268435456,1024,10,274.878,1073741824,0,0,0,0,0,0,0,0,0,256,0,0,0,0,0,0,0,0,0,0,0,0,0,0,0,0,0,0,0,0,0,0,0,0,0,25.1748,10918.8,1.89106,1.17209
Test,MI250X,256,16384,4194304,268435456,1024,10,549.756,1073741824,0,0,0,0,0,0,0,0,0,0,0,0,0,0,0,0,512,0,0,0,0,0,0,0,0,0,0,0,0,0,0,0,0,0,0,26.872,20458.3,8.02613,4.97464
Test,MI250X,256,16384,4194304,268435456,1024,10,274.878,1073741824,0,0,0,0,0,0,0,0,0,0,0,0,0,0,0,0,0,0,0,0,0,0,0,256,0,0,0,0,0,0,0,0,0,0,0,561.149,489.849,0.0581883,0.0360655
Test,MI250X,256,16384,4194304,268435456,1024,10,274.878,1073741824,0,0,0,0,0,0,0,0,0,0,0,0,0,0,0,0,0,0,0,0,0,0,0,0,0,0,0,0,0,0,256,0,0,0,0,136.494,2013.84,0.497662,0.308454
Test,MI250X,256,16384,4194304,134217728,1024,10,137.439,1073741824,0,0,0,128,0,0,0,0,0,0,0,0,0,0,0,0,0,0,0,0,0,0,0,0,0,0,0,0,0,0,0,0,0,0,0,25.9399,5298.36,2.19156,1.35835
Test,MI250X,256,16384,4194304,134217728,1024,10,137.439,1073741824,0,0,0,0,0,0,0,0,0,0,128,0,0,0,0,0,0,0,0,0,0,0,0,0,0,0,0,0,0,0,0,0,0,0,0,50.6812,2711.83,0.510502,0.316412
Test,MI250X,256,16384,4194304,134217728,1024,10,274.878,1073741824,0,0,0,0,0,0,0,0,0,0,0,0,0,0,0,0,0,256,0,0,0,0,0,0,0,0,0,0,0,0,0,0,0,0,0,52.9546,5190.83,0.547423,0.339296
Test,MI250X,256,16384,4194304,134217728,1024,10,137.439,1073741824,0,0,0,0,0,0,0,0,0,0,0,0,0,0,0,0,0,0,0,0,0,0,0,0,128,0,0,0,0,0,0,0,0,0,0,1186.99,115.788,0.020525,0.0127215
Test,MI250X,256,16384,4194304,134217728,1024,10,137.439,1073741824,0,0,0,0,0,0,0,0,0,0,0,0,0,0,0,0,0,0,0,0,0,0,0,0,0,0,0,0,0,0,0,128,0,0,0,385.929,356.125,0.120611,0.0747555
Test,MI250X,256,16384,4194304,536870912,1024,10,549.756,1073741824,0,0,0,0,512,0,0,0,0,0,0,0,0,0,0,0,0,0,0,0,0,0,0,0,0,0,0,0,0,0,0,0,0,0,0,49.4389,11119.9,3.38515,2.09814
Test,MI250X,256,16384,4194304,536870912,1024,10,549.756,1073741824,0,0,0,0,0,0,0,0,0,0,0,512,0,0,0,0,0,0,0,0,0,0,0,0,0,0,0,0,0,0,0,0,0,0,0,49.6753,11067,3.85164,2.38727
Test,MI250X,256,16384,4194304,536870912,1024,10,1099.51,1073741824,0,0,0,0,0,0,0,0,0,0,0,0,0,0,0,0,0,0,1024,0,0,0,0,0,0,0,0,0,0,0,0,0,0,0,0,99.9638,10999.1,1.74562,1.08195
Test,MI250X,256,16384,4194304,536870912,1024,10,549.756,1073741824,0,0,0,0,0,0,0,0,0,0,0,0,0,0,0,0,0,0,0,0,0,0,0,0,0,512,0,0,0,0,0,0,0,0,0,449.686,1222.53,0.215268,0.133425
Test,MI250X,256,16384,4194304,536870912,1024,10,549.756,1073741824,0,0,0,0,0,0,0,0,0,0,0,0,0,0,0,0,0,0,0,0,0,0,0,0,0,0,0,0,0,0,0,0,512,0,0,272.544,2017.13,0.511426,0.316985
Test,MI250X,256,16384,4194304,268435456,1024,10,274.878,1073741824,0,0,0,0,0,256,0,0,0,0,0,0,0,0,0,0,0,0,0,0,0,0,0,0,0,0,0,0,0,0,0,0,0,0,0,13.0365,21085.2,13.1089,8.12499
Test,MI250X,256,16384,4194304,268435456,1024,10,274.878,1073741824,0,0,0,0,0,0,0,0,0,0,0,0,256,0,0,0,0,0,0,0,0,0,0,0,0,0,0,0,0,0,0,0,0,0,0,13.016,21118.4,1.73714,1.07669
Test,MI250X,256,16384,4194304,268435456,1024,10,549.756,1073741824,0,0,0,0,0,0,0,0,0,0,0,0,0,0,0,0,0,0,0,512,0,0,0,0,0,0,0,0,0,0,0,0,0,0,0,13.1019,41960.1,5.09517,3.15802
Test,MI250X,256,16384,4194304,268435456,1024,10,274.878,1073741824,0,0,0,0,0,0,0,0,0,0,0,0,0,0,0,0,0,0,0,0,0,0,0,0,0,0,256,0,0,0,0,0,0,0,0,365.005,753.08,0.241784,0.149859
Test,MI250X,256,16384,4194304,268435456,1024,10,274.878,1073741824,0,0,0,0,0,0,0,0,0,0,0,0,0,0,0,0,0,0,0,0,0,0,0,0,0,0,0,0,0,0,0,0,0,256,0,111.492,2465.46,0.91211,0.565332
Test,MI250X,256,16384,4194304,134217728,1024,10,137.439,1073741824,0,0,0,0,0,0,128,0,0,0,0,0,0,0,0,0,0,0,0,0,0,0,0,0,0,0,0,0,0,0,0,0,0,0,0,12.8875,10664.6,36.1691,22.4178
Test,MI250X,256,16384,4194304,134217728,1024,10,137.439,1073741824,0,0,0,0,0,0,0,0,0,0,0,0,0,128,0,0,0,0,0,0,0,0,0,0,0,0,0,0,0,0,0,0,0,0,0,12.8148,10725,1.47599,0.914826
Test,MI250X,256,16384,4194304,134217728,1024,10,274.878,1073741824,0,0,0,0,0,0,0,0,0,0,0,0,0,0,0,0,0,0,0,0,256,0,0,0,0,0,0,0,0,0,0,0,0,0,0,12.9387,21244.7,1.80503,1.11877
Test,MI250X,256,16384,4194304,134217728,1024,10,137.439,1073741824,0,0,0,0,0,0,0,0,0,0,0,0,0,0,0,0,0,0,0,0,0,0,0,0,0,0,0,128,0,0,0,0,0,0,0,192.964,712.251,0.0457628,0.0283641
Test,MI250X,256,16384,4194304,134217728,1024,10,137.439,1073741824,0,0,0,0,0,0,0,0,0,0,0,0,0,0,0,0,0,0,0,0,0,0,0,0,0,0,0,0,0,0,0,0,0,0,128,55.841,2461.26,1.86735,1.1574
Test,MI250X,256,16384,4194304,1073741824,2048,10,2199.02,1073741824,2048,0,0,0,0,0,0,0,0,0,0,0,0,0,0,0,0,0,0,0,0,0,0,0,0,0,0,0,0,0,0,0,0,0,0,202.573,10855.5,8.13341,5.04114
Test,MI250X,256,16384,4194304,1073741824,2048,10,2199.02,1073741824,0,0,0,0,0,0,0,2048,0,0,0,0,0,0,0,0,0,0,0,0,0,0,0,0,0,0,0,0,0,0,0,0,0,0,0,199.372,11029.8,1.1799,0.731307
Test,MI250X,256,16384,4194304,1073741824,2048,10,4398.05,1073741824,0,0,0,0,0,0,0,0,0,0,0,0,0,0,4096,0,0,0,0,0,0,0,0,0,0,0,0,0,0,0,0,0,0,0,0,200.616,21922.7,6.84799,4.24443
Test,MI250X,256,16384,4194304,1073741824,2048,10,2199.02,1073741824,0,0,0,0,0,0,0,0,0,0,0,0,0,0,0,0,0,0,0,0,0,2048,0,0,0,0,0,0,0,0,0,0,0,0,0,2196.9,1000.97,0.195703,0.121298
Test,MI250X,256,16384,4194304,1073741824,2048,10,2199.02,1073741824,0,0,0,0,0,0,0,0,0,0,0,0,0,0,0,0,0,0,0,0,0,0,0,0,0,0,0,0,2048,0,0,0,0,0,0,1096.69,2005.14,0.290772,0.180222
Test,MI250X,256,16384,4194304,536870912,2048,10,1099.51,1073741824,0,1024,0,0,0,0,0,0,0,0,0,0,0,0,0,0,0,0,0,0,0,0,0,0,0,0,0,0,0,0,0,0,0,0,0,101.337,10850,3.86446,2.39522
Test,MI250X,256,16384,4194304,536870912,2048,10,1099.51,1073741824,0,0,0,0,0,0,0,0,1024,0,0,0,0,0,0,0,0,0,0,0,0,0,0,0,0,0,0,0,0,0,0,0,0,0,0,99.7341,11024.4,2.37028,1.46912
Test,MI250X,256,16384,4194304,536870912,2048,10,2199.02,1073741824,0,0,0,0,0,0,0,0,0,0,0,0,0,0,0,2048,0,0,0,0,0,0,0,0,0,0,0,0,0,0,0,0,0,0,0,100.602,21858.6,2.81308,1.74357
Test,MI250X,256,16384,4194304,536870912,2048,10,1099.51,1073741824,0,0,0,0,0,0,0,0,0,0,0,0,0,0,0,0,0,0,0,0,0,0,1024,0,0,0,0,0,0,0,0,0,0,0,0,1104.25,995.708,0.154313,0.0956444
Test,MI250X,256,16384,4194304,536870912,2048,10,1099.51,1073741824,0,0,0,0,0,0,0,0,0,0,0,0,0,0,0,0,0,0,0,0,0,0,0,0,0,0,0,0,0,1024,0,0,0,0,0,548.034,2006.28,0.456447,0.282909
Test,MI250X,256,16384,4194304,268435456,2048,10,549.756,1073741824,0,0,512,0,0,0,0,0,0,0,0,0,0,0,0,0,0,0,0,0,0,0,0,0,0,0,0,0,0,0,0,0,0,0,0,51.5127,10672.2,6.61396,4.09938
Test,MI250X,256,16384,4194304,268435456,2048,10,549.756,1073741824,0,0,0,0,0,0,0,0,0,512,0,0,0,0,0,0,0,0,0,0,0,0,0,0,0,0,0,0,0,0,0,0,0,0,0,50.1631,10959.4,2.98902,1.85261
Test,MI250X,256,16384,4194304,268435456,2048,10,1099.51,1073741824,0,0,0,0,0,0,0,0,0,0,0,0,0,0,0,0,1024,0,0,0,0,0,0,0,0,0,0,0,0,0,0,0,0,0,0,53.5444,20534.6,5.87092,3.63883
Test,MI250X,256,16384,4194304,268435456,2048,10,549.756,1073741824,0,0,0,0,0,0,0,0,0,0,0,0,0,0,0,0,0,0,0,0,0,0,0,512,0,0,0,0,0,0,0,0,0,0,0,1122.5,489.762,0.0869877,0.0539155
Test,MI250X,256,16384,4194304,268435456,2048,10,549.756,1073741824,0,0,0,0,0,0,0,0,0,0,0,0,0,0,0,0,0,0,0,0,0,0,0,0,0,0,0,0,0,0,512,0,0,0,0,272.704,2015.94,0.602228,0.373265
Test,MI250X,256,16384,4194304,134217728,2048,10,274.878,1073741824,0,0,0,256,0,0,0,0,0,0,0,0,0,0,0,0,0,0,0,0,0,0,0,0,0,0,0,0,0,0,0,0,0,0,0,51.7946,5307.08,0.876937,0.543531
Test,MI250X,256,16384,4194304,134217728,2048,10,274.878,1073741824,0,0,0,0,0,0,0,0,0,0,256,0,0,0,0,0,0,0,0,0,0,0,0,0,0,0,0,0,0,0,0,0,0,0,0,101.386,2711.21,0.328851,0.203824
Test,MI250X,256,16384,4194304,134217728,2048,10,549.756,1073741824,0,0,0,0,0,0,0,0,0,0,0,0,0,0,0,0,0,512,0,0,0,0,0,0,0,0,0,0,0,0,0,0,0,0,0,105.787,5196.81,0.744423,0.461398
Test,MI250X,256,16384,4194304,134217728,2048,10,274.878,1073741824,0,0,0,0,0,0,0,0,0,0,0,0,0,0,0,0,0,0,0,0,0,0,0,0,256,0,0,0,0,0,0,0,0,0,0,2375.33,115.722,0.042363,0.0262569
Test,MI250X,256,16384,4194304,134217728,2048,10,274.878,1073741824,0,0,0,0,0,0,0,0,0,0,0,0,0,0,0,0,0,0,0,0,0,0,0,0,0,0,0,0,0,0,0,256,0,0,0,771.014,356.515,0.12248,0.0759139
Test,MI250X,256,16384,4194304,536870912,2048,10,1099.51,1073741824,0,0,0,0,1024,0,0,0,0,0,0,0,0,0,0,0,0,0,0,0,0,0,0,0,0,0,0,0,0,0,0,0,0,0,0,98.5796,11153.5,2.51312,1.55765
Test,MI250X,256,16384,4194304,536870912,2048,10,1099.51,1073741824,0,0,0,0,0,0,0,0,0,0,0,1024,0,0,0,0,0,0,0,0,0,0,0,0,0,0,0,0,0,0,0,0,0,0,0,99.0227,11103.6,4.17787,2.58947
Test,MI250X,256,16384,4194304,536870912,2048,10,2199.02,1073741824,0,0,0,0,0,0,0,0,0,0,0,0,0,0,0,0,0,0,2048,0,0,0,0,0,0,0,0,0,0,0,0,0,0,0,0,199.553,11019.7,1.5989,0.991006
Test,MI250X,256,16384,4194304,536870912,2048,10,1099.51,1073741824,0,0,0,0,0,0,0,0,0,0,0,0,0,0,0,0,0,0,0,0,0,0,0,0,0,1024,0,0,0,0,0,0,0,0,0,899.112,1222.89,0.157977,0.0979149
Test,MI250X,256,16384,4194304,536870912,2048,10,1099.51,1073741824,0,0,0,0,0,0,0,0,0,0,0,0,0,0,0,0,0,0,0,0,0,0,0,0,0,0,0,0,0,0,0,0,1024,0,0,545.025,2017.36,0.347714,0.215515
Test,MI250X,256,16384,4194304,268435456,2048,10,549.756,1073741824,0,0,0,0,0,512,0,0,0,0,0,0,0,0,0,0,0,0,0,0,0,0,0,0,0,0,0,0,0,0,0,0,0,0,0,25.9529,21182.9,10.7176,6.64284
Test,MI250X,256,16384,4194304,268435456,2048,10,549.756,1073741824,0,0,0,0,0,0,0,0,0,0,0,0,512,0,0,0,0,0,0,0,0,0,0,0,0,0,0,0,0,0,0,0,0,0,0,25.9304,21201.2,6.81658,4.22496
Test,MI250X,256,16384,4194304,268435456,2048,10,1099.51,1073741824,0,0,0,0,0,0,0,0,0,0,0,0,0,0,0,0,0,0,0,1024,0,0,0,0,0,0,0,0,0,0,0,0,0,0,0,26.0827,42154.8,9.37055,5.80793
Test,MI250X,256,16384,4194304,268435456,2048,10,549.756,1073741824,0,0,0,0,0,0,0,0,0,0,0,0,0,0,0,0,0,0,0,0,0,0,0,0,0,0,512,0,0,0,0,0,0,0,0,729.888,753.206,0.104988,0.0650722
Test,MI250X,256,16384,4194304,268435456,2048,10,549.756,1073741824,0,0,0,0,0,0,0,0,0,0,0,0,0,0,0,0,0,0,0,0,0,0,0,0,0,0,0,0,0,0,0,0,0,512,0,222.811,2467.37,0.622068,0.385562
Test,MI250X,256,16384,4194304,134217728,2048,10,274.878,1073741824,0,0,0,0,0,0,256,0,0,0,0,0,0,0,0,0,0,0,0,0,0,0,0,0,0,0,0,0,0,0,0,0,0,0,0,25.667,10709.5,36.5957,22.6823
Test,MI250X,256,16384,4194304,134217728,2048,10,274.878,1073741824,0,0,0,0,0,0,0,0,0,0,0,0,0,256,0,0,0,0,0,0,0,0,0,0,0,0,0,0,0,0,0,0,0,0,0,25.5222,10770.1,2.29029,1.41953
Test,MI250X,256,16384,4194304,134217728,2048,10,549.756,1073741824,0,0,0,0,0,0,0,0,0,0,0,0,0,0,0,0,0,0,0,0,512,0,0,0,0,0,0,0,0,0,0,0,0,0,0,25.7502,21349.6,6.26417,3.88257
Test,MI250X,256,16384,4194304,134217728,2048,10,274.878,1073741824,0,0,0,0,0,0,0,0,0,0,0,0,0,0,0,0,0,0,0,0,0,0,0,0,0,0,0,256,0,0,0,0,0,0,0,385.815,712.461,0.0761229,0.0471814
Test,MI250X,256,16384,4194304,134217728,2048,10,274.878,1073741824,0,0,0,0,0,0,0,0,0,0,0,0,0,0,0,0,0,0,0,0,0,0,0,0,0,0,0,0,0,0,0,0,0,0,256,111.459,2466.18,1.24303,0.770436
Test,MI250X,256,16384,4194304,1073741824,4096,10,4398.05,1073741824,4096,0,0,0,0,0,0,0,0,0,0,0,0,0,0,0,0,0,0,0,0,0,0,0,0,0,0,0,0,0,0,0,0,0,0,399.419,11011.6,73.4041,45.4963
Test,MI250X,256,16384,4194304,1073741824,4096,10,4398.05,1073741824,0,0,0,0,0,0,0,4096,0,0,0,0,0,0,0,0,0,0,0,0,0,0,0,0,0,0,0,0,0,0,0,0,0,0,0,397.896,11053.2,3.94558,2.44549
Test,MI250X,256,16384,4194304,1073741824,4096,10,8796.09,1073741824,0,0,0,0,0,0,0,0,0,0,0,0,0,0,8192,0,0,0,0,0,0,0,0,0,0,0,0,0,0,0,0,0,0,0,0,403.808,21782.8,6.68117,4.14103
Test,MI250X,256,16384,4194304,1073741824,4096,10,4398.05,1073741824,0,0,0,0,0,0,0,0,0,0,0,0,0,0,0,0,0,0,0,0,0,4096,0,0,0,0,0,0,0,0,0,0,0,0,0,4393.4,1001.06,0.101218,0.0627355
Test,MI250X,256,16384,4194304,1073741824,4096,10,4398.05,1073741824,0,0,0,0,0,0,0,0,0,0,0,0,0,0,0,0,0,0,0,0,0,0,0,0,0,0,0,0,4096,0,0,0,0,0,0,2191.26,2007.08,0.253064,0.156851
Test,MI250X,256,16384,4194304,536870912,4096,10,2199.02,1073741824,0,2048,0,0,0,0,0,0,0,0,0,0,0,0,0,0,0,0,0,0,0,0,0,0,0,0,0,0,0,0,0,0,0,0,0,200.333,10977.1,59.6618,36.9788
Test,MI250X,256,16384,4194304,536870912,4096,10,2199.02,1073741824,0,0,0,0,0,0,0,0,2048,0,0,0,0,0,0,0,0,0,0,0,0,0,0,0,0,0,0,0,0,0,0,0,0,0,0,198.957,11052.8,2.59509,1.60845
Test,MI250X,256,16384,4194304,536870912,4096,10,4398.05,1073741824,0,0,0,0,0,0,0,0,0,0,0,0,0,0,0,4096,0,0,0,0,0,0,0,0,0,0,0,0,0,0,0,0,0,0,0,202.342,21735.7,4.96837,3.07943
Test,MI250X,256,16384,4194304,536870912,4096,10,2199.02,1073741824,0,0,0,0,0,0,0,0,0,0,0,0,0,0,0,0,0,0,0,0,0,0,2048,0,0,0,0,0,0,0,0,0,0,0,0,2208.3,995.801,0.0811801,0.050316
Test,MI250X,256,16384,4194304,536870912,4096,10,2199.02,1073741824,0,0,0,0,0,0,0,0,0,0,0,0,0,0,0,0,0,0,0,0,0,0,0,0,0,0,0,0,0,2048,0,0,0,0,0,1095.4,2007.5,0.27885,0.172833
Test,MI250X,256,16384,4194304,268435456,4096,10,1099.51,1073741824,0,0,1024,0,0,0,0,0,0,0,0,0,0,0,0,0,0,0,0,0,0,0,0,0,0,0,0,0,0,0,0,0,0,0,0,102.056,10773.8,42.2931,26.2136
Test,MI250X,256,16384,4194304,268435456,4096,10,1099.51,1073741824,0,0,0,0,0,0,0,0,0,1024,0,0,0,0,0,0,0,0,0,0,0,0,0,0,0,0,0,0,0,0,0,0,0,0,0,100.128,10981,1.63366,1.01255
Test,MI250X,256,16384,4194304,268435456,4096,10,2199.02,1073741824,0,0,0,0,0,0,0,0,0,0,0,0,0,0,0,0,2048,0,0,0,0,0,0,0,0,0,0,0,0,0,0,0,0,0,0,105.67,20810.3,4.65588,2.88574
Test,MI250X,256,16384,4194304,268435456,4096,10,1099.51,1073741824,0,0,0,0,0,0,0,0,0,0,0,0,0,0,0,0,0,0,0,0,0,0,0,1024,0,0,0,0,0,0,0,0,0,0,0,2243.68,490.048,0.0745647,0.0462157
Test,MI250X,256,16384,4194304,268435456,4096,10,1099.51,1073741824,0,0,0,0,0,0,0,0,0,0,0,0,0,0,0,0,0,0,0,0,0,0,0,0,0,0,0,0,0,0,1024,0,0,0,0,545.26,2016.49,0.50422,0.312519
Test,MI250X,256,16384,4194304,134217728,4096,10,549.756,1073741824,0,0,0,512,0,0,0,0,0,0,0,0,0,0,0,0,0,0,0,0,0,0,0,0,0,0,0,0,0,0,0,0,0,0,0,103.281,5322.92,2.91501,1.80674
Test,MI250X,256,16384,4194304,134217728,4096,10,549.756,1073741824,0,0,0,0,0,0,0,0,0,0,512,0,0,0,0,0,0,0,0,0,0,0,0,0,0,0,0,0,0,0,0,0,0,0,0,202.419,2715.92,0.904742,0.560765
Test,MI250X,256,16384,4194304,134217728,4096,10,1099.51,1073741824,0,0,0,0,0,0,0,0,0,0,0,0,0,0,0,0,0,1024,0,0,0,0,0,0,0,0,0,0,0,0,0,0,0,0,0,211.393,5201.26,0.70034,0.434075
Test,MI250X,256,16384,4194304,134217728,4096,10,549.756,1073741824,0,0,0,0,0,0,0,0,0,0,0,0,0,0,0,0,0,0,0,0,0,0,0,0,512,0,0,0,0,0,0,0,0,0,0,4744.43,115.874,0.021124,0.0130928
Test,MI250X,256,16384,4194304,134217728,4096,10,549.756,1073741824,0,0,0,0,0,0,0,0,0,0,0,0,0,0,0,0,0,0,0,0,0,0,0,0,0,0,0,0,0,0,0,512,0,0,0,1540.67,356.828,0.0463943,0.0287555
Test,MI250X,256,16384,4194304,536870912,4096,10,2199.02,1073741824,0,0,0,0,2048,0,0,0,0,0,0,0,0,0,0,0,0,0,0,0,0,0,0,0,0,0,0,0,0,0,0,0,0,0,0,196.848,11171.2,2.43547,1.50952
Test,MI250X,256,16384,4194304,536870912,4096,10,2199.02,1073741824,0,0,0,0,0,0,0,0,0,0,0,2048,0,0,0,0,0,0,0,0,0,0,0,0,0,0,0,0,0,0,0,0,0,0,0,197.733,11121.2,2.96601,1.83835
Test,MI250X,256,16384,4194304,536870912,4096,10,4398.05,1073741824,0,0,0,0,0,0,0,0,0,0,0,0,0,0,0,0,0,0,4096,0,0,0,0,0,0,0,0,0,0,0,0,0,0,0,0,398.748,11029.6,2.41021,1.49386
Test,MI250X,256,16384,4194304,536870912,4096,10,2199.02,1073741824,0,0,0,0,0,0,0,0,0,0,0,0,0,0,0,0,0,0,0,0,0,0,0,0,0,2048,0,0,0,0,0,0,0,0,0,1795.87,1224.49,0.160881,0.0997149
Test,MI250X,256,16384,4194304,536870912,4096,10,2199.02,1073741824,0,0,0,0,0,0,0,0,0,0,0,0,0,0,0,0,0,0,0,0,0,0,0,0,0,0,0,0,0,0,0,0,2048,0,0,1088.86,2019.57,0.262234,0.162535
Test,MI250X,256,16384,4194304,268435456,4096,10,1099.51,1073741824,0,0,0,0,0,1024,0,0,0,0,0,0,0,0,0,0,0,0,0,0,0,0,0,0,0,0,0,0,0,0,0,0,0,0,0,51.8582,21202.3,30.3529,18.8129
Test,MI250X,256,16384,4194304,268435456,4096,10,1099.51,1073741824,0,0,0,0,0,0,0,0,0,0,0,0,1024,0,0,0,0,0,0,0,0,0,0,0,0,0,0,0,0,0,0,0,0,0,0,51.753,21245.4,4.77664,2.9606
Test,MI250X,256,16384,4194304,268435456,4096,10,2199.02,1073741824,0,0,0,0,0,0,0,0,0,0,0,0,0,0,0,0,0,0,0,2048,0,0,0,0,0,0,0,0,0,0,0,0,0,0,0,52.0518,42246.8,7.02962,4.357
Test,MI250X,256,16384,4194304,268435456,4096,10,1099.51,1073741824,0,0,0,0,0,0,0,0,0,0,0,0,0,0,0,0,0,0,0,0,0,0,0,0,0,0,1024,0,0,0,0,0,0,0,0,1459.27,753.466,0.0961766,0.0596109
Test,MI250X,256,16384,4194304,268435456,4096,10,1099.51,1073741824,0,0,0,0,0,0,0,0,0,0,0,0,0,0,0,0,0,0,0,0,0,0,0,0,0,0,0,0,0,0,0,0,0,1024,0,445.213,2469.63,0.774547,0.480069
Test,MI250X,256,16384,4194304,134217728,4096,10,549.756,1073741824,0,0,0,0,0,0,512,0,0,0,0,0,0,0,0,0,0,0,0,0,0,0,0,0,0,0,0,0,0,0,0,0,0,0,0,51.284,10719.9,35.9552,22.2853
Test,MI250X,256,16384,4194304,134217728,4096,10,549.756,1073741824,0,0,0,0,0,0,0,0,0,0,0,0,0,512,0,0,0,0,0,0,0,0,0,0,0,0,0,0,0,0,0,0,0,0,0,50.9925,10781.1,4.66257,2.88989
Test,MI250X,256,16384,4194304,134217728,4096,10,1099.51,1073741824,0,0,0,0,0,0,0,0,0,0,0,0,0,0,0,0,0,0,0,0,1024,0,0,0,0,0,0,0,0,0,0,0,0,0,0,51.2313,21461.7,9.50597,5.89186
Test,MI250X,256,16384,4194304,134217728,4096,10,549.756,1073741824,0,0,0,0,0,0,0,0,0,0,0,0,0,0,0,0,0,0,0,0,0,0,0,0,0,0,0,512,0,0,0,0,0,0,0,771.531,712.552,0.0614807,0.0381061
Test,MI250X,256,16384,4194304,134217728,4096,10,549.756,1073741824,0,0,0,0,0,0,0,0,0,0,0,0,0,0,0,0,0,0,0,0,0,0,0,0,0,0,0,0,0,0,0,0,0,0,512,222.726,2468.31,0.777596,0.481959
Test,MI250X,256,16384,4194304,1073741824,8192,10,8796.09,1073741824,8192,0,0,0,0,0,0,0,0,0,0,0,0,0,0,0,0,0,0,0,0,0,0,0,0,0,0,0,0,0,0,0,0,0,0,808.428,10880.5,6.15549,3.81521
Test,MI250X,256,16384,4194304,1073741824,8192,10,8796.09,1073741824,0,0,0,0,0,0,0,8192,0,0,0,0,0,0,0,0,0,0,0,0,0,0,0,0,0,0,0,0,0,0,0,0,0,0,0,795.268,11060.5,2.15233,1.33403
Test,MI250X,256,16384,4194304,1073741824,8192,10,17592.2,1073741824,0,0,0,0,0,0,0,0,0,0,0,0,0,0,16384,0,0,0,0,0,0,0,0,0,0,0,0,0,0,0,0,0,0,0,0,806.959,21800.6,1.85866,1.15201
Test,MI250X,256,16384,4194304,1073741824,8192,10,8796.09,1073741824,0,0,0,0,0,0,0,0,0,0,0,0,0,0,0,0,0,0,0,0,0,8192,0,0,0,0,0,0,0,0,0,0,0,0,0,8783.35,1001.45,0.0949749,0.058866
Test,MI250X,256,16384,4194304,1073741824,8192,10,8796.09,1073741824,0,0,0,0,0,0,0,0,0,0,0,0,0,0,0,0,0,0,0,0,0,0,0,0,0,0,0,0,8192,0,0,0,0,0,0,4381.7,2007.46,0.458614,0.284252
Test,MI250X,256,16384,4194304,536870912,8192,10,4398.05,1073741824,0,4096,0,0,0,0,0,0,0,0,0,0,0,0,0,0,0,0,0,0,0,0,0,0,0,0,0,0,0,0,0,0,0,0,0,403.97,10887.1,4.31251,2.67292
Test,MI250X,256,16384,4194304,536870912,8192,10,4398.05,1073741824,0,0,0,0,0,0,0,0,4096,0,0,0,0,0,0,0,0,0,0,0,0,0,0,0,0,0,0,0,0,0,0,0,0,0,0,397.504,11064.1,1.99282,1.23516
Test,MI250X,256,16384,4194304,536870912,8192,10,8796.09,1073741824,0,0,0,0,0,0,0,0,0,0,0,0,0,0,0,8192,0,0,0,0,0,0,0,0,0,0,0,0,0,0,0,0,0,0,0,404.338,21754.3,4.39004,2.72098
Test,MI250X,256,16384,4194304,536870912,8192,10,4398.05,1073741824,0,0,0,0,0,0,0,0,0,0,0,0,0,0,0,0,0,0,0,0,0,0,4096,0,0,0,0,0,0,0,0,0,0,0,0,4414.69,996.23,0.0921314,0.0571036
Test,MI250X,256,16384,4194304,536870912,8192,10,4398.05,1073741824,0,0,0,0,0,0,0,0,0,0,0,0,0,0,0,0,0,0,0,0,0,0,0,0,0,0,0,0,0,4096,0,0,0,0,0,2190.34,2007.93,0.250498,0.15526
Test,MI250X,256,16384,4194304,268435456,8192,10,2199.02,1073741824,0,0,2048,0,0,0,0,0,0,0,0,0,0,0,0,0,0,0,0,0,0,0,0,0,0,0,0,0,0,0,0,0,0,0,0,205.357,10708.3,5.31668,3.29531
Test,MI250X,256,16384,4194304,268435456,8192,10,2199.02,1073741824,0,0,0,0,0,0,0,0,0,2048,0,0,0,0,0,0,0,0,0,0,0,0,0,0,0,0,0,0,0,0,0,0,0,0,0,199.781,11007.2,2.48573,1.54067
Test,MI250X,256,16384,4194304,268435456,8192,10,4398.05,1073741824,0,0,0,0,0,0,0,0,0,0,0,0,0,0,0,0,4096,0,0,0,0,0,0,0,0,0,0,0,0,0,0,0,0,0,0,211.106,20833.3,4.87523,3.0217
Test,MI250X,256,16384,4194304,268435456,8192,10,2199.02,1073741824,0,0,0,0,0,0,0,0,0,0,0,0,0,0,0,0,0,0,0,0,0,0,0,2048,0,0,0,0,0,0,0,0,0,0,0,4487.59,490.023,0.0942942,0.0584441
Test,MI250X,256,16384,4194304,268435456,8192,10,2199.02,1073741824,0,0,0,0,0,0,0,0,0,0,0,0,0,0,0,0,0,0,0,0,0,0,0,0,0,0,0,0,0,0,2048,0,0,0,0,1090.62,2016.31,0.288248,0.178658
Test,MI250X,256,16384,4194304,134217728,8192,10,1099.51,1073741824,0,0,0,1024,0,0,0,0,0,0,0,0,0,0,0,0,0,0,0,0,0,0,0,0,0,0,0,0,0,0,0,0,0,0,0,206.786,5317.15,1.31763,0.816678
Test,MI250X,256,16384,4194304,134217728,8192,10,1099.51,1073741824,0,0,0,0,0,0,0,0,0,0,1024,0,0,0,0,0,0,0,0,0,0,0,0,0,0,0,0,0,0,0,0,0,0,0,0,403.99,2721.63,0.484557,0.300331
Test,MI250X,256,16384,4194304,134217728,8192,10,2199.02,1073741824,0,0,0,0,0,0,0,0,0,0,0,0,0,0,0,0,0,2048,0,0,0,0,0,0,0,0,0,0,0,0,0,0,0,0,0,422.578,5203.83,0.900789,0.558315
Test,MI250X,256,16384,4194304,134217728,8192,10,1099.51,1073741824,0,0,0,0,0,0,0,0,0,0,0,0,0,0,0,0,0,0,0,0,0,0,0,0,1024,0,0,0,0,0,0,0,0,0,0,9480.86,115.972,0.0254606,0.0157806
Test,MI250X,256,16384,4194304,134217728,8192,10,1099.51,1073741824,0,0,0,0,0,0,0,0,0,0,0,0,0,0,0,0,0,0,0,0,0,0,0,0,0,0,0,0,0,0,0,1024,0,0,0,3080.52,356.924,0.048129,0.0298306
Test,MI250X,256,16384,4194304,536870912,8192,10,4398.05,1073741824,0,0,0,0,4096,0,0,0,0,0,0,0,0,0,0,0,0,0,0,0,0,0,0,0,0,0,0,0,0,0,0,0,0,0,0,393.525,11176,1.88075,1.1657
Test,MI250X,256,16384,4194304,536870912,8192,10,4398.05,1073741824,0,0,0,0,0,0,0,0,0,0,0,4096,0,0,0,0,0,0,0,0,0,0,0,0,0,0,0,0,0,0,0,0,0,0,0,395.228,11127.9,2.41321,1.49572
Test,MI250X,256,16384,4194304,536870912,8192,10,8796.09,1073741824,0,0,0,0,0,0,0,0,0,0,0,0,0,0,0,0,0,0,8192,0,0,0,0,0,0,0,0,0,0,0,0,0,0,0,0,797.384,11031.2,1.95749,1.21327
Test,MI250X,256,16384,4194304,536870912,8192,10,4398.05,1073741824,0,0,0,0,0,0,0,0,0,0,0,0,0,0,0,0,0,0,0,0,0,0,0,0,0,4096,0,0,0,0,0,0,0,0,0,3592.36,1224.28,0.184381,0.11428
Test,MI250X,256,16384,4194304,536870912,8192,10,4398.05,1073741824,0,0,0,0,0,0,0,0,0,0,0,0,0,0,0,0,0,0,0,0,0,0,0,0,0,0,0,0,0,0,0,0,4096,0,0,2177.2,2020.04,0.415501,0.25753
Test,MI250X,256,16384,4194304,268435456,8192,10,2199.02,1073741824,0,0,0,0,0,2048,0,0,0,0,0,0,0,0,0,0,0,0,0,0,0,0,0,0,0,0,0,0,0,0,0,0,0,0,0,103.486,21249.6,29.0448,18.0021
Test,MI250X,256,16384,4194304,268435456,8192,10,2199.02,1073741824,0,0,0,0,0,0,0,0,0,0,0,0,2048,0,0,0,0,0,0,0,0,0,0,0,0,0,0,0,0,0,0,0,0,0,0,103.423,21262.5,3.02908,1.87744
Test,MI250X,256,16384,4194304,268435456,8192,10,4398.05,1073741824,0,0,0,0,0,0,0,0,0,0,0,0,0,0,0,0,0,0,0,4096,0,0,0,0,0,0,0,0,0,0,0,0,0,0,0,104.02,42280.7,3.2098,1.98945
Test,MI250X,256,16384,4194304,268435456,8192,10,2199.02,1073741824,0,0,0,0,0,0,0,0,0,0,0,0,0,0,0,0,0,0,0,0,0,0,0,0,0,0,2048,0,0,0,0,0,0,0,0,2919.1,753.323,0.23583,0.146169
Test,MI250X,256,16384,4194304,268435456,8192,10,2199.02,1073741824,0,0,0,0,0,0,0,0,0,0,0,0,0,0,0,0,0,0,0,0,0,0,0,0,0,0,0,0,0,0,0,0,0,2048,0,890.364,2469.8,0.359675,0.222929
Test,MI250X,256,16384,4194304,134217728,8192,10,1099.51,1073741824,0,0,0,0,0,0,1024,0,0,0,0,0,0,0,0,0,0,0,0,0,0,0,0,0,0,0,0,0,0,0,0,0,0,0,0,104.954,10476.2,31.7741,19.6938
Test,MI250X,256,16384,4194304,134217728,8192,10,1099.51,1073741824,0,0,0,0,0,0,0,0,0,0,0,0,0,1024,0,0,0,0,0,0,0,0,0,0,0,0,0,0,0,0,0,0,0,0,0,104.237,10548.2,1.97367,1.22329
Test,MI250X,256,16384,4194304,134217728,8192,10,2199.02,1073741824,0,0,0,0,0,0,0,0,0,0,0,0,0,0,0,0,0,0,0,0,2048,0,0,0,0,0,0,0,0,0,0,0,0,0,0,104.679,21007.3,10.7789,6.68082
Test,MI250X,256,16384,4194304,134217728,8192,10,1099.51,1073741824,0,0,0,0,0,0,0,0,0,0,0,0,0,0,0,0,0,0,0,0,0,0,0,0,0,0,0,1024,0,0,0,0,0,0,0,1542.77,712.687,0.0409706,0.0253939
Test,MI250X,256,16384,4194304,134217728,8192,10,1099.51,1073741824,0,0,0,0,0,0,0,0,0,0,0,0,0,0,0,0,0,0,0,0,0,0,0,0,0,0,0,0,0,0,0,0,0,0,1024,445.007,2470.78,0.548655,0.34006
Test,MI250X,256,16384,4194304,1073741824,16384,10,17592.2,1073741824,16384,0,0,0,0,0,0,0,0,0,0,0,0,0,0,0,0,0,0,0,0,0,0,0,0,0,0,0,0,0,0,0,0,0,0,1595.49,11026.7,73.5921,45.6129
Test,MI250X,256,16384,4194304,1073741824,16384,10,17592.2,1073741824,0,0,0,0,0,0,0,16384,0,0,0,0,0,0,0,0,0,0,0,0,0,0,0,0,0,0,0,0,0,0,0,0,0,0,0,1590.05,11063.9,2.67023,1.65503
Test,MI250X,256,16384,4194304,1073741824,16384,10,35184.4,1073741824,0,0,0,0,0,0,0,0,0,0,0,0,0,0,32768,0,0,0,0,0,0,0,0,0,0,0,0,0,0,0,0,0,0,0,0,1613.43,21807.2,4.27135,2.64741
Test,MI250X,256,16384,4194304,1073741824,16384,10,17592.2,1073741824,0,0,0,0,0,0,0,0,0,0,0,0,0,0,0,0,0,0,0,0,0,16384,0,0,0,0,0,0,0,0,0,0,0,0,0,17570.7,1001.23,0.0976452,0.0605211
Test,MI250X,256,16384,4194304,1073741824,16384,10,17592.2,1073741824,0,0,0,0,0,0,0,0,0,0,0,0,0,0,0,0,0,0,0,0,0,0,0,0,0,0,0,0,16384,0,0,0,0,0,0,8768.11,2006.38,0.412956,0.255953
Test,MI250X,256,16384,4194304,536870912,16384,10,8796.09,1073741824,0,8192,0,0,0,0,0,0,0,0,0,0,0,0,0,0,0,0,0,0,0,0,0,0,0,0,0,0,0,0,0,0,0,0,0,800.424,10989.6,59.318,36.7656
Test,MI250X,256,16384,4194304,536870912,16384,10,8796.09,1073741824,0,0,0,0,0,0,0,0,8192,0,0,0,0,0,0,0,0,0,0,0,0,0,0,0,0,0,0,0,0,0,0,0,0,0,0,794.996,11064.3,1.75696,1.08898
Test,MI250X,256,16384,4194304,536870912,16384,10,17592.2,1073741824,0,0,0,0,0,0,0,0,0,0,0,0,0,0,0,16384,0,0,0,0,0,0,0,0,0,0,0,0,0,0,0,0,0,0,0,808.427,21761,4.58615,2.84253
Test,MI250X,256,16384,4194304,536870912,16384,10,8796.09,1073741824,0,0,0,0,0,0,0,0,0,0,0,0,0,0,0,0,0,0,0,0,0,0,8192,0,0,0,0,0,0,0,0,0,0,0,0,8830.78,996.072,0.167979,0.104115
Test,MI250X,256,16384,4194304,536870912,16384,10,8796.09,1073741824,0,0,0,0,0,0,0,0,0,0,0,0,0,0,0,0,0,0,0,0,0,0,0,0,0,0,0,0,0,8192,0,0,0,0,0,4379.69,2008.39,0.208271,0.129088
Test,MI250X,256,16384,4194304,268435456,16384,10,4398.05,1073741824,0,0,4096,0,0,0,0,0,0,0,0,0,0,0,0,0,0,0,0,0,0,0,0,0,0,0,0,0,0,0,0,0,0,0,0,407.452,10794.2,39.9725,24.7752
Test,MI250X,256,16384,4194304,268435456,16384,10,4398.05,1073741824,0,0,0,0,0,0,0,0,0,4096,0,0,0,0,0,0,0,0,0,0,0,0,0,0,0,0,0,0,0,0,0,0,0,0,0,399.007,11022.5,2.55857,1.58582
Test,MI250X,256,16384,4194304,268435456,16384,10,8796.09,1073741824,0,0,0,0,0,0,0,0,0,0,0,0,0,0,0,0,8192,0,0,0,0,0,0,0,0,0,0,0,0,0,0,0,0,0,0,422.057,20841,3.8102,2.36158
Test,MI250X,256,16384,4194304,268435456,16384,10,4398.05,1073741824,0,0,0,0,0,0,0,0,0,0,0,0,0,0,0,0,0,0,0,0,0,0,0,4096,0,0,0,0,0,0,0,0,0,0,0,8978.67,489.833,0.0990405,0.0613859
Test,MI250X,256,16384,4194304,268435456,16384,10,4398.05,1073741824,0,0,0,0,0,0,0,0,0,0,0,0,0,0,0,0,0,0,0,0,0,0,0,0,0,0,0,0,0,0,4096,0,0,0,0,2179.56,2017.86,0.39642,0.245703
Test,MI250X,256,16384,4194304,134217728,16384,10,2199.02,1073741824,0,0,0,2048,0,0,0,0,0,0,0,0,0,0,0,0,0,0,0,0,0,0,0,0,0,0,0,0,0,0,0,0,0,0,0,412.591,5329.8,3.15999,1.95858
Test,MI250X,256,16384,4194304,134217728,16384,10,2199.02,1073741824,0,0,0,0,0,0,0,0,0,0,2048,0,0,0,0,0,0,0,0,0,0,0,0,0,0,0,0,0,0,0,0,0,0,0,0,808.063,2721.35,0.48193,0.298703
Test,MI250X,256,16384,4194304,134217728,16384,10,4398.05,1073741824,0,0,0,0,0,0,0,0,0,0,0,0,0,0,0,0,0,4096,0,0,0,0,0,0,0,0,0,0,0,0,0,0,0,0,0,844.746,5206.35,0.707534,0.438534
Test,MI250X,256,16384,4194304,134217728,16384,10,2199.02,1073741824,0,0,0,0,0,0,0,0,0,0,0,0,0,0,0,0,0,0,0,0,0,0,0,0,2048,0,0,0,0,0,0,0,0,0,0,18945.7,116.07,0.0228119,0.014139
Test,MI250X,256,16384,4194304,134217728,16384,10,2199.02,1073741824,0,0,0,0,0,0,0,0,0,0,0,0,0,0,0,0,0,0,0,0,0,0,0,0,0,0,0,0,0,0,0,2048,0,0,0,6162.02,356.868,0.0554048,0.0343402
Test,MI250X,256,16384,4194304,536870912,16384,10,8796.09,1073741824,0,0,0,0,8192,0,0,0,0,0,0,0,0,0,0,0,0,0,0,0,0,0,0,0,0,0,0,0,0,0,0,0,0,0,0,786.419,11185,3.66317,2.27046
Test,MI250X,256,16384,4194304,536870912,16384,10,8796.09,1073741824,0,0,0,0,0,0,0,0,0,0,0,8192,0,0,0,0,0,0,0,0,0,0,0,0,0,0,0,0,0,0,0,0,0,0,0,789.818,11136.9,2.12234,1.31544
Test,MI250X,256,16384,4194304,536870912,16384,10,17592.2,1073741824,0,0,0,0,0,0,0,0,0,0,0,0,0,0,0,0,0,0,16384,0,0,0,0,0,0,0,0,0,0,0,0,0,0,0,0,1594.87,11030.5,0.815316,0.505338
Test,MI250X,256,16384,4194304,536870912,16384,10,8796.09,1073741824,0,0,0,0,0,0,0,0,0,0,0,0,0,0,0,0,0,0,0,0,0,0,0,0,0,8192,0,0,0,0,0,0,0,0,0,7185.39,1224.16,0.256569,0.159023
Test,MI250X,256,16384,4194304,536870912,16384,10,8796.09,1073741824,0,0,0,0,0,0,0,0,0,0,0,0,0,0,0,0,0,0,0,0,0,0,0,0,0,0,0,0,0,0,0,0,8192,0,0,4361.59,2016.72,0.352175,0.218281
Test,MI250X,256,16384,4194304,268435456,16384,10,4398.05,1073741824,0,0,0,0,0,4096,0,0,0,0,0,0,0,0,0,0,0,0,0,0,0,0,0,0,0,0,0,0,0,0,0,0,0,0,0,207.099,21236.6,60.1944,37.3089
Test,MI250X,256,16384,4194304,268435456,16384,10,4398.05,1073741824,0,0,0,0,0,0,0,0,0,0,0,0,4096,0,0,0,0,0,0,0,0,0,0,0,0,0,0,0,0,0,0,0,0,0,0,206.625,21285.2,4.15045,2.57247
Test,MI250X,256,16384,4194304,268435456,16384,10,8796.09,1073741824,0,0,0,0,0,0,0,0,0,0,0,0,0,0,0,0,0,0,0,8192,0,0,0,0,0,0,0,0,0,0,0,0,0,0,0,207.797,42330.1,5.38387,3.33696
Test,MI250X,256,16384,4194304,268435456,16384,10,4398.05,1073741824,0,0,0,0,0,0,0,0,0,0,0,0,0,0,0,0,0,0,0,0,0,0,0,0,0,0,4096,0,0,0,0,0,0,0,0,5839.17,753.198,0.167365,0.103734
Test,MI250X,256,16384,4194304,268435456,16384,10,4398.05,1073741824,0,0,0,0,0,0,0,0,0,0,0,0,0,0,0,0,0,0,0,0,0,0,0,0,0,0,0,0,0,0,0,0,0,4096,0,1780.57,2470.02,0.526987,0.32663
Test,MI250X,256,16384,4194304,134217728,16384,10,2199.02,1073741824,0,0,0,0,0,0,2048,0,0,0,0,0,0,0,0,0,0,0,0,0,0,0,0,0,0,0,0,0,0,0,0,0,0,0,0,209.716,10485.8,31.4204,19.4745
Test,MI250X,256,16384,4194304,134217728,16384,10,2199.02,1073741824,0,0,0,0,0,0,0,0,0,0,0,0,0,2048,0,0,0,0,0,0,0,0,0,0,0,0,0,0,0,0,0,0,0,0,0,208.407,10551.6,1.4228,0.881862
Test,MI250X,256,16384,4194304,134217728,16384,10,4398.05,1073741824,0,0,0,0,0,0,0,0,0,0,0,0,0,0,0,0,0,0,0,0,4096,0,0,0,0,0,0,0,0,0,0,0,0,0,0,209.399,21003.2,4.47959,2.77648
Test,MI250X,256,16384,4194304,134217728,16384,10,2199.02,1073741824,0,0,0,0,0,0,0,0,0,0,0,0,0,0,0,0,0,0,0,0,0,0,0,0,0,0,0,2048,0,0,0,0,0,0,0,3086.1,712.557,0.0893727,0.0553938
Test,MI250X,256,16384,4194304,134217728,16384,10,2199.02,1073741824,0,0,0,0,0,0,0,0,0,0,0,0,0,0,0,0,0,0,0,0,0,0,0,0,0,0,0,0,0,0,0,0,0,0,2048,890.444,2469.58,0.453153,0.280867
Test,MI250X,256,16384,4194304,1073741824,32768,10,35184.4,1073741824,32768,0,0,0,0,0,0,0,0,0,0,0,0,0,0,0,0,0,0,0,0,0,0,0,0,0,0,0,0,0,0,0,0,0,0,3230.38,10891.7,4.52903,2.80712
Test,MI250X,256,16384,4194304,1073741824,32768,10,35184.4,1073741824,0,0,0,0,0,0,0,32768,0,0,0,0,0,0,0,0,0,0,0,0,0,0,0,0,0,0,0,0,0,0,0,0,0,0,0,3178.09,11070.9,1.41959,0.879874
Test,MI250X,256,16384,4194304,1073741824,32768,10,70368.7,1073741824,0,0,0,0,0,0,0,0,0,0,0,0,0,0,65536,0,0,0,0,0,0,0,0,0,0,0,0,0,0,0,0,0,0,0,0,3198.47,22000.8,3.33641,2.06793
Test,MI250X,256,16384,4194304,1073741824,32768,10,35184.4,1073741824,0,0,0,0,0,0,0,0,0,0,0,0,0,0,0,0,0,0,0,0,0,32768,0,0,0,0,0,0,0,0,0,0,0,0,0,35134.5,1001.42,0.0653649,0.0405136
Test,MI250X,256,16384,4194304,1073741824,32768,10,35184.4,1073741824,0,0,0,0,0,0,0,0,0,0,0,0,0,0,0,0,0,0,0,0,0,0,0,0,0,0,0,0,32768,0,0,0,0,0,0,17533.3,2006.72,0.15318,0.0949422
Test,MI250X,256,16384,4194304,536870912,32768,10,17592.2,1073741824,0,16384,0,0,0,0,0,0,0,0,0,0,0,0,0,0,0,0,0,0,0,0,0,0,0,0,0,0,0,0,0,0,0,0,0,1614.74,10894.8,5.33164,3.30458
Test,MI250X,256,16384,4194304,536870912,32768,10,17592.2,1073741824,0,0,0,0,0,0,0,0,16384,0,0,0,0,0,0,0,0,0,0,0,0,0,0,0,0,0,0,0,0,0,0,0,0,0,0,1589.48,11067.9,2.20143,1.36446
Test,MI250X,256,16384,4194304,536870912,32768,10,35184.4,1073741824,0,0,0,0,0,0,0,0,0,0,0,0,0,0,0,32768,0,0,0,0,0,0,0,0,0,0,0,0,0,0,0,0,0,0,0,1602.16,21960.5,3.10459,1.92424
Test,MI250X,256,16384,4194304,536870912,32768,10,17592.2,1073741824,0,0,0,0,0,0,0,0,0,0,0,0,0,0,0,0,0,0,0,0,0,0,16384,0,0,0,0,0,0,0,0,0,0,0,0,17662.6,996.014,0.241919,0.149943
Test,MI250X,256,16384,4194304,536870912,32768,10,17592.2,1073741824,0,0,0,0,0,0,0,0,0,0,0,0,0,0,0,0,0,0,0,0,0,0,0,0,0,0,0,0,0,16384,0,0,0,0,0,8759.62,2008.33,0.307919,0.19085
Test,MI250X,256,16384,4194304,268435456,32768,10,8796.09,1073741824,0,0,8192,0,0,0,0,0,0,0,0,0,0,0,0,0,0,0,0,0,0,0,0,0,0,0,0,0,0,0,0,0,0,0,0,820.739,10717.3,4.78526,2.96594
Test,MI250X,256,16384,4194304,268435456,32768,10,8796.09,1073741824,0,0,0,0,0,0,0,0,0,8192,0,0,0,0,0,0,0,0,0,0,0,0,0,0,0,0,0,0,0,0,0,0,0,0,0,798.154,11020.5,1.77172,1.09812
Test,MI250X,256,16384,4194304,268435456,32768,10,17592.2,1073741824,0,0,0,0,0,0,0,0,0,0,0,0,0,0,0,0,16384,0,0,0,0,0,0,0,0,0,0,0,0,0,0,0,0,0,0,853.346,20615.5,2.66301,1.65055
Test,MI250X,256,16384,4194304,268435456,32768,10,8796.09,1073741824,0,0,0,0,0,0,0,0,0,0,0,0,0,0,0,0,0,0,0,0,0,0,0,8192,0,0,0,0,0,0,0,0,0,0,0,17944.1,490.194,0.136995,0.0849103
Test,MI250X,256,16384,4194304,268435456,32768,10,8796.09,1073741824,0,0,0,0,0,0,0,0,0,0,0,0,0,0,0,0,0,0,0,0,0,0,0,0,0,0,0,0,0,0,8192,0,0,0,0,4358.88,2017.97,0.564215,0.349704
Test,MI250X,256,16384,4194304,134217728,32768,10,4398.05,1073741824,0,0,0,4096,0,0,0,0,0,0,0,0,0,0,0,0,0,0,0,0,0,0,0,0,0,0,0,0,0,0,0,0,0,0,0,825.309,5328.97,1.40395,0.870177
Test,MI250X,256,16384,4194304,134217728,32768,10,4398.05,1073741824,0,0,0,0,0,0,0,0,0,0,4096,0,0,0,0,0,0,0,0,0,0,0,0,0,0,0,0,0,0,0,0,0,0,0,0,1615.55,2722.32,0.396503,0.245755
Test,MI250X,256,16384,4194304,134217728,32768,10,8796.09,1073741824,0,0,0,0,0,0,0,0,0,0,0,0,0,0,0,0,0,8192,0,0,0,0,0,0,0,0,0,0,0,0,0,0,0,0,0,1691.27,5200.89,0.409622,0.253887
Test,MI250X,256,16384,4194304,134217728,32768,10,4398.05,1073741824,0,0,0,0,0,0,0,0,0,0,0,0,0,0,0,0,0,0,0,0,0,0,0,0,4096,0,0,0,0,0,0,0,0,0,0,37849.6,116.198,0.0119123,0.00738329
Test,MI250X,256,16384,4194304,134217728,32768,10,4398.05,1073741824,0,0,0,0,0,0,0,0,0,0,0,0,0,0,0,0,0,0,0,0,0,0,0,0,0,0,0,0,0,0,0,4096,0,0,0,12320.1,356.981,0.0587815,0.0364331
Test,MI250X,256,16384,4194304,536870912,32768,10,17592.2,1073741824,0,0,0,0,16384,0,0,0,0,0,0,0,0,0,0,0,0,0,0,0,0,0,0,0,0,0,0,0,0,0,0,0,0,0,0,1571.87,11191.9,1.48185,0.918459
Test,MI250X,256,16384,4194304,536870912,32768,10,17592.2,1073741824,0,0,0,0,0,0,0,0,0,0,0,16384,0,0,0,0,0,0,0,0,0,0,0,0,0,0,0,0,0,0,0,0,0,0,0,1578.7,11143.5,1.88741,1.16983
Test,MI250X,256,16384,4194304,536870912,32768,10,35184.4,1073741824,0,0,0,0,0,0,0,0,0,0,0,0,0,0,0,0,0,0,32768,0,0,0,0,0,0,0,0,0,0,0,0,0,0,0,0,3187.78,11037.3,2.18208,1.35247
Test,MI250X,256,16384,4194304,536870912,32768,10,17592.2,1073741824,0,0,0,0,0,0,0,0,0,0,0,0,0,0,0,0,0,0,0,0,0,0,0,0,0,16384,0,0,0,0,0,0,0,0,0,14364.2,1224.72,0.230713,0.142998
Test,MI250X,256,16384,4194304,536870912,32768,10,17592.2,1073741824,0,0,0,0,0,0,0,0,0,0,0,0,0,0,0,0,0,0,0,0,0,0,0,0,0,0,0,0,0,0,0,0,16384,0,0,8722.19,2016.95,0.321372,0.199188
Test,MI250X,256,16384,4194304,268435456,32768,10,8796.09,1073741824,0,0,0,0,0,8192,0,0,0,0,0,0,0,0,0,0,0,0,0,0,0,0,0,0,0,0,0,0,0,0,0,0,0,0,0,418.581,21014.1,24.7468,15.3382
Test,MI250X,256,16384,4194304,268435456,32768,10,8796.09,1073741824,0,0,0,0,0,0,0,0,0,0,0,0,8192,0,0,0,0,0,0,0,0,0,0,0,0,0,0,0,0,0,0,0,0,0,0,418.627,21011.8,2.47675,1.5351
Test,MI250X,256,16384,4194304,268435456,32768,10,17592.2,1073741824,0,0,0,0,0,0,0,0,0,0,0,0,0,0,0,0,0,0,0,16384,0,0,0,0,0,0,0,0,0,0,0,0,0,0,0,423.178,41571.6,4.00013,2.47931
Test,MI250X,256,16384,4194304,268435456,32768,10,8796.09,1073741824,0,0,0,0,0,0,0,0,0,0,0,0,0,0,0,0,0,0,0,0,0,0,0,0,0,0,8192,0,0,0,0,0,0,0,0,11670.1,753.73,0.23737,0.147123
Test,MI250X,256,16384,4194304,268435456,32768,10,8796.09,1073741824,0,0,0,0,0,0,0,0,0,0,0,0,0,0,0,0,0,0,0,0,0,0,0,0,0,0,0,0,0,0,0,0,0,8192,0,3559.63,2471.07,0.25602,0.158683
Test,MI250X,256,16384,4194304,134217728,32768,10,4398.05,1073741824,0,0,0,0,0,0,4096,0,0,0,0,0,0,0,0,0,0,0,0,0,0,0,0,0,0,0,0,0,0,0,0,0,0,0,0,409.878,10730.2,29.9856,18.5853
Test,MI250X,256,16384,4194304,134217728,32768,10,4398.05,1073741824,0,0,0,0,0,0,0,0,0,0,0,0,0,4096,0,0,0,0,0,0,0,0,0,0,0,0,0,0,0,0,0,0,0,0,0,406.975,10806.7,2.99722,1.85769
Test,MI250X,256,16384,4194304,134217728,32768,10,8796.09,1073741824,0,0,0,0,0,0,0,0,0,0,0,0,0,0,0,0,0,0,0,0,8192,0,0,0,0,0,0,0,0,0,0,0,0,0,0,409.873,21460.5,4.24754,2.63265
Test,MI250X,256,16384,4194304,134217728,32768,10,4398.05,1073741824,0,0,0,0,0,0,0,0,0,0,0,0,0,0,0,0,0,0,0,0,0,0,0,0,0,0,0,4096,0,0,0,0,0,0,0,6171.34,712.656,0.0941677,0.0583657
Test,MI250X,256,16384,4194304,134217728,32768,10,4398.05,1073741824,0,0,0,0,0,0,0,0,0,0,0,0,0,0,0,0,0,0,0,0,0,0,0,0,0,0,0,0,0,0,0,0,0,0,4096,1780.34,2470.34,0.701386,0.434724
Test,MI300A,256,16384,4194304,1073741824,2,10,2.14748,1073741824,2,0,0,0,0,0,0,0,0,0,0,0,0,0,0,0,0,0,0,0,0,0,0,0,0,0,0,0,0,0,0,0,0,0,0,1.56841,1369.34,13.1762,8.16672
Test,MI300A,256,16384,4194304,1073741824,2,10,2.14748,1073741824,0,0,0,0,0,0,0,2,0,0,0,0,0,0,0,0,0,0,0,0,0,0,0,0,0,0,0,0,0,0,0,0,0,0,0,1.54738,1387.96,13.7874,8.54551
Test,MI300A,256,16384,4194304,1073741824,2,10,4.29497,1073741824,0,0,0,0,0,0,0,0,0,0,0,0,0,0,4,0,0,0,0,0,0,0,0,0,0,0,0,0,0,0,0,0,0,0,0,1.03893,4134.4,40.2129,24.9242
Test,MI300A,256,16384,4194304,1073741824,2,10,2.14748,1073741824,0,0,0,0,0,0,0,0,0,0,0,0,0,0,0,0,0,0,0,0,0,2,0,0,0,0,0,0,0,0,0,0,0,0,0,1.28751,1668.51,31.0041,19.2166
Test,MI300A,256,16384,4194304,1073741824,2,10,2.14748,1073741824,0,0,0,0,0,0,0,0,0,0,0,0,0,0,0,0,0,0,0,0,0,0,0,0,0,0,0,0,2,0,0,0,0,0,0,1.61112,1333.04,13.0265,8.07391
Test,MI300A,256,16384,4194304,536870912,2,10,1.07374,1073741824,0,1,0,0,0,0,0,0,0,0,0,0,0,0,0,0,0,0,0,0,0,0,0,0,0,0,0,0,0,0,0,0,0,0,0,1.044,1029.18,26.8985,16.6719
Test,MI300A,256,16384,4194304,536870912,2,10,1.07374,1073741824,0,0,0,0,0,0,0,0,1,0,0,0,0,0,0,0,0,0,0,0,0,0,0,0,0,0,0,0,0,0,0,0,0,0,0,1.0041,1069.64,17.4469,10.8137
Test,MI300A,256,16384,4194304,536870912,2,10,2.14748,1073741824,0,0,0,0,0,0,0,0,0,0,0,0,0,0,0,2,0,0,0,0,0,0,0,0,0,0,0,0,0,0,0,0,0,0,0,0.585283,3670.53,71.7721,44.4848
Test,MI300A,256,16384,4194304,536870912,2,10,1.07374,1073741824,0,0,0,0,0,0,0,0,0,0,0,0,0,0,0,0,0,0,0,0,0,0,1,0,0,0,0,0,0,0,0,0,0,0,0,0.721551,1488.85,33.059,20.4902
Test,MI300A,256,16384,4194304,536870912,2,10,1.07374,1073741824,0,0,0,0,0,0,0,0,0,0,0,0,0,0,0,0,0,0,0,0,0,0,0,0,0,0,0,0,0,1,0,0,0,0,0,1.07568,999.097,29.8158,18.48
Test,MI300A,256,16384,4194304,268435456,2,10,0.536871,1073741824,0,0,0.5,0,0,0,0,0,0,0,0,0,0,0,0,0,0,0,0,0,0,0,0,0,0,0,0,0,0,0,0,0,0,0,0,0.719195,746.877,16.7176,10.3617
Test,MI300A,256,16384,4194304,268435456,2,10,0.536871,1073741824,0,0,0,0,0,0,0,0,0,0.5,0,0,0,0,0,0,0,0,0,0,0,0,0,0,0,0,0,0,0,0,0,0,0,0,0,0.688279,781.15,29.2929,18.156
Test,MI300A,256,16384,4194304,268435456,2,10,1.07374,1073741824,0,0,0,0,0,0,0,0,0,0,0,0,0,0,0,0,1,0,0,0,0,0,0,0,0,0,0,0,0,0,0,0,0,0,0,0.395015,2718.9,42.297,26.216
Test,MI300A,256,16384,4194304,268435456,2,10,0.536871,1073741824,0,0,0,0,0,0,0,0,0,0,0,0,0,0,0,0,0,0,0,0,0,0,0,0.5,0,0,0,0,0,0,0,0,0,0,0,0.555143,969.442,48.4639,30.0382
Test,MI300A,256,16384,4194304,268435456,2,10,0.536871,1073741824,0,0,0,0,0,0,0,0,0,0,0,0,0,0,0,0,0,0,0,0,0,0,0,0,0,0,0,0,0,0,0.5,0,0,0,0,0.728963,737.757,30.0679,18.6363
Test,MI300A,256,16384,4194304,134217728,2,10,0.268435,1073741824,0,0,0,0.25,0,0,0,0,0,0,0,0,0,0,0,0,0,0,0,0,0,0,0,0,0,0,0,0,0,0,0,0,0,0,0,0.748771,358.766,9.75504,6.04624
Test,MI300A,256,16384,4194304,134217728,2,10,0.268435,1073741824,0,0,0,0,0,0,0,0,0,0,0.25,0,0,0,0,0,0,0,0,0,0,0,0,0,0,0,0,0,0,0,0,0,0,0,0,0.663779,405.002,15.4173,9.55576
Test,MI300A,256,16384,4194304,134217728,2,10,0.536871,1073741824,0,0,0,0,0,0,0,0,0,0,0,0,0,0,0,0,0,0.5,0,0,0,0,0,0,0,0,0,0,0,0,0,0,0,0,0,0.364551,1474.83,55.744,34.5505
Test,MI300A,256,16384,4194304,134217728,2,10,0.268435,1073741824,0,0,0,0,0,0,0,0,0,0,0,0,0,0,0,0,0,0,0,0,0,0,0,0,0.25,0,0,0,0,0,0,0,0,0,0,0.429171,627.076,31.793,19.7055
Test,MI300A,256,16384,4194304,134217728,2,10,0.268435,1073741824,0,0,0,0,0,0,0,0,0,0,0,0,0,0,0,0,0,0,0,0,0,0,0,0,0,0,0,0,0,0,0,0.25,0,0,0,0.745784,361.014,20.0087,12.4015
Test,MI300A,256,16384,4194304,536870912,2,10,1.07374,1073741824,0,0,0,0,1,0,0,0,0,0,0,0,0,0,0,0,0,0,0,0,0,0,0,0,0,0,0,0,0,0,0,0,0,0,0,0.572967,1874.91,41.3591,25.6347
Test,MI300A,256,16384,4194304,536870912,2,10,1.07374,1073741824,0,0,0,0,0,0,0,0,0,0,0,1,0,0,0,0,0,0,0,0,0,0,0,0,0,0,0,0,0,0,0,0,0,0,0,0.570943,1881.45,38.9661,24.1515
Test,MI300A,256,16384,4194304,536870912,2,10,2.14748,1073741824,0,0,0,0,0,0,0,0,0,0,0,0,0,0,0,0,0,0,2,0,0,0,0,0,0,0,0,0,0,0,0,0,0,0,0,0.625255,3436.29,77.3818,47.9617
Test,MI300A,256,16384,4194304,536870912,2,10,1.07374,1073741824,0,0,0,0,0,0,0,0,0,0,0,0,0,0,0,0,0,0,0,0,0,0,0,0,0,1,0,0,0,0,0,0,0,0,0,0.697467,1540.16,31.9747,19.8181
Test,MI300A,256,16384,4194304,536870912,2,10,1.07374,1073741824,0,0,0,0,0,0,0,0,0,0,0,0,0,0,0,0,0,0,0,0,0,0,0,0,0,0,0,0,0,0,0,0,1,0,0,1.05999,1013.16,13.7816,8.54192
Test,MI300A,256,16384,4194304,268435456,2,10,0.536871,1073741824,0,0,0,0,0,0.5,0,0,0,0,0,0,0,0,0,0,0,0,0,0,0,0,0,0,0,0,0,0,0,0,0,0,0,0,0,0.357959,1502.03,57.2001,35.453
Test,MI300A,256,16384,4194304,268435456,2,10,0.536871,1073741824,0,0,0,0,0,0,0,0,0,0,0,0,0.5,0,0,0,0,0,0,0,0,0,0,0,0,0,0,0,0,0,0,0,0,0,0,0.356615,1507.2,51.1117,31.6794
Test,MI300A,256,16384,4194304,268435456,2,10,1.07374,1073741824,0,0,0,0,0,0,0,0,0,0,0,0,0,0,0,0,0,0,0,1,0,0,0,0,0,0,0,0,0,0,0,0,0,0,0,0.358579,2998.94,118.451,73.4165
Test,MI300A,256,16384,4194304,268435456,2,10,0.536871,1073741824,0,0,0,0,0,0,0,0,0,0,0,0,0,0,0,0,0,0,0,0,0,0,0,0,0,0,0.5,0,0,0,0,0,0,0,0,0.557906,1046.18,206.545,128.018
Test,MI300A,256,16384,4194304,268435456,2,10,0.536871,1073741824,0,0,0,0,0,0,0,0,0,0,0,0,0,0,0,0,0,0,0,0,0,0,0,0,0,0,0,0,0,0,0,0,0,0.5,0,0.715535,751.646,31.2955,19.3971
Test,MI300A,256,16384,4194304,134217728,2,10,0.268435,1073741824,0,0,0,0,0,0,0.25,0,0,0,0,0,0,0,0,0,0,0,0,0,0,0,0,0,0,0,0,0,0,0,0,0,0,0,0,0.359195,748.628,31.8206,19.7226
Test,MI300A,256,16384,4194304,134217728,2,10,0.268435,1073741824,0,0,0,0,0,0,0,0,0,0,0,0,0,0.25,0,0,0,0,0,0,0,0,0,0,0,0,0,0,0,0,0,0,0,0,0,0.357491,751.433,20.3669,12.6235
Test,MI300A,256,16384,4194304,134217728,2,10,0.536871,1073741824,0,0,0,0,0,0,0,0,0,0,0,0,0,0,0,0,0,0,0,0,0.5,0,0,0,0,0,0,0,0,0,0,0,0,0,0,0.359799,1493.25,40.8514,25.3199
Test,MI300A,256,16384,4194304,134217728,2,10,0.268435,1073741824,0,0,0,0,0,0,0,0,0,0,0,0,0,0,0,0,0,0,0,0,0,0,0,0,0,0,0,0.25,0,0,0,0,0,0,0,0.404605,666.376,44.293,27.4531
Test,MI300A,256,16384,4194304,134217728,2,10,0.268435,1073741824,0,0,0,0,0,0,0,0,0,0,0,0,0,0,0,0,0,0,0,0,0,0,0,0,0,0,0,0,0,0,0,0,0,0,0.25,0.714799,377.618,28.4111,17.6094
Test,MI300A,256,16384,4194304,1073741824,4,10,4.29497,1073741824,4,0,0,0,0,0,0,0,0,0,0,0,0,0,0,0,0,0,0,0,0,0,0,0,0,0,0,0,0,0,0,0,0,0,0,1.55851,2756.13,29.1037,18.0387
Test,MI300A,256,16384,4194304,1073741824,4,10,4.29497,1073741824,0,0,0,0,0,0,0,4,0,0,0,0,0,0,0,0,0,0,0,0,0,0,0,0,0,0,0,0,0,0,0,0,0,0,0,1.55999,2753.5,28.6723,17.7713
Test,MI300A,256,16384,4194304,1073741824,4,10,8.58993,1073741824,0,0,0,0,0,0,0,0,0,0,0,0,0,0,8,0,0,0,0,0,0,0,0,0,0,0,0,0,0,0,0,0,0,0,0,1.13254,7693.64,782.661,485.099
Test,MI300A,256,16384,4194304,1073741824,4,10,4.29497,1073741824,0,0,0,0,0,0,0,0,0,0,0,0,0,0,0,0,0,0,0,0,0,4,0,0,0,0,0,0,0,0,0,0,0,0,0,1.75782,2445.88,78.494,48.6511
Test,MI300A,256,16384,4194304,1073741824,4,10,4.29497,1073741824,0,0,0,0,0,0,0,0,0,0,0,0,0,0,0,0,0,0,0,0,0,0,0,0,0,0,0,0,4,0,0,0,0,0,0,1.70388,2521.41,42.1367,26.1166
Test,MI300A,256,16384,4194304,536870912,4,10,2.14748,1073741824,0,2,0,0,0,0,0,0,0,0,0,0,0,0,0,0,0,0,0,0,0,0,0,0,0,0,0,0,0,0,0,0,0,0,0,1.06279,2054.52,223.567,138.568
Test,MI300A,256,16384,4194304,536870912,4,10,2.14748,1073741824,0,0,0,0,0,0,0,0,2,0,0,0,0,0,0,0,0,0,0,0,0,0,0,0,0,0,0,0,0,0,0,0,0,0,0,1.01088,2124.93,34.171,21.1794
Test,MI300A,256,16384,4194304,536870912,4,10,4.29497,1073741824,0,0,0,0,0,0,0,0,0,0,0,0,0,0,0,4,0,0,0,0,0,0,0,0,0,0,0,0,0,0,0,0,0,0,0,0.622371,6904.67,160.794,99.6612
Test,MI300A,256,16384,4194304,536870912,4,10,2.14748,1073741824,0,0,0,0,0,0,0,0,0,0,0,0,0,0,0,0,0,0,0,0,0,0,2,0,0,0,0,0,0,0,0,0,0,0,0,0.960454,2239.53,90.6868,56.2083
Test,MI300A,256,16384,4194304,536870912,4,10,2.14748,1073741824,0,0,0,0,0,0,0,0,0,0,0,0,0,0,0,0,0,0,0,0,0,0,0,0,0,0,0,0,0,2,0,0,0,0,0,1.11944,1918.93,32.653,20.2385
Test,MI300A,256,16384,4194304,268435456,4,10,1.07374,1073741824,0,0,1,0,0,0,0,0,0,0,0,0,0,0,0,0,0,0,0,0,0,0,0,0,0,0,0,0,0,0,0,0,0,0,0,0.698907,1537.95,49.3495,30.5871
Test,MI300A,256,16384,4194304,268435456,4,10,1.07374,1073741824,0,0,0,0,0,0,0,0,0,1,0,0,0,0,0,0,0,0,0,0,0,0,0,0,0,0,0,0,0,0,0,0,0,0,0,0.688243,1562.01,53.5531,33.1926
Test,MI300A,256,16384,4194304,268435456,4,10,2.14748,1073741824,0,0,0,0,0,0,0,0,0,0,0,0,0,0,0,0,2,0,0,0,0,0,0,0,0,0,0,0,0,0,0,0,0,0,0,0.417307,5149.38,128.588,79.6999
Test,MI300A,256,16384,4194304,268435456,4,10,1.07374,1073741824,0,0,0,0,0,0,0,0,0,0,0,0,0,0,0,0,0,0,0,0,0,0,0,1,0,0,0,0,0,0,0,0,0,0,0,0.874935,1232.63,78.9088,48.9082
Test,MI300A,256,16384,4194304,268435456,4,10,1.07374,1073741824,0,0,0,0,0,0,0,0,0,0,0,0,0,0,0,0,0,0,0,0,0,0,0,0,0,0,0,0,0,0,1,0,0,0,0,0.741627,1449.67,50.9412,31.5737
Test,MI300A,256,16384,4194304,134217728,4,10,0.536871,1073741824,0,0,0,0.5,0,0,0,0,0,0,0,0,0,0,0,0,0,0,0,0,0,0,0,0,0,0,0,0,0,0,0,0,0,0,0,0.769382,698.392,20.3294,12.6003
Test,MI300A,256,16384,4194304,134217728,4,10,0.536871,1073741824,0,0,0,0,0,0,0,0,0,0,0.5,0,0,0,0,0,0,0,0,0,0,0,0,0,0,0,0,0,0,0,0,0,0,0,0,0.669111,804.239,37.9396,23.5152
Test,MI300A,256,16384,4194304,134217728,4,10,1.07374,1073741824,0,0,0,0,0,0,0,0,0,0,0,0,0,0,0,0,0,1,0,0,0,0,0,0,0,0,0,0,0,0,0,0,0,0,0,0.380731,2825.34,119.79,74.2464
Test,MI300A,256,16384,4194304,134217728,4,10,0.536871,1073741824,0,0,0,0,0,0,0,0,0,0,0,0,0,0,0,0,0,0,0,0,0,0,0,0,0.5,0,0,0,0,0,0,0,0,0,0,0.579912,928.425,49.3746,30.6027
Test,MI300A,256,16384,4194304,134217728,4,10,0.536871,1073741824,0,0,0,0,0,0,0,0,0,0,0,0,0,0,0,0,0,0,0,0,0,0,0,0,0,0,0,0,0,0,0,0.5,0,0,0,0.87163,617.684,33.2392,20.6019
Test,MI300A,256,16384,4194304,536870912,4,10,2.14748,1073741824,0,0,0,0,2,0,0,0,0,0,0,0,0,0,0,0,0,0,0,0,0,0,0,0,0,0,0,0,0,0,0,0,0,0,0,0.584979,3673.26,90.6366,56.1771
Test,MI300A,256,16384,4194304,536870912,4,10,2.14748,1073741824,0,0,0,0,0,0,0,0,0,0,0,2,0,0,0,0,0,0,0,0,0,0,0,0,0,0,0,0,0,0,0,0,0,0,0,0.586407,3663.51,72.3543,44.8457
Test,MI300A,256,16384,4194304,536870912,4,10,4.29497,1073741824,0,0,0,0,0,0,0,0,0,0,0,0,0,0,0,0,0,0,4,0,0,0,0,0,0,0,0,0,0,0,0,0,0,0,0,0.650335,6606.84,131.805,81.6937
Test,MI300A,256,16384,4194304,536870912,4,10,2.14748,1073741824,0,0,0,0,0,0,0,0,0,0,0,0,0,0,0,0,0,0,0,0,0,0,0,0,0,2,0,0,0,0,0,0,0,0,0,0.915295,2350.96,105.975,65.684
Test,MI300A,256,16384,4194304,536870912,4,10,2.14748,1073741824,0,0,0,0,0,0,0,0,0,0,0,0,0,0,0,0,0,0,0,0,0,0,0,0,0,0,0,0,0,0,0,0,2,0,0,1.11171,1933.06,51.0747,31.6564
Test,MI300A,256,16384,4194304,268435456,4,10,1.07374,1073741824,0,0,0,0,0,1,0,0,0,0,0,0,0,0,0,0,0,0,0,0,0,0,0,0,0,0,0,0,0,0,0,0,0,0,0,0.362383,2966.11,97.0783,60.1697
Test,MI300A,256,16384,4194304,268435456,4,10,1.07374,1073741824,0,0,0,0,0,0,0,0,0,0,0,0,1,0,0,0,0,0,0,0,0,0,0,0,0,0,0,0,0,0,0,0,0,0,0,0.359419,2990.23,92.2758,57.1931
Test,MI300A,256,16384,4194304,268435456,4,10,2.14748,1073741824,0,0,0,0,0,0,0,0,0,0,0,0,0,0,0,0,0,0,0,2,0,0,0,0,0,0,0,0,0,0,0,0,0,0,0,0.371547,5785.37,177.923,110.278
Test,MI300A,256,16384,4194304,268435456,4,10,1.07374,1073741824,0,0,0,0,0,0,0,0,0,0,0,0,0,0,0,0,0,0,0,0,0,0,0,0,0,0,1,0,0,0,0,0,0,0,0,0.709142,1518.56,81.798,50.6989
Test,MI300A,256,16384,4194304,268435456,4,10,1.07374,1073741824,0,0,0,0,0,0,0,0,0,0,0,0,0,0,0,0,0,0,0,0,0,0,0,0,0,0,0,0,0,0,0,0,0,1,0,0.733959,1465.01,54.0758,33.5165
Test,MI300A,256,16384,4194304,134217728,4,10,0.536871,1073741824,0,0,0,0,0,0,0.5,0,0,0,0,0,0,0,0,0,0,0,0,0,0,0,0,0,0,0,0,0,0,0,0,0,0,0,0,0.359543,1495.01,52.3951,32.4748
Test,MI300A,256,16384,4194304,134217728,4,10,0.536871,1073741824,0,0,0,0,0,0,0,0,0,0,0,0,0,0.5,0,0,0,0,0,0,0,0,0,0,0,0,0,0,0,0,0,0,0,0,0,0.355455,1511.95,48.761,30.2224
Test,MI300A,256,16384,4194304,134217728,4,10,1.07374,1073741824,0,0,0,0,0,0,0,0,0,0,0,0,0,0,0,0,0,0,0,0,1,0,0,0,0,0,0,0,0,0,0,0,0,0,0,0.364723,2947.66,104.653,64.8649
Test,MI300A,256,16384,4194304,134217728,4,10,0.536871,1073741824,0,0,0,0,0,0,0,0,0,0,0,0,0,0,0,0,0,0,0,0,0,0,0,0,0,0,0,0.5,0,0,0,0,0,0,0,0.494402,1091.49,75.7013,46.9202
Test,MI300A,256,16384,4194304,134217728,4,10,0.536871,1073741824,0,0,0,0,0,0,0,0,0,0,0,0,0,0,0,0,0,0,0,0,0,0,0,0,0,0,0,0,0,0,0,0,0,0,0.5,0.676755,795.49,40.9898,25.4058
Test,MI300A,256,16384,4194304,1073741824,8,10,8.58993,1073741824,8,0,0,0,0,0,0,0,0,0,0,0,0,0,0,0,0,0,0,0,0,0,0,0,0,0,0,0,0,0,0,0,0,0,0,1.70674,5103.53,519.422,321.941
Test,MI300A,256,16384,4194304,1073741824,8,10,8.58993,1073741824,0,0,0,0,0,0,0,8,0,0,0,0,0,0,0,0,0,0,0,0,0,0,0,0,0,0,0,0,0,0,0,0,0,0,0,1.59366,5390.63,55.6693,34.5042
Test,MI300A,256,16384,4194304,1073741824,8,10,17.1799,1073741824,0,0,0,0,0,0,0,0,0,0,0,0,0,0,16,0,0,0,0,0,0,0,0,0,0,0,0,0,0,0,0,0,0,0,0,1.13496,15140.5,231.975,143.78
Test,MI300A,256,16384,4194304,1073741824,8,10,8.58993,1073741824,0,0,0,0,0,0,0,0,0,0,0,0,0,0,0,0,0,0,0,0,0,8,0,0,0,0,0,0,0,0,0,0,0,0,0,3.01057,2856.79,98.1611,60.8409
Test,MI300A,256,16384,4194304,1073741824,8,10,8.58993,1073741824,0,0,0,0,0,0,0,0,0,0,0,0,0,0,0,0,0,0,0,0,0,0,0,0,0,0,0,0,8,0,0,0,0,0,0,2.00875,4280.97,139.311,86.3458
Test,MI300A,256,16384,4194304,536870912,8,10,4.29497,1073741824,0,4,0,0,0,0,0,0,0,0,0,0,0,0,0,0,0,0,0,0,0,0,0,0,0,0,0,0,0,0,0,0,0,0,0,1.07453,3999.06,88.4903,54.8468
Test,MI300A,256,16384,4194304,536870912,8,10,4.29497,1073741824,0,0,0,0,0,0,0,0,4,0,0,0,0,0,0,0,0,0,0,0,0,0,0,0,0,0,0,0,0,0,0,0,0,0,0,1.02801,4179.24,72.7201,45.0724
Test,MI300A,256,16384,4194304,536870912,8,10,8.58993,1073741824,0,0,0,0,0,0,0,0,0,0,0,0,0,0,0,8,0,0,0,0,0,0,0,0,0,0,0,0,0,0,0,0,0,0,0,0.649518,13230.9,278.335,172.514
Test,MI300A,256,16384,4194304,536870912,8,10,4.29497,1073741824,0,0,0,0,0,0,0,0,0,0,0,0,0,0,0,0,0,0,0,0,0,0,4,0,0,0,0,0,0,0,0,0,0,0,0,1.70509,2539.26,214.941,133.222
Test,MI300A,256,16384,4194304,536870912,8,10,4.29497,1073741824,0,0,0,0,0,0,0,0,0,0,0,0,0,0,0,0,0,0,0,0,0,0,0,0,0,0,0,0,0,4,0,0,0,0,0,1.2351,3479.85,90.4888,56.0855
Test,MI300A,256,16384,4194304,268435456,8,10,2.14748,1073741824,0,0,2,0,0,0,0,0,0,0,0,0,0,0,0,0,0,0,0,0,0,0,0,0,0,0,0,0,0,0,0,0,0,0,0,0.761141,2825.68,107.959,66.9134
Test,MI300A,256,16384,4194304,268435456,8,10,2.14748,1073741824,0,0,0,0,0,0,0,0,0,2,0,0,0,0,0,0,0,0,0,0,0,0,0,0,0,0,0,0,0,0,0,0,0,0,0,0.701643,3064.2,102.574,63.5759
Test,MI300A,256,16384,4194304,268435456,8,10,4.29497,1073741824,0,0,0,0,0,0,0,0,0,0,0,0,0,0,0,0,4,0,0,0,0,0,0,0,0,0,0,0,0,0,0,0,0,0,0,0.424359,10128.5,273.833,169.723
Test,MI300A,256,16384,4194304,268435456,8,10,2.14748,1073741824,0,0,0,0,0,0,0,0,0,0,0,0,0,0,0,0,0,0,0,0,0,0,0,2,0,0,0,0,0,0,0,0,0,0,0,1.58977,1353.06,53.5046,33.1625
Test,MI300A,256,16384,4194304,268435456,8,10,2.14748,1073741824,0,0,0,0,0,0,0,0,0,0,0,0,0,0,0,0,0,0,0,0,0,0,0,0,0,0,0,0,0,0,2,0,0,0,0,0.832406,2582.8,87.7892,54.4123
Test,MI300A,256,16384,4194304,134217728,8,10,1.07374,1073741824,0,0,0,1,0,0,0,0,0,0,0,0,0,0,0,0,0,0,0,0,0,0,0,0,0,0,0,0,0,0,0,0,0,0,0,0.781426,1375.31,41.4734,25.7055
Test,MI300A,256,16384,4194304,134217728,8,10,1.07374,1073741824,0,0,0,0,0,0,0,0,0,0,1,0,0,0,0,0,0,0,0,0,0,0,0,0,0,0,0,0,0,0,0,0,0,0,0,0.687627,1563.37,52.4706,32.5216
Test,MI300A,256,16384,4194304,134217728,8,10,2.14748,1073741824,0,0,0,0,0,0,0,0,0,0,0,0,0,0,0,0,0,2,0,0,0,0,0,0,0,0,0,0,0,0,0,0,0,0,0,0.399112,5389.91,222.418,137.856
Test,MI300A,256,16384,4194304,134217728,8,10,1.07374,1073741824,0,0,0,0,0,0,0,0,0,0,0,0,0,0,0,0,0,0,0,0,0,0,0,0,1,0,0,0,0,0,0,0,0,0,0,0.982605,1097.41,69.3714,42.9969
Test,MI300A,256,16384,4194304,134217728,8,10,1.07374,1073741824,0,0,0,0,0,0,0,0,0,0,0,0,0,0,0,0,0,0,0,0,0,0,0,0,0,0,0,0,0,0,0,1,0,0,0,1.28024,843.42,60.3912,37.4308
Test,MI300A,256,16384,4194304,536870912,8,10,4.29497,1073741824,0,0,0,0,4,0,0,0,0,0,0,0,0,0,0,0,0,0,0,0,0,0,0,0,0,0,0,0,0,0,0,0,0,0,0,0.629295,6828.14,145.42,90.1325
Test,MI300A,256,16384,4194304,536870912,8,10,4.29497,1073741824,0,0,0,0,0,0,0,0,0,0,0,4,0,0,0,0,0,0,0,0,0,0,0,0,0,0,0,0,0,0,0,0,0,0,0,0.627703,6844.63,125.346,77.6905
Test,MI300A,256,16384,4194304,536870912,8,10,8.58993,1073741824,0,0,0,0,0,0,0,0,0,0,0,0,0,0,0,0,0,0,8,0,0,0,0,0,0,0,0,0,0,0,0,0,0,0,0,0.696215,12343,242.847,150.518
Test,MI300A,256,16384,4194304,536870912,8,10,4.29497,1073741824,0,0,0,0,0,0,0,0,0,0,0,0,0,0,0,0,0,0,0,0,0,0,0,0,0,4,0,0,0,0,0,0,0,0,0,1.57907,2723.37,95.9846,59.4919
Test,MI300A,256,16384,4194304,536870912,8,10,4.29497,1073741824,0,0,0,0,0,0,0,0,0,0,0,0,0,0,0,0,0,0,0,0,0,0,0,0,0,0,0,0,0,0,0,0,4,0,0,1.24311,3458.19,102.822,63.7297
Test,MI300A,256,16384,4194304,268435456,8,10,2.14748,1073741824,0,0,0,0,0,2,0,0,0,0,0,0,0,0,0,0,0,0,0,0,0,0,0,0,0,0,0,0,0,0,0,0,0,0,0,0.375383,5726.14,175.751,108.932
Test,MI300A,256,16384,4194304,268435456,8,10,2.14748,1073741824,0,0,0,0,0,0,0,0,0,0,0,0,2,0,0,0,0,0,0,0,0,0,0,0,0,0,0,0,0,0,0,0,0,0,0,0.368639,5834.57,227.823,141.206
Test,MI300A,256,16384,4194304,268435456,8,10,4.29497,1073741824,0,0,0,0,0,0,0,0,0,0,0,0,0,0,0,0,0,0,0,4,0,0,0,0,0,0,0,0,0,0,0,0,0,0,0,0.380939,11303.5,571.082,353.96
Test,MI300A,256,16384,4194304,268435456,8,10,2.14748,1073741824,0,0,0,0,0,0,0,0,0,0,0,0,0,0,0,0,0,0,0,0,0,0,0,0,0,0,2,0,0,0,0,0,0,0,0,1.33206,1659.85,237.689,147.321
Test,MI300A,256,16384,4194304,268435456,8,10,2.14748,1073741824,0,0,0,0,0,0,0,0,0,0,0,0,0,0,0,0,0,0,0,0,0,0,0,0,0,0,0,0,0,0,0,0,0,2,0,0.778627,2760.79,86.1329,53.3857
Test,MI300A,256,16384,4194304,134217728,8,10,1.07374,1073741824,0,0,0,0,0,0,1,0,0,0,0,0,0,0,0,0,0,0,0,0,0,0,0,0,0,0,0,0,0,0,0,0,0,0,0,0.369607,2908.12,92.8445,57.5456
Test,MI300A,256,16384,4194304,134217728,8,10,1.07374,1073741824,0,0,0,0,0,0,0,0,0,0,0,0,0,1,0,0,0,0,0,0,0,0,0,0,0,0,0,0,0,0,0,0,0,0,0,0.361495,2973.52,99.4955,61.6679
Test,MI300A,256,16384,4194304,134217728,8,10,2.14748,1073741824,0,0,0,0,0,0,0,0,0,0,0,0,0,0,0,0,0,0,0,0,2,0,0,0,0,0,0,0,0,0,0,0,0,0,0,0.367075,5857.61,205.731,127.514
Test,MI300A,256,16384,4194304,134217728,8,10,1.07374,1073741824,0,0,0,0,0,0,0,0,0,0,0,0,0,0,0,0,0,0,0,0,0,0,0,0,0,0,0,1,0,0,0,0,0,0,0,0.768218,1405.78,106.779,66.1821
Test,MI300A,256,16384,4194304,134217728,8,10,1.07374,1073741824,0,0,0,0,0,0,0,0,0,0,0,0,0,0,0,0,0,0,0,0,0,0,0,0,0,0,0,0,0,0,0,0,0,0,1,0.707783,1520.21,67.8337,42.0438
Test,MI300A,256,16384,4194304,1073741824,16,10,17.1799,1073741824,16,0,0,0,0,0,0,0,0,0,0,0,0,0,0,0,0,0,0,0,0,0,0,0,0,0,0,0,0,0,0,0,0,0,0,1.6414,10468,120.448,74.6545
Test,MI300A,256,16384,4194304,1073741824,16,10,17.1799,1073741824,0,0,0,0,0,0,0,16,0,0,0,0,0,0,0,0,0,0,0,0,0,0,0,0,0,0,0,0,0,0,0,0,0,0,0,1.64338,10455.4,120.701,74.8112
Test,MI300A,256,16384,4194304,1073741824,16,10,34.3597,1073741824,0,0,0,0,0,0,0,0,0,0,0,0,0,0,32,0,0,0,0,0,0,0,0,0,0,0,0,0,0,0,0,0,0,0,0,1.27476,27328,2743.86,1700.66
Test,MI300A,256,16384,4194304,1073741824,16,10,17.1799,1073741824,0,0,0,0,0,0,0,0,0,0,0,0,0,0,0,0,0,0,0,0,0,16,0,0,0,0,0,0,0,0,0,0,0,0,0,5.6432,3050.18,130.024,80.5898
Test,MI300A,256,16384,4194304,1073741824,16,10,17.1799,1073741824,0,0,0,0,0,0,0,0,0,0,0,0,0,0,0,0,0,0,0,0,0,0,0,0,0,0,0,0,16,0,0,0,0,0,0,3.29303,5222.98,171.818,106.494
Test,MI300A,256,16384,4194304,536870912,16,10,8.58993,1073741824,0,8,0,0,0,0,0,0,0,0,0,0,0,0,0,0,0,0,0,0,0,0,0,0,0,0,0,0,0,0,0,0,0,0,0,1.09301,7863.48,187.416,116.162
Test,MI300A,256,16384,4194304,536870912,16,10,8.58993,1073741824,0,0,0,0,0,0,0,0,8,0,0,0,0,0,0,0,0,0,0,0,0,0,0,0,0,0,0,0,0,0,0,0,0,0,0,1.06745,8049.3,132.539,82.1485
Test,MI300A,256,16384,4194304,536870912,16,10,17.1799,1073741824,0,0,0,0,0,0,0,0,0,0,0,0,0,0,0,16,0,0,0,0,0,0,0,0,0,0,0,0,0,0,0,0,0,0,0,0.698267,24611.7,445.124,275.891
Test,MI300A,256,16384,4194304,536870912,16,10,8.58993,1073741824,0,0,0,0,0,0,0,0,0,0,0,0,0,0,0,0,0,0,0,0,0,0,8,0,0,0,0,0,0,0,0,0,0,0,0,2.99145,2875.87,109.29,67.7389
Test,MI300A,256,16384,4194304,536870912,16,10,8.58993,1073741824,0,0,0,0,0,0,0,0,0,0,0,0,0,0,0,0,0,0,0,0,0,0,0,0,0,0,0,0,0,8,0,0,0,0,0,1.82136,4721.02,151.762,94.063
Test,MI300A,256,16384,4194304,268435456,16,10,4.29497,1073741824,0,0,4,0,0,0,0,0,0,0,0,0,0,0,0,0,0,0,0,0,0,0,0,0,0,0,0,0,0,0,0,0,0,0,0,0.756571,5683.99,196.209,121.612
Test,MI300A,256,16384,4194304,268435456,16,10,4.29497,1073741824,0,0,0,0,0,0,0,0,0,4,0,0,0,0,0,0,0,0,0,0,0,0,0,0,0,0,0,0,0,0,0,0,0,0,0,0.728611,5902.22,204.603,126.815
Test,MI300A,256,16384,4194304,268435456,16,10,8.58993,1073741824,0,0,0,0,0,0,0,0,0,0,0,0,0,0,0,0,8,0,0,0,0,0,0,0,0,0,0,0,0,0,0,0,0,0,0,0.455675,18864.3,500.02,309.916
Test,MI300A,256,16384,4194304,268435456,16,10,4.29497,1073741824,0,0,0,0,0,0,0,0,0,0,0,0,0,0,0,0,0,0,0,0,0,0,0,4,0,0,0,0,0,0,0,0,0,0,0,2.95073,1457.11,46.4674,28.8008
Test,MI300A,256,16384,4194304,268435456,16,10,4.29497,1073741824,0,0,0,0,0,0,0,0,0,0,0,0,0,0,0,0,0,0,0,0,0,0,0,0,0,0,0,0,0,0,4,0,0,0,0,1.03601,4156.76,210.877,130.703
Test,MI300A,256,16384,4194304,134217728,16,10,2.14748,1073741824,0,0,0,2,0,0,0,0,0,0,0,0,0,0,0,0,0,0,0,0,0,0,0,0,0,0,0,0,0,0,0,0,0,0,0,0.789886,2720.56,70.1161,43.4584
Test,MI300A,256,16384,4194304,134217728,16,10,2.14748,1073741824,0,0,0,0,0,0,0,0,0,0,2,0,0,0,0,0,0,0,0,0,0,0,0,0,0,0,0,0,0,0,0,0,0,0,0,0.724954,2969.32,142.224,88.1516
Test,MI300A,256,16384,4194304,134217728,16,10,4.29497,1073741824,0,0,0,0,0,0,0,0,0,0,0,0,0,0,0,0,0,4,0,0,0,0,0,0,0,0,0,0,0,0,0,0,0,0,0,0.49009,8782.35,403.516,250.102
Test,MI300A,256,16384,4194304,134217728,16,10,2.14748,1073741824,0,0,0,0,0,0,0,0,0,0,0,0,0,0,0,0,0,0,0,0,0,0,0,0,2,0,0,0,0,0,0,0,0,0,0,1.76544,1217.78,40.0691,24.8351
Test,MI300A,256,16384,4194304,134217728,16,10,2.14748,1073741824,0,0,0,0,0,0,0,0,0,0,0,0,0,0,0,0,0,0,0,0,0,0,0,0,0,0,0,0,0,0,0,2,0,0,0,2.27682,945.782,47.1156,29.2025
Test,MI300A,256,16384,4194304,536870912,16,10,8.58993,1073741824,0,0,0,0,8,0,0,0,0,0,0,0,0,0,0,0,0,0,0,0,0,0,0,0,0,0,0,0,0,0,0,0,0,0,0,0.662363,12977,323.366,200.424
Test,MI300A,256,16384,4194304,536870912,16,10,8.58993,1073741824,0,0,0,0,0,0,0,0,0,0,0,8,0,0,0,0,0,0,0,0,0,0,0,0,0,0,0,0,0,0,0,0,0,0,0,0.665587,12910.5,247.623,153.478
Test,MI300A,256,16384,4194304,536870912,16,10,17.1799,1073741824,0,0,0,0,0,0,0,0,0,0,0,0,0,0,0,0,0,0,16,0,0,0,0,0,0,0,0,0,0,0,0,0,0,0,0,0.881974,19514.9,843.794,522.989
Test,MI300A,256,16384,4194304,536870912,16,10,8.58993,1073741824,0,0,0,0,0,0,0,0,0,0,0,0,0,0,0,0,0,0,0,0,0,0,0,0,0,8,0,0,0,0,0,0,0,0,0,2.85357,3032.07,231.768,143.651
Test,MI300A,256,16384,4194304,536870912,16,10,8.58993,1073741824,0,0,0,0,0,0,0,0,0,0,0,0,0,0,0,0,0,0,0,0,0,0,0,0,0,0,0,0,0,0,0,0,8,0,0,1.87054,4603.04,221.025,136.993
Test,MI300A,256,16384,4194304,268435456,16,10,4.29497,1073741824,0,0,0,0,0,4,0,0,0,0,0,0,0,0,0,0,0,0,0,0,0,0,0,0,0,0,0,0,0,0,0,0,0,0,0,0.416262,10350.2,578.217,358.383
Test,MI300A,256,16384,4194304,268435456,16,10,4.29497,1073741824,0,0,0,0,0,0,0,0,0,0,0,0,4,0,0,0,0,0,0,0,0,0,0,0,0,0,0,0,0,0,0,0,0,0,0,0.394831,10895.6,437.278,271.028
Test,MI300A,256,16384,4194304,268435456,16,10,8.58993,1073741824,0,0,0,0,0,0,0,0,0,0,0,0,0,0,0,0,0,0,0,8,0,0,0,0,0,0,0,0,0,0,0,0,0,0,0,0.407342,21154.9,1177.98,730.118
Test,MI300A,256,16384,4194304,268435456,16,10,4.29497,1073741824,0,0,0,0,0,0,0,0,0,0,0,0,0,0,0,0,0,0,0,0,0,0,0,0,0,0,4,0,0,0,0,0,0,0,0,2.39691,1812.94,174.437,108.117
Test,MI300A,256,16384,4194304,268435456,16,10,4.29497,1073741824,0,0,0,0,0,0,0,0,0,0,0,0,0,0,0,0,0,0,0,0,0,0,0,0,0,0,0,0,0,0,0,0,0,4,0,0.962783,4467.65,169.666,105.16
Test,MI300A,256,16384,4194304,134217728,16,10,2.14748,1073741824,0,0,0,0,0,0,2,0,0,0,0,0,0,0,0,0,0,0,0,0,0,0,0,0,0,0,0,0,0,0,0,0,0,0,0,0.382264,5628.75,245.944,152.438
Test,MI300A,256,16384,4194304,134217728,16,10,2.14748,1073741824,0,0,0,0,0,0,0,0,0,0,0,0,0,2,0,0,0,0,0,0,0,0,0,0,0,0,0,0,0,0,0,0,0,0,0,0.369511,5819.57,214.183,132.752
Test,MI300A,256,16384,4194304,134217728,16,10,4.29497,1073741824,0,0,0,0,0,0,0,0,0,0,0,0,0,0,0,0,0,0,0,0,4,0,0,0,0,0,0,0,0,0,0,0,0,0,0,0.392559,10960.3,463.017,286.981
Test,MI300A,256,16384,4194304,134217728,16,10,2.14748,1073741824,0,0,0,0,0,0,0,0,0,0,0,0,0,0,0,0,0,0,0,0,0,0,0,0,0,0,0,2,0,0,0,0,0,0,0,1.35157,1594.37,89.5452,55.5007
Test,MI300A,256,16384,4194304,134217728,16,10,2.14748,1073741824,0,0,0,0,0,0,0,0,0,0,0,0,0,0,0,0,0,0,0,0,0,0,0,0,0,0,0,0,0,0,0,0,0,0,2,0.72167,2989.01,193.128,119.702
Test,MI300A,256,16384,4194304,1073741824,32,10,34.3597,1073741824,32,0,0,0,0,0,0,0,0,0,0,0,0,0,0,0,0,0,0,0,0,0,0,0,0,0,0,0,0,0,0,0,0,0,0,1.8587,18500,501.009,310.529
Test,MI300A,256,16384,4194304,1073741824,32,10,34.3597,1073741824,0,0,0,0,0,0,0,32,0,0,0,0,0,0,0,0,0,0,0,0,0,0,0,0,0,0,0,0,0,0,0,0,0,0,0,1.81694,19047.2,1444.81,895.505
Test,MI300A,256,16384,4194304,1073741824,32,10,68.7195,1073741824,0,0,0,0,0,0,0,0,0,0,0,0,0,0,64,0,0,0,0,0,0,0,0,0,0,0,0,0,0,0,0,0,0,0,0,1.57168,43765.3,1338.71,829.738
Test,MI300A,256,16384,4194304,1073741824,32,10,34.3597,1073741824,0,0,0,0,0,0,0,0,0,0,0,0,0,0,0,0,0,0,0,0,0,32,0,0,0,0,0,0,0,0,0,0,0,0,0,10.5259,3264.41,17.422,10.7983
Test,MI300A,256,16384,4194304,1073741824,32,10,34.3597,1073741824,0,0,0,0,0,0,0,0,0,0,0,0,0,0,0,0,0,0,0,0,0,0,0,0,0,0,0,0,32,0,0,0,0,0,0,5.89844,5826.98,99.8922,61.9138
Test,MI300A,256,16384,4194304,536870912,32,10,17.1799,1073741824,0,16,0,0,0,0,0,0,0,0,0,0,0,0,0,0,0,0,0,0,0,0,0,0,0,0,0,0,0,0,0,0,0,0,0,1.24821,13775.6,407.498,252.57
Test,MI300A,256,16384,4194304,536870912,32,10,17.1799,1073741824,0,0,0,0,0,0,0,0,16,0,0,0,0,0,0,0,0,0,0,0,0,0,0,0,0,0,0,0,0,0,0,0,0,0,0,1.13947,15084.4,331.188,205.273
Test,MI300A,256,16384,4194304,536870912,32,10,34.3597,1073741824,0,0,0,0,0,0,0,0,0,0,0,0,0,0,0,32,0,0,0,0,0,0,0,0,0,0,0,0,0,0,0,0,0,0,0,0.872303,39442.1,1424.63,882.992
Test,MI300A,256,16384,4194304,536870912,32,10,17.1799,1073741824,0,0,0,0,0,0,0,0,0,0,0,0,0,0,0,0,0,0,0,0,0,0,16,0,0,0,0,0,0,0,0,0,0,0,0,5.54783,3097.75,56.7977,35.2036
Test,MI300A,256,16384,4194304,536870912,32,10,17.1799,1073741824,0,0,0,0,0,0,0,0,0,0,0,0,0,0,0,0,0,0,0,0,0,0,0,0,0,0,0,0,0,16,0,0,0,0,0,3.24718,5298.11,191.259,118.544
Test,MI300A,256,16384,4194304,268435456,32,10,8.58993,1073741824,0,0,8,0,0,0,0,0,0,0,0,0,0,0,0,0,0,0,0,0,0,0,0,0,0,0,0,0,0,0,0,0,0,0,0,0.851351,10111.5,453.855,281.302
Test,MI300A,256,16384,4194304,268435456,32,10,8.58993,1073741824,0,0,0,0,0,0,0,0,0,8,0,0,0,0,0,0,0,0,0,0,0,0,0,0,0,0,0,0,0,0,0,0,0,0,0,0.766367,11225.7,427.941,265.241
Test,MI300A,256,16384,4194304,268435456,32,10,17.1799,1073741824,0,0,0,0,0,0,0,0,0,0,0,0,0,0,0,0,16,0,0,0,0,0,0,0,0,0,0,0,0,0,0,0,0,0,0,0.552691,31140.6,1314.94,815.009
Test,MI300A,256,16384,4194304,268435456,32,10,8.58993,1073741824,0,0,0,0,0,0,0,0,0,0,0,0,0,0,0,0,0,0,0,0,0,0,0,8,0,0,0,0,0,0,0,0,0,0,0,5.71235,1506.08,57.7484,35.7928
Test,MI300A,256,16384,4194304,268435456,32,10,8.58993,1073741824,0,0,0,0,0,0,0,0,0,0,0,0,0,0,0,0,0,0,0,0,0,0,0,0,0,0,0,0,0,0,8,0,0,0,0,1.70859,5045.12,281.249,174.32
Test,MI300A,256,16384,4194304,134217728,32,10,4.29497,1073741824,0,0,0,4,0,0,0,0,0,0,0,0,0,0,0,0,0,0,0,0,0,0,0,0,0,0,0,0,0,0,0,0,0,0,0,0.985981,4444.45,598.363,370.869
Test,MI300A,256,16384,4194304,134217728,32,10,4.29497,1073741824,0,0,0,0,0,0,0,0,0,0,4,0,0,0,0,0,0,0,0,0,0,0,0,0,0,0,0,0,0,0,0,0,0,0,0,0.953101,4520.35,247.074,153.138
Test,MI300A,256,16384,4194304,134217728,32,10,8.58993,1073741824,0,0,0,0,0,0,0,0,0,0,0,0,0,0,0,0,0,8,0,0,0,0,0,0,0,0,0,0,0,0,0,0,0,0,0,0.801051,10785.8,795.904,493.306
Test,MI300A,256,16384,4194304,134217728,32,10,4.29497,1073741824,0,0,0,0,0,0,0,0,0,0,0,0,0,0,0,0,0,0,0,0,0,0,0,0,4,0,0,0,0,0,0,0,0,0,0,3.24324,1325.6,40.7426,25.2526
Test,MI300A,256,16384,4194304,134217728,32,10,4.29497,1073741824,0,0,0,0,0,0,0,0,0,0,0,0,0,0,0,0,0,0,0,0,0,0,0,0,0,0,0,0,0,0,0,4,0,0,0,4.4828,961.979,56.4086,34.9624
Test,MI300A,256,16384,4194304,536870912,32,10,17.1799,1073741824,0,0,0,0,16,0,0,0,0,0,0,0,0,0,0,0,0,0,0,0,0,0,0,0,0,0,0,0,0,0,0,0,0,0,0,0.759003,22650.7,599.395,371.509
Test,MI300A,256,16384,4194304,536870912,32,10,17.1799,1073741824,0,0,0,0,0,0,0,0,0,0,0,16,0,0,0,0,0,0,0,0,0,0,0,0,0,0,0,0,0,0,0,0,0,0,0,0.732407,23464.8,427.822,265.167
Test,MI300A,256,16384,4194304,536870912,32,10,34.3597,1073741824,0,0,0,0,0,0,0,0,0,0,0,0,0,0,0,0,0,0,32,0,0,0,0,0,0,0,0,0,0,0,0,0,0,0,0,1.47499,23334.8,965.296,598.297
Test,MI300A,256,16384,4194304,536870912,32,10,17.1799,1073741824,0,0,0,0,0,0,0,0,0,0,0,0,0,0,0,0,0,0,0,0,0,0,0,0,0,16,0,0,0,0,0,0,0,0,0,5.29537,3244.72,35.4735,21.9867
Test,MI300A,256,16384,4194304,536870912,32,10,17.1799,1073741824,0,0,0,0,0,0,0,0,0,0,0,0,0,0,0,0,0,0,0,0,0,0,0,0,0,0,0,0,0,0,0,0,16,0,0,3.3638,5113.23,170.261,105.529
Test,MI300A,256,16384,4194304,268435456,32,10,8.58993,1073741824,0,0,0,0,0,8,0,0,0,0,0,0,0,0,0,0,0,0,0,0,0,0,0,0,0,0,0,0,0,0,0,0,0,0,0,0.491723,18339.5,3192.06,1978.46
Test,MI300A,256,16384,4194304,268435456,32,10,8.58993,1073741824,0,0,0,0,0,0,0,0,0,0,0,0,8,0,0,0,0,0,0,0,0,0,0,0,0,0,0,0,0,0,0,0,0,0,0,0.41093,21003.2,1436.95,890.629
Test,MI300A,256,16384,4194304,268435456,32,10,17.1799,1073741824,0,0,0,0,0,0,0,0,0,0,0,0,0,0,0,0,0,0,0,16,0,0,0,0,0,0,0,0,0,0,0,0,0,0,0,0.453348,38232.1,3491.12,2163.82
Test,MI300A,256,16384,4194304,268435456,32,10,8.58993,1073741824,0,0,0,0,0,0,0,0,0,0,0,0,0,0,0,0,0,0,0,0,0,0,0,0,0,0,8,0,0,0,0,0,0,0,0,4.35369,1980.5,113.215,70.1717
Test,MI300A,256,16384,4194304,268435456,32,10,8.58993,1073741824,0,0,0,0,0,0,0,0,0,0,0,0,0,0,0,0,0,0,0,0,0,0,0,0,0,0,0,0,0,0,0,0,0,8,0,1.38887,6204.93,340.701,211.168
Test,MI300A,256,16384,4194304,134217728,32,10,4.29497,1073741824,0,0,0,0,0,0,4,0,0,0,0,0,0,0,0,0,0,0,0,0,0,0,0,0,0,0,0,0,0,0,0,0,0,0,0,0.418715,10284.5,525.959,325.993
Test,MI300A,256,16384,4194304,134217728,32,10,4.29497,1073741824,0,0,0,0,0,0,0,0,0,0,0,0,0,4,0,0,0,0,0,0,0,0,0,0,0,0,0,0,0,0,0,0,0,0,0,0.408762,10534.9,540.312,334.889
Test,MI300A,256,16384,4194304,134217728,32,10,8.58993,1073741824,0,0,0,0,0,0,0,0,0,0,0,0,0,0,0,0,0,0,0,0,8,0,0,0,0,0,0,0,0,0,0,0,0,0,0,0.407393,21183.9,1420.48,880.42
Test,MI300A,256,16384,4194304,134217728,32,10,4.29497,1073741824,0,0,0,0,0,0,0,0,0,0,0,0,0,0,0,0,0,0,0,0,0,0,0,0,0,0,0,4,0,0,0,0,0,0,0,2.53664,1695.05,54.8192,33.9773
Test,MI300A,256,16384,4194304,134217728,32,10,4.29497,1073741824,0,0,0,0,0,0,0,0,0,0,0,0,0,0,0,0,0,0,0,0,0,0,0,0,0,0,0,0,0,0,0,0,0,0,4,0.912788,4719.94,266.565,165.219
Test,MI300A,256,16384,4194304,1073741824,64,10,68.7195,1073741824,64,0,0,0,0,0,0,0,0,0,0,0,0,0,0,0,0,0,0,0,0,0,0,0,0,0,0,0,0,0,0,0,0,0,0,2.10281,32709.1,952.947,590.642
Test,MI300A,256,16384,4194304,1073741824,64,10,68.7195,1073741824,0,0,0,0,0,0,0,64,0,0,0,0,0,0,0,0,0,0,0,0,0,0,0,0,0,0,0,0,0,0,0,0,0,0,0,2.08551,32987.6,1061.34,657.828
Test,MI300A,256,16384,4194304,1073741824,64,10,137.439,1073741824,0,0,0,0,0,0,0,0,0,0,0,0,0,0,128,0,0,0,0,0,0,0,0,0,0,0,0,0,0,0,0,0,0,0,0,2.6728,51507.5,2105.91,1305.26
Test,MI300A,256,16384,4194304,1073741824,64,10,68.7195,1073741824,0,0,0,0,0,0,0,0,0,0,0,0,0,0,0,0,0,0,0,0,0,64,0,0,0,0,0,0,0,0,0,0,0,0,0,20.8926,3289.32,21.9543,13.6074
Test,MI300A,256,16384,4194304,1073741824,64,10,68.7195,1073741824,0,0,0,0,0,0,0,0,0,0,0,0,0,0,0,0,0,0,0,0,0,0,0,0,0,0,0,0,64,0,0,0,0,0,0,11.0669,6209.88,49.9401,30.9532
Test,MI300A,256,16384,4194304,536870912,64,10,34.3597,1073741824,0,32,0,0,0,0,0,0,0,0,0,0,0,0,0,0,0,0,0,0,0,0,0,0,0,0,0,0,0,0,0,0,0,0,0,1.32405,25981.2,900.233,557.97
Test,MI300A,256,16384,4194304,536870912,64,10,34.3597,1073741824,0,0,0,0,0,0,0,0,32,0,0,0,0,0,0,0,0,0,0,0,0,0,0,0,0,0,0,0,0,0,0,0,0,0,0,1.31745,26505.3,2854.18,1769.04
Test,MI300A,256,16384,4194304,536870912,64,10,68.7195,1073741824,0,0,0,0,0,0,0,0,0,0,0,0,0,0,0,64,0,0,0,0,0,0,0,0,0,0,0,0,0,0,0,0,0,0,0,1.46259,47039.6,1580.47,979.588
Test,MI300A,256,16384,4194304,536870912,64,10,34.3597,1073741824,0,0,0,0,0,0,0,0,0,0,0,0,0,0,0,0,0,0,0,0,0,0,32,0,0,0,0,0,0,0,0,0,0,0,0,10.8665,3163.22,60.9462,37.7748
Test,MI300A,256,16384,4194304,536870912,64,10,34.3597,1073741824,0,0,0,0,0,0,0,0,0,0,0,0,0,0,0,0,0,0,0,0,0,0,0,0,0,0,0,0,0,32,0,0,0,0,0,5.96482,5762.44,106.718,66.1443
Test,MI300A,256,16384,4194304,268435456,64,10,17.1799,1073741824,0,0,16,0,0,0,0,0,0,0,0,0,0,0,0,0,0,0,0,0,0,0,0,0,0,0,0,0,0,0,0,0,0,0,0,0.910311,18914.7,858.387,532.034
Test,MI300A,256,16384,4194304,268435456,64,10,17.1799,1073741824,0,0,0,0,0,0,0,0,0,16,0,0,0,0,0,0,0,0,0,0,0,0,0,0,0,0,0,0,0,0,0,0,0,0,0,0.864127,19899.6,609.554,377.806
Test,MI300A,256,16384,4194304,268435456,64,10,34.3597,1073741824,0,0,0,0,0,0,0,0,0,0,0,0,0,0,0,0,32,0,0,0,0,0,0,0,0,0,0,0,0,0,0,0,0,0,0,0.852879,40426.3,2327.55,1442.63
Test,MI300A,256,16384,4194304,268435456,64,10,17.1799,1073741824,0,0,0,0,0,0,0,0,0,0,0,0,0,0,0,0,0,0,0,0,0,0,0,16,0,0,0,0,0,0,0,0,0,0,0,10.7118,1604.07,19.4606,12.0618
Test,MI300A,256,16384,4194304,268435456,64,10,17.1799,1073741824,0,0,0,0,0,0,0,0,0,0,0,0,0,0,0,0,0,0,0,0,0,0,0,0,0,0,0,0,0,0,16,0,0,0,0,3.1458,5468.03,188.158,116.621
Test,MI300A,256,16384,4194304,134217728,64,10,8.58993,1073741824,0,0,0,8,0,0,0,0,0,0,0,0,0,0,0,0,0,0,0,0,0,0,0,0,0,0,0,0,0,0,0,0,0,0,0,1.05837,8143.88,500.582,310.264
Test,MI300A,256,16384,4194304,134217728,64,10,8.58993,1073741824,0,0,0,0,0,0,0,0,0,0,8,0,0,0,0,0,0,0,0,0,0,0,0,0,0,0,0,0,0,0,0,0,0,0,0,1.52971,5631.19,288.549,178.845
Test,MI300A,256,16384,4194304,134217728,64,10,17.1799,1073741824,0,0,0,0,0,0,0,0,0,0,0,0,0,0,0,0,0,16,0,0,0,0,0,0,0,0,0,0,0,0,0,0,0,0,0,1.58461,11448.1,2037.16,1262.64
Test,MI300A,256,16384,4194304,134217728,64,10,8.58993,1073741824,0,0,0,0,0,0,0,0,0,0,0,0,0,0,0,0,0,0,0,0,0,0,0,0,8,0,0,0,0,0,0,0,0,0,0,6.28268,1367.68,24.2536,15.0326
Test,MI300A,256,16384,4194304,134217728,64,10,8.58993,1073741824,0,0,0,0,0,0,0,0,0,0,0,0,0,0,0,0,0,0,0,0,0,0,0,0,0,0,0,0,0,0,0,8,0,0,0,8.26414,1043.74,62.0574,38.4636
Test,MI300A,256,16384,4194304,536870912,64,10,34.3597,1073741824,0,0,0,0,32,0,0,0,0,0,0,0,0,0,0,0,0,0,0,0,0,0,0,0,0,0,0,0,0,0,0,0,0,0,0,0.964419,35670,1215.93,753.644
Test,MI300A,256,16384,4194304,536870912,64,10,34.3597,1073741824,0,0,0,0,0,0,0,0,0,0,0,32,0,0,0,0,0,0,0,0,0,0,0,0,0,0,0,0,0,0,0,0,0,0,0,0.936147,36777.4,1621.61,1005.09
Test,MI300A,256,16384,4194304,536870912,64,10,68.7195,1073741824,0,0,0,0,0,0,0,0,0,0,0,0,0,0,0,0,0,0,64,0,0,0,0,0,0,0,0,0,0,0,0,0,0,0,0,2.60046,26458.9,917.677,568.782
Test,MI300A,256,16384,4194304,536870912,64,10,34.3597,1073741824,0,0,0,0,0,0,0,0,0,0,0,0,0,0,0,0,0,0,0,0,0,0,0,0,0,32,0,0,0,0,0,0,0,0,0,10.4805,3278.44,1.27715,0.791585
Test,MI300A,256,16384,4194304,536870912,64,10,34.3597,1073741824,0,0,0,0,0,0,0,0,0,0,0,0,0,0,0,0,0,0,0,0,0,0,0,0,0,0,0,0,0,0,0,0,32,0,0,6.17104,5579.96,250.044,154.979
Test,MI300A,256,16384,4194304,268435456,64,10,17.1799,1073741824,0,0,0,0,0,16,0,0,0,0,0,0,0,0,0,0,0,0,0,0,0,0,0,0,0,0,0,0,0,0,0,0,0,0,0,0.620913,28017.3,3068.5,1901.88
Test,MI300A,256,16384,4194304,268435456,64,10,17.1799,1073741824,0,0,0,0,0,0,0,0,0,0,0,0,16,0,0,0,0,0,0,0,0,0,0,0,0,0,0,0,0,0,0,0,0,0,0,0.547275,31516.7,1919.01,1189.42
Test,MI300A,256,16384,4194304,268435456,64,10,34.3597,1073741824,0,0,0,0,0,0,0,0,0,0,0,0,0,0,0,0,0,0,0,32,0,0,0,0,0,0,0,0,0,0,0,0,0,0,0,0.650299,53332.2,4878.82,3023.92
Test,MI300A,256,16384,4194304,268435456,64,10,17.1799,1073741824,0,0,0,0,0,0,0,0,0,0,0,0,0,0,0,0,0,0,0,0,0,0,0,0,0,0,16,0,0,0,0,0,0,0,0,8.54939,2015.48,105.535,65.4114
Test,MI300A,256,16384,4194304,268435456,64,10,17.1799,1073741824,0,0,0,0,0,0,0,0,0,0,0,0,0,0,0,0,0,0,0,0,0,0,0,0,0,0,0,0,0,0,0,0,0,16,0,2.53598,6787.63,293.697,182.035
Test,MI300A,256,16384,4194304,134217728,64,10,8.58993,1073741824,0,0,0,0,0,0,8,0,0,0,0,0,0,0,0,0,0,0,0,0,0,0,0,0,0,0,0,0,0,0,0,0,0,0,0,0.46321,18682.4,1607.4,996.279
Test,MI300A,256,16384,4194304,134217728,64,10,8.58993,1073741824,0,0,0,0,0,0,0,0,0,0,0,0,0,8,0,0,0,0,0,0,0,0,0,0,0,0,0,0,0,0,0,0,0,0,0,0.441447,19643.3,1861.78,1153.95
Test,MI300A,256,16384,4194304,134217728,64,10,17.1799,1073741824,0,0,0,0,0,0,0,0,0,0,0,0,0,0,0,0,0,0,0,0,16,0,0,0,0,0,0,0,0,0,0,0,0,0,0,0.537444,32056.8,1697.72,1052.26
Test,MI300A,256,16384,4194304,134217728,64,10,8.58993,1073741824,0,0,0,0,0,0,0,0,0,0,0,0,0,0,0,0,0,0,0,0,0,0,0,0,0,0,0,8,0,0,0,0,0,0,0,4.8385,1781.1,94.2578,58.4216
Test,MI300A,256,16384,4194304,134217728,64,10,8.58993,1073741824,0,0,0,0,0,0,0,0,0,0,0,0,0,0,0,0,0,0,0,0,0,0,0,0,0,0,0,0,0,0,0,0,0,0,8,1.39244,6191.29,358.436,222.161
Test,MI300A,256,16384,4194304,1073741824,128,10,137.439,1073741824,128,0,0,0,0,0,0,0,0,0,0,0,0,0,0,0,0,0,0,0,0,0,0,0,0,0,0,0,0,0,0,0,0,0,0,3.47289,39652.8,1664.21,1031.49
Test,MI300A,256,16384,4194304,1073741824,128,10,137.439,1073741824,0,0,0,0,0,0,0,128,0,0,0,0,0,0,0,0,0,0,0,0,0,0,0,0,0,0,0,0,0,0,0,0,0,0,0,3.35794,41104.8,2595.9,1608.95
Test,MI300A,256,16384,4194304,1073741824,128,10,274.878,1073741824,0,0,0,0,0,0,0,0,0,0,0,0,0,0,256,0,0,0,0,0,0,0,0,0,0,0,0,0,0,0,0,0,0,0,0,4.80482,57230.2,1086.65,673.515
Test,MI300A,256,16384,4194304,1073741824,128,10,137.439,1073741824,0,0,0,0,0,0,0,0,0,0,0,0,0,0,0,0,0,0,0,0,0,128,0,0,0,0,0,0,0,0,0,0,0,0,0,41.6688,3298.74,34.5652,21.4237
Test,MI300A,256,16384,4194304,1073741824,128,10,137.439,1073741824,0,0,0,0,0,0,0,0,0,0,0,0,0,0,0,0,0,0,0,0,0,0,0,0,0,0,0,0,128,0,0,0,0,0,0,21.4527,6406.62,8.94791,5.54597
Test,MI300A,256,16384,4194304,536870912,128,10,68.7195,1073741824,0,64,0,0,0,0,0,0,0,0,0,0,0,0,0,0,0,0,0,0,0,0,0,0,0,0,0,0,0,0,0,0,0,0,0,1.92346,35891,2307.62,1430.28
Test,MI300A,256,16384,4194304,536870912,128,10,68.7195,1073741824,0,0,0,0,0,0,0,0,64,0,0,0,0,0,0,0,0,0,0,0,0,0,0,0,0,0,0,0,0,0,0,0,0,0,0,1.74435,39509.7,2018.96,1251.36
Test,MI300A,256,16384,4194304,536870912,128,10,137.439,1073741824,0,0,0,0,0,0,0,0,0,0,0,0,0,0,0,128,0,0,0,0,0,0,0,0,0,0,0,0,0,0,0,0,0,0,0,2.58605,53202.9,1719.63,1065.84
Test,MI300A,256,16384,4194304,536870912,128,10,68.7195,1073741824,0,0,0,0,0,0,0,0,0,0,0,0,0,0,0,0,0,0,0,0,0,0,64,0,0,0,0,0,0,0,0,0,0,0,0,21.5059,3195.38,1.0897,0.675405
Test,MI300A,256,16384,4194304,536870912,128,10,68.7195,1073741824,0,0,0,0,0,0,0,0,0,0,0,0,0,0,0,0,0,0,0,0,0,0,0,0,0,0,0,0,0,64,0,0,0,0,0,11.4651,6000.53,193.162,119.723
Test,MI300A,256,16384,4194304,268435456,128,10,34.3597,1073741824,0,0,32,0,0,0,0,0,0,0,0,0,0,0,0,0,0,0,0,0,0,0,0,0,0,0,0,0,0,0,0,0,0,0,0,1.34085,25765.6,1817.2,1126.31
Test,MI300A,256,16384,4194304,268435456,128,10,34.3597,1073741824,0,0,0,0,0,0,0,0,0,32,0,0,0,0,0,0,0,0,0,0,0,0,0,0,0,0,0,0,0,0,0,0,0,0,0,1.11496,31579.4,4049.74,2510.06
Test,MI300A,256,16384,4194304,268435456,128,10,68.7195,1073741824,0,0,0,0,0,0,0,0,0,0,0,0,0,0,0,0,64,0,0,0,0,0,0,0,0,0,0,0,0,0,0,0,0,0,0,1.50937,45609.9,1926.52,1194.07
Test,MI300A,256,16384,4194304,268435456,128,10,34.3597,1073741824,0,0,0,0,0,0,0,0,0,0,0,0,0,0,0,0,0,0,0,0,0,0,0,32,0,0,0,0,0,0,0,0,0,0,0,21.1998,1621.03,20.6135,12.7764
Test,MI300A,256,16384,4194304,268435456,128,10,34.3597,1073741824,0,0,0,0,0,0,0,0,0,0,0,0,0,0,0,0,0,0,0,0,0,0,0,0,0,0,0,0,0,0,32,0,0,0,0,5.82719,5898.93,119.135,73.8406
Test,MI300A,256,16384,4194304,134217728,128,10,17.1799,1073741824,0,0,0,16,0,0,0,0,0,0,0,0,0,0,0,0,0,0,0,0,0,0,0,0,0,0,0,0,0,0,0,0,0,0,0,1.30088,13335.9,1310.69,812.371
Test,MI300A,256,16384,4194304,134217728,128,10,17.1799,1073741824,0,0,0,0,0,0,0,0,0,0,16,0,0,0,0,0,0,0,0,0,0,0,0,0,0,0,0,0,0,0,0,0,0,0,0,2.81657,6105.76,191.394,118.627
Test,MI300A,256,16384,4194304,134217728,128,10,34.3597,1073741824,0,0,0,0,0,0,0,0,0,0,0,0,0,0,0,0,0,32,0,0,0,0,0,0,0,0,0,0,0,0,0,0,0,0,0,2.65558,12953.9,444.309,275.385
Test,MI300A,256,16384,4194304,134217728,128,10,17.1799,1073741824,0,0,0,0,0,0,0,0,0,0,0,0,0,0,0,0,0,0,0,0,0,0,0,0,16,0,0,0,0,0,0,0,0,0,0,12.4944,1378.11,63.2263,39.1881
Test,MI300A,256,16384,4194304,134217728,128,10,17.1799,1073741824,0,0,0,0,0,0,0,0,0,0,0,0,0,0,0,0,0,0,0,0,0,0,0,0,0,0,0,0,0,0,0,16,0,0,0,15.8911,1082.83,42.0417,26.0577
Test,MI300A,256,16384,4194304,536870912,128,10,68.7195,1073741824,0,0,0,0,64,0,0,0,0,0,0,0,0,0,0,0,0,0,0,0,0,0,0,0,0,0,0,0,0,0,0,0,0,0,0,1.56612,44014.7,2341.9,1451.52
Test,MI300A,256,16384,4194304,536870912,128,10,68.7195,1073741824,0,0,0,0,0,0,0,0,0,0,0,64,0,0,0,0,0,0,0,0,0,0,0,0,0,0,0,0,0,0,0,0,0,0,0,1.58087,43517.2,1413.69,876.211
Test,MI300A,256,16384,4194304,536870912,128,10,137.439,1073741824,0,0,0,0,0,0,0,0,0,0,0,0,0,0,0,0,0,0,128,0,0,0,0,0,0,0,0,0,0,0,0,0,0,0,0,4.83406,28483.9,1167.67,723.731
Test,MI300A,256,16384,4194304,536870912,128,10,68.7195,1073741824,0,0,0,0,0,0,0,0,0,0,0,0,0,0,0,0,0,0,0,0,0,0,0,0,0,64,0,0,0,0,0,0,0,0,0,21.0417,3266.52,45.4495,28.1699
Test,MI300A,256,16384,4194304,536870912,128,10,68.7195,1073741824,0,0,0,0,0,0,0,0,0,0,0,0,0,0,0,0,0,0,0,0,0,0,0,0,0,0,0,0,0,0,0,0,64,0,0,11.6141,5918.49,94.7576,58.7314
Test,MI300A,256,16384,4194304,268435456,128,10,34.3597,1073741824,0,0,0,0,0,32,0,0,0,0,0,0,0,0,0,0,0,0,0,0,0,0,0,0,0,0,0,0,0,0,0,0,0,0,0,0.977732,35300.2,2359.77,1462.6
Test,MI300A,256,16384,4194304,268435456,128,10,34.3597,1073741824,0,0,0,0,0,0,0,0,0,0,0,0,32,0,0,0,0,0,0,0,0,0,0,0,0,0,0,0,0,0,0,0,0,0,0,0.899706,38428.8,2971.16,1841.54
Test,MI300A,256,16384,4194304,268435456,128,10,68.7195,1073741824,0,0,0,0,0,0,0,0,0,0,0,0,0,0,0,0,0,0,0,64,0,0,0,0,0,0,0,0,0,0,0,0,0,0,0,0.952518,72628.6,5819.3,3606.84
Test,MI300A,256,16384,4194304,268435456,128,10,34.3597,1073741824,0,0,0,0,0,0,0,0,0,0,0,0,0,0,0,0,0,0,0,0,0,0,0,0,0,0,32,0,0,0,0,0,0,0,0,16.4087,2095.46,53.5757,33.2066
Test,MI300A,256,16384,4194304,268435456,128,10,34.3597,1073741824,0,0,0,0,0,0,0,0,0,0,0,0,0,0,0,0,0,0,0,0,0,0,0,0,0,0,0,0,0,0,0,0,0,32,0,4.5864,7496.8,194.111,120.312
Test,MI300A,256,16384,4194304,134217728,128,10,17.1799,1073741824,0,0,0,0,0,0,16,0,0,0,0,0,0,0,0,0,0,0,0,0,0,0,0,0,0,0,0,0,0,0,0,0,0,0,0,0.689319,25231.9,2646.6,1640.38
Test,MI300A,256,16384,4194304,134217728,128,10,17.1799,1073741824,0,0,0,0,0,0,0,0,0,0,0,0,0,16,0,0,0,0,0,0,0,0,0,0,0,0,0,0,0,0,0,0,0,0,0,0.626924,27605,2328.39,1443.15
Test,MI300A,256,16384,4194304,134217728,128,10,34.3597,1073741824,0,0,0,0,0,0,0,0,0,0,0,0,0,0,0,0,0,0,0,0,32,0,0,0,0,0,0,0,0,0,0,0,0,0,0,0.851403,40515.7,2498.79,1548.76
Test,MI300A,256,16384,4194304,134217728,128,10,17.1799,1073741824,0,0,0,0,0,0,0,0,0,0,0,0,0,0,0,0,0,0,0,0,0,0,0,0,0,0,0,16,0,0,0,0,0,0,0,9.37863,1835.76,81.1023,50.2677
Test,MI300A,256,16384,4194304,134217728,128,10,17.1799,1073741824,0,0,0,0,0,0,0,0,0,0,0,0,0,0,0,0,0,0,0,0,0,0,0,0,0,0,0,0,0,0,0,0,0,0,16,2.51092,6857.65,325.18,201.549
Test,MI300A,256,16384,4194304,1073741824,256,10,274.878,1073741824,256,0,0,0,0,0,0,0,0,0,0,0,0,0,0,0,0,0,0,0,0,0,0,0,0,0,0,0,0,0,0,0,0,0,0,5.88828,46689.7,585.035,362.609
Test,MI300A,256,16384,4194304,1073741824,256,10,274.878,1073741824,0,0,0,0,0,0,0,256,0,0,0,0,0,0,0,0,0,0,0,0,0,0,0,0,0,0,0,0,0,0,0,0,0,0,0,5.80535,47357.8,636.712,394.638
Test,MI300A,256,16384,4194304,1073741824,256,10,549.756,1073741824,0,0,0,0,0,0,0,0,0,0,0,0,0,0,512,0,0,0,0,0,0,0,0,0,0,0,0,0,0,0,0,0,0,0,0,9.46616,58108.3,1330.66,824.749
Test,MI300A,256,16384,4194304,1073741824,256,10,274.878,1073741824,0,0,0,0,0,0,0,0,0,0,0,0,0,0,0,0,0,0,0,0,0,256,0,0,0,0,0,0,0,0,0,0,0,0,0,83.129,3306.69,12.5267,7.7641
Test,MI300A,256,16384,4194304,1073741824,256,10,274.878,1073741824,0,0,0,0,0,0,0,0,0,0,0,0,0,0,0,0,0,0,0,0,0,0,0,0,0,0,0,0,256,0,0,0,0,0,0,42.4604,6474.86,83.5376,51.7771
Test,MI300A,256,16384,4194304,536870912,256,10,137.439,1073741824,0,128,0,0,0,0,0,0,0,0,0,0,0,0,0,0,0,0,0,0,0,0,0,0,0,0,0,0,0,0,0,0,0,0,0,3.1623,43628.2,2572,1594.14
Test,MI300A,256,16384,4194304,536870912,256,10,137.439,1073741824,0,0,0,0,0,0,0,0,128,0,0,0,0,0,0,0,0,0,0,0,0,0,0,0,0,0,0,0,0,0,0,0,0,0,0,3.14283,43775.1,1354.94,839.799
Test,MI300A,256,16384,4194304,536870912,256,10,274.878,1073741824,0,0,0,0,0,0,0,0,0,0,0,0,0,0,0,256,0,0,0,0,0,0,0,0,0,0,0,0,0,0,0,0,0,0,0,4.85504,56737.2,2508.65,1554.88
Test,MI300A,256,16384,4194304,536870912,256,10,137.439,1073741824,0,0,0,0,0,0,0,0,0,0,0,0,0,0,0,0,0,0,0,0,0,0,128,0,0,0,0,0,0,0,0,0,0,0,0,43.1749,3183.51,25.0925,15.5525
Test,MI300A,256,16384,4194304,536870912,256,10,137.439,1073741824,0,0,0,0,0,0,0,0,0,0,0,0,0,0,0,0,0,0,0,0,0,0,0,0,0,0,0,0,0,128,0,0,0,0,0,22.05,6233.08,10.9805,6.80577
Test,MI300A,256,16384,4194304,268435456,256,10,68.7195,1073741824,0,0,64,0,0,0,0,0,0,0,0,0,0,0,0,0,0,0,0,0,0,0,0,0,0,0,0,0,0,0,0,0,0,0,0,1.85654,37122.4,1907.88,1182.52
Test,MI300A,256,16384,4194304,268435456,256,10,68.7195,1073741824,0,0,0,0,0,0,0,0,0,64,0,0,0,0,0,0,0,0,0,0,0,0,0,0,0,0,0,0,0,0,0,0,0,0,0,1.70693,40447.6,2612.55,1619.27
Test,MI300A,256,16384,4194304,268435456,256,10,137.439,1073741824,0,0,0,0,0,0,0,0,0,0,0,0,0,0,0,0,128,0,0,0,0,0,0,0,0,0,0,0,0,0,0,0,0,0,0,2.7978,49153.7,1200.88,744.316
Test,MI300A,256,16384,4194304,268435456,256,10,68.7195,1073741824,0,0,0,0,0,0,0,0,0,0,0,0,0,0,0,0,0,0,0,0,0,0,0,64,0,0,0,0,0,0,0,0,0,0,0,42.3066,1624.45,14.1784,8.78784
Test,MI300A,256,16384,4194304,268435456,256,10,68.7195,1073741824,0,0,0,0,0,0,0,0,0,0,0,0,0,0,0,0,0,0,0,0,0,0,0,0,0,0,0,0,0,0,64,0,0,0,0,11.0695,6208.23,36.0183,22.3244
Test,MI300A,256,16384,4194304,134217728,256,10,34.3597,1073741824,0,0,0,32,0,0,0,0,0,0,0,0,0,0,0,0,0,0,0,0,0,0,0,0,0,0,0,0,0,0,0,0,0,0,0,1.85913,18558.4,1144.92,709.629
Test,MI300A,256,16384,4194304,134217728,256,10,34.3597,1073741824,0,0,0,0,0,0,0,0,0,0,32,0,0,0,0,0,0,0,0,0,0,0,0,0,0,0,0,0,0,0,0,0,0,0,0,5.4302,6441.11,721.208,447.009
Test,MI300A,256,16384,4194304,134217728,256,10,68.7195,1073741824,0,0,0,0,0,0,0,0,0,0,0,0,0,0,0,0,0,64,0,0,0,0,0,0,0,0,0,0,0,0,0,0,0,0,0,5.2217,13378.3,1445.5,895.928
Test,MI300A,256,16384,4194304,134217728,256,10,34.3597,1073741824,0,0,0,0,0,0,0,0,0,0,0,0,0,0,0,0,0,0,0,0,0,0,0,0,32,0,0,0,0,0,0,0,0,0,0,24.5139,1401.64,2.37526,1.4722
Test,MI300A,256,16384,4194304,134217728,256,10,34.3597,1073741824,0,0,0,0,0,0,0,0,0,0,0,0,0,0,0,0,0,0,0,0,0,0,0,0,0,0,0,0,0,0,0,32,0,0,0,31.1337,1104.44,29.7859,18.4615
Test,MI300A,256,16384,4194304,536870912,256,10,137.439,1073741824,0,0,0,0,128,0,0,0,0,0,0,0,0,0,0,0,0,0,0,0,0,0,0,0,0,0,0,0,0,0,0,0,0,0,0,2.95163,46613.4,1481.58,918.292
Test,MI300A,256,16384,4194304,536870912,256,10,137.439,1073741824,0,0,0,0,0,0,0,0,0,0,0,128,0,0,0,0,0,0,0,0,0,0,0,0,0,0,0,0,0,0,0,0,0,0,0,2.88012,47779.6,1638.47,1015.54
Test,MI300A,256,16384,4194304,536870912,256,10,274.878,1073741824,0,0,0,0,0,0,0,0,0,0,0,0,0,0,0,0,0,0,256,0,0,0,0,0,0,0,0,0,0,0,0,0,0,0,0,9.5005,28960.7,874.765,542.185
Test,MI300A,256,16384,4194304,536870912,256,10,137.439,1073741824,0,0,0,0,0,0,0,0,0,0,0,0,0,0,0,0,0,0,0,0,0,0,0,0,0,128,0,0,0,0,0,0,0,0,0,41.801,3288.03,17.8253,11.0482
Test,MI300A,256,16384,4194304,536870912,256,10,137.439,1073741824,0,0,0,0,0,0,0,0,0,0,0,0,0,0,0,0,0,0,0,0,0,0,0,0,0,0,0,0,0,0,0,0,128,0,0,23.3289,5895.6,154.971,96.0518
Test,MI300A,256,16384,4194304,268435456,256,10,68.7195,1073741824,0,0,0,0,0,64,0,0,0,0,0,0,0,0,0,0,0,0,0,0,0,0,0,0,0,0,0,0,0,0,0,0,0,0,0,1.69026,40861.8,2733.39,1694.17
Test,MI300A,256,16384,4194304,268435456,256,10,68.7195,1073741824,0,0,0,0,0,0,0,0,0,0,0,0,64,0,0,0,0,0,0,0,0,0,0,0,0,0,0,0,0,0,0,0,0,0,0,1.5552,44357.1,2589.69,1605.11
Test,MI300A,256,16384,4194304,268435456,256,10,137.439,1073741824,0,0,0,0,0,0,0,0,0,0,0,0,0,0,0,0,0,0,0,128,0,0,0,0,0,0,0,0,0,0,0,0,0,0,0,1.70153,80944,3523.45,2183.86
Test,MI300A,256,16384,4194304,268435456,256,10,68.7195,1073741824,0,0,0,0,0,0,0,0,0,0,0,0,0,0,0,0,0,0,0,0,0,0,0,0,0,0,64,0,0,0,0,0,0,0,0,32.8425,2093.13,38.6725,23.9695
Test,MI300A,256,16384,4194304,268435456,256,10,68.7195,1073741824,0,0,0,0,0,0,0,0,0,0,0,0,0,0,0,0,0,0,0,0,0,0,0,0,0,0,0,0,0,0,0,0,0,64,0,8.815,7804.5,257.886,159.839
Test,MI300A,256,16384,4194304,134217728,256,10,34.3597,1073741824,0,0,0,0,0,0,32,0,0,0,0,0,0,0,0,0,0,0,0,0,0,0,0,0,0,0,0,0,0,0,0,0,0,0,0,1.10108,31387,2339.1,1449.79
Test,MI300A,256,16384,4194304,134217728,256,10,34.3597,1073741824,0,0,0,0,0,0,0,0,0,0,0,0,0,32,0,0,0,0,0,0,0,0,0,0,0,0,0,0,0,0,0,0,0,0,0,0.947488,36445.7,2512.51,1557.27
Test,MI300A,256,16384,4194304,134217728,256,10,68.7195,1073741824,0,0,0,0,0,0,0,0,0,0,0,0,0,0,0,0,0,0,0,0,64,0,0,0,0,0,0,0,0,0,0,0,0,0,0,1.52729,45164.9,2636.68,1634.23
Test,MI300A,256,16384,4194304,134217728,256,10,34.3597,1073741824,0,0,0,0,0,0,0,0,0,0,0,0,0,0,0,0,0,0,0,0,0,0,0,0,0,0,0,32,0,0,0,0,0,0,0,18.0206,1908.01,48.4413,30.0242
Test,MI300A,256,16384,4194304,134217728,256,10,34.3597,1073741824,0,0,0,0,0,0,0,0,0,0,0,0,0,0,0,0,0,0,0,0,0,0,0,0,0,0,0,0,0,0,0,0,0,0,32,4.58858,7493.12,191.736,118.839
Test,MI300A,256,16384,4194304,1073741824,512,10,549.756,1073741824,512,0,0,0,0,0,0,0,0,0,0,0,0,0,0,0,0,0,0,0,0,0,0,0,0,0,0,0,0,0,0,0,0,0,0,12.4317,44239.2,870.822,539.741
Test,MI300A,256,16384,4194304,1073741824,512,10,549.756,1073741824,0,0,0,0,0,0,0,512,0,0,0,0,0,0,0,0,0,0,0,0,0,0,0,0,0,0,0,0,0,0,0,0,0,0,0,11.0698,49682.1,961.661,596.044
Test,MI300A,256,16384,4194304,1073741824,512,10,1099.51,1073741824,0,0,0,0,0,0,0,0,0,0,0,0,0,0,1024,0,0,0,0,0,0,0,0,0,0,0,0,0,0,0,0,0,0,0,0,18.66,58923.6,8.93397,5.53733
Test,MI300A,256,16384,4194304,1073741824,512,10,549.756,1073741824,0,0,0,0,0,0,0,0,0,0,0,0,0,0,0,0,0,0,0,0,0,512,0,0,0,0,0,0,0,0,0,0,0,0,0,166.404,3303.77,10.1592,6.29673
Test,MI300A,256,16384,4194304,1073741824,512,10,549.756,1073741824,0,0,0,0,0,0,0,0,0,0,0,0,0,0,0,0,0,0,0,0,0,0,0,0,0,0,0,0,512,0,0,0,0,0,0,84.9078,6475.17,53.1211,32.9248
Test,MI300A,256,16384,4194304,536870912,512,10,274.878,1073741824,0,256,0,0,0,0,0,0,0,0,0,0,0,0,0,0,0,0,0,0,0,0,0,0,0,0,0,0,0,0,0,0,0,0,0,6.39388,43062.7,1697.51,1052.13
Test,MI300A,256,16384,4194304,536870912,512,10,274.878,1073741824,0,0,0,0,0,0,0,0,256,0,0,0,0,0,0,0,0,0,0,0,0,0,0,0,0,0,0,0,0,0,0,0,0,0,0,5.72097,48059.8,762.621,472.677
Test,MI300A,256,16384,4194304,536870912,512,10,549.756,1073741824,0,0,0,0,0,0,0,0,0,0,0,0,0,0,0,512,0,0,0,0,0,0,0,0,0,0,0,0,0,0,0,0,0,0,0,9.36108,58734.1,600.401,372.132
Test,MI300A,256,16384,4194304,536870912,512,10,274.878,1073741824,0,0,0,0,0,0,0,0,0,0,0,0,0,0,0,0,0,0,0,0,0,0,256,0,0,0,0,0,0,0,0,0,0,0,0,86.2621,3186.6,13.6028,8.43108
Test,MI300A,256,16384,4194304,536870912,512,10,274.878,1073741824,0,0,0,0,0,0,0,0,0,0,0,0,0,0,0,0,0,0,0,0,0,0,0,0,0,0,0,0,0,256,0,0,0,0,0,44.0402,6242.98,94.487,58.5636
Test,MI300A,256,16384,4194304,268435456,512,10,137.439,1073741824,0,0,128,0,0,0,0,0,0,0,0,0,0,0,0,0,0,0,0,0,0,0,0,0,0,0,0,0,0,0,0,0,0,0,0,3.61203,38092.5,1224.79,759.131
Test,MI300A,256,16384,4194304,268435456,512,10,137.439,1073741824,0,0,0,0,0,0,0,0,0,128,0,0,0,0,0,0,0,0,0,0,0,0,0,0,0,0,0,0,0,0,0,0,0,0,0,3.13519,43907.9,1683.15,1043.23
Test,MI300A,256,16384,4194304,268435456,512,10,274.878,1073741824,0,0,0,0,0,0,0,0,0,0,0,0,0,0,0,0,256,0,0,0,0,0,0,0,0,0,0,0,0,0,0,0,0,0,0,5.22679,52611.2,1037.81,643.243
Test,MI300A,256,16384,4194304,268435456,512,10,137.439,1073741824,0,0,0,0,0,0,0,0,0,0,0,0,0,0,0,0,0,0,0,0,0,0,0,128,0,0,0,0,0,0,0,0,0,0,0,84.3727,1628.99,8.43765,5.22971
Test,MI300A,256,16384,4194304,268435456,512,10,137.439,1073741824,0,0,0,0,0,0,0,0,0,0,0,0,0,0,0,0,0,0,0,0,0,0,0,0,0,0,0,0,0,0,128,0,0,0,0,22.0362,6240.72,150.45,93.2498
Test,MI300A,256,16384,4194304,134217728,512,10,68.7195,1073741824,0,0,0,64,0,0,0,0,0,0,0,0,0,0,0,0,0,0,0,0,0,0,0,0,0,0,0,0,0,0,0,0,0,0,0,3.29582,20888.8,850.971,527.438
Test,MI300A,256,16384,4194304,134217728,512,10,68.7195,1073741824,0,0,0,0,0,0,0,0,0,0,64,0,0,0,0,0,0,0,0,0,0,0,0,0,0,0,0,0,0,0,0,0,0,0,0,9.70255,7083.24,65.0517,40.3195
Test,MI300A,256,16384,4194304,134217728,512,10,137.439,1073741824,0,0,0,0,0,0,0,0,0,0,0,0,0,0,0,0,0,128,0,0,0,0,0,0,0,0,0,0,0,0,0,0,0,0,0,9.98874,13900.4,1227.7,760.935
Test,MI300A,256,16384,4194304,134217728,512,10,68.7195,1073741824,0,0,0,0,0,0,0,0,0,0,0,0,0,0,0,0,0,0,0,0,0,0,0,0,64,0,0,0,0,0,0,0,0,0,0,49.9697,1375.67,24.4725,15.1682
Test,MI300A,256,16384,4194304,134217728,512,10,68.7195,1073741824,0,0,0,0,0,0,0,0,0,0,0,0,0,0,0,0,0,0,0,0,0,0,0,0,0,0,0,0,0,0,0,64,0,0,0,61.8291,1111.74,18.0904,11.2125
Test,MI300A,256,16384,4194304,536870912,512,10,274.878,1073741824,0,0,0,0,256,0,0,0,0,0,0,0,0,0,0,0,0,0,0,0,0,0,0,0,0,0,0,0,0,0,0,0,0,0,0,5.45261,50422.9,724.545,449.078
Test,MI300A,256,16384,4194304,536870912,512,10,274.878,1073741824,0,0,0,0,0,0,0,0,0,0,0,256,0,0,0,0,0,0,0,0,0,0,0,0,0,0,0,0,0,0,0,0,0,0,0,5.41116,50813.9,877.955,544.162
Test,MI300A,256,16384,4194304,536870912,512,10,549.756,1073741824,0,0,0,0,0,0,0,0,0,0,0,0,0,0,0,0,0,0,512,0,0,0,0,0,0,0,0,0,0,0,0,0,0,0,0,18.8508,29176.4,605.341,375.194
Test,MI300A,256,16384,4194304,536870912,512,10,274.878,1073741824,0,0,0,0,0,0,0,0,0,0,0,0,0,0,0,0,0,0,0,0,0,0,0,0,0,256,0,0,0,0,0,0,0,0,0,83.641,3286.61,25.6343,15.8883
Test,MI300A,256,16384,4194304,536870912,512,10,274.878,1073741824,0,0,0,0,0,0,0,0,0,0,0,0,0,0,0,0,0,0,0,0,0,0,0,0,0,0,0,0,0,0,0,0,256,0,0,46.41,5923.86,78.2054,48.4722
Test,MI300A,256,16384,4194304,268435456,512,10,137.439,1073741824,0,0,0,0,0,128,0,0,0,0,0,0,0,0,0,0,0,0,0,0,0,0,0,0,0,0,0,0,0,0,0,0,0,0,0,3.2155,42789.8,1373.72,851.44
Test,MI300A,256,16384,4194304,268435456,512,10,137.439,1073741824,0,0,0,0,0,0,0,0,0,0,0,0,128,0,0,0,0,0,0,0,0,0,0,0,0,0,0,0,0,0,0,0,0,0,0,2.9423,46765.9,1545.48,957.896
Test,MI300A,256,16384,4194304,268435456,512,10,274.878,1073741824,0,0,0,0,0,0,0,0,0,0,0,0,0,0,0,0,0,0,0,256,0,0,0,0,0,0,0,0,0,0,0,0,0,0,0,3.18692,86448.6,3959.42,2454.07
Test,MI300A,256,16384,4194304,268435456,512,10,137.439,1073741824,0,0,0,0,0,0,0,0,0,0,0,0,0,0,0,0,0,0,0,0,0,0,0,0,0,0,128,0,0,0,0,0,0,0,0,65.4438,2100.31,20.5383,12.7298
Test,MI300A,256,16384,4194304,268435456,512,10,137.439,1073741824,0,0,0,0,0,0,0,0,0,0,0,0,0,0,0,0,0,0,0,0,0,0,0,0,0,0,0,0,0,0,0,0,0,128,0,16.9423,8118.99,228.696,141.747
Test,MI300A,256,16384,4194304,134217728,512,10,68.7195,1073741824,0,0,0,0,0,0,64,0,0,0,0,0,0,0,0,0,0,0,0,0,0,0,0,0,0,0,0,0,0,0,0,0,0,0,0,1.88121,36643.2,1963.86,1217.21
Test,MI300A,256,16384,4194304,134217728,512,10,68.7195,1073741824,0,0,0,0,0,0,0,0,0,0,0,0,0,64,0,0,0,0,0,0,0,0,0,0,0,0,0,0,0,0,0,0,0,0,0,1.75819,39392.4,3225.03,1998.89
Test,MI300A,256,16384,4194304,134217728,512,10,137.439,1073741824,0,0,0,0,0,0,0,0,0,0,0,0,0,0,0,0,0,0,0,0,128,0,0,0,0,0,0,0,0,0,0,0,0,0,0,2.84919,48274,1303,807.609
Test,MI300A,256,16384,4194304,134217728,512,10,68.7195,1073741824,0,0,0,0,0,0,0,0,0,0,0,0,0,0,0,0,0,0,0,0,0,0,0,0,0,0,0,64,0,0,0,0,0,0,0,35.5571,1932.99,25.2342,15.6403
Test,MI300A,256,16384,4194304,134217728,512,10,68.7195,1073741824,0,0,0,0,0,0,0,0,0,0,0,0,0,0,0,0,0,0,0,0,0,0,0,0,0,0,0,0,0,0,0,0,0,0,64,8.83602,7798.55,391.996,242.962
Test,MI300A,256,16384,4194304,1073741824,1024,10,1099.51,1073741824,1024,0,0,0,0,0,0,0,0,0,0,0,0,0,0,0,0,0,0,0,0,0,0,0,0,0,0,0,0,0,0,0,0,0,0,21.2006,51876.5,836.36,518.381
Test,MI300A,256,16384,4194304,1073741824,1024,10,1099.51,1073741824,0,0,0,0,0,0,0,1024,0,0,0,0,0,0,0,0,0,0,0,0,0,0,0,0,0,0,0,0,0,0,0,0,0,0,0,21.2345,51787.4,631.223,391.236
Test,MI300A,256,16384,4194304,1073741824,1024,10,2199.02,1073741824,0,0,0,0,0,0,0,0,0,0,0,0,0,0,2048,0,0,0,0,0,0,0,0,0,0,0,0,0,0,0,0,0,0,0,0,37.2854,58980.3,353.858,219.323
Test,MI300A,256,16384,4194304,1073741824,1024,10,1099.51,1073741824,0,0,0,0,0,0,0,0,0,0,0,0,0,0,0,0,0,0,0,0,0,1024,0,0,0,0,0,0,0,0,0,0,0,0,0,332.713,3304.69,5.85292,3.62768
Test,MI300A,256,16384,4194304,1073741824,1024,10,1099.51,1073741824,0,0,0,0,0,0,0,0,0,0,0,0,0,0,0,0,0,0,0,0,0,0,0,0,0,0,0,0,1024,0,0,0,0,0,0,169.41,6490.65,51.2906,31.7902
Test,MI300A,256,16384,4194304,536870912,1024,10,549.756,1073741824,0,512,0,0,0,0,0,0,0,0,0,0,0,0,0,0,0,0,0,0,0,0,0,0,0,0,0,0,0,0,0,0,0,0,0,11.0393,49800.8,214.864,133.174
Test,MI300A,256,16384,4194304,536870912,1024,10,549.756,1073741824,0,0,0,0,0,0,0,0,512,0,0,0,0,0,0,0,0,0,0,0,0,0,0,0,0,0,0,0,0,0,0,0,0,0,0,11.1358,49394.7,1120.59,694.546
Test,MI300A,256,16384,4194304,536870912,1024,10,1099.51,1073741824,0,0,0,0,0,0,0,0,0,0,0,0,0,0,0,1024,0,0,0,0,0,0,0,0,0,0,0,0,0,0,0,0,0,0,0,18.6575,58934,382.619,237.15
Test,MI300A,256,16384,4194304,536870912,1024,10,549.756,1073741824,0,0,0,0,0,0,0,0,0,0,0,0,0,0,0,0,0,0,0,0,0,0,512,0,0,0,0,0,0,0,0,0,0,0,0,172.487,3187.25,9.06126,5.61623
Test,MI300A,256,16384,4194304,536870912,1024,10,549.756,1073741824,0,0,0,0,0,0,0,0,0,0,0,0,0,0,0,0,0,0,0,0,0,0,0,0,0,0,0,0,0,512,0,0,0,0,0,87.7552,6265.38,67.0975,41.5875
Test,MI300A,256,16384,4194304,268435456,1024,10,274.878,1073741824,0,0,256,0,0,0,0,0,0,0,0,0,0,0,0,0,0,0,0,0,0,0,0,0,0,0,0,0,0,0,0,0,0,0,0,6.27199,43830.8,445.508,276.129
Test,MI300A,256,16384,4194304,268435456,1024,10,274.878,1073741824,0,0,0,0,0,0,0,0,0,256,0,0,0,0,0,0,0,0,0,0,0,0,0,0,0,0,0,0,0,0,0,0,0,0,0,6.01985,45717.2,1546.74,958.682
Test,MI300A,256,16384,4194304,268435456,1024,10,549.756,1073741824,0,0,0,0,0,0,0,0,0,0,0,0,0,0,0,0,512,0,0,0,0,0,0,0,0,0,0,0,0,0,0,0,0,0,0,10.0186,54878,490.288,303.884
Test,MI300A,256,16384,4194304,268435456,1024,10,274.878,1073741824,0,0,0,0,0,0,0,0,0,0,0,0,0,0,0,0,0,0,0,0,0,0,0,256,0,0,0,0,0,0,0,0,0,0,0,170.463,1612.61,10.8129,6.70189
Test,MI300A,256,16384,4194304,268435456,1024,10,274.878,1073741824,0,0,0,0,0,0,0,0,0,0,0,0,0,0,0,0,0,0,0,0,0,0,0,0,0,0,0,0,0,0,256,0,0,0,0,43.9046,6262.22,93.8284,58.1554
Test,MI300A,256,16384,4194304,134217728,1024,10,137.439,1073741824,0,0,0,128,0,0,0,0,0,0,0,0,0,0,0,0,0,0,0,0,0,0,0,0,0,0,0,0,0,0,0,0,0,0,0,6.43945,21365.8,672.638,416.905
Test,MI300A,256,16384,4194304,134217728,1024,10,137.439,1073741824,0,0,0,0,0,0,0,0,0,0,128,0,0,0,0,0,0,0,0,0,0,0,0,0,0,0,0,0,0,0,0,0,0,0,0,20.1202,6874.42,527.948,327.226
Test,MI300A,256,16384,4194304,134217728,1024,10,274.878,1073741824,0,0,0,0,0,0,0,0,0,0,0,0,0,0,0,0,0,256,0,0,0,0,0,0,0,0,0,0,0,0,0,0,0,0,0,13.4369,20457.9,136.557,84.6388
Test,MI300A,256,16384,4194304,134217728,1024,10,137.439,1073741824,0,0,0,0,0,0,0,0,0,0,0,0,0,0,0,0,0,0,0,0,0,0,0,0,128,0,0,0,0,0,0,0,0,0,0,100.916,1362.2,19.96,12.3713
Test,MI300A,256,16384,4194304,134217728,1024,10,137.439,1073741824,0,0,0,0,0,0,0,0,0,0,0,0,0,0,0,0,0,0,0,0,0,0,0,0,0,0,0,0,0,0,0,128,0,0,0,126.053,1090.42,10.0307,6.21709
Test,MI300A,256,16384,4194304,536870912,1024,10,549.756,1073741824,0,0,0,0,512,0,0,0,0,0,0,0,0,0,0,0,0,0,0,0,0,0,0,0,0,0,0,0,0,0,0,0,0,0,0,10.6503,51642.8,1101.64,682.802
Test,MI300A,256,16384,4194304,536870912,1024,10,549.756,1073741824,0,0,0,0,0,0,0,0,0,0,0,512,0,0,0,0,0,0,0,0,0,0,0,0,0,0,0,0,0,0,0,0,0,0,0,10.3808,52965.7,579.547,359.207
Test,MI300A,256,16384,4194304,536870912,1024,10,1099.51,1073741824,0,0,0,0,0,0,0,0,0,0,0,0,0,0,0,0,0,0,1024,0,0,0,0,0,0,0,0,0,0,0,0,0,0,0,0,37.3415,29447.1,261.331,161.975
Test,MI300A,256,16384,4194304,536870912,1024,10,549.756,1073741824,0,0,0,0,0,0,0,0,0,0,0,0,0,0,0,0,0,0,0,0,0,0,0,0,0,512,0,0,0,0,0,0,0,0,0,167.501,3282.14,11.3005,7.0041
Test,MI300A,256,16384,4194304,536870912,1024,10,549.756,1073741824,0,0,0,0,0,0,0,0,0,0,0,0,0,0,0,0,0,0,0,0,0,0,0,0,0,0,0,0,0,0,0,0,512,0,0,92.972,5913.81,63.3045,39.2365
Test,MI300A,256,16384,4194304,268435456,1024,10,274.878,1073741824,0,0,0,0,0,256,0,0,0,0,0,0,0,0,0,0,0,0,0,0,0,0,0,0,0,0,0,0,0,0,0,0,0,0,0,6.20322,44324.9,759.845,470.957
Test,MI300A,256,16384,4194304,268435456,1024,10,274.878,1073741824,0,0,0,0,0,0,0,0,0,0,0,0,256,0,0,0,0,0,0,0,0,0,0,0,0,0,0,0,0,0,0,0,0,0,0,5.55329,49511.4,798.682,495.028
Test,MI300A,256,16384,4194304,268435456,1024,10,549.756,1073741824,0,0,0,0,0,0,0,0,0,0,0,0,0,0,0,0,0,0,0,512,0,0,0,0,0,0,0,0,0,0,0,0,0,0,0,6.29672,87534.4,4318.18,2676.43
Test,MI300A,256,16384,4194304,268435456,1024,10,274.878,1073741824,0,0,0,0,0,0,0,0,0,0,0,0,0,0,0,0,0,0,0,0,0,0,0,0,0,0,256,0,0,0,0,0,0,0,0,130.917,2099.69,11.5507,7.15921
Test,MI300A,256,16384,4194304,268435456,1024,10,274.878,1073741824,0,0,0,0,0,0,0,0,0,0,0,0,0,0,0,0,0,0,0,0,0,0,0,0,0,0,0,0,0,0,0,0,0,256,0,34.0339,8080.18,169.793,105.239
Test,MI300A,256,16384,4194304,134217728,1024,10,137.439,1073741824,0,0,0,0,0,0,128,0,0,0,0,0,0,0,0,0,0,0,0,0,0,0,0,0,0,0,0,0,0,0,0,0,0,0,0,3.52273,39028,700.504,434.177
Test,MI300A,256,16384,4194304,134217728,1024,10,137.439,1073741824,0,0,0,0,0,0,0,0,0,0,0,0,0,128,0,0,0,0,0,0,0,0,0,0,0,0,0,0,0,0,0,0,0,0,0,3.14684,43720.6,1360.58,843.293
Test,MI300A,256,16384,4194304,134217728,1024,10,274.878,1073741824,0,0,0,0,0,0,0,0,0,0,0,0,0,0,0,0,0,0,0,0,256,0,0,0,0,0,0,0,0,0,0,0,0,0,0,5.40626,50881.8,1368.65,848.298
Test,MI300A,256,16384,4194304,134217728,1024,10,137.439,1073741824,0,0,0,0,0,0,0,0,0,0,0,0,0,0,0,0,0,0,0,0,0,0,0,0,0,0,0,128,0,0,0,0,0,0,0,72.1636,1904.99,29.0722,18.0191
Test,MI300A,256,16384,4194304,134217728,1024,10,137.439,1073741824,0,0,0,0,0,0,0,0,0,0,0,0,0,0,0,0,0,0,0,0,0,0,0,0,0,0,0,0,0,0,0,0,0,0,128,16.9323,8123.14,218.404,135.368
Test,MI300A,256,16384,4194304,1073741824,2048,10,2199.02,1073741824,2048,0,0,0,0,0,0,0,0,0,0,0,0,0,0,0,0,0,0,0,0,0,0,0,0,0,0,0,0,0,0,0,0,0,0,46.5549,47240.5,504.141,312.47
Test,MI300A,256,16384,4194304,1073741824,2048,10,2199.02,1073741824,0,0,0,0,0,0,0,2048,0,0,0,0,0,0,0,0,0,0,0,0,0,0,0,0,0,0,0,0,0,0,0,0,0,0,0,41.542,52938.1,411.395,254.985
Test,MI300A,256,16384,4194304,1073741824,2048,10,4398.05,1073741824,0,0,0,0,0,0,0,0,0,0,0,0,0,0,4096,0,0,0,0,0,0,0,0,0,0,0,0,0,0,0,0,0,0,0,0,74.5769,58975.9,389.21,241.235
Test,MI300A,256,16384,4194304,1073741824,2048,10,2199.02,1073741824,0,0,0,0,0,0,0,0,0,0,0,0,0,0,0,0,0,0,0,0,0,2048,0,0,0,0,0,0,0,0,0,0,0,0,0,664.527,3309.16,2.69412,1.66983
Test,MI300A,256,16384,4194304,1073741824,2048,10,2199.02,1073741824,0,0,0,0,0,0,0,0,0,0,0,0,0,0,0,0,0,0,0,0,0,0,0,0,0,0,0,0,2048,0,0,0,0,0,0,338.475,6496.89,16.5665,10.2681
Test,MI300A,256,16384,4194304,536870912,2048,10,1099.51,1073741824,0,1024,0,0,0,0,0,0,0,0,0,0,0,0,0,0,0,0,0,0,0,0,0,0,0,0,0,0,0,0,0,0,0,0,0,23.5581,46672.6,108.586,67.3022
Test,MI300A,256,16384,4194304,536870912,2048,10,1099.51,1073741824,0,0,0,0,0,0,0,0,1024,0,0,0,0,0,0,0,0,0,0,0,0,0,0,0,0,0,0,0,0,0,0,0,0,0,0,21.2743,51705,1052.49,652.342
Test,MI300A,256,16384,4194304,536870912,2048,10,2199.02,1073741824,0,0,0,0,0,0,0,0,0,0,0,0,0,0,0,2048,0,0,0,0,0,0,0,0,0,0,0,0,0,0,0,0,0,0,0,37.3584,58870.2,647.313,401.209
Test,MI300A,256,16384,4194304,536870912,2048,10,1099.51,1073741824,0,0,0,0,0,0,0,0,0,0,0,0,0,0,0,0,0,0,0,0,0,0,1024,0,0,0,0,0,0,0,0,0,0,0,0,344.809,3188.77,5.53544,3.4309
Test,MI300A,256,16384,4194304,536870912,2048,10,1099.51,1073741824,0,0,0,0,0,0,0,0,0,0,0,0,0,0,0,0,0,0,0,0,0,0,0,0,0,0,0,0,0,1024,0,0,0,0,0,175.372,6269.8,35.5796,22.0524
Test,MI300A,256,16384,4194304,268435456,2048,10,549.756,1073741824,0,0,512,0,0,0,0,0,0,0,0,0,0,0,0,0,0,0,0,0,0,0,0,0,0,0,0,0,0,0,0,0,0,0,0,13.1865,41735.4,1328.93,823.678
Test,MI300A,256,16384,4194304,268435456,2048,10,549.756,1073741824,0,0,0,0,0,0,0,0,0,512,0,0,0,0,0,0,0,0,0,0,0,0,0,0,0,0,0,0,0,0,0,0,0,0,0,11.3705,48365.9,875.583,542.692
Test,MI300A,256,16384,4194304,268435456,2048,10,1099.51,1073741824,0,0,0,0,0,0,0,0,0,0,0,0,0,0,0,0,1024,0,0,0,0,0,0,0,0,0,0,0,0,0,0,0,0,0,0,19.586,56139.1,274.063,169.866
Test,MI300A,256,16384,4194304,268435456,2048,10,549.756,1073741824,0,0,0,0,0,0,0,0,0,0,0,0,0,0,0,0,0,0,0,0,0,0,0,512,0,0,0,0,0,0,0,0,0,0,0,342.737,1604.02,2.31976,1.4378
Test,MI300A,256,16384,4194304,268435456,2048,10,549.756,1073741824,0,0,0,0,0,0,0,0,0,0,0,0,0,0,0,0,0,0,0,0,0,0,0,0,0,0,0,0,0,0,512,0,0,0,0,87.7891,6262.64,50.405,31.2413
Test,MI300A,256,16384,4194304,134217728,2048,10,274.878,1073741824,0,0,0,256,0,0,0,0,0,0,0,0,0,0,0,0,0,0,0,0,0,0,0,0,0,0,0,0,0,0,0,0,0,0,0,12.3106,22342.8,561.374,347.943
Test,MI300A,256,16384,4194304,134217728,2048,10,274.878,1073741824,0,0,0,0,0,0,0,0,0,0,256,0,0,0,0,0,0,0,0,0,0,0,0,0,0,0,0,0,0,0,0,0,0,0,0,27.1464,10131,230.191,142.674
Test,MI300A,256,16384,4194304,134217728,2048,10,549.756,1073741824,0,0,0,0,0,0,0,0,0,0,0,0,0,0,0,0,0,512,0,0,0,0,0,0,0,0,0,0,0,0,0,0,0,0,0,26.7188,20581.5,343.748,213.057
Test,MI300A,256,16384,4194304,134217728,2048,10,274.878,1073741824,0,0,0,0,0,0,0,0,0,0,0,0,0,0,0,0,0,0,0,0,0,0,0,0,256,0,0,0,0,0,0,0,0,0,0,205.727,1336.22,10.8773,6.74181
Test,MI300A,256,16384,4194304,134217728,2048,10,274.878,1073741824,0,0,0,0,0,0,0,0,0,0,0,0,0,0,0,0,0,0,0,0,0,0,0,0,0,0,0,0,0,0,0,256,0,0,0,251.954,1091.06,9.13215,5.66017
Test,MI300A,256,16384,4194304,536870912,2048,10,1099.51,1073741824,0,0,0,0,1024,0,0,0,0,0,0,0,0,0,0,0,0,0,0,0,0,0,0,0,0,0,0,0,0,0,0,0,0,0,0,20.6199,53329.4,581.058,360.143
Test,MI300A,256,16384,4194304,536870912,2048,10,1099.51,1073741824,0,0,0,0,0,0,0,0,0,0,0,1024,0,0,0,0,0,0,0,0,0,0,0,0,0,0,0,0,0,0,0,0,0,0,0,20.3871,53944.1,813.963,504.499
Test,MI300A,256,16384,4194304,536870912,2048,10,2199.02,1073741824,0,0,0,0,0,0,0,0,0,0,0,0,0,0,0,0,0,0,2048,0,0,0,0,0,0,0,0,0,0,0,0,0,0,0,0,74.4751,29527.7,147.887,91.661
Test,MI300A,256,16384,4194304,536870912,2048,10,1099.51,1073741824,0,0,0,0,0,0,0,0,0,0,0,0,0,0,0,0,0,0,0,0,0,0,0,0,0,1024,0,0,0,0,0,0,0,0,0,334.753,3284.57,9.63517,5.97194
Test,MI300A,256,16384,4194304,536870912,2048,10,1099.51,1073741824,0,0,0,0,0,0,0,0,0,0,0,0,0,0,0,0,0,0,0,0,0,0,0,0,0,0,0,0,0,0,0,0,1024,0,0,184.813,5949.5,31.5856,19.5769
Test,MI300A,256,16384,4194304,268435456,2048,10,549.756,1073741824,0,0,0,0,0,512,0,0,0,0,0,0,0,0,0,0,0,0,0,0,0,0,0,0,0,0,0,0,0,0,0,0,0,0,0,12.0379,45672.7,435.847,270.141
Test,MI300A,256,16384,4194304,268435456,2048,10,549.756,1073741824,0,0,0,0,0,0,0,0,0,0,0,0,512,0,0,0,0,0,0,0,0,0,0,0,0,0,0,0,0,0,0,0,0,0,0,10.7775,51013.1,421.606,261.314
Test,MI300A,256,16384,4194304,268435456,2048,10,1099.51,1073741824,0,0,0,0,0,0,0,0,0,0,0,0,0,0,0,0,0,0,0,1024,0,0,0,0,0,0,0,0,0,0,0,0,0,0,0,11.7285,93749.9,528.544,327.595
Test,MI300A,256,16384,4194304,268435456,2048,10,549.756,1073741824,0,0,0,0,0,0,0,0,0,0,0,0,0,0,0,0,0,0,0,0,0,0,0,0,0,0,512,0,0,0,0,0,0,0,0,214.479,2563.51,27.5735,17.0902
Test,MI300A,256,16384,4194304,268435456,2048,10,549.756,1073741824,0,0,0,0,0,0,0,0,0,0,0,0,0,0,0,0,0,0,0,0,0,0,0,0,0,0,0,0,0,0,0,0,0,512,0,67.0972,8194.01,68.604,42.5212
Test,MI300A,256,16384,4194304,134217728,2048,10,274.878,1073741824,0,0,0,0,0,0,256,0,0,0,0,0,0,0,0,0,0,0,0,0,0,0,0,0,0,0,0,0,0,0,0,0,0,0,0,6.72042,40923.5,941.254,583.396
Test,MI300A,256,16384,4194304,134217728,2048,10,274.878,1073741824,0,0,0,0,0,0,0,0,0,0,0,0,0,256,0,0,0,0,0,0,0,0,0,0,0,0,0,0,0,0,0,0,0,0,0,6.06637,45313.6,290.168,179.848
Test,MI300A,256,16384,4194304,134217728,2048,10,549.756,1073741824,0,0,0,0,0,0,0,0,0,0,0,0,0,0,0,0,0,0,0,0,512,0,0,0,0,0,0,0,0,0,0,0,0,0,0,10.3675,53049.8,1084.43,672.134
Test,MI300A,256,16384,4194304,134217728,2048,10,274.878,1073741824,0,0,0,0,0,0,0,0,0,0,0,0,0,0,0,0,0,0,0,0,0,0,0,0,0,0,0,256,0,0,0,0,0,0,0,143.129,1920.62,15.3685,9.5255
Test,MI300A,256,16384,4194304,134217728,2048,10,274.878,1073741824,0,0,0,0,0,0,0,0,0,0,0,0,0,0,0,0,0,0,0,0,0,0,0,0,0,0,0,0,0,0,0,0,0,0,256,33.676,8164.1,116.24,72.0462
Test,MI300A,256,16384,4194304,1073741824,4096,10,4398.05,1073741824,4096,0,0,0,0,0,0,0,0,0,0,0,0,0,0,0,0,0,0,0,0,0,0,0,0,0,0,0,0,0,0,0,0,0,0,82.0328,53616.2,391.954,242.936
Test,MI300A,256,16384,4194304,1073741824,4096,10,4398.05,1073741824,0,0,0,0,0,0,0,4096,0,0,0,0,0,0,0,0,0,0,0,0,0,0,0,0,0,0,0,0,0,0,0,0,0,0,0,82.2614,53468.5,473.007,293.172
Test,MI300A,256,16384,4194304,1073741824,4096,10,8796.09,1073741824,0,0,0,0,0,0,0,0,0,0,0,0,0,0,8192,0,0,0,0,0,0,0,0,0,0,0,0,0,0,0,0,0,0,0,0,148.614,59189.1,289.462,179.41
Test,MI300A,256,16384,4194304,1073741824,4096,10,4398.05,1073741824,0,0,0,0,0,0,0,0,0,0,0,0,0,0,0,0,0,0,0,0,0,4096,0,0,0,0,0,0,0,0,0,0,0,0,0,1329.22,3308.75,2.5007,1.54995
Test,MI300A,256,16384,4194304,1073741824,4096,10,4398.05,1073741824,0,0,0,0,0,0,0,0,0,0,0,0,0,0,0,0,0,0,0,0,0,0,0,0,0,0,0,0,4096,0,0,0,0,0,0,677.053,6495.88,10.6259,6.58603
Test,MI300A,256,16384,4194304,536870912,4096,10,2199.02,1073741824,0,2048,0,0,0,0,0,0,0,0,0,0,0,0,0,0,0,0,0,0,0,0,0,0,0,0,0,0,0,0,0,0,0,0,0,42.2468,52057.1,523.518,324.48
Test,MI300A,256,16384,4194304,536870912,4096,10,2199.02,1073741824,0,0,0,0,0,0,0,0,2048,0,0,0,0,0,0,0,0,0,0,0,0,0,0,0,0,0,0,0,0,0,0,0,0,0,0,41.6198,52839.4,421.36,261.161
Test,MI300A,256,16384,4194304,536870912,4096,10,4398.05,1073741824,0,0,0,0,0,0,0,0,0,0,0,0,0,0,0,4096,0,0,0,0,0,0,0,0,0,0,0,0,0,0,0,0,0,0,0,74.2175,59261.1,357.5,221.581
Test,MI300A,256,16384,4194304,536870912,4096,10,2199.02,1073741824,0,0,0,0,0,0,0,0,0,0,0,0,0,0,0,0,0,0,0,0,0,0,2048,0,0,0,0,0,0,0,0,0,0,0,0,688.952,3191.84,1.85446,1.1494
Test,MI300A,256,16384,4194304,536870912,4096,10,2199.02,1073741824,0,0,0,0,0,0,0,0,0,0,0,0,0,0,0,0,0,0,0,0,0,0,0,0,0,0,0,0,0,2048,0,0,0,0,0,350.649,6271.49,35.7698,22.1704
Test,MI300A,256,16384,4194304,268435456,4096,10,1099.51,1073741824,0,0,1024,0,0,0,0,0,0,0,0,0,0,0,0,0,0,0,0,0,0,0,0,0,0,0,0,0,0,0,0,0,0,0,0,23.9286,45965.1,837.376,519.011
Test,MI300A,256,16384,4194304,268435456,4096,10,1099.51,1073741824,0,0,0,0,0,0,0,0,0,1024,0,0,0,0,0,0,0,0,0,0,0,0,0,0,0,0,0,0,0,0,0,0,0,0,0,22.0155,49962,965.888,598.663
Test,MI300A,256,16384,4194304,268435456,4096,10,2199.02,1073741824,0,0,0,0,0,0,0,0,0,0,0,0,0,0,0,0,2048,0,0,0,0,0,0,0,0,0,0,0,0,0,0,0,0,0,0,39.906,55112.1,619.021,383.673
Test,MI300A,256,16384,4194304,268435456,4096,10,1099.51,1073741824,0,0,0,0,0,0,0,0,0,0,0,0,0,0,0,0,0,0,0,0,0,0,0,1024,0,0,0,0,0,0,0,0,0,0,0,683.159,1609.45,1.30427,0.808398
Test,MI300A,256,16384,4194304,268435456,4096,10,1099.51,1073741824,0,0,0,0,0,0,0,0,0,0,0,0,0,0,0,0,0,0,0,0,0,0,0,0,0,0,0,0,0,0,1024,0,0,0,0,174.851,6288.71,51.0487,31.6403
Test,MI300A,256,16384,4194304,134217728,4096,10,549.756,1073741824,0,0,0,512,0,0,0,0,0,0,0,0,0,0,0,0,0,0,0,0,0,0,0,0,0,0,0,0,0,0,0,0,0,0,0,23.5984,23300.4,307.738,190.738
Test,MI300A,256,16384,4194304,134217728,4096,10,549.756,1073741824,0,0,0,0,0,0,0,0,0,0,512,0,0,0,0,0,0,0,0,0,0,0,0,0,0,0,0,0,0,0,0,0,0,0,0,52.9578,10382.9,137.204,85.0401
Test,MI300A,256,16384,4194304,134217728,4096,10,1099.51,1073741824,0,0,0,0,0,0,0,0,0,0,0,0,0,0,0,0,0,1024,0,0,0,0,0,0,0,0,0,0,0,0,0,0,0,0,0,52.9483,20769,257.826,159.802
Test,MI300A,256,16384,4194304,134217728,4096,10,549.756,1073741824,0,0,0,0,0,0,0,0,0,0,0,0,0,0,0,0,0,0,0,0,0,0,0,0,512,0,0,0,0,0,0,0,0,0,0,405.367,1356.25,8.70683,5.39655
Test,MI300A,256,16384,4194304,134217728,4096,10,549.756,1073741824,0,0,0,0,0,0,0,0,0,0,0,0,0,0,0,0,0,0,0,0,0,0,0,0,0,0,0,0,0,0,0,512,0,0,0,480.297,1144.63,4.30663,2.66928
Test,MI300A,256,16384,4194304,536870912,4096,10,2199.02,1073741824,0,0,0,0,2048,0,0,0,0,0,0,0,0,0,0,0,0,0,0,0,0,0,0,0,0,0,0,0,0,0,0,0,0,0,0,40.6686,54079.3,630.405,390.729
Test,MI300A,256,16384,4194304,536870912,4096,10,2199.02,1073741824,0,0,0,0,0,0,0,0,0,0,0,2048,0,0,0,0,0,0,0,0,0,0,0,0,0,0,0,0,0,0,0,0,0,0,0,40.1243,54807.9,377.458,233.951
Test,MI300A,256,16384,4194304,536870912,4096,10,4398.05,1073741824,0,0,0,0,0,0,0,0,0,0,0,0,0,0,0,0,0,0,4096,0,0,0,0,0,0,0,0,0,0,0,0,0,0,0,0,148.668,29583.3,94.2703,58.4293
Test,MI300A,256,16384,4194304,536870912,4096,10,2199.02,1073741824,0,0,0,0,0,0,0,0,0,0,0,0,0,0,0,0,0,0,0,0,0,0,0,0,0,2048,0,0,0,0,0,0,0,0,0,670.092,3281.68,3.36209,2.08384
Test,MI300A,256,16384,4194304,536870912,4096,10,2199.02,1073741824,0,0,0,0,0,0,0,0,0,0,0,0,0,0,0,0,0,0,0,0,0,0,0,0,0,0,0,0,0,0,0,0,2048,0,0,370.022,5942.99,15.4135,9.55338
Test,MI300A,256,16384,4194304,268435456,4096,10,1099.51,1073741824,0,0,0,0,0,1024,0,0,0,0,0,0,0,0,0,0,0,0,0,0,0,0,0,0,0,0,0,0,0,0,0,0,0,0,0,23.6665,46478.3,945.79,586.207
Test,MI300A,256,16384,4194304,268435456,4096,10,1099.51,1073741824,0,0,0,0,0,0,0,0,0,0,0,0,1024,0,0,0,0,0,0,0,0,0,0,0,0,0,0,0,0,0,0,0,0,0,0,21.1956,51881.2,576.01,357.015
Test,MI300A,256,16384,4194304,268435456,4096,10,2199.02,1073741824,0,0,0,0,0,0,0,0,0,0,0,0,0,0,0,0,0,0,0,2048,0,0,0,0,0,0,0,0,0,0,0,0,0,0,0,23.198,94801.7,866.867,537.29
Test,MI300A,256,16384,4194304,268435456,4096,10,1099.51,1073741824,0,0,0,0,0,0,0,0,0,0,0,0,0,0,0,0,0,0,0,0,0,0,0,0,0,0,1024,0,0,0,0,0,0,0,0,429.659,2559.05,7.50144,4.64944
Test,MI300A,256,16384,4194304,268435456,4096,10,1099.51,1073741824,0,0,0,0,0,0,0,0,0,0,0,0,0,0,0,0,0,0,0,0,0,0,0,0,0,0,0,0,0,0,0,0,0,1024,0,134.526,8173.7,63.8431,39.5704
Test,MI300A,256,16384,4194304,134217728,4096,10,549.756,1073741824,0,0,0,0,0,0,512,0,0,0,0,0,0,0,0,0,0,0,0,0,0,0,0,0,0,0,0,0,0,0,0,0,0,0,0,13.1639,41769.3,539.339,334.286
Test,MI300A,256,16384,4194304,134217728,4096,10,549.756,1073741824,0,0,0,0,0,0,0,0,0,0,0,0,0,512,0,0,0,0,0,0,0,0,0,0,0,0,0,0,0,0,0,0,0,0,0,12.2212,45008,1031,639.023
Test,MI300A,256,16384,4194304,134217728,4096,10,1099.51,1073741824,0,0,0,0,0,0,0,0,0,0,0,0,0,0,0,0,0,0,0,0,1024,0,0,0,0,0,0,0,0,0,0,0,0,0,0,19.4764,56462.1,684.749,424.412
Test,MI300A,256,16384,4194304,134217728,4096,10,549.756,1073741824,0,0,0,0,0,0,0,0,0,0,0,0,0,0,0,0,0,0,0,0,0,0,0,0,0,0,0,512,0,0,0,0,0,0,0,286.389,1919.73,15.3477,9.51258
Test,MI300A,256,16384,4194304,134217728,4096,10,549.756,1073741824,0,0,0,0,0,0,0,0,0,0,0,0,0,0,0,0,0,0,0,0,0,0,0,0,0,0,0,0,0,0,0,0,0,0,512,67.3611,8162.57,100.417,62.2388
Test,MI300A,256,16384,4194304,1073741824,8192,10,8796.09,1073741824,8192,0,0,0,0,0,0,0,0,0,0,0,0,0,0,0,0,0,0,0,0,0,0,0,0,0,0,0,0,0,0,0,0,0,0,183.155,48026.8,267.271,165.657
Test,MI300A,256,16384,4194304,1073741824,8192,10,8796.09,1073741824,0,0,0,0,0,0,0,8192,0,0,0,0,0,0,0,0,0,0,0,0,0,0,0,0,0,0,0,0,0,0,0,0,0,0,0,163.532,53789.7,290.298,179.928
Test,MI300A,256,16384,4194304,1073741824,8192,10,17592.2,1073741824,0,0,0,0,0,0,0,0,0,0,0,0,0,0,16384,0,0,0,0,0,0,0,0,0,0,0,0,0,0,0,0,0,0,0,0,297.067,59219.6,51.3986,31.8572
Test,MI300A,256,16384,4194304,1073741824,8192,10,8796.09,1073741824,0,0,0,0,0,0,0,0,0,0,0,0,0,0,0,0,0,0,0,0,0,8192,0,0,0,0,0,0,0,0,0,0,0,0,0,2657.18,3310.31,1.05082,0.651306
Test,MI300A,256,16384,4194304,1073741824,8192,10,8796.09,1073741824,0,0,0,0,0,0,0,0,0,0,0,0,0,0,0,0,0,0,0,0,0,0,0,0,0,0,0,0,8192,0,0,0,0,0,0,1352.61,6503.05,6.50996,4.03491
Test,MI300A,256,16384,4194304,536870912,8192,10,4398.05,1073741824,0,4096,0,0,0,0,0,0,0,0,0,0,0,0,0,0,0,0,0,0,0,0,0,0,0,0,0,0,0,0,0,0,0,0,0,92.0952,47757.6,320.718,198.783
Test,MI300A,256,16384,4194304,536870912,8192,10,4398.05,1073741824,0,0,0,0,0,0,0,0,4096,0,0,0,0,0,0,0,0,0,0,0,0,0,0,0,0,0,0,0,0,0,0,0,0,0,0,82.3517,53408.4,382.67,237.181
Test,MI300A,256,16384,4194304,536870912,8192,10,8796.09,1073741824,0,0,0,0,0,0,0,0,0,0,0,0,0,0,0,8192,0,0,0,0,0,0,0,0,0,0,0,0,0,0,0,0,0,0,0,148.169,59365.9,167.373,103.739
Test,MI300A,256,16384,4194304,536870912,8192,10,4398.05,1073741824,0,0,0,0,0,0,0,0,0,0,0,0,0,0,0,0,0,0,0,0,0,0,4096,0,0,0,0,0,0,0,0,0,0,0,0,1378.11,3191.37,1.7578,1.08949
Test,MI300A,256,16384,4194304,536870912,8192,10,4398.05,1073741824,0,0,0,0,0,0,0,0,0,0,0,0,0,0,0,0,0,0,0,0,0,0,0,0,0,0,0,0,0,4096,0,0,0,0,0,701.623,6268.4,7.71922,4.78442
Test,MI300A,256,16384,4194304,268435456,8192,10,2199.02,1073741824,0,0,2048,0,0,0,0,0,0,0,0,0,0,0,0,0,0,0,0,0,0,0,0,0,0,0,0,0,0,0,0,0,0,0,0,51.4669,42727.8,186.632,115.676
Test,MI300A,256,16384,4194304,268435456,8192,10,2199.02,1073741824,0,0,0,0,0,0,0,0,0,2048,0,0,0,0,0,0,0,0,0,0,0,0,0,0,0,0,0,0,0,0,0,0,0,0,0,43.1819,50928.7,450.643,279.312
Test,MI300A,256,16384,4194304,268435456,8192,10,4398.05,1073741824,0,0,0,0,0,0,0,0,0,0,0,0,0,0,0,0,4096,0,0,0,0,0,0,0,0,0,0,0,0,0,0,0,0,0,0,79.2607,55491.2,396.05,245.475
Test,MI300A,256,16384,4194304,268435456,8192,10,2199.02,1073741824,0,0,0,0,0,0,0,0,0,0,0,0,0,0,0,0,0,0,0,0,0,0,0,2048,0,0,0,0,0,0,0,0,0,0,0,1362.66,1613.78,1.02832,0.63736
Test,MI300A,256,16384,4194304,268435456,8192,10,2199.02,1073741824,0,0,0,0,0,0,0,0,0,0,0,0,0,0,0,0,0,0,0,0,0,0,0,0,0,0,0,0,0,0,2048,0,0,0,0,349.556,6290.94,15.9591,9.89153
Test,MI300A,256,16384,4194304,134217728,8192,10,1099.51,1073741824,0,0,0,1024,0,0,0,0,0,0,0,0,0,0,0,0,0,0,0,0,0,0,0,0,0,0,0,0,0,0,0,0,0,0,0,47.5258,23138,259.892,161.083
Test,MI300A,256,16384,4194304,134217728,8192,10,1099.51,1073741824,0,0,0,0,0,0,0,0,0,0,1024,0,0,0,0,0,0,0,0,0,0,0,0,0,0,0,0,0,0,0,0,0,0,0,0,105.085,10463.8,90.5339,56.1135
Test,MI300A,256,16384,4194304,134217728,8192,10,2199.02,1073741824,0,0,0,0,0,0,0,0,0,0,0,0,0,0,0,0,0,2048,0,0,0,0,0,0,0,0,0,0,0,0,0,0,0,0,0,105.814,20783.9,193.454,119.904
Test,MI300A,256,16384,4194304,134217728,8192,10,1099.51,1073741824,0,0,0,0,0,0,0,0,0,0,0,0,0,0,0,0,0,0,0,0,0,0,0,0,1024,0,0,0,0,0,0,0,0,0,0,798.495,1376.99,3.48985,2.16303
Test,MI300A,256,16384,4194304,134217728,8192,10,1099.51,1073741824,0,0,0,0,0,0,0,0,0,0,0,0,0,0,0,0,0,0,0,0,0,0,0,0,0,0,0,0,0,0,0,1024,0,0,0,959.551,1145.87,2.59236,1.60676
Test,MI300A,256,16384,4194304,536870912,8192,10,4398.05,1073741824,0,0,0,0,4096,0,0,0,0,0,0,0,0,0,0,0,0,0,0,0,0,0,0,0,0,0,0,0,0,0,0,0,0,0,0,80.9335,54347.6,572.165,354.631
Test,MI300A,256,16384,4194304,536870912,8192,10,4398.05,1073741824,0,0,0,0,0,0,0,0,0,0,0,4096,0,0,0,0,0,0,0,0,0,0,0,0,0,0,0,0,0,0,0,0,0,0,0,79.7935,55122.1,479.081,296.937
Test,MI300A,256,16384,4194304,536870912,8192,10,8796.09,1073741824,0,0,0,0,0,0,0,0,0,0,0,0,0,0,0,0,0,0,8192,0,0,0,0,0,0,0,0,0,0,0,0,0,0,0,0,297.317,29584.9,14.2227,8.81531
Test,MI300A,256,16384,4194304,536870912,8192,10,4398.05,1073741824,0,0,0,0,0,0,0,0,0,0,0,0,0,0,0,0,0,0,0,0,0,0,0,0,0,4096,0,0,0,0,0,0,0,0,0,1337.98,3287.07,1.26444,0.783705
Test,MI300A,256,16384,4194304,536870912,8192,10,4398.05,1073741824,0,0,0,0,0,0,0,0,0,0,0,0,0,0,0,0,0,0,0,0,0,0,0,0,0,0,0,0,0,0,0,0,4096,0,0,739.767,5945.19,7.55333,4.6816
Test,MI300A,256,16384,4194304,268435456,8192,10,2199.02,1073741824,0,0,0,0,0,2048,0,0,0,0,0,0,0,0,0,0,0,0,0,0,0,0,0,0,0,0,0,0,0,0,0,0,0,0,0,46.0004,47810.1,513.26,318.122
Test,MI300A,256,16384,4194304,268435456,8192,10,2199.02,1073741824,0,0,0,0,0,0,0,0,0,0,0,0,2048,0,0,0,0,0,0,0,0,0,0,0,0,0,0,0,0,0,0,0,0,0,0,42.0797,52260.3,303.636,188.196
Test,MI300A,256,16384,4194304,268435456,8192,10,4398.05,1073741824,0,0,0,0,0,0,0,0,0,0,0,0,0,0,0,0,0,0,0,4096,0,0,0,0,0,0,0,0,0,0,0,0,0,0,0,45.902,95819.5,734.927,455.513
Test,MI300A,256,16384,4194304,268435456,8192,10,2199.02,1073741824,0,0,0,0,0,0,0,0,0,0,0,0,0,0,0,0,0,0,0,0,0,0,0,0,0,0,2048,0,0,0,0,0,0,0,0,858.642,2561.05,4.06349,2.51857
Test,MI300A,256,16384,4194304,268435456,8192,10,2199.02,1073741824,0,0,0,0,0,0,0,0,0,0,0,0,0,0,0,0,0,0,0,0,0,0,0,0,0,0,0,0,0,0,0,0,0,2048,0,268.773,8181.82,29.478,18.2707
Test,MI300A,256,16384,4194304,134217728,8192,10,1099.51,1073741824,0,0,0,0,0,0,1024,0,0,0,0,0,0,0,0,0,0,0,0,0,0,0,0,0,0,0,0,0,0,0,0,0,0,0,0,27.1625,40495.7,820.817,508.748
Test,MI300A,256,16384,4194304,134217728,8192,10,1099.51,1073741824,0,0,0,0,0,0,0,0,0,0,0,0,0,1024,0,0,0,0,0,0,0,0,0,0,0,0,0,0,0,0,0,0,0,0,0,24.0533,45717.5,520.472,322.592
Test,MI300A,256,16384,4194304,134217728,8192,10,2199.02,1073741824,0,0,0,0,0,0,0,0,0,0,0,0,0,0,0,0,0,0,0,0,2048,0,0,0,0,0,0,0,0,0,0,0,0,0,0,40.6021,54166.8,594.926,368.739
Test,MI300A,256,16384,4194304,134217728,8192,10,1099.51,1073741824,0,0,0,0,0,0,0,0,0,0,0,0,0,0,0,0,0,0,0,0,0,0,0,0,0,0,0,1024,0,0,0,0,0,0,0,573.764,1916.32,3.44998,2.13832
Test,MI300A,256,16384,4194304,134217728,8192,10,1099.51,1073741824,0,0,0,0,0,0,0,0,0,0,0,0,0,0,0,0,0,0,0,0,0,0,0,0,0,0,0,0,0,0,0,0,0,0,1024,134.388,8181.77,33.5084,20.7687
Test,MI300A,256,16384,4194304,1073741824,16384,10,17592.2,1073741824,16384,0,0,0,0,0,0,0,0,0,0,0,0,0,0,0,0,0,0,0,0,0,0,0,0,0,0,0,0,0,0,0,0,0,0,325.689,54018,388.283,240.66
Test,MI300A,256,16384,4194304,1073741824,16384,10,17592.2,1073741824,0,0,0,0,0,0,0,16384,0,0,0,0,0,0,0,0,0,0,0,0,0,0,0,0,0,0,0,0,0,0,0,0,0,0,0,325.739,54007.3,135.889,84.2246
Test,MI300A,256,16384,4194304,1073741824,16384,10,35184.4,1073741824,0,0,0,0,0,0,0,0,0,0,0,0,0,0,32768,0,0,0,0,0,0,0,0,0,0,0,0,0,0,0,0,0,0,0,0,593.91,59242,67.3403,41.738
Test,MI300A,256,16384,4194304,1073741824,16384,10,17592.2,1073741824,0,0,0,0,0,0,0,0,0,0,0,0,0,0,0,0,0,0,0,0,0,16384,0,0,0,0,0,0,0,0,0,0,0,0,0,5311.73,3311.95,1.77377,1.09939
Test,MI300A,256,16384,4194304,1073741824,16384,10,17592.2,1073741824,0,0,0,0,0,0,0,0,0,0,0,0,0,0,0,0,0,0,0,0,0,0,0,0,0,0,0,0,16384,0,0,0,0,0,0,2704.86,6503.91,4.5721,2.83382
Test,MI300A,256,16384,4194304,536870912,16384,10,8796.09,1073741824,0,8192,0,0,0,0,0,0,0,0,0,0,0,0,0,0,0,0,0,0,0,0,0,0,0,0,0,0,0,0,0,0,0,0,0,166.131,52949,359.35,222.728
Test,MI300A,256,16384,4194304,536870912,16384,10,8796.09,1073741824,0,0,0,0,0,0,0,0,8192,0,0,0,0,0,0,0,0,0,0,0,0,0,0,0,0,0,0,0,0,0,0,0,0,0,0,163.266,53876.7,223.525,138.542
Test,MI300A,256,16384,4194304,536870912,16384,10,17592.2,1073741824,0,0,0,0,0,0,0,0,0,0,0,0,0,0,0,16384,0,0,0,0,0,0,0,0,0,0,0,0,0,0,0,0,0,0,0,296.817,59269.9,148.803,92.2292
Test,MI300A,256,16384,4194304,536870912,16384,10,8796.09,1073741824,0,0,0,0,0,0,0,0,0,0,0,0,0,0,0,0,0,0,0,0,0,0,8192,0,0,0,0,0,0,0,0,0,0,0,0,2755.59,3192.1,1.5987,0.990886
Test,MI300A,256,16384,4194304,536870912,16384,10,8796.09,1073741824,0,0,0,0,0,0,0,0,0,0,0,0,0,0,0,0,0,0,0,0,0,0,0,0,0,0,0,0,0,8192,0,0,0,0,0,1402.92,6269.87,8.64148,5.35605
Test,MI300A,256,16384,4194304,268435456,16384,10,4398.05,1073741824,0,0,4096,0,0,0,0,0,0,0,0,0,0,0,0,0,0,0,0,0,0,0,0,0,0,0,0,0,0,0,0,0,0,0,0,93.4193,47083.2,466.872,289.37
Test,MI300A,256,16384,4194304,268435456,16384,10,4398.05,1073741824,0,0,0,0,0,0,0,0,0,4096,0,0,0,0,0,0,0,0,0,0,0,0,0,0,0,0,0,0,0,0,0,0,0,0,0,85.4426,51475,264.51,163.945
Test,MI300A,256,16384,4194304,268435456,16384,10,8796.09,1073741824,0,0,0,0,0,0,0,0,0,0,0,0,0,0,0,0,8192,0,0,0,0,0,0,0,0,0,0,0,0,0,0,0,0,0,0,158.173,55610.9,138.809,86.035
Test,MI300A,256,16384,4194304,268435456,16384,10,4398.05,1073741824,0,0,0,0,0,0,0,0,0,0,0,0,0,0,0,0,0,0,0,0,0,0,0,4096,0,0,0,0,0,0,0,0,0,0,0,2720.03,1616.91,0.693329,0.42973
Test,MI300A,256,16384,4194304,268435456,16384,10,4398.05,1073741824,0,0,0,0,0,0,0,0,0,0,0,0,0,0,0,0,0,0,0,0,0,0,0,0,0,0,0,0,0,0,4096,0,0,0,0,699.783,6284.9,13.9728,8.6604
Test,MI300A,256,16384,4194304,134217728,16384,10,2199.02,1073741824,0,0,0,2048,0,0,0,0,0,0,0,0,0,0,0,0,0,0,0,0,0,0,0,0,0,0,0,0,0,0,0,0,0,0,0,92.4388,23790,157.02,97.3221
Test,MI300A,256,16384,4194304,134217728,16384,10,2199.02,1073741824,0,0,0,0,0,0,0,0,0,0,2048,0,0,0,0,0,0,0,0,0,0,0,0,0,0,0,0,0,0,0,0,0,0,0,0,209.795,10483,115.481,71.5761
Test,MI300A,256,16384,4194304,134217728,16384,10,4398.05,1073741824,0,0,0,0,0,0,0,0,0,0,0,0,0,0,0,0,0,4096,0,0,0,0,0,0,0,0,0,0,0,0,0,0,0,0,0,211.139,20830.4,83.2841,51.62
Test,MI300A,256,16384,4194304,134217728,16384,10,2199.02,1073741824,0,0,0,0,0,0,0,0,0,0,0,0,0,0,0,0,0,0,0,0,0,0,0,0,2048,0,0,0,0,0,0,0,0,0,0,1579.79,1391.98,2.85597,1.77015
Test,MI300A,256,16384,4194304,134217728,16384,10,2199.02,1073741824,0,0,0,0,0,0,0,0,0,0,0,0,0,0,0,0,0,0,0,0,0,0,0,0,0,0,0,0,0,0,0,2048,0,0,0,1913.47,1149.24,1.83352,1.13643
Test,MI300A,256,16384,4194304,536870912,16384,10,8796.09,1073741824,0,0,0,0,8192,0,0,0,0,0,0,0,0,0,0,0,0,0,0,0,0,0,0,0,0,0,0,0,0,0,0,0,0,0,0,161.125,54592.2,171.218,106.122
Test,MI300A,256,16384,4194304,536870912,16384,10,8796.09,1073741824,0,0,0,0,0,0,0,0,0,0,0,8192,0,0,0,0,0,0,0,0,0,0,0,0,0,0,0,0,0,0,0,0,0,0,0,159.141,55273.1,225.355,139.676
Test,MI300A,256,16384,4194304,536870912,16384,10,17592.2,1073741824,0,0,0,0,0,0,0,0,0,0,0,0,0,0,0,0,0,0,16384,0,0,0,0,0,0,0,0,0,0,0,0,0,0,0,0,594.359,29598.6,17.3501,10.7537
Test,MI300A,256,16384,4194304,536870912,16384,10,8796.09,1073741824,0,0,0,0,0,0,0,0,0,0,0,0,0,0,0,0,0,0,0,0,0,0,0,0,0,8192,0,0,0,0,0,0,0,0,0,2675.14,3288.09,1.40683,0.871963
Test,MI300A,256,16384,4194304,536870912,16384,10,8796.09,1073741824,0,0,0,0,0,0,0,0,0,0,0,0,0,0,0,0,0,0,0,0,0,0,0,0,0,0,0,0,0,0,0,0,8192,0,0,1478.54,5949.19,6.88597,4.26797
Test,MI300A,256,16384,4194304,268435456,16384,10,4398.05,1073741824,0,0,0,0,0,4096,0,0,0,0,0,0,0,0,0,0,0,0,0,0,0,0,0,0,0,0,0,0,0,0,0,0,0,0,0,91.4888,48076.2,452.052,280.185
Test,MI300A,256,16384,4194304,268435456,16384,10,4398.05,1073741824,0,0,0,0,0,0,0,0,0,0,0,0,4096,0,0,0,0,0,0,0,0,0,0,0,0,0,0,0,0,0,0,0,0,0,0,84.2297,52216,229.978,142.542
Test,MI300A,256,16384,4194304,268435456,16384,10,8796.09,1073741824,0,0,0,0,0,0,0,0,0,0,0,0,0,0,0,0,0,0,0,8192,0,0,0,0,0,0,0,0,0,0,0,0,0,0,0,91.5429,96089.6,480.473,297.8
Test,MI300A,256,16384,4194304,268435456,16384,10,4398.05,1073741824,0,0,0,0,0,0,0,0,0,0,0,0,0,0,0,0,0,0,0,0,0,0,0,0,0,0,4096,0,0,0,0,0,0,0,0,1713.62,2566.54,5.17507,3.20754
Test,MI300A,256,16384,4194304,268435456,16384,10,4398.05,1073741824,0,0,0,0,0,0,0,0,0,0,0,0,0,0,0,0,0,0,0,0,0,0,0,0,0,0,0,0,0,0,0,0,0,4096,0,537.782,8178.15,15.8198,9.80521
Test,MI300A,256,16384,4194304,134217728,16384,10,2199.02,1073741824,0,0,0,0,0,0,2048,0,0,0,0,0,0,0,0,0,0,0,0,0,0,0,0,0,0,0,0,0,0,0,0,0,0,0,0,53.3721,41206,421.674,261.356
Test,MI300A,256,16384,4194304,134217728,16384,10,2199.02,1073741824,0,0,0,0,0,0,0,0,0,0,0,0,0,2048,0,0,0,0,0,0,0,0,0,0,0,0,0,0,0,0,0,0,0,0,0,47.6836,46120.6,405.653,251.426
Test,MI300A,256,16384,4194304,134217728,16384,10,4398.05,1073741824,0,0,0,0,0,0,0,0,0,0,0,0,0,0,0,0,0,0,0,0,4096,0,0,0,0,0,0,0,0,0,0,0,0,0,0,80.7247,54486.5,490.48,304.003
Test,MI300A,256,16384,4194304,134217728,16384,10,2199.02,1073741824,0,0,0,0,0,0,0,0,0,0,0,0,0,0,0,0,0,0,0,0,0,0,0,0,0,0,0,2048,0,0,0,0,0,0,0,1147.11,1917.02,3.5114,2.17639
Test,MI300A,256,16384,4194304,134217728,16384,10,2199.02,1073741824,0,0,0,0,0,0,0,0,0,0,0,0,0,0,0,0,0,0,0,0,0,0,0,0,0,0,0,0,0,0,0,0,0,0,2048,268.378,8194.14,56.76,35.1802
Test,MI300A,256,16384,4194304,1073741824,32768,10,35184.4,1073741824,32768,0,0,0,0,0,0,0,0,0,0,0,0,0,0,0,0,0,0,0,0,0,0,0,0,0,0,0,0,0,0,0,0,0,0,727.435,48367.8,71.0741,44.0522
Test,MI300A,256,16384,4194304,1073741824,32768,10,35184.4,1073741824,0,0,0,0,0,0,0,32768,0,0,0,0,0,0,0,0,0,0,0,0,0,0,0,0,0,0,0,0,0,0,0,0,0,0,0,650.229,54110.8,40.6998,25.226
Test,MI300A,256,16384,4194304,1073741824,32768,10,70368.7,1073741824,0,0,0,0,0,0,0,0,0,0,0,0,0,0,65536,0,0,0,0,0,0,0,0,0,0,0,0,0,0,0,0,0,0,0,0,1191.13,59077.2,67.5261,41.8531
Test,MI300A,256,16384,4194304,1073741824,32768,10,35184.4,1073741824,0,0,0,0,0,0,0,0,0,0,0,0,0,0,0,0,0,0,0,0,0,32768,0,0,0,0,0,0,0,0,0,0,0,0,0,10620.5,3312.89,1.09922,0.681301
Test,MI300A,256,16384,4194304,1073741824,32768,10,35184.4,1073741824,0,0,0,0,0,0,0,0,0,0,0,0,0,0,0,0,0,0,0,0,0,0,0,0,0,0,0,0,32768,0,0,0,0,0,0,5408.2,6505.75,4.60426,2.85375
Test,MI300A,256,16384,4194304,536870912,32768,10,17592.2,1073741824,0,16384,0,0,0,0,0,0,0,0,0,0,0,0,0,0,0,0,0,0,0,0,0,0,0,0,0,0,0,0,0,0,0,0,0,364.184,48306.1,128.147,79.4266
Test,MI300A,256,16384,4194304,536870912,32768,10,17592.2,1073741824,0,0,0,0,0,0,0,0,16384,0,0,0,0,0,0,0,0,0,0,0,0,0,0,0,0,0,0,0,0,0,0,0,0,0,0,324.867,54153,229.87,142.475
Test,MI300A,256,16384,4194304,536870912,32768,10,35184.4,1073741824,0,0,0,0,0,0,0,0,0,0,0,0,0,0,0,32768,0,0,0,0,0,0,0,0,0,0,0,0,0,0,0,0,0,0,0,595.59,59074.9,12.1744,7.54574
Test,MI300A,256,16384,4194304,536870912,32768,10,17592.2,1073741824,0,0,0,0,0,0,0,0,0,0,0,0,0,0,0,0,0,0,0,0,0,0,16384,0,0,0,0,0,0,0,0,0,0,0,0,5510.4,3192.54,0.558869,0.346391
Test,MI300A,256,16384,4194304,536870912,32768,10,17592.2,1073741824,0,0,0,0,0,0,0,0,0,0,0,0,0,0,0,0,0,0,0,0,0,0,0,0,0,0,0,0,0,16384,0,0,0,0,0,2803.37,6275.39,7.97807,4.94486
Test,MI300A,256,16384,4194304,268435456,32768,10,8796.09,1073741824,0,0,8192,0,0,0,0,0,0,0,0,0,0,0,0,0,0,0,0,0,0,0,0,0,0,0,0,0,0,0,0,0,0,0,0,203.138,43301.9,200.462,124.248
Test,MI300A,256,16384,4194304,268435456,32768,10,8796.09,1073741824,0,0,0,0,0,0,0,0,0,8192,0,0,0,0,0,0,0,0,0,0,0,0,0,0,0,0,0,0,0,0,0,0,0,0,0,170.183,51688.1,314.933,195.198
Test,MI300A,256,16384,4194304,268435456,32768,10,17592.2,1073741824,0,0,0,0,0,0,0,0,0,0,0,0,0,0,0,0,16384,0,0,0,0,0,0,0,0,0,0,0,0,0,0,0,0,0,0,310.547,56653.8,515.62,319.584
Test,MI300A,256,16384,4194304,268435456,32768,10,8796.09,1073741824,0,0,0,0,0,0,0,0,0,0,0,0,0,0,0,0,0,0,0,0,0,0,0,8192,0,0,0,0,0,0,0,0,0,0,0,5431,1619.61,0.794097,0.492187
Test,MI300A,256,16384,4194304,268435456,32768,10,8796.09,1073741824,0,0,0,0,0,0,0,0,0,0,0,0,0,0,0,0,0,0,0,0,0,0,0,0,0,0,0,0,0,0,8192,0,0,0,0,1400.64,6280.04,6.53306,4.04923
Test,MI300A,256,16384,4194304,134217728,32768,10,4398.05,1073741824,0,0,0,4096,0,0,0,0,0,0,0,0,0,0,0,0,0,0,0,0,0,0,0,0,0,0,0,0,0,0,0,0,0,0,0,188.259,23361.9,66.7955,41.4003
Test,MI300A,256,16384,4194304,134217728,32768,10,4398.05,1073741824,0,0,0,0,0,0,0,0,0,0,4096,0,0,0,0,0,0,0,0,0,0,0,0,0,0,0,0,0,0,0,0,0,0,0,0,418.694,10504.2,22.8213,14.1448
Test,MI300A,256,16384,4194304,134217728,32768,10,8796.09,1073741824,0,0,0,0,0,0,0,0,0,0,0,0,0,0,0,0,0,8192,0,0,0,0,0,0,0,0,0,0,0,0,0,0,0,0,0,599.753,14666.3,34.9456,21.6595
Test,MI300A,256,16384,4194304,134217728,32768,10,4398.05,1073741824,0,0,0,0,0,0,0,0,0,0,0,0,0,0,0,0,0,0,0,0,0,0,0,0,4096,0,0,0,0,0,0,0,0,0,0,3147.67,1397.24,2.1197,1.31381
Test,MI300A,256,16384,4194304,134217728,32768,10,4398.05,1073741824,0,0,0,0,0,0,0,0,0,0,0,0,0,0,0,0,0,0,0,0,0,0,0,0,0,0,0,0,0,0,0,4096,0,0,0,3811.95,1153.75,0.948779,0.588059
Test,MI300A,256,16384,4194304,536870912,32768,10,17592.2,1073741824,0,0,0,0,16384,0,0,0,0,0,0,0,0,0,0,0,0,0,0,0,0,0,0,0,0,0,0,0,0,0,0,0,0,0,0,320.11,54956.9,121.779,75.4796
Test,MI300A,256,16384,4194304,536870912,32768,10,17592.2,1073741824,0,0,0,0,0,0,0,0,0,0,0,16384,0,0,0,0,0,0,0,0,0,0,0,0,0,0,0,0,0,0,0,0,0,0,0,316.713,55546.7,184.91,114.609
Test,MI300A,256,16384,4194304,536870912,32768,10,35184.4,1073741824,0,0,0,0,0,0,0,0,0,0,0,0,0,0,0,0,0,0,32768,0,0,0,0,0,0,0,0,0,0,0,0,0,0,0,0,1187.73,29623.3,13.9107,8.62194
Test,MI300A,256,16384,4194304,536870912,32768,10,17592.2,1073741824,0,0,0,0,0,0,0,0,0,0,0,0,0,0,0,0,0,0,0,0,0,0,0,0,0,16384,0,0,0,0,0,0,0,0,0,5349.94,3288.3,1.38609,0.859105
Test,MI300A,256,16384,4194304,536870912,32768,10,17592.2,1073741824,0,0,0,0,0,0,0,0,0,0,0,0,0,0,0,0,0,0,0,0,0,0,0,0,0,0,0,0,0,0,0,0,16384,0,0,2955.97,5951.41,3.4532,2.14032
Test,MI300A,256,16384,4194304,268435456,32768,10,8796.09,1073741824,0,0,0,0,0,8192,0,0,0,0,0,0,0,0,0,0,0,0,0,0,0,0,0,0,0,0,0,0,0,0,0,0,0,0,0,183.426,47960.4,538.178,333.566
Test,MI300A,256,16384,4194304,268435456,32768,10,8796.09,1073741824,0,0,0,0,0,0,0,0,0,0,0,0,8192,0,0,0,0,0,0,0,0,0,0,0,0,0,0,0,0,0,0,0,0,0,0,168.021,52352.1,202.974,125.804
Test,MI300A,256,16384,4194304,268435456,32768,10,17592.2,1073741824,0,0,0,0,0,0,0,0,0,0,0,0,0,0,0,0,0,0,0,16384,0,0,0,0,0,0,0,0,0,0,0,0,0,0,0,182.778,96250.4,346.954,215.044
Test,MI300A,256,16384,4194304,268435456,32768,10,8796.09,1073741824,0,0,0,0,0,0,0,0,0,0,0,0,0,0,0,0,0,0,0,0,0,0,0,0,0,0,8192,0,0,0,0,0,0,0,0,3427.29,2566.49,2.08263,1.29083
Test,MI300A,256,16384,4194304,268435456,32768,10,8796.09,1073741824,0,0,0,0,0,0,0,0,0,0,0,0,0,0,0,0,0,0,0,0,0,0,0,0,0,0,0,0,0,0,0,0,0,8192,0,1074.26,8188.06,11.5165,7.13802
Test,MI300A,256,16384,4194304,134217728,32768,10,4398.05,1073741824,0,0,0,0,0,0,4096,0,0,0,0,0,0,0,0,0,0,0,0,0,0,0,0,0,0,0,0,0,0,0,0,0,0,0,0,104.683,42014,199.106,123.407
Test,MI300A,256,16384,4194304,134217728,32768,10,4398.05,1073741824,0,0,0,0,0,0,0,0,0,0,0,0,0,4096,0,0,0,0,0,0,0,0,0,0,0,0,0,0,0,0,0,0,0,0,0,93.6244,46978.1,355.436,220.301
Test,MI300A,256,16384,4194304,134217728,32768,10,8796.09,1073741824,0,0,0,0,0,0,0,0,0,0,0,0,0,0,0,0,0,0,0,0,8192,0,0,0,0,0,0,0,0,0,0,0,0,0,0,154.095,57088.5,584.299,362.152
Test,MI300A,256,16384,4194304,134217728,32768,10,4398.05,1073741824,0,0,0,0,0,0,0,0,0,0,0,0,0,0,0,0,0,0,0,0,0,0,0,0,0,0,0,4096,0,0,0,0,0,0,0,2294.89,1916.46,2.22898,1.38153
Test,MI300A,256,16384,4194304,134217728,32768,10,4398.05,1073741824,0,0,0,0,0,0,0,0,0,0,0,0,0,0,0,0,0,0,0,0,0,0,0,0,0,0,0,0,0,0,0,0,0,0,4096,537.343,8184.82,11.1613,6.91787
Test,MI300X,256,16384,4194304,1073741824,2,10,2.14748,1073741824,2,0,0,0,0,0,0,0,0,0,0,0,0,0,0,0,0,0,0,0,0,0,0,0,0,0,0,0,0,0,0,0,0,0,0,1.12958,1904.92,82.4652,51.1124
Test,MI300X,256,16384,4194304,1073741824,2,10,2.14748,1073741824,0,0,0,0,0,0,0,2,0,0,0,0,0,0,0,0,0,0,0,0,0,0,0,0,0,0,0,0,0,0,0,0,0,0,0,1.08554,1978.28,6.238,3.86635
Test,MI300X,256,16384,4194304,1073741824,2,10,4.29497,1073741824,0,0,0,0,0,0,0,0,0,0,0,0,0,0,4,0,0,0,0,0,0,0,0,0,0,0,0,0,0,0,0,0,0,0,0,0.792542,5419.29,17.5642,10.8864
Test,MI300X,256,16384,4194304,1073741824,2,10,2.14748,1073741824,0,0,0,0,0,0,0,0,0,0,0,0,0,0,0,0,0,0,0,0,0,2,0,0,0,0,0,0,0,0,0,0,0,0,0,0.946131,2269.93,20.316,12.592
Test,MI300X,256,16384,4194304,1073741824,2,10,2.14748,1073741824,0,0,0,0,0,0,0,0,0,0,0,0,0,0,0,0,0,0,0,0,0,0,0,0,0,0,0,0,2,0,0,0,0,0,0,1.14065,1882.72,7.67153,4.75486
Test,MI300X,256,16384,4194304,536870912,2,10,1.07374,1073741824,0,1,0,0,0,0,0,0,0,0,0,0,0,0,0,0,0,0,0,0,0,0,0,0,0,0,0,0,0,0,0,0,0,0,0,0.711072,1510.14,12.7691,7.91435
Test,MI300X,256,16384,4194304,536870912,2,10,1.07374,1073741824,0,0,0,0,0,0,0,0,1,0,0,0,0,0,0,0,0,0,0,0,0,0,0,0,0,0,0,0,0,0,0,0,0,0,0,0.70409,1525.04,6.72288,4.16688
Test,MI300X,256,16384,4194304,536870912,2,10,2.14748,1073741824,0,0,0,0,0,0,0,0,0,0,0,0,0,0,0,2,0,0,0,0,0,0,0,0,0,0,0,0,0,0,0,0,0,0,0,0.44095,4870.17,12.1857,7.55276
Test,MI300X,256,16384,4194304,536870912,2,10,1.07374,1073741824,0,0,0,0,0,0,0,0,0,0,0,0,0,0,0,0,0,0,0,0,0,0,1,0,0,0,0,0,0,0,0,0,0,0,0,0.5073,2117.75,49.9738,30.9741
Test,MI300X,256,16384,4194304,536870912,2,10,1.07374,1073741824,0,0,0,0,0,0,0,0,0,0,0,0,0,0,0,0,0,0,0,0,0,0,0,0,0,0,0,0,0,1,0,0,0,0,0,0.73073,1469.53,13.1802,8.16919
Test,MI300X,256,16384,4194304,268435456,2,10,0.536871,1073741824,0,0,0.5,0,0,0,0,0,0,0,0,0,0,0,0,0,0,0,0,0,0,0,0,0,0,0,0,0,0,0,0,0,0,0,0,0.631297,850.85,19.0849,11.8289
Test,MI300X,256,16384,4194304,268435456,2,10,0.536871,1073741824,0,0,0,0,0,0,0,0,0,0.5,0,0,0,0,0,0,0,0,0,0,0,0,0,0,0,0,0,0,0,0,0,0,0,0,0,0.625998,858.183,21.7586,13.4861
Test,MI300X,256,16384,4194304,268435456,2,10,1.07374,1073741824,0,0,0,0,0,0,0,0,0,0,0,0,0,0,0,0,1,0,0,0,0,0,0,0,0,0,0,0,0,0,0,0,0,0,0,0.341417,3145.81,51.4211,31.8711
Test,MI300X,256,16384,4194304,268435456,2,10,0.536871,1073741824,0,0,0,0,0,0,0,0,0,0,0,0,0,0,0,0,0,0,0,0,0,0,0,0.5,0,0,0,0,0,0,0,0,0,0,0,0.366815,1464.53,37.0173,22.9436
Test,MI300X,256,16384,4194304,268435456,2,10,0.536871,1073741824,0,0,0,0,0,0,0,0,0,0,0,0,0,0,0,0,0,0,0,0,0,0,0,0,0,0,0,0,0,0,0.5,0,0,0,0,0.618518,869.047,29.8427,18.4967
Test,MI300X,256,16384,4194304,134217728,2,10,0.268435,1073741824,0,0,0,0.25,0,0,0,0,0,0,0,0,0,0,0,0,0,0,0,0,0,0,0,0,0,0,0,0,0,0,0,0,0,0,0,0.652605,411.472,7.65463,4.74439
Test,MI300X,256,16384,4194304,134217728,2,10,0.268435,1073741824,0,0,0,0,0,0,0,0,0,0,0.25,0,0,0,0,0,0,0,0,0,0,0,0,0,0,0,0,0,0,0,0,0,0,0,0,0.604585,444.132,7.64319,4.7373
Test,MI300X,256,16384,4194304,134217728,2,10,0.536871,1073741824,0,0,0,0,0,0,0,0,0,0,0,0,0,0,0,0,0,0.5,0,0,0,0,0,0,0,0,0,0,0,0,0,0,0,0,0,0.30884,1739.1,36.2818,22.4877
Test,MI300X,256,16384,4194304,134217728,2,10,0.268435,1073741824,0,0,0,0,0,0,0,0,0,0,0,0,0,0,0,0,0,0,0,0,0,0,0,0,0.25,0,0,0,0,0,0,0,0,0,0,0.330917,811.692,20.4566,12.6791
Test,MI300X,256,16384,4194304,134217728,2,10,0.268435,1073741824,0,0,0,0,0,0,0,0,0,0,0,0,0,0,0,0,0,0,0,0,0,0,0,0,0,0,0,0,0,0,0,0.25,0,0,0,0.766226,352.022,24.2202,15.0118
Test,MI300X,256,16384,4194304,536870912,2,10,1.07374,1073741824,0,0,0,0,1,0,0,0,0,0,0,0,0,0,0,0,0,0,0,0,0,0,0,0,0,0,0,0,0,0,0,0,0,0,0,0.431615,2487.77,9.70895,6.01767
Test,MI300X,256,16384,4194304,536870912,2,10,1.07374,1073741824,0,0,0,0,0,0,0,0,0,0,0,1,0,0,0,0,0,0,0,0,0,0,0,0,0,0,0,0,0,0,0,0,0,0,0,0.434812,2469.68,24.3379,15.0848
Test,MI300X,256,16384,4194304,536870912,2,10,2.14748,1073741824,0,0,0,0,0,0,0,0,0,0,0,0,0,0,0,0,0,0,2,0,0,0,0,0,0,0,0,0,0,0,0,0,0,0,0,0.449286,4779.82,15.0589,9.33362
Test,MI300X,256,16384,4194304,536870912,2,10,1.07374,1073741824,0,0,0,0,0,0,0,0,0,0,0,0,0,0,0,0,0,0,0,0,0,0,0,0,0,1,0,0,0,0,0,0,0,0,0,0.496601,2162.72,34.0918,21.1303
Test,MI300X,256,16384,4194304,536870912,2,10,1.07374,1073741824,0,0,0,0,0,0,0,0,0,0,0,0,0,0,0,0,0,0,0,0,0,0,0,0,0,0,0,0,0,0,0,0,1,0,0,0.735869,1459.3,15.0628,9.33601
Test,MI300X,256,16384,4194304,268435456,2,10,0.536871,1073741824,0,0,0,0,0,0.5,0,0,0,0,0,0,0,0,0,0,0,0,0,0,0,0,0,0,0,0,0,0,0,0,0,0,0,0,0,0.3112,1725.46,22.4909,13.94
Test,MI300X,256,16384,4194304,268435456,2,10,0.536871,1073741824,0,0,0,0,0,0,0,0,0,0,0,0,0.5,0,0,0,0,0,0,0,0,0,0,0,0,0,0,0,0,0,0,0,0,0,0,0.307374,1747.59,40.3743,25.0243
Test,MI300X,256,16384,4194304,268435456,2,10,1.07374,1073741824,0,0,0,0,0,0,0,0,0,0,0,0,0,0,0,0,0,0,0,1,0,0,0,0,0,0,0,0,0,0,0,0,0,0,0,0.313007,3431.53,61.9357,38.3882
Test,MI300X,256,16384,4194304,268435456,2,10,0.536871,1073741824,0,0,0,0,0,0,0,0,0,0,0,0,0,0,0,0,0,0,0,0,0,0,0,0,0,0,0.5,0,0,0,0,0,0,0,0,0.338056,1588.85,34.1413,21.161
Test,MI300X,256,16384,4194304,268435456,2,10,0.536871,1073741824,0,0,0,0,0,0,0,0,0,0,0,0,0,0,0,0,0,0,0,0,0,0,0,0,0,0,0,0,0,0,0,0,0,0.5,0,0.620902,865.145,20.2856,12.5732
Test,MI300X,256,16384,4194304,134217728,2,10,0.268435,1073741824,0,0,0,0,0,0,0.25,0,0,0,0,0,0,0,0,0,0,0,0,0,0,0,0,0,0,0,0,0,0,0,0,0,0,0,0,0.278592,963.873,17.8132,11.0407
Test,MI300X,256,16384,4194304,134217728,2,10,0.268435,1073741824,0,0,0,0,0,0,0,0,0,0,0,0,0,0.25,0,0,0,0,0,0,0,0,0,0,0,0,0,0,0,0,0,0,0,0,0,0.276721,970.504,20.8393,12.9163
Test,MI300X,256,16384,4194304,134217728,2,10,0.536871,1073741824,0,0,0,0,0,0,0,0,0,0,0,0,0,0,0,0,0,0,0,0,0.5,0,0,0,0,0,0,0,0,0,0,0,0,0,0,0.280811,1912.74,40.8196,25.3002
Test,MI300X,256,16384,4194304,134217728,2,10,0.268435,1073741824,0,0,0,0,0,0,0,0,0,0,0,0,0,0,0,0,0,0,0,0,0,0,0,0,0,0,0,0.25,0,0,0,0,0,0,0,0.318751,844.508,43.8905,27.2036
Test,MI300X,256,16384,4194304,134217728,2,10,0.268435,1073741824,0,0,0,0,0,0,0,0,0,0,0,0,0,0,0,0,0,0,0,0,0,0,0,0,0,0,0,0,0,0,0,0,0,0,0.25,0.656803,411.589,32.1758,19.9428
Test,MI300X,256,16384,4194304,1073741824,4,10,4.29497,1073741824,4,0,0,0,0,0,0,0,0,0,0,0,0,0,0,0,0,0,0,0,0,0,0,0,0,0,0,0,0,0,0,0,0,0,0,1.12574,3824.95,188.26,116.684
Test,MI300X,256,16384,4194304,1073741824,4,10,4.29497,1073741824,0,0,0,0,0,0,0,4,0,0,0,0,0,0,0,0,0,0,0,0,0,0,0,0,0,0,0,0,0,0,0,0,0,0,0,1.0914,3935.33,13.1924,8.17675
Test,MI300X,256,16384,4194304,1073741824,4,10,8.58993,1073741824,0,0,0,0,0,0,0,0,0,0,0,0,0,0,8,0,0,0,0,0,0,0,0,0,0,0,0,0,0,0,0,0,0,0,0,0.82265,10441.8,12.318,7.63476
Test,MI300X,256,16384,4194304,1073741824,4,10,4.29497,1073741824,0,0,0,0,0,0,0,0,0,0,0,0,0,0,0,0,0,0,0,0,0,4,0,0,0,0,0,0,0,0,0,0,0,0,0,1.25631,3420.49,78.9407,48.928
Test,MI300X,256,16384,4194304,1073741824,4,10,4.29497,1073741824,0,0,0,0,0,0,0,0,0,0,0,0,0,0,0,0,0,0,0,0,0,0,0,0,0,0,0,0,4,0,0,0,0,0,0,1.18021,3639.3,21.6155,13.3974
Test,MI300X,256,16384,4194304,536870912,4,10,2.14748,1073741824,0,2,0,0,0,0,0,0,0,0,0,0,0,0,0,0,0,0,0,0,0,0,0,0,0,0,0,0,0,0,0,0,0,0,0,0.7093,3027.69,15.53,9.6256
Test,MI300X,256,16384,4194304,536870912,4,10,2.14748,1073741824,0,0,0,0,0,0,0,0,2,0,0,0,0,0,0,0,0,0,0,0,0,0,0,0,0,0,0,0,0,0,0,0,0,0,0,0.707646,3034.73,12.0807,7.4877
Test,MI300X,256,16384,4194304,536870912,4,10,4.29497,1073741824,0,0,0,0,0,0,0,0,0,0,0,0,0,0,0,4,0,0,0,0,0,0,0,0,0,0,0,0,0,0,0,0,0,0,0,0.453531,9470.14,27.2099,16.8649
Test,MI300X,256,16384,4194304,536870912,4,10,2.14748,1073741824,0,0,0,0,0,0,0,0,0,0,0,0,0,0,0,0,0,0,0,0,0,0,2,0,0,0,0,0,0,0,0,0,0,0,0,0.660988,3254.44,137.809,85.4149
Test,MI300X,256,16384,4194304,536870912,4,10,2.14748,1073741824,0,0,0,0,0,0,0,0,0,0,0,0,0,0,0,0,0,0,0,0,0,0,0,0,0,0,0,0,0,2,0,0,0,0,0,0.74773,2872.3,29.0609,18.0121
Test,MI300X,256,16384,4194304,268435456,4,10,1.07374,1073741824,0,0,1,0,0,0,0,0,0,0,0,0,0,0,0,0,0,0,0,0,0,0,0,0,0,0,0,0,0,0,0,0,0,0,0,0.633832,1696.73,66.809,41.4087
Test,MI300X,256,16384,4194304,268435456,4,10,1.07374,1073741824,0,0,0,0,0,0,0,0,0,1,0,0,0,0,0,0,0,0,0,0,0,0,0,0,0,0,0,0,0,0,0,0,0,0,0,0.627856,1711.92,54.6659,33.8823
Test,MI300X,256,16384,4194304,268435456,4,10,2.14748,1073741824,0,0,0,0,0,0,0,0,0,0,0,0,0,0,0,0,2,0,0,0,0,0,0,0,0,0,0,0,0,0,0,0,0,0,0,0.328157,6544.26,35.6312,22.0844
Test,MI300X,256,16384,4194304,268435456,4,10,1.07374,1073741824,0,0,0,0,0,0,0,0,0,0,0,0,0,0,0,0,0,0,0,0,0,0,0,1,0,0,0,0,0,0,0,0,0,0,0,0.61343,1753.28,71.7858,44.4933
Test,MI300X,256,16384,4194304,268435456,4,10,1.07374,1073741824,0,0,0,0,0,0,0,0,0,0,0,0,0,0,0,0,0,0,0,0,0,0,0,0,0,0,0,0,0,0,1,0,0,0,0,0.603764,1778.9,29.6748,18.3926
Test,MI300X,256,16384,4194304,134217728,4,10,0.536871,1073741824,0,0,0,0.5,0,0,0,0,0,0,0,0,0,0,0,0,0,0,0,0,0,0,0,0,0,0,0,0,0,0,0,0,0,0,0,0.706906,759.752,14.6905,9.10528
Test,MI300X,256,16384,4194304,134217728,4,10,0.536871,1073741824,0,0,0,0,0,0,0,0,0,0,0.5,0,0,0,0,0,0,0,0,0,0,0,0,0,0,0,0,0,0,0,0,0,0,0,0,0.663225,810.166,23.6544,14.6612
Test,MI300X,256,16384,4194304,134217728,4,10,1.07374,1073741824,0,0,0,0,0,0,0,0,0,0,0,0,0,0,0,0,0,1,0,0,0,0,0,0,0,0,0,0,0,0,0,0,0,0,0,0.332163,3235.01,87.9729,54.5262
Test,MI300X,256,16384,4194304,134217728,4,10,0.536871,1073741824,0,0,0,0,0,0,0,0,0,0,0,0,0,0,0,0,0,0,0,0,0,0,0,0,0.5,0,0,0,0,0,0,0,0,0,0,0.38644,1392.04,62.3572,38.6494
Test,MI300X,256,16384,4194304,134217728,4,10,0.536871,1073741824,0,0,0,0,0,0,0,0,0,0,0,0,0,0,0,0,0,0,0,0,0,0,0,0,0,0,0,0,0,0,0,0.5,0,0,0,0.768602,698.979,18.5907,11.5227
Test,MI300X,256,16384,4194304,536870912,4,10,2.14748,1073741824,0,0,0,0,2,0,0,0,0,0,0,0,0,0,0,0,0,0,0,0,0,0,0,0,0,0,0,0,0,0,0,0,0,0,0,0.436054,4924.85,12.8257,7.94943
Test,MI300X,256,16384,4194304,536870912,4,10,2.14748,1073741824,0,0,0,0,0,0,0,0,0,0,0,2,0,0,0,0,0,0,0,0,0,0,0,0,0,0,0,0,0,0,0,0,0,0,0,0.440404,4876.19,11.1868,6.93364
Test,MI300X,256,16384,4194304,536870912,4,10,4.29497,1073741824,0,0,0,0,0,0,0,0,0,0,0,0,0,0,0,0,0,0,4,0,0,0,0,0,0,0,0,0,0,0,0,0,0,0,0,0.466684,9203.28,32.6034,20.2078
Test,MI300X,256,16384,4194304,536870912,4,10,2.14748,1073741824,0,0,0,0,0,0,0,0,0,0,0,0,0,0,0,0,0,0,0,0,0,0,0,0,0,2,0,0,0,0,0,0,0,0,0,0.628173,3424.17,139.978,86.7594
Test,MI300X,256,16384,4194304,536870912,4,10,2.14748,1073741824,0,0,0,0,0,0,0,0,0,0,0,0,0,0,0,0,0,0,0,0,0,0,0,0,0,0,0,0,0,0,0,0,2,0,0,0.760321,2825.08,42.5494,26.3724
Test,MI300X,256,16384,4194304,268435456,4,10,1.07374,1073741824,0,0,0,0,0,1,0,0,0,0,0,0,0,0,0,0,0,0,0,0,0,0,0,0,0,0,0,0,0,0,0,0,0,0,0,0.3091,3474.63,54.3981,33.7163
Test,MI300X,256,16384,4194304,268435456,4,10,1.07374,1073741824,0,0,0,0,0,0,0,0,0,0,0,0,1,0,0,0,0,0,0,0,0,0,0,0,0,0,0,0,0,0,0,0,0,0,0,0.307138,3498.79,99.0288,61.3787
Test,MI300X,256,16384,4194304,268435456,4,10,2.14748,1073741824,0,0,0,0,0,0,0,0,0,0,0,0,0,0,0,0,0,0,0,2,0,0,0,0,0,0,0,0,0,0,0,0,0,0,0,0.308111,6976.61,212.561,131.747
Test,MI300X,256,16384,4194304,268435456,4,10,1.07374,1073741824,0,0,0,0,0,0,0,0,0,0,0,0,0,0,0,0,0,0,0,0,0,0,0,0,0,0,1,0,0,0,0,0,0,0,0,0.473101,2276.94,131.014,81.2032
Test,MI300X,256,16384,4194304,268435456,4,10,1.07374,1073741824,0,0,0,0,0,0,0,0,0,0,0,0,0,0,0,0,0,0,0,0,0,0,0,0,0,0,0,0,0,0,0,0,0,1,0,0.58873,1824.55,36.5179,22.634
Test,MI300X,256,16384,4194304,134217728,4,10,0.536871,1073741824,0,0,0,0,0,0,0.5,0,0,0,0,0,0,0,0,0,0,0,0,0,0,0,0,0,0,0,0,0,0,0,0,0,0,0,0,0.280898,1911.64,26.7923,16.606
Test,MI300X,256,16384,4194304,134217728,4,10,0.536871,1073741824,0,0,0,0,0,0,0,0,0,0,0,0,0,0.5,0,0,0,0,0,0,0,0,0,0,0,0,0,0,0,0,0,0,0,0,0,0.276837,1940.51,48.4954,30.0578
Test,MI300X,256,16384,4194304,134217728,4,10,1.07374,1073741824,0,0,0,0,0,0,0,0,0,0,0,0,0,0,0,0,0,0,0,0,1,0,0,0,0,0,0,0,0,0,0,0,0,0,0,0.284985,3769.06,70.6332,43.7789
Test,MI300X,256,16384,4194304,134217728,4,10,0.536871,1073741824,0,0,0,0,0,0,0,0,0,0,0,0,0,0,0,0,0,0,0,0,0,0,0,0,0,0,0,0.5,0,0,0,0,0,0,0,0.331158,1622.83,51.6784,32.0306
Test,MI300X,256,16384,4194304,134217728,4,10,0.536871,1073741824,0,0,0,0,0,0,0,0,0,0,0,0,0,0,0,0,0,0,0,0,0,0,0,0,0,0,0,0,0,0,0,0,0,0,0.5,0.661013,813.737,34.2629,21.2363
Test,MI300X,256,16384,4194304,1073741824,8,10,8.58993,1073741824,8,0,0,0,0,0,0,0,0,0,0,0,0,0,0,0,0,0,0,0,0,0,0,0,0,0,0,0,0,0,0,0,0,0,0,1.17815,7301.55,272.368,168.816
Test,MI300X,256,16384,4194304,1073741824,8,10,8.58993,1073741824,0,0,0,0,0,0,0,8,0,0,0,0,0,0,0,0,0,0,0,0,0,0,0,0,0,0,0,0,0,0,0,0,0,0,0,1.11393,7711.57,36.5725,22.6679
Test,MI300X,256,16384,4194304,1073741824,8,10,17.1799,1073741824,0,0,0,0,0,0,0,0,0,0,0,0,0,0,16,0,0,0,0,0,0,0,0,0,0,0,0,0,0,0,0,0,0,0,0,0.848176,20255.1,21.9437,13.6008
Test,MI300X,256,16384,4194304,1073741824,8,10,8.58993,1073741824,0,0,0,0,0,0,0,0,0,0,0,0,0,0,0,0,0,0,0,0,0,8,0,0,0,0,0,0,0,0,0,0,0,0,0,2.20303,3899.42,32.8996,20.3914
Test,MI300X,256,16384,4194304,1073741824,8,10,8.58993,1073741824,0,0,0,0,0,0,0,0,0,0,0,0,0,0,0,0,0,0,0,0,0,0,0,0,0,0,0,0,8,0,0,0,0,0,0,1.35979,6317.74,64.4365,39.9382
Test,MI300X,256,16384,4194304,536870912,8,10,4.29497,1073741824,0,4,0,0,0,0,0,0,0,0,0,0,0,0,0,0,0,0,0,0,0,0,0,0,0,0,0,0,0,0,0,0,0,0,0,0.729823,5885.65,64.8242,40.1785
Test,MI300X,256,16384,4194304,536870912,8,10,4.29497,1073741824,0,0,0,0,0,0,0,0,4,0,0,0,0,0,0,0,0,0,0,0,0,0,0,0,0,0,0,0,0,0,0,0,0,0,0,0.716431,5995.13,33.1309,20.5347
Test,MI300X,256,16384,4194304,536870912,8,10,8.58993,1073741824,0,0,0,0,0,0,0,0,0,0,0,0,0,0,0,8,0,0,0,0,0,0,0,0,0,0,0,0,0,0,0,0,0,0,0,0.465466,18455.3,119.068,73.7992
Test,MI300X,256,16384,4194304,536870912,8,10,4.29497,1073741824,0,0,0,0,0,0,0,0,0,0,0,0,0,0,0,0,0,0,0,0,0,0,4,0,0,0,0,0,0,0,0,0,0,0,0,1.1631,3693.6,58.5295,36.277
Test,MI300X,256,16384,4194304,536870912,8,10,4.29497,1073741824,0,0,0,0,0,0,0,0,0,0,0,0,0,0,0,0,0,0,0,0,0,0,0,0,0,0,0,0,0,4,0,0,0,0,0,0.819406,5243.58,104.309,64.6514
Test,MI300X,256,16384,4194304,268435456,8,10,2.14748,1073741824,0,0,2,0,0,0,0,0,0,0,0,0,0,0,0,0,0,0,0,0,0,0,0,0,0,0,0,0,0,0,0,0,0,0,0,0.646464,3325.05,102.581,63.5802
Test,MI300X,256,16384,4194304,268435456,8,10,2.14748,1073741824,0,0,0,0,0,0,0,0,0,2,0,0,0,0,0,0,0,0,0,0,0,0,0,0,0,0,0,0,0,0,0,0,0,0,0,0.627035,3426.43,73.5601,45.593
Test,MI300X,256,16384,4194304,268435456,8,10,4.29497,1073741824,0,0,0,0,0,0,0,0,0,0,0,0,0,0,0,0,4,0,0,0,0,0,0,0,0,0,0,0,0,0,0,0,0,0,0,0.309229,13891.1,159.513,98.8671
Test,MI300X,256,16384,4194304,268435456,8,10,2.14748,1073741824,0,0,0,0,0,0,0,0,0,0,0,0,0,0,0,0,0,0,0,0,0,0,0,2,0,0,0,0,0,0,0,0,0,0,0,1.13266,1898.87,76.0341,47.1264
Test,MI300X,256,16384,4194304,268435456,8,10,2.14748,1073741824,0,0,0,0,0,0,0,0,0,0,0,0,0,0,0,0,0,0,0,0,0,0,0,0,0,0,0,0,0,0,2,0,0,0,0,0.598981,3586.2,58.6689,36.3633
Test,MI300X,256,16384,4194304,134217728,8,10,1.07374,1073741824,0,0,0,1,0,0,0,0,0,0,0,0,0,0,0,0,0,0,0,0,0,0,0,0,0,0,0,0,0,0,0,0,0,0,0,0.722713,1486.18,26.5488,16.4551
Test,MI300X,256,16384,4194304,134217728,8,10,1.07374,1073741824,0,0,0,0,0,0,0,0,0,0,1,0,0,0,0,0,0,0,0,0,0,0,0,0,0,0,0,0,0,0,0,0,0,0,0,0.723482,1485.21,40.1752,24.9009
Test,MI300X,256,16384,4194304,134217728,8,10,2.14748,1073741824,0,0,0,0,0,0,0,0,0,0,0,0,0,0,0,0,0,2,0,0,0,0,0,0,0,0,0,0,0,0,0,0,0,0,0,0.332996,6461.15,276.598,171.437
Test,MI300X,256,16384,4194304,134217728,8,10,1.07374,1073741824,0,0,0,0,0,0,0,0,0,0,0,0,0,0,0,0,0,0,0,0,0,0,0,0,1,0,0,0,0,0,0,0,0,0,0,0.668745,1609.81,83.1345,51.5273
Test,MI300X,256,16384,4194304,134217728,8,10,1.07374,1073741824,0,0,0,0,0,0,0,0,0,0,0,0,0,0,0,0,0,0,0,0,0,0,0,0,0,0,0,0,0,0,0,1,0,0,0,0.798855,1345.04,35.5769,22.0508
Test,MI300X,256,16384,4194304,536870912,8,10,4.29497,1073741824,0,0,0,0,4,0,0,0,0,0,0,0,0,0,0,0,0,0,0,0,0,0,0,0,0,0,0,0,0,0,0,0,0,0,0,0.449855,9547.51,22.8577,14.1674
Test,MI300X,256,16384,4194304,536870912,8,10,4.29497,1073741824,0,0,0,0,0,0,0,0,0,0,0,4,0,0,0,0,0,0,0,0,0,0,0,0,0,0,0,0,0,0,0,0,0,0,0,0.448665,9572.89,33.7733,20.9329
Test,MI300X,256,16384,4194304,536870912,8,10,8.58993,1073741824,0,0,0,0,0,0,0,0,0,0,0,0,0,0,0,0,0,0,8,0,0,0,0,0,0,0,0,0,0,0,0,0,0,0,0,0.492951,17427.4,180.402,111.814
Test,MI300X,256,16384,4194304,536870912,8,10,4.29497,1073741824,0,0,0,0,0,0,0,0,0,0,0,0,0,0,0,0,0,0,0,0,0,0,0,0,0,4,0,0,0,0,0,0,0,0,0,1.10252,3896.38,56.63,35.0996
Test,MI300X,256,16384,4194304,536870912,8,10,4.29497,1073741824,0,0,0,0,0,0,0,0,0,0,0,0,0,0,0,0,0,0,0,0,0,0,0,0,0,0,0,0,0,0,0,0,4,0,0,0.846018,5080.9,147.612,91.491
Test,MI300X,256,16384,4194304,268435456,8,10,2.14748,1073741824,0,0,0,0,0,2,0,0,0,0,0,0,0,0,0,0,0,0,0,0,0,0,0,0,0,0,0,0,0,0,0,0,0,0,0,0.312118,6881.28,79.5708,49.3185
Test,MI300X,256,16384,4194304,268435456,8,10,2.14748,1073741824,0,0,0,0,0,0,0,0,0,0,0,0,2,0,0,0,0,0,0,0,0,0,0,0,0,0,0,0,0,0,0,0,0,0,0,0.310002,6929.03,108.887,67.4887
Test,MI300X,256,16384,4194304,268435456,8,10,4.29497,1073741824,0,0,0,0,0,0,0,0,0,0,0,0,0,0,0,0,0,0,0,4,0,0,0,0,0,0,0,0,0,0,0,0,0,0,0,0.306853,13998.1,136.071,84.3378
Test,MI300X,256,16384,4194304,268435456,8,10,2.14748,1073741824,0,0,0,0,0,0,0,0,0,0,0,0,0,0,0,0,0,0,0,0,0,0,0,0,0,0,2,0,0,0,0,0,0,0,0,0.866284,2483.95,112.974,70.0217
Test,MI300X,256,16384,4194304,268435456,8,10,2.14748,1073741824,0,0,0,0,0,0,0,0,0,0,0,0,0,0,0,0,0,0,0,0,0,0,0,0,0,0,0,0,0,0,0,0,0,2,0,0.589768,3642.72,73.4256,45.5096
Test,MI300X,256,16384,4194304,134217728,8,10,1.07374,1073741824,0,0,0,0,0,0,1,0,0,0,0,0,0,0,0,0,0,0,0,0,0,0,0,0,0,0,0,0,0,0,0,0,0,0,0,0.317606,3383.49,96.6464,59.9021
Test,MI300X,256,16384,4194304,134217728,8,10,1.07374,1073741824,0,0,0,0,0,0,0,0,0,0,0,0,0,1,0,0,0,0,0,0,0,0,0,0,0,0,0,0,0,0,0,0,0,0,0,0.312001,3444.94,109.62,67.9434
Test,MI300X,256,16384,4194304,134217728,8,10,2.14748,1073741824,0,0,0,0,0,0,0,0,0,0,0,0,0,0,0,0,0,0,0,0,2,0,0,0,0,0,0,0,0,0,0,0,0,0,0,0.308452,6963.85,108.834,67.4559
Test,MI300X,256,16384,4194304,134217728,8,10,1.07374,1073741824,0,0,0,0,0,0,0,0,0,0,0,0,0,0,0,0,0,0,0,0,0,0,0,0,0,0,0,1,0,0,0,0,0,0,0,0.529826,2035.2,136.422,84.5554
Test,MI300X,256,16384,4194304,134217728,8,10,1.07374,1073741824,0,0,0,0,0,0,0,0,0,0,0,0,0,0,0,0,0,0,0,0,0,0,0,0,0,0,0,0,0,0,0,0,0,0,1,0.754765,1424.36,48.442,30.0247
Test,MI300X,256,16384,4194304,1073741824,16,10,17.1799,1073741824,16,0,0,0,0,0,0,0,0,0,0,0,0,0,0,0,0,0,0,0,0,0,0,0,0,0,0,0,0,0,0,0,0,0,0,1.1995,14347.6,589.972,365.668
Test,MI300X,256,16384,4194304,1073741824,16,10,17.1799,1073741824,0,0,0,0,0,0,0,16,0,0,0,0,0,0,0,0,0,0,0,0,0,0,0,0,0,0,0,0,0,0,0,0,0,0,0,1.15676,14852.4,104.068,64.5019
Test,MI300X,256,16384,4194304,1073741824,16,10,34.3597,1073741824,0,0,0,0,0,0,0,0,0,0,0,0,0,0,32,0,0,0,0,0,0,0,0,0,0,0,0,0,0,0,0,0,0,0,0,0.903303,38038.3,117.021,72.5301
Test,MI300X,256,16384,4194304,1073741824,16,10,17.1799,1073741824,0,0,0,0,0,0,0,0,0,0,0,0,0,0,0,0,0,0,0,0,0,16,0,0,0,0,0,0,0,0,0,0,0,0,0,4.11827,4171.66,11.9082,7.38076
Test,MI300X,256,16384,4194304,1073741824,16,10,17.1799,1073741824,0,0,0,0,0,0,0,0,0,0,0,0,0,0,0,0,0,0,0,0,0,0,0,0,0,0,0,0,16,0,0,0,0,0,0,2.09025,8219.5,60.4095,37.4422
Test,MI300X,256,16384,4194304,536870912,16,10,8.58993,1073741824,0,8,0,0,0,0,0,0,0,0,0,0,0,0,0,0,0,0,0,0,0,0,0,0,0,0,0,0,0,0,0,0,0,0,0,0.743601,11552.6,97.3418,60.3331
Test,MI300X,256,16384,4194304,536870912,16,10,8.58993,1073741824,0,0,0,0,0,0,0,0,8,0,0,0,0,0,0,0,0,0,0,0,0,0,0,0,0,0,0,0,0,0,0,0,0,0,0,0.741786,11580.8,90.8455,56.3066
Test,MI300X,256,16384,4194304,536870912,16,10,17.1799,1073741824,0,0,0,0,0,0,0,0,0,0,0,0,0,0,0,16,0,0,0,0,0,0,0,0,0,0,0,0,0,0,0,0,0,0,0,0.493832,34797.2,539.429,334.342
Test,MI300X,256,16384,4194304,536870912,16,10,8.58993,1073741824,0,0,0,0,0,0,0,0,0,0,0,0,0,0,0,0,0,0,0,0,0,0,8,0,0,0,0,0,0,0,0,0,0,0,0,2.16939,3959.91,33.8624,20.9881
Test,MI300X,256,16384,4194304,536870912,16,10,8.58993,1073741824,0,0,0,0,0,0,0,0,0,0,0,0,0,0,0,0,0,0,0,0,0,0,0,0,0,0,0,0,0,8,0,0,0,0,0,1.12982,7617.29,339.512,210.432
Test,MI300X,256,16384,4194304,268435456,16,10,4.29497,1073741824,0,0,4,0,0,0,0,0,0,0,0,0,0,0,0,0,0,0,0,0,0,0,0,0,0,0,0,0,0,0,0,0,0,0,0,0.606208,7086.96,117.878,73.0616
Test,MI300X,256,16384,4194304,268435456,16,10,4.29497,1073741824,0,0,0,0,0,0,0,0,0,4,0,0,0,0,0,0,0,0,0,0,0,0,0,0,0,0,0,0,0,0,0,0,0,0,0,0.604221,7110.97,138.233,85.6775
Test,MI300X,256,16384,4194304,268435456,16,10,8.58993,1073741824,0,0,0,0,0,0,0,0,0,0,0,0,0,0,0,0,8,0,0,0,0,0,0,0,0,0,0,0,0,0,0,0,0,0,0,0.317385,27075.4,533.641,330.754
Test,MI300X,256,16384,4194304,268435456,16,10,4.29497,1073741824,0,0,0,0,0,0,0,0,0,0,0,0,0,0,0,0,0,0,0,0,0,0,0,4,0,0,0,0,0,0,0,0,0,0,0,2.14047,2006.76,19.8849,12.3248
Test,MI300X,256,16384,4194304,268435456,16,10,4.29497,1073741824,0,0,0,0,0,0,0,0,0,0,0,0,0,0,0,0,0,0,0,0,0,0,0,0,0,0,0,0,0,0,4,0,0,0,0,0.653578,6580.1,241.44,149.646
Test,MI300X,256,16384,4194304,134217728,16,10,2.14748,1073741824,0,0,0,2,0,0,0,0,0,0,0,0,0,0,0,0,0,0,0,0,0,0,0,0,0,0,0,0,0,0,0,0,0,0,0,0.818436,2627.3,94.5405,58.5968
Test,MI300X,256,16384,4194304,134217728,16,10,2.14748,1073741824,0,0,0,0,0,0,0,0,0,0,2,0,0,0,0,0,0,0,0,0,0,0,0,0,0,0,0,0,0,0,0,0,0,0,0,0.807512,2660.48,54.1277,33.5487
Test,MI300X,256,16384,4194304,134217728,16,10,4.29497,1073741824,0,0,0,0,0,0,0,0,0,0,0,0,0,0,0,0,0,4,0,0,0,0,0,0,0,0,0,0,0,0,0,0,0,0,0,0.324003,13264.3,331.708,205.595
Test,MI300X,256,16384,4194304,134217728,16,10,2.14748,1073741824,0,0,0,0,0,0,0,0,0,0,0,0,0,0,0,0,0,0,0,0,0,0,0,0,2,0,0,0,0,0,0,0,0,0,0,1.24561,1726.54,67.6177,41.9099
Test,MI300X,256,16384,4194304,134217728,16,10,2.14748,1073741824,0,0,0,0,0,0,0,0,0,0,0,0,0,0,0,0,0,0,0,0,0,0,0,0,0,0,0,0,0,0,0,2,0,0,0,0.715258,3005.65,99.3328,61.5671
Test,MI300X,256,16384,4194304,536870912,16,10,8.58993,1073741824,0,0,0,0,8,0,0,0,0,0,0,0,0,0,0,0,0,0,0,0,0,0,0,0,0,0,0,0,0,0,0,0,0,0,0,0.473971,18128.2,293.26,181.764
Test,MI300X,256,16384,4194304,536870912,16,10,8.58993,1073741824,0,0,0,0,0,0,0,0,0,0,0,8,0,0,0,0,0,0,0,0,0,0,0,0,0,0,0,0,0,0,0,0,0,0,0,0.476619,18023.9,147.194,91.2316
Test,MI300X,256,16384,4194304,536870912,16,10,17.1799,1073741824,0,0,0,0,0,0,0,0,0,0,0,0,0,0,0,0,0,0,16,0,0,0,0,0,0,0,0,0,0,0,0,0,0,0,0,0.604068,28478.4,1056.97,655.114
Test,MI300X,256,16384,4194304,536870912,16,10,8.58993,1073741824,0,0,0,0,0,0,0,0,0,0,0,0,0,0,0,0,0,0,0,0,0,0,0,0,0,8,0,0,0,0,0,0,0,0,0,2.05003,4190.37,30.2811,18.7684
Test,MI300X,256,16384,4194304,536870912,16,10,8.58993,1073741824,0,0,0,0,0,0,0,0,0,0,0,0,0,0,0,0,0,0,0,0,0,0,0,0,0,0,0,0,0,0,0,0,8,0,0,1.24396,6929.36,422.6,261.93
Test,MI300X,256,16384,4194304,268435456,16,10,4.29497,1073741824,0,0,0,0,0,4,0,0,0,0,0,0,0,0,0,0,0,0,0,0,0,0,0,0,0,0,0,0,0,0,0,0,0,0,0,0.296366,14510.6,516.945,320.406
Test,MI300X,256,16384,4194304,268435456,16,10,4.29497,1073741824,0,0,0,0,0,0,0,0,0,0,0,0,4,0,0,0,0,0,0,0,0,0,0,0,0,0,0,0,0,0,0,0,0,0,0,0.333774,12883.8,449.579,278.652
Test,MI300X,256,16384,4194304,268435456,16,10,8.58993,1073741824,0,0,0,0,0,0,0,0,0,0,0,0,0,0,0,0,0,0,0,8,0,0,0,0,0,0,0,0,0,0,0,0,0,0,0,0.30465,28202.2,415.649,257.622
Test,MI300X,256,16384,4194304,268435456,16,10,4.29497,1073741824,0,0,0,0,0,0,0,0,0,0,0,0,0,0,0,0,0,0,0,0,0,0,0,0,0,0,4,0,0,0,0,0,0,0,0,1.67394,2566.19,32.89,20.3854
Test,MI300X,256,16384,4194304,268435456,16,10,4.29497,1073741824,0,0,0,0,0,0,0,0,0,0,0,0,0,0,0,0,0,0,0,0,0,0,0,0,0,0,0,0,0,0,0,0,0,4,0,0.635584,6762.92,192.76,119.474
Test,MI300X,256,16384,4194304,134217728,16,10,2.14748,1073741824,0,0,0,0,0,0,2,0,0,0,0,0,0,0,0,0,0,0,0,0,0,0,0,0,0,0,0,0,0,0,0,0,0,0,0,0.282016,7618.62,171.155,106.083
Test,MI300X,256,16384,4194304,134217728,16,10,2.14748,1073741824,0,0,0,0,0,0,0,0,0,0,0,0,0,2,0,0,0,0,0,0,0,0,0,0,0,0,0,0,0,0,0,0,0,0,0,0.277177,7751.54,171.599,106.358
Test,MI300X,256,16384,4194304,134217728,16,10,4.29497,1073741824,0,0,0,0,0,0,0,0,0,0,0,0,0,0,0,0,0,0,0,0,4,0,0,0,0,0,0,0,0,0,0,0,0,0,0,0.310014,13878.4,565.743,350.651
Test,MI300X,256,16384,4194304,134217728,16,10,2.14748,1073741824,0,0,0,0,0,0,0,0,0,0,0,0,0,0,0,0,0,0,0,0,0,0,0,0,0,0,0,2,0,0,0,0,0,0,0,0.976424,2203.85,102.851,63.7476
Test,MI300X,256,16384,4194304,134217728,16,10,2.14748,1073741824,0,0,0,0,0,0,0,0,0,0,0,0,0,0,0,0,0,0,0,0,0,0,0,0,0,0,0,0,0,0,0,0,0,0,2,0.754057,2854.14,130.482,80.8739
Test,MI300X,256,16384,4194304,1073741824,32,10,34.3597,1073741824,32,0,0,0,0,0,0,0,0,0,0,0,0,0,0,0,0,0,0,0,0,0,0,0,0,0,0,0,0,0,0,0,0,0,0,1.39441,24647.6,395.183,244.937
Test,MI300X,256,16384,4194304,1073741824,32,10,34.3597,1073741824,0,0,0,0,0,0,0,32,0,0,0,0,0,0,0,0,0,0,0,0,0,0,0,0,0,0,0,0,0,0,0,0,0,0,0,1.24701,27558,353.127,218.871
Test,MI300X,256,16384,4194304,1073741824,32,10,68.7195,1073741824,0,0,0,0,0,0,0,0,0,0,0,0,0,0,64,0,0,0,0,0,0,0,0,0,0,0,0,0,0,0,0,0,0,0,0,1.11831,61463.1,916.509,568.058
Test,MI300X,256,16384,4194304,1073741824,32,10,34.3597,1073741824,0,0,0,0,0,0,0,0,0,0,0,0,0,0,0,0,0,0,0,0,0,32,0,0,0,0,0,0,0,0,0,0,0,0,0,8.00486,4292.36,4.47841,2.77575
Test,MI300X,256,16384,4194304,1073741824,32,10,34.3597,1073741824,0,0,0,0,0,0,0,0,0,0,0,0,0,0,0,0,0,0,0,0,0,0,0,0,0,0,0,0,32,0,0,0,0,0,0,3.84471,8937.19,52.7989,32.7251
Test,MI300X,256,16384,4194304,536870912,32,10,17.1799,1073741824,0,16,0,0,0,0,0,0,0,0,0,0,0,0,0,0,0,0,0,0,0,0,0,0,0,0,0,0,0,0,0,0,0,0,0,0.81638,21056.8,527.958,327.232
Test,MI300X,256,16384,4194304,536870912,32,10,17.1799,1073741824,0,0,0,0,0,0,0,0,16,0,0,0,0,0,0,0,0,0,0,0,0,0,0,0,0,0,0,0,0,0,0,0,0,0,0,0.777487,22099.7,260.458,161.434
Test,MI300X,256,16384,4194304,536870912,32,10,34.3597,1073741824,0,0,0,0,0,0,0,0,0,0,0,0,0,0,0,32,0,0,0,0,0,0,0,0,0,0,0,0,0,0,0,0,0,0,0,0.599918,57353.2,2145.58,1329.84
Test,MI300X,256,16384,4194304,536870912,32,10,17.1799,1073741824,0,0,0,0,0,0,0,0,0,0,0,0,0,0,0,0,0,0,0,0,0,0,16,0,0,0,0,0,0,0,0,0,0,0,0,4.16371,4126.12,9.85902,6.11068
Test,MI300X,256,16384,4194304,536870912,32,10,17.1799,1073741824,0,0,0,0,0,0,0,0,0,0,0,0,0,0,0,0,0,0,0,0,0,0,0,0,0,0,0,0,0,16,0,0,0,0,0,2.04614,8396.75,65.4398,40.56
Test,MI300X,256,16384,4194304,268435456,32,10,8.58993,1073741824,0,0,8,0,0,0,0,0,0,0,0,0,0,0,0,0,0,0,0,0,0,0,0,0,0,0,0,0,0,0,0,0,0,0,0,0.611163,14056.2,126.347,78.3105
Test,MI300X,256,16384,4194304,268435456,32,10,8.58993,1073741824,0,0,0,0,0,0,0,0,0,8,0,0,0,0,0,0,0,0,0,0,0,0,0,0,0,0,0,0,0,0,0,0,0,0,0,0.607185,14155.9,349.193,216.432
Test,MI300X,256,16384,4194304,268435456,32,10,17.1799,1073741824,0,0,0,0,0,0,0,0,0,0,0,0,0,0,0,0,16,0,0,0,0,0,0,0,0,0,0,0,0,0,0,0,0,0,0,0.36363,47268.3,1040.87,645.137
Test,MI300X,256,16384,4194304,268435456,32,10,8.58993,1073741824,0,0,0,0,0,0,0,0,0,0,0,0,0,0,0,0,0,0,0,0,0,0,0,8,0,0,0,0,0,0,0,0,0,0,0,4.13498,2077.47,13.1139,8.12807
Test,MI300X,256,16384,4194304,268435456,32,10,8.58993,1073741824,0,0,0,0,0,0,0,0,0,0,0,0,0,0,0,0,0,0,0,0,0,0,0,0,0,0,0,0,0,0,8,0,0,0,0,1.09537,7859.48,386.621,239.63
Test,MI300X,256,16384,4194304,134217728,32,10,4.29497,1073741824,0,0,0,4,0,0,0,0,0,0,0,0,0,0,0,0,0,0,0,0,0,0,0,0,0,0,0,0,0,0,0,0,0,0,0,0.937614,4583.63,115.116,71.3493
Test,MI300X,256,16384,4194304,134217728,32,10,4.29497,1073741824,0,0,0,0,0,0,0,0,0,0,4,0,0,0,0,0,0,0,0,0,0,0,0,0,0,0,0,0,0,0,0,0,0,0,0,0.679862,6319.46,113.967,70.6378
Test,MI300X,256,16384,4194304,134217728,32,10,8.58993,1073741824,0,0,0,0,0,0,0,0,0,0,0,0,0,0,0,0,0,8,0,0,0,0,0,0,0,0,0,0,0,0,0,0,0,0,0,0.529782,16266.3,933.266,578.444
Test,MI300X,256,16384,4194304,134217728,32,10,4.29497,1073741824,0,0,0,0,0,0,0,0,0,0,0,0,0,0,0,0,0,0,0,0,0,0,0,0,4,0,0,0,0,0,0,0,0,0,0,2.39687,1792.2,22.6833,14.0592
Test,MI300X,256,16384,4194304,134217728,32,10,4.29497,1073741824,0,0,0,0,0,0,0,0,0,0,0,0,0,0,0,0,0,0,0,0,0,0,0,0,0,0,0,0,0,0,0,4,0,0,0,1.22421,3515.71,165.793,102.76
Test,MI300X,256,16384,4194304,536870912,32,10,17.1799,1073741824,0,0,0,0,16,0,0,0,0,0,0,0,0,0,0,0,0,0,0,0,0,0,0,0,0,0,0,0,0,0,0,0,0,0,0,0.520612,33011.2,628.381,389.475
Test,MI300X,256,16384,4194304,536870912,32,10,17.1799,1073741824,0,0,0,0,0,0,0,0,0,0,0,16,0,0,0,0,0,0,0,0,0,0,0,0,0,0,0,0,0,0,0,0,0,0,0,0.514723,33393.1,736.666,456.59
Test,MI300X,256,16384,4194304,536870912,32,10,34.3597,1073741824,0,0,0,0,0,0,0,0,0,0,0,0,0,0,0,0,0,0,32,0,0,0,0,0,0,0,0,0,0,0,0,0,0,0,0,1.00677,34143.1,710.608,440.439
Test,MI300X,256,16384,4194304,536870912,32,10,17.1799,1073741824,0,0,0,0,0,0,0,0,0,0,0,0,0,0,0,0,0,0,0,0,0,0,0,0,0,16,0,0,0,0,0,0,0,0,0,3.99515,4300.18,1.14171,0.707637
Test,MI300X,256,16384,4194304,536870912,32,10,17.1799,1073741824,0,0,0,0,0,0,0,0,0,0,0,0,0,0,0,0,0,0,0,0,0,0,0,0,0,0,0,0,0,0,0,0,16,0,0,2.34431,7333.29,195.174,120.97
Test,MI300X,256,16384,4194304,268435456,32,10,8.58993,1073741824,0,0,0,0,0,8,0,0,0,0,0,0,0,0,0,0,0,0,0,0,0,0,0,0,0,0,0,0,0,0,0,0,0,0,0,0.327028,26313.9,1075.89,666.843
Test,MI300X,256,16384,4194304,268435456,32,10,8.58993,1073741824,0,0,0,0,0,0,0,0,0,0,0,0,8,0,0,0,0,0,0,0,0,0,0,0,0,0,0,0,0,0,0,0,0,0,0,0.314321,27377.2,1110.36,688.21
Test,MI300X,256,16384,4194304,268435456,32,10,17.1799,1073741824,0,0,0,0,0,0,0,0,0,0,0,0,0,0,0,0,0,0,0,16,0,0,0,0,0,0,0,0,0,0,0,0,0,0,0,0.328254,52386.6,1584.49,982.077
Test,MI300X,256,16384,4194304,268435456,32,10,8.58993,1073741824,0,0,0,0,0,0,0,0,0,0,0,0,0,0,0,0,0,0,0,0,0,0,0,0,0,0,8,0,0,0,0,0,0,0,0,3.19612,2687.85,24.9821,15.4841
Test,MI300X,256,16384,4194304,268435456,32,10,8.58993,1073741824,0,0,0,0,0,0,0,0,0,0,0,0,0,0,0,0,0,0,0,0,0,0,0,0,0,0,0,0,0,0,0,0,0,8,0,0.98114,8773.71,414.149,256.692
Test,MI300X,256,16384,4194304,134217728,32,10,4.29497,1073741824,0,0,0,0,0,0,4,0,0,0,0,0,0,0,0,0,0,0,0,0,0,0,0,0,0,0,0,0,0,0,0,0,0,0,0,0.306461,14040.7,593.642,367.943
Test,MI300X,256,16384,4194304,134217728,32,10,4.29497,1073741824,0,0,0,0,0,0,0,0,0,0,0,0,0,4,0,0,0,0,0,0,0,0,0,0,0,0,0,0,0,0,0,0,0,0,0,0.309838,13888.3,605.608,375.36
Test,MI300X,256,16384,4194304,134217728,32,10,8.58993,1073741824,0,0,0,0,0,0,0,0,0,0,0,0,0,0,0,0,0,0,0,0,8,0,0,0,0,0,0,0,0,0,0,0,0,0,0,0.328017,26220.5,930.413,576.676
Test,MI300X,256,16384,4194304,134217728,32,10,4.29497,1073741824,0,0,0,0,0,0,0,0,0,0,0,0,0,0,0,0,0,0,0,0,0,0,0,0,0,0,0,4,0,0,0,0,0,0,0,1.83196,2345.48,48.3378,29.9601
Test,MI300X,256,16384,4194304,134217728,32,10,4.29497,1073741824,0,0,0,0,0,0,0,0,0,0,0,0,0,0,0,0,0,0,0,0,0,0,0,0,0,0,0,0,0,0,0,0,0,0,4,0.667424,6442.65,218.748,135.582
Test,MI300X,256,16384,4194304,1073741824,64,10,68.7195,1073741824,64,0,0,0,0,0,0,0,0,0,0,0,0,0,0,0,0,0,0,0,0,0,0,0,0,0,0,0,0,0,0,0,0,0,0,1.55673,44189.4,1426.9,884.399
Test,MI300X,256,16384,4194304,1073741824,64,10,68.7195,1073741824,0,0,0,0,0,0,0,64,0,0,0,0,0,0,0,0,0,0,0,0,0,0,0,0,0,0,0,0,0,0,0,0,0,0,0,1.50196,45775.3,1003.3,621.855
Test,MI300X,256,16384,4194304,1073741824,64,10,137.439,1073741824,0,0,0,0,0,0,0,0,0,0,0,0,0,0,128,0,0,0,0,0,0,0,0,0,0,0,0,0,0,0,0,0,0,0,0,1.91847,71646.2,676.539,419.323
Test,MI300X,256,16384,4194304,1073741824,64,10,68.7195,1073741824,0,0,0,0,0,0,0,0,0,0,0,0,0,0,0,0,0,0,0,0,0,64,0,0,0,0,0,0,0,0,0,0,0,0,0,15.7982,4349.83,1.46618,0.908745
Test,MI300X,256,16384,4194304,1073741824,64,10,68.7195,1073741824,0,0,0,0,0,0,0,0,0,0,0,0,0,0,0,0,0,0,0,0,0,0,0,0,0,0,0,0,64,0,0,0,0,0,0,7.38191,9309.29,33.1959,20.575
Test,MI300X,256,16384,4194304,536870912,64,10,34.3597,1073741824,0,32,0,0,0,0,0,0,0,0,0,0,0,0,0,0,0,0,0,0,0,0,0,0,0,0,0,0,0,0,0,0,0,0,0,0.888271,38706,984.527,610.216
Test,MI300X,256,16384,4194304,536870912,64,10,34.3597,1073741824,0,0,0,0,0,0,0,0,32,0,0,0,0,0,0,0,0,0,0,0,0,0,0,0,0,0,0,0,0,0,0,0,0,0,0,0.881465,39010.5,1103.55,683.988
Test,MI300X,256,16384,4194304,536870912,64,10,68.7195,1073741824,0,0,0,0,0,0,0,0,0,0,0,0,0,0,0,64,0,0,0,0,0,0,0,0,0,0,0,0,0,0,0,0,0,0,0,1.0004,68743.6,1913.1,1185.75
Test,MI300X,256,16384,4194304,536870912,64,10,34.3597,1073741824,0,0,0,0,0,0,0,0,0,0,0,0,0,0,0,0,0,0,0,0,0,0,32,0,0,0,0,0,0,0,0,0,0,0,0,8.18899,4195.85,3.97831,2.46578
Test,MI300X,256,16384,4194304,536870912,64,10,34.3597,1073741824,0,0,0,0,0,0,0,0,0,0,0,0,0,0,0,0,0,0,0,0,0,0,0,0,0,0,0,0,0,32,0,0,0,0,0,3.83588,8957.93,64.0842,39.7198
Test,MI300X,256,16384,4194304,268435456,64,10,17.1799,1073741824,0,0,16,0,0,0,0,0,0,0,0,0,0,0,0,0,0,0,0,0,0,0,0,0,0,0,0,0,0,0,0,0,0,0,0,0.618855,27768.2,456.707,283.07
Test,MI300X,256,16384,4194304,268435456,64,10,17.1799,1073741824,0,0,0,0,0,0,0,0,0,16,0,0,0,0,0,0,0,0,0,0,0,0,0,0,0,0,0,0,0,0,0,0,0,0,0,0.602615,28512.4,315.847,195.764
Test,MI300X,256,16384,4194304,268435456,64,10,34.3597,1073741824,0,0,0,0,0,0,0,0,0,0,0,0,0,0,0,0,32,0,0,0,0,0,0,0,0,0,0,0,0,0,0,0,0,0,0,0.578547,59544.3,3098.55,1920.5
Test,MI300X,256,16384,4194304,268435456,64,10,17.1799,1073741824,0,0,0,0,0,0,0,0,0,0,0,0,0,0,0,0,0,0,0,0,0,0,0,16,0,0,0,0,0,0,0,0,0,0,0,8.17475,2101.61,7.61917,4.72241
Test,MI300X,256,16384,4194304,268435456,64,10,17.1799,1073741824,0,0,0,0,0,0,0,0,0,0,0,0,0,0,0,0,0,0,0,0,0,0,0,0,0,0,0,0,0,0,16,0,0,0,0,1.99306,8620.89,93.944,58.2271
Test,MI300X,256,16384,4194304,134217728,64,10,8.58993,1073741824,0,0,0,8,0,0,0,0,0,0,0,0,0,0,0,0,0,0,0,0,0,0,0,0,0,0,0,0,0,0,0,0,0,0,0,0.87424,9850.34,499.018,309.295
Test,MI300X,256,16384,4194304,134217728,64,10,8.58993,1073741824,0,0,0,0,0,0,0,0,0,0,8,0,0,0,0,0,0,0,0,0,0,0,0,0,0,0,0,0,0,0,0,0,0,0,0,1.11127,7746.01,361.494,224.056
Test,MI300X,256,16384,4194304,134217728,64,10,17.1799,1073741824,0,0,0,0,0,0,0,0,0,0,0,0,0,0,0,0,0,16,0,0,0,0,0,0,0,0,0,0,0,0,0,0,0,0,0,1.00103,17194.3,766.452,475.052
Test,MI300X,256,16384,4194304,134217728,64,10,8.58993,1073741824,0,0,0,0,0,0,0,0,0,0,0,0,0,0,0,0,0,0,0,0,0,0,0,0,8,0,0,0,0,0,0,0,0,0,0,4.6372,1852.42,5.76622,3.57394
Test,MI300X,256,16384,4194304,134217728,64,10,8.58993,1073741824,0,0,0,0,0,0,0,0,0,0,0,0,0,0,0,0,0,0,0,0,0,0,0,0,0,0,0,0,0,0,0,8,0,0,0,2.26943,3785.55,42.9232,26.6041
Test,MI300X,256,16384,4194304,536870912,64,10,34.3597,1073741824,0,0,0,0,32,0,0,0,0,0,0,0,0,0,0,0,0,0,0,0,0,0,0,0,0,0,0,0,0,0,0,0,0,0,0,0.672211,51169.4,1688.67,1046.65
Test,MI300X,256,16384,4194304,536870912,64,10,34.3597,1073741824,0,0,0,0,0,0,0,0,0,0,0,32,0,0,0,0,0,0,0,0,0,0,0,0,0,0,0,0,0,0,0,0,0,0,0,0.66123,51991.8,1223.97,758.626
Test,MI300X,256,16384,4194304,536870912,64,10,68.7195,1073741824,0,0,0,0,0,0,0,0,0,0,0,0,0,0,0,0,0,0,64,0,0,0,0,0,0,0,0,0,0,0,0,0,0,0,0,1.87308,36691,334.831,207.53
Test,MI300X,256,16384,4194304,536870912,64,10,34.3597,1073741824,0,0,0,0,0,0,0,0,0,0,0,0,0,0,0,0,0,0,0,0,0,0,0,0,0,32,0,0,0,0,0,0,0,0,0,7.93194,4331.82,1.33184,0.825485
Test,MI300X,256,16384,4194304,536870912,64,10,34.3597,1073741824,0,0,0,0,0,0,0,0,0,0,0,0,0,0,0,0,0,0,0,0,0,0,0,0,0,0,0,0,0,0,0,0,32,0,0,4.48077,7668.63,53.0367,32.8725
Test,MI300X,256,16384,4194304,268435456,64,10,17.1799,1073741824,0,0,0,0,0,16,0,0,0,0,0,0,0,0,0,0,0,0,0,0,0,0,0,0,0,0,0,0,0,0,0,0,0,0,0,0.395654,43610.6,2847.88,1765.13
Test,MI300X,256,16384,4194304,268435456,64,10,17.1799,1073741824,0,0,0,0,0,0,0,0,0,0,0,0,16,0,0,0,0,0,0,0,0,0,0,0,0,0,0,0,0,0,0,0,0,0,0,0.350872,49010.8,1474.16,913.696
Test,MI300X,256,16384,4194304,268435456,64,10,34.3597,1073741824,0,0,0,0,0,0,0,0,0,0,0,0,0,0,0,0,0,0,0,32,0,0,0,0,0,0,0,0,0,0,0,0,0,0,0,0.388047,88726.7,3971.05,2461.28
Test,MI300X,256,16384,4194304,268435456,64,10,17.1799,1073741824,0,0,0,0,0,0,0,0,0,0,0,0,0,0,0,0,0,0,0,0,0,0,0,0,0,0,16,0,0,0,0,0,0,0,0,6.2747,2737.98,7.25276,4.49531
Test,MI300X,256,16384,4194304,268435456,64,10,17.1799,1073741824,0,0,0,0,0,0,0,0,0,0,0,0,0,0,0,0,0,0,0,0,0,0,0,0,0,0,0,0,0,0,0,0,0,16,0,1.7743,9697.75,395.783,245.309
Test,MI300X,256,16384,4194304,134217728,64,10,8.58993,1073741824,0,0,0,0,0,0,8,0,0,0,0,0,0,0,0,0,0,0,0,0,0,0,0,0,0,0,0,0,0,0,0,0,0,0,0,0.327861,26211.7,555.776,344.473
Test,MI300X,256,16384,4194304,134217728,64,10,8.58993,1073741824,0,0,0,0,0,0,0,0,0,0,0,0,0,8,0,0,0,0,0,0,0,0,0,0,0,0,0,0,0,0,0,0,0,0,0,0.340737,25222.4,566.748,351.274
Test,MI300X,256,16384,4194304,134217728,64,10,17.1799,1073741824,0,0,0,0,0,0,0,0,0,0,0,0,0,0,0,0,0,0,0,0,16,0,0,0,0,0,0,0,0,0,0,0,0,0,0,0.350142,49092.5,1157.23,717.259
Test,MI300X,256,16384,4194304,134217728,64,10,8.58993,1073741824,0,0,0,0,0,0,0,0,0,0,0,0,0,0,0,0,0,0,0,0,0,0,0,0,0,0,0,8,0,0,0,0,0,0,0,3.56789,2407.86,26.5391,16.4491
Test,MI300X,256,16384,4194304,134217728,64,10,8.58993,1073741824,0,0,0,0,0,0,0,0,0,0,0,0,0,0,0,0,0,0,0,0,0,0,0,0,0,0,0,0,0,0,0,0,0,0,8,0.98275,8756.89,382.026,236.782
Test,MI300X,256,16384,4194304,1073741824,128,10,137.439,1073741824,128,0,0,0,0,0,0,0,0,0,0,0,0,0,0,0,0,0,0,0,0,0,0,0,0,0,0,0,0,0,0,0,0,0,0,2.61133,52730,2203.11,1365.5
Test,MI300X,256,16384,4194304,1073741824,128,10,137.439,1073741824,0,0,0,0,0,0,0,128,0,0,0,0,0,0,0,0,0,0,0,0,0,0,0,0,0,0,0,0,0,0,0,0,0,0,0,2.35614,58358.6,1233.32,764.421
Test,MI300X,256,16384,4194304,1073741824,128,10,274.878,1073741824,0,0,0,0,0,0,0,0,0,0,0,0,0,0,256,0,0,0,0,0,0,0,0,0,0,0,0,0,0,0,0,0,0,0,0,3.62463,75837.1,276.834,171.584
Test,MI300X,256,16384,4194304,1073741824,128,10,137.439,1073741824,0,0,0,0,0,0,0,0,0,0,0,0,0,0,0,0,0,0,0,0,0,128,0,0,0,0,0,0,0,0,0,0,0,0,0,31.4362,4371.99,0.316284,0.196035
Test,MI300X,256,16384,4194304,1073741824,128,10,137.439,1073741824,0,0,0,0,0,0,0,0,0,0,0,0,0,0,0,0,0,0,0,0,0,0,0,0,0,0,0,0,128,0,0,0,0,0,0,14.5385,9453.42,2.62431,1.62656
Test,MI300X,256,16384,4194304,536870912,128,10,68.7195,1073741824,0,64,0,0,0,0,0,0,0,0,0,0,0,0,0,0,0,0,0,0,0,0,0,0,0,0,0,0,0,0,0,0,0,0,0,1.42904,48108.2,989.125,613.066
Test,MI300X,256,16384,4194304,536870912,128,10,68.7195,1073741824,0,0,0,0,0,0,0,0,64,0,0,0,0,0,0,0,0,0,0,0,0,0,0,0,0,0,0,0,0,0,0,0,0,0,0,1.23803,55581.6,2100.39,1301.84
Test,MI300X,256,16384,4194304,536870912,128,10,137.439,1073741824,0,0,0,0,0,0,0,0,0,0,0,0,0,0,0,128,0,0,0,0,0,0,0,0,0,0,0,0,0,0,0,0,0,0,0,1.86221,73817.9,1010.78,626.488
Test,MI300X,256,16384,4194304,536870912,128,10,68.7195,1073741824,0,0,0,0,0,0,0,0,0,0,0,0,0,0,0,0,0,0,0,0,0,0,64,0,0,0,0,0,0,0,0,0,0,0,0,16.2766,4221.99,1.84066,1.14085
Test,MI300X,256,16384,4194304,536870912,128,10,68.7195,1073741824,0,0,0,0,0,0,0,0,0,0,0,0,0,0,0,0,0,0,0,0,0,0,0,0,0,0,0,0,0,64,0,0,0,0,0,7.37857,9313.44,21.563,13.3649
Test,MI300X,256,16384,4194304,268435456,128,10,34.3597,1073741824,0,0,32,0,0,0,0,0,0,0,0,0,0,0,0,0,0,0,0,0,0,0,0,0,0,0,0,0,0,0,0,0,0,0,0,0.946403,36369.9,1541.8,955.62
Test,MI300X,256,16384,4194304,268435456,128,10,34.3597,1073741824,0,0,0,0,0,0,0,0,0,32,0,0,0,0,0,0,0,0,0,0,0,0,0,0,0,0,0,0,0,0,0,0,0,0,0,0.77216,44623.6,2399.5,1487.22
Test,MI300X,256,16384,4194304,268435456,128,10,68.7195,1073741824,0,0,0,0,0,0,0,0,0,0,0,0,0,0,0,0,64,0,0,0,0,0,0,0,0,0,0,0,0,0,0,0,0,0,0,1.07103,64178.9,1055.06,653.931
Test,MI300X,256,16384,4194304,268435456,128,10,34.3597,1073741824,0,0,0,0,0,0,0,0,0,0,0,0,0,0,0,0,0,0,0,0,0,0,0,32,0,0,0,0,0,0,0,0,0,0,0,16.2092,2119.79,6.22572,3.85874
Test,MI300X,256,16384,4194304,268435456,128,10,34.3597,1073741824,0,0,0,0,0,0,0,0,0,0,0,0,0,0,0,0,0,0,0,0,0,0,0,0,0,0,0,0,0,0,32,0,0,0,0,3.73528,9199.2,66.5173,41.2279
Test,MI300X,256,16384,4194304,134217728,128,10,17.1799,1073741824,0,0,0,16,0,0,0,0,0,0,0,0,0,0,0,0,0,0,0,0,0,0,0,0,0,0,0,0,0,0,0,0,0,0,0,0.883045,19550.4,1353.85,839.124
Test,MI300X,256,16384,4194304,134217728,128,10,17.1799,1073741824,0,0,0,0,0,0,0,0,0,0,16,0,0,0,0,0,0,0,0,0,0,0,0,0,0,0,0,0,0,0,0,0,0,0,0,1.97316,8707.63,86.7481,53.767
Test,MI300X,256,16384,4194304,134217728,128,10,34.3597,1073741824,0,0,0,0,0,0,0,0,0,0,0,0,0,0,0,0,0,32,0,0,0,0,0,0,0,0,0,0,0,0,0,0,0,0,0,1.92064,17894.8,303.371,188.031
Test,MI300X,256,16384,4194304,134217728,128,10,17.1799,1073741824,0,0,0,0,0,0,0,0,0,0,0,0,0,0,0,0,0,0,0,0,0,0,0,0,16,0,0,0,0,0,0,0,0,0,0,9.24388,1858.54,6.85427,4.24832
Test,MI300X,256,16384,4194304,134217728,128,10,17.1799,1073741824,0,0,0,0,0,0,0,0,0,0,0,0,0,0,0,0,0,0,0,0,0,0,0,0,0,0,0,0,0,0,0,16,0,0,0,4.30186,3993.68,18.7525,11.6229
Test,MI300X,256,16384,4194304,536870912,128,10,68.7195,1073741824,0,0,0,0,64,0,0,0,0,0,0,0,0,0,0,0,0,0,0,0,0,0,0,0,0,0,0,0,0,0,0,0,0,0,0,1.14597,59988.4,1151.71,713.839
Test,MI300X,256,16384,4194304,536870912,128,10,68.7195,1073741824,0,0,0,0,0,0,0,0,0,0,0,64,0,0,0,0,0,0,0,0,0,0,0,0,0,0,0,0,0,0,0,0,0,0,0,1.1308,60867.1,2447.03,1516.69
Test,MI300X,256,16384,4194304,536870912,128,10,137.439,1073741824,0,0,0,0,0,0,0,0,0,0,0,0,0,0,0,0,0,0,128,0,0,0,0,0,0,0,0,0,0,0,0,0,0,0,0,3.60518,38123.4,170.658,105.775
Test,MI300X,256,16384,4194304,536870912,128,10,68.7195,1073741824,0,0,0,0,0,0,0,0,0,0,0,0,0,0,0,0,0,0,0,0,0,0,0,0,0,64,0,0,0,0,0,0,0,0,0,15.7805,4354.71,0.784152,0.486022
Test,MI300X,256,16384,4194304,536870912,128,10,68.7195,1073741824,0,0,0,0,0,0,0,0,0,0,0,0,0,0,0,0,0,0,0,0,0,0,0,0,0,0,0,0,0,0,0,0,64,0,0,8.76954,7836.31,34.9496,21.662
Test,MI300X,256,16384,4194304,268435456,128,10,34.3597,1073741824,0,0,0,0,0,32,0,0,0,0,0,0,0,0,0,0,0,0,0,0,0,0,0,0,0,0,0,0,0,0,0,0,0,0,0,0.688655,50027,2636.88,1634.36
Test,MI300X,256,16384,4194304,268435456,128,10,34.3597,1073741824,0,0,0,0,0,0,0,0,0,0,0,0,32,0,0,0,0,0,0,0,0,0,0,0,0,0,0,0,0,0,0,0,0,0,0,0.615554,56026.2,3435.16,2129.13
Test,MI300X,256,16384,4194304,268435456,128,10,68.7195,1073741824,0,0,0,0,0,0,0,0,0,0,0,0,0,0,0,0,0,0,0,64,0,0,0,0,0,0,0,0,0,0,0,0,0,0,0,0.695538,99122.2,5780.27,3582.65
Test,MI300X,256,16384,4194304,268435456,128,10,34.3597,1073741824,0,0,0,0,0,0,0,0,0,0,0,0,0,0,0,0,0,0,0,0,0,0,0,0,0,0,32,0,0,0,0,0,0,0,0,12.368,2778.13,4.34883,2.69544
Test,MI300X,256,16384,4194304,268435456,128,10,34.3597,1073741824,0,0,0,0,0,0,0,0,0,0,0,0,0,0,0,0,0,0,0,0,0,0,0,0,0,0,0,0,0,0,0,0,0,32,0,3.32893,10322.3,90.6051,56.1576
Test,MI300X,256,16384,4194304,134217728,128,10,17.1799,1073741824,0,0,0,0,0,0,16,0,0,0,0,0,0,0,0,0,0,0,0,0,0,0,0,0,0,0,0,0,0,0,0,0,0,0,0,0.457863,37847.4,3403.38,2109.43
Test,MI300X,256,16384,4194304,134217728,128,10,17.1799,1073741824,0,0,0,0,0,0,0,0,0,0,0,0,0,16,0,0,0,0,0,0,0,0,0,0,0,0,0,0,0,0,0,0,0,0,0,0.391115,44072.3,2540.42,1574.57
Test,MI300X,256,16384,4194304,134217728,128,10,34.3597,1073741824,0,0,0,0,0,0,0,0,0,0,0,0,0,0,0,0,0,0,0,0,32,0,0,0,0,0,0,0,0,0,0,0,0,0,0,0.598012,57667.7,3542.16,2195.45
Test,MI300X,256,16384,4194304,134217728,128,10,17.1799,1073741824,0,0,0,0,0,0,0,0,0,0,0,0,0,0,0,0,0,0,0,0,0,0,0,0,0,0,0,16,0,0,0,0,0,0,0,6.93994,2475.52,5.91539,3.66639
Test,MI300X,256,16384,4194304,134217728,128,10,17.1799,1073741824,0,0,0,0,0,0,0,0,0,0,0,0,0,0,0,0,0,0,0,0,0,0,0,0,0,0,0,0,0,0,0,0,0,0,16,1.77138,9710.01,345.346,214.048
Test,MI300X,256,16384,4194304,1073741824,256,10,274.878,1073741824,256,0,0,0,0,0,0,0,0,0,0,0,0,0,0,0,0,0,0,0,0,0,0,0,0,0,0,0,0,0,0,0,0,0,0,4.31063,63775.9,731.383,453.316
Test,MI300X,256,16384,4194304,1073741824,256,10,274.878,1073741824,0,0,0,0,0,0,0,256,0,0,0,0,0,0,0,0,0,0,0,0,0,0,0,0,0,0,0,0,0,0,0,0,0,0,0,4.2907,64071.9,723.094,448.178
Test,MI300X,256,16384,4194304,1073741824,256,10,549.756,1073741824,0,0,0,0,0,0,0,0,0,0,0,0,0,0,512,0,0,0,0,0,0,0,0,0,0,0,0,0,0,0,0,0,0,0,0,7.12316,77178.6,21.0261,13.0321
Test,MI300X,256,16384,4194304,1073741824,256,10,274.878,1073741824,0,0,0,0,0,0,0,0,0,0,0,0,0,0,0,0,0,0,0,0,0,256,0,0,0,0,0,0,0,0,0,0,0,0,0,62.7161,4382.89,1.47877,0.91655
Test,MI300X,256,16384,4194304,1073741824,256,10,274.878,1073741824,0,0,0,0,0,0,0,0,0,0,0,0,0,0,0,0,0,0,0,0,0,0,0,0,0,0,0,0,256,0,0,0,0,0,0,28.9382,9498.78,1.3749,0.852169
Test,MI300X,256,16384,4194304,536870912,256,10,137.439,1073741824,0,128,0,0,0,0,0,0,0,0,0,0,0,0,0,0,0,0,0,0,0,0,0,0,0,0,0,0,0,0,0,0,0,0,0,2.3081,59575.5,1310.22,812.084
Test,MI300X,256,16384,4194304,536870912,256,10,137.439,1073741824,0,0,0,0,0,0,0,0,128,0,0,0,0,0,0,0,0,0,0,0,0,0,0,0,0,0,0,0,0,0,0,0,0,0,0,2.24569,61235.4,1428.26,885.242
Test,MI300X,256,16384,4194304,536870912,256,10,274.878,1073741824,0,0,0,0,0,0,0,0,0,0,0,0,0,0,0,256,0,0,0,0,0,0,0,0,0,0,0,0,0,0,0,0,0,0,0,3.57501,76889.3,225.695,139.887
Test,MI300X,256,16384,4194304,536870912,256,10,137.439,1073741824,0,0,0,0,0,0,0,0,0,0,0,0,0,0,0,0,0,0,0,0,0,0,128,0,0,0,0,0,0,0,0,0,0,0,0,32.4736,4232.33,0.989847,0.613514
Test,MI300X,256,16384,4194304,536870912,256,10,137.439,1073741824,0,0,0,0,0,0,0,0,0,0,0,0,0,0,0,0,0,0,0,0,0,0,0,0,0,0,0,0,0,128,0,0,0,0,0,14.5157,9468.33,4.14208,2.56729
Test,MI300X,256,16384,4194304,268435456,256,10,68.7195,1073741824,0,0,64,0,0,0,0,0,0,0,0,0,0,0,0,0,0,0,0,0,0,0,0,0,0,0,0,0,0,0,0,0,0,0,0,1.37786,49898.5,1097.53,680.258
Test,MI300X,256,16384,4194304,268435456,256,10,68.7195,1073741824,0,0,0,0,0,0,0,0,0,64,0,0,0,0,0,0,0,0,0,0,0,0,0,0,0,0,0,0,0,0,0,0,0,0,0,1.30354,52788.6,1962.24,1216.21
Test,MI300X,256,16384,4194304,268435456,256,10,137.439,1073741824,0,0,0,0,0,0,0,0,0,0,0,0,0,0,0,0,128,0,0,0,0,0,0,0,0,0,0,0,0,0,0,0,0,0,0,2.03042,67694,529.6,328.249
Test,MI300X,256,16384,4194304,268435456,256,10,68.7195,1073741824,0,0,0,0,0,0,0,0,0,0,0,0,0,0,0,0,0,0,0,0,0,0,0,64,0,0,0,0,0,0,0,0,0,0,0,32.2794,2128.91,4.69671,2.91105
Test,MI300X,256,16384,4194304,268435456,256,10,68.7195,1073741824,0,0,0,0,0,0,0,0,0,0,0,0,0,0,0,0,0,0,0,0,0,0,0,0,0,0,0,0,0,0,64,0,0,0,0,7.25386,9473.54,18.5951,11.5253
Test,MI300X,256,16384,4194304,134217728,256,10,34.3597,1073741824,0,0,0,32,0,0,0,0,0,0,0,0,0,0,0,0,0,0,0,0,0,0,0,0,0,0,0,0,0,0,0,0,0,0,0,1.40172,24549,953.788,591.164
Test,MI300X,256,16384,4194304,134217728,256,10,34.3597,1073741824,0,0,0,0,0,0,0,0,0,0,32,0,0,0,0,0,0,0,0,0,0,0,0,0,0,0,0,0,0,0,0,0,0,0,0,3.82949,8973.03,75.4119,46.7408
Test,MI300X,256,16384,4194304,134217728,256,10,68.7195,1073741824,0,0,0,0,0,0,0,0,0,0,0,0,0,0,0,0,0,64,0,0,0,0,0,0,0,0,0,0,0,0,0,0,0,0,0,3.71221,18512.8,137.109,84.9812
Test,MI300X,256,16384,4194304,134217728,256,10,34.3597,1073741824,0,0,0,0,0,0,0,0,0,0,0,0,0,0,0,0,0,0,0,0,0,0,0,0,32,0,0,0,0,0,0,0,0,0,0,18.6874,1838.67,5.79945,3.59453
Test,MI300X,256,16384,4194304,134217728,256,10,34.3597,1073741824,0,0,0,0,0,0,0,0,0,0,0,0,0,0,0,0,0,0,0,0,0,0,0,0,0,0,0,0,0,0,0,32,0,0,0,8.33146,4124.17,17.3761,10.7698
Test,MI300X,256,16384,4194304,536870912,256,10,137.439,1073741824,0,0,0,0,128,0,0,0,0,0,0,0,0,0,0,0,0,0,0,0,0,0,0,0,0,0,0,0,0,0,0,0,0,0,0,2.14482,64083.4,501.5,310.833
Test,MI300X,256,16384,4194304,536870912,256,10,137.439,1073741824,0,0,0,0,0,0,0,0,0,0,0,128,0,0,0,0,0,0,0,0,0,0,0,0,0,0,0,0,0,0,0,0,0,0,0,2.12618,64645.3,505.109,313.07
Test,MI300X,256,16384,4194304,536870912,256,10,274.878,1073741824,0,0,0,0,0,0,0,0,0,0,0,0,0,0,0,0,0,0,256,0,0,0,0,0,0,0,0,0,0,0,0,0,0,0,0,7.06456,38909.5,26.7197,16.5611
Test,MI300X,256,16384,4194304,536870912,256,10,137.439,1073741824,0,0,0,0,0,0,0,0,0,0,0,0,0,0,0,0,0,0,0,0,0,0,0,0,0,128,0,0,0,0,0,0,0,0,0,31.493,4364.11,1.00329,0.621847
Test,MI300X,256,16384,4194304,536870912,256,10,137.439,1073741824,0,0,0,0,0,0,0,0,0,0,0,0,0,0,0,0,0,0,0,0,0,0,0,0,0,0,0,0,0,0,0,0,128,0,0,17.503,7852.31,8.34242,5.17068
Test,MI300X,256,16384,4194304,268435456,256,10,68.7195,1073741824,0,0,0,0,0,64,0,0,0,0,0,0,0,0,0,0,0,0,0,0,0,0,0,0,0,0,0,0,0,0,0,0,0,0,0,1.23963,55523.6,2221.65,1376.99
Test,MI300X,256,16384,4194304,268435456,256,10,68.7195,1073741824,0,0,0,0,0,0,0,0,0,0,0,0,64,0,0,0,0,0,0,0,0,0,0,0,0,0,0,0,0,0,0,0,0,0,0,1.12396,61240.4,2434.68,1509.03
Test,MI300X,256,16384,4194304,268435456,256,10,137.439,1073741824,0,0,0,0,0,0,0,0,0,0,0,0,0,0,0,0,0,0,0,128,0,0,0,0,0,0,0,0,0,0,0,0,0,0,0,1.26908,108353,2396.36,1485.28
Test,MI300X,256,16384,4194304,268435456,256,10,68.7195,1073741824,0,0,0,0,0,0,0,0,0,0,0,0,0,0,0,0,0,0,0,0,0,0,0,0,0,0,64,0,0,0,0,0,0,0,0,24.5972,2793.79,2.34536,1.45367
Test,MI300X,256,16384,4194304,268435456,256,10,68.7195,1073741824,0,0,0,0,0,0,0,0,0,0,0,0,0,0,0,0,0,0,0,0,0,0,0,0,0,0,0,0,0,0,0,0,0,64,0,6.37105,10786.9,88.3567,54.764
Test,MI300X,256,16384,4194304,134217728,256,10,34.3597,1073741824,0,0,0,0,0,0,32,0,0,0,0,0,0,0,0,0,0,0,0,0,0,0,0,0,0,0,0,0,0,0,0,0,0,0,0,0.793977,43466.5,2807.74,1740.26
Test,MI300X,256,16384,4194304,134217728,256,10,34.3597,1073741824,0,0,0,0,0,0,0,0,0,0,0,0,0,32,0,0,0,0,0,0,0,0,0,0,0,0,0,0,0,0,0,0,0,0,0,0.676569,50917.6,2628.59,1629.21
Test,MI300X,256,16384,4194304,134217728,256,10,68.7195,1073741824,0,0,0,0,0,0,0,0,0,0,0,0,0,0,0,0,0,0,0,0,64,0,0,0,0,0,0,0,0,0,0,0,0,0,0,1.09739,62794.8,3372.48,2090.28
Test,MI300X,256,16384,4194304,134217728,256,10,34.3597,1073741824,0,0,0,0,0,0,0,0,0,0,0,0,0,0,0,0,0,0,0,0,0,0,0,0,0,0,0,32,0,0,0,0,0,0,0,13.6497,2517.26,5.90662,3.66096
Test,MI300X,256,16384,4194304,134217728,256,10,34.3597,1073741824,0,0,0,0,0,0,0,0,0,0,0,0,0,0,0,0,0,0,0,0,0,0,0,0,0,0,0,0,0,0,0,0,0,0,32,3.31498,10366.7,132.929,82.3902
Test,MI300X,256,16384,4194304,1073741824,512,10,549.756,1073741824,512,0,0,0,0,0,0,0,0,0,0,0,0,0,0,0,0,0,0,0,0,0,0,0,0,0,0,0,0,0,0,0,0,0,0,9.10355,60390.3,259.862,161.064
Test,MI300X,256,16384,4194304,1073741824,512,10,549.756,1073741824,0,0,0,0,0,0,0,512,0,0,0,0,0,0,0,0,0,0,0,0,0,0,0,0,0,0,0,0,0,0,0,0,0,0,0,8.24342,66693.3,453.497,281.081
Test,MI300X,256,16384,4194304,1073741824,512,10,1099.51,1073741824,0,0,0,0,0,0,0,0,0,0,0,0,0,0,1024,0,0,0,0,0,0,0,0,0,0,0,0,0,0,0,0,0,0,0,0,14.1216,77860.5,13.9914,8.67197
Test,MI300X,256,16384,4194304,1073741824,512,10,549.756,1073741824,0,0,0,0,0,0,0,0,0,0,0,0,0,0,0,0,0,0,0,0,0,512,0,0,0,0,0,0,0,0,0,0,0,0,0,125.253,4389.15,1.49362,0.925756
Test,MI300X,256,16384,4194304,1073741824,512,10,549.756,1073741824,0,0,0,0,0,0,0,0,0,0,0,0,0,0,0,0,0,0,0,0,0,0,0,0,0,0,0,0,512,0,0,0,0,0,0,57.8194,9508.15,1.42611,0.883909
Test,MI300X,256,16384,4194304,536870912,512,10,274.878,1073741824,0,256,0,0,0,0,0,0,0,0,0,0,0,0,0,0,0,0,0,0,0,0,0,0,0,0,0,0,0,0,0,0,0,0,0,4.70246,58473.4,1071.68,664.232
Test,MI300X,256,16384,4194304,536870912,512,10,274.878,1073741824,0,0,0,0,0,0,0,0,256,0,0,0,0,0,0,0,0,0,0,0,0,0,0,0,0,0,0,0,0,0,0,0,0,0,0,4.20672,65359.4,1037.64,643.138
Test,MI300X,256,16384,4194304,536870912,512,10,549.756,1073741824,0,0,0,0,0,0,0,0,0,0,0,0,0,0,0,512,0,0,0,0,0,0,0,0,0,0,0,0,0,0,0,0,0,0,0,7.05959,77873.6,42.7937,26.5238
Test,MI300X,256,16384,4194304,536870912,512,10,274.878,1073741824,0,0,0,0,0,0,0,0,0,0,0,0,0,0,0,0,0,0,0,0,0,0,256,0,0,0,0,0,0,0,0,0,0,0,0,64.8673,4237.54,0.654511,0.40567
Test,MI300X,256,16384,4194304,536870912,512,10,274.878,1073741824,0,0,0,0,0,0,0,0,0,0,0,0,0,0,0,0,0,0,0,0,0,0,0,0,0,0,0,0,0,256,0,0,0,0,0,28.9527,9494.04,1.68877,1.04671
Test,MI300X,256,16384,4194304,268435456,512,10,137.439,1073741824,0,0,128,0,0,0,0,0,0,0,0,0,0,0,0,0,0,0,0,0,0,0,0,0,0,0,0,0,0,0,0,0,0,0,0,2.78173,49484.9,1903.99,1180.11
Test,MI300X,256,16384,4194304,268435456,512,10,137.439,1073741824,0,0,0,0,0,0,0,0,0,128,0,0,0,0,0,0,0,0,0,0,0,0,0,0,0,0,0,0,0,0,0,0,0,0,0,2.27115,60536.4,1124.94,697.247
Test,MI300X,256,16384,4194304,268435456,512,10,274.878,1073741824,0,0,0,0,0,0,0,0,0,0,0,0,0,0,0,0,256,0,0,0,0,0,0,0,0,0,0,0,0,0,0,0,0,0,0,3.90463,70402.6,576.196,357.13
Test,MI300X,256,16384,4194304,268435456,512,10,137.439,1073741824,0,0,0,0,0,0,0,0,0,0,0,0,0,0,0,0,0,0,0,0,0,0,0,128,0,0,0,0,0,0,0,0,0,0,0,64.4641,2132.03,1.94131,1.20324
Test,MI300X,256,16384,4194304,268435456,512,10,137.439,1073741824,0,0,0,0,0,0,0,0,0,0,0,0,0,0,0,0,0,0,0,0,0,0,0,0,0,0,0,0,0,0,128,0,0,0,0,14.4438,9515.42,1.34604,0.834284
Test,MI300X,256,16384,4194304,134217728,512,10,68.7195,1073741824,0,0,0,64,0,0,0,0,0,0,0,0,0,0,0,0,0,0,0,0,0,0,0,0,0,0,0,0,0,0,0,0,0,0,0,2.56643,26800.3,795.843,493.269
Test,MI300X,256,16384,4194304,134217728,512,10,68.7195,1073741824,0,0,0,0,0,0,0,0,0,0,64,0,0,0,0,0,0,0,0,0,0,0,0,0,0,0,0,0,0,0,0,0,0,0,0,7.34451,9356.71,35.4202,21.9537
Test,MI300X,256,16384,4194304,134217728,512,10,137.439,1073741824,0,0,0,0,0,0,0,0,0,0,0,0,0,0,0,0,0,128,0,0,0,0,0,0,0,0,0,0,0,0,0,0,0,0,0,7.2469,18965.5,70.2076,43.5151
Test,MI300X,256,16384,4194304,134217728,512,10,68.7195,1073741824,0,0,0,0,0,0,0,0,0,0,0,0,0,0,0,0,0,0,0,0,0,0,0,0,64,0,0,0,0,0,0,0,0,0,0,37.8063,1817.68,2.33177,1.44525
Test,MI300X,256,16384,4194304,134217728,512,10,68.7195,1073741824,0,0,0,0,0,0,0,0,0,0,0,0,0,0,0,0,0,0,0,0,0,0,0,0,0,0,0,0,0,0,0,64,0,0,0,16.4026,4189.61,15.2405,9.44614
Test,MI300X,256,16384,4194304,536870912,512,10,274.878,1073741824,0,0,0,0,256,0,0,0,0,0,0,0,0,0,0,0,0,0,0,0,0,0,0,0,0,0,0,0,0,0,0,0,0,0,0,4.10103,67030.7,521.786,323.406
Test,MI300X,256,16384,4194304,536870912,512,10,274.878,1073741824,0,0,0,0,0,0,0,0,0,0,0,256,0,0,0,0,0,0,0,0,0,0,0,0,0,0,0,0,0,0,0,0,0,0,0,4.04322,67987.3,408.95,253.47
Test,MI300X,256,16384,4194304,536870912,512,10,549.756,1073741824,0,0,0,0,0,0,0,0,0,0,0,0,0,0,0,0,0,0,512,0,0,0,0,0,0,0,0,0,0,0,0,0,0,0,0,14.0357,39168.5,6.09409,3.77716
Test,MI300X,256,16384,4194304,536870912,512,10,274.878,1073741824,0,0,0,0,0,0,0,0,0,0,0,0,0,0,0,0,0,0,0,0,0,0,0,0,0,256,0,0,0,0,0,0,0,0,0,62.8972,4370.27,0.771864,0.478407
Test,MI300X,256,16384,4194304,536870912,512,10,274.878,1073741824,0,0,0,0,0,0,0,0,0,0,0,0,0,0,0,0,0,0,0,0,0,0,0,0,0,0,0,0,0,0,0,0,256,0,0,35.0216,7848.82,1.02562,0.635686
Test,MI300X,256,16384,4194304,268435456,512,10,137.439,1073741824,0,0,0,0,0,128,0,0,0,0,0,0,0,0,0,0,0,0,0,0,0,0,0,0,0,0,0,0,0,0,0,0,0,0,0,2.3398,58753.7,899.46,557.491
Test,MI300X,256,16384,4194304,268435456,512,10,137.439,1073741824,0,0,0,0,0,0,0,0,0,0,0,0,128,0,0,0,0,0,0,0,0,0,0,0,0,0,0,0,0,0,0,0,0,0,0,2.15152,63915.5,1495.74,927.069
Test,MI300X,256,16384,4194304,268435456,512,10,274.878,1073741824,0,0,0,0,0,0,0,0,0,0,0,0,0,0,0,0,0,0,0,256,0,0,0,0,0,0,0,0,0,0,0,0,0,0,0,2.34427,117320,2768.09,1715.68
Test,MI300X,256,16384,4194304,268435456,512,10,137.439,1073741824,0,0,0,0,0,0,0,0,0,0,0,0,0,0,0,0,0,0,0,0,0,0,0,0,0,0,128,0,0,0,0,0,0,0,0,49.1497,2796.33,0.996356,0.617548
Test,MI300X,256,16384,4194304,268435456,512,10,137.439,1073741824,0,0,0,0,0,0,0,0,0,0,0,0,0,0,0,0,0,0,0,0,0,0,0,0,0,0,0,0,0,0,0,0,0,128,0,12.5032,10992.6,58.3535,36.1679
Test,MI300X,256,16384,4194304,134217728,512,10,68.7195,1073741824,0,0,0,0,0,0,64,0,0,0,0,0,0,0,0,0,0,0,0,0,0,0,0,0,0,0,0,0,0,0,0,0,0,0,0,1.42871,48133.7,1295.04,802.674
Test,MI300X,256,16384,4194304,134217728,512,10,68.7195,1073741824,0,0,0,0,0,0,0,0,0,0,0,0,0,64,0,0,0,0,0,0,0,0,0,0,0,0,0,0,0,0,0,0,0,0,0,1.27122,54134.4,2064.08,1279.33
Test,MI300X,256,16384,4194304,134217728,512,10,137.439,1073741824,0,0,0,0,0,0,0,0,0,0,0,0,0,0,0,0,0,0,0,0,128,0,0,0,0,0,0,0,0,0,0,0,0,0,0,2.11146,65106.3,955.567,592.266
Test,MI300X,256,16384,4194304,134217728,512,10,68.7195,1073741824,0,0,0,0,0,0,0,0,0,0,0,0,0,0,0,0,0,0,0,0,0,0,0,0,0,0,0,64,0,0,0,0,0,0,0,27.1254,2533.42,7.03881,4.3627
Test,MI300X,256,16384,4194304,134217728,512,10,68.7195,1073741824,0,0,0,0,0,0,0,0,0,0,0,0,0,0,0,0,0,0,0,0,0,0,0,0,0,0,0,0,0,0,0,0,0,0,64,6.37524,10779.8,86.4861,53.6046
Test,MI300X,256,16384,4194304,1073741824,1024,10,1099.51,1073741824,1024,0,0,0,0,0,0,0,0,0,0,0,0,0,0,0,0,0,0,0,0,0,0,0,0,0,0,0,0,0,0,0,0,0,0,16.052,68497.6,233.955,145.007
Test,MI300X,256,16384,4194304,1073741824,1024,10,1099.51,1073741824,0,0,0,0,0,0,0,1024,0,0,0,0,0,0,0,0,0,0,0,0,0,0,0,0,0,0,0,0,0,0,0,0,0,0,0,16.0671,68432.6,120.397,74.6226
Test,MI300X,256,16384,4194304,1073741824,1024,10,2199.02,1073741824,0,0,0,0,0,0,0,0,0,0,0,0,0,0,2048,0,0,0,0,0,0,0,0,0,0,0,0,0,0,0,0,0,0,0,0,28.1511,78115,9.24091,5.72757
Test,MI300X,256,16384,4194304,1073741824,1024,10,1099.51,1073741824,0,0,0,0,0,0,0,0,0,0,0,0,0,0,0,0,0,0,0,0,0,1024,0,0,0,0,0,0,0,0,0,0,0,0,0,250.367,4391.59,1.08605,0.673142
Test,MI300X,256,16384,4194304,1073741824,1024,10,1099.51,1073741824,0,0,0,0,0,0,0,0,0,0,0,0,0,0,0,0,0,0,0,0,0,0,0,0,0,0,0,0,1024,0,0,0,0,0,0,115.582,9512.8,1.9036,1.17987
Test,MI300X,256,16384,4194304,536870912,1024,10,549.756,1073741824,0,512,0,0,0,0,0,0,0,0,0,0,0,0,0,0,0,0,0,0,0,0,0,0,0,0,0,0,0,0,0,0,0,0,0,8.30967,66160.8,380.959,236.121
Test,MI300X,256,16384,4194304,536870912,1024,10,549.756,1073741824,0,0,0,0,0,0,0,0,512,0,0,0,0,0,0,0,0,0,0,0,0,0,0,0,0,0,0,0,0,0,0,0,0,0,0,8.19911,67052.1,310.722,192.587
Test,MI300X,256,16384,4194304,536870912,1024,10,1099.51,1073741824,0,0,0,0,0,0,0,0,0,0,0,0,0,0,0,1024,0,0,0,0,0,0,0,0,0,0,0,0,0,0,0,0,0,0,0,14.0712,78139,18.3012,11.3432
Test,MI300X,256,16384,4194304,536870912,1024,10,549.756,1073741824,0,0,0,0,0,0,0,0,0,0,0,0,0,0,0,0,0,0,0,0,0,0,512,0,0,0,0,0,0,0,0,0,0,0,0,129.742,4237.3,1.61546,1.00127
Test,MI300X,256,16384,4194304,536870912,1024,10,549.756,1073741824,0,0,0,0,0,0,0,0,0,0,0,0,0,0,0,0,0,0,0,0,0,0,0,0,0,0,0,0,0,512,0,0,0,0,0,57.8825,9497.79,1.42927,0.885873
Test,MI300X,256,16384,4194304,268435456,1024,10,274.878,1073741824,0,0,256,0,0,0,0,0,0,0,0,0,0,0,0,0,0,0,0,0,0,0,0,0,0,0,0,0,0,0,0,0,0,0,0,4.64572,59179.8,831.242,515.209
Test,MI300X,256,16384,4194304,268435456,1024,10,274.878,1073741824,0,0,0,0,0,0,0,0,0,256,0,0,0,0,0,0,0,0,0,0,0,0,0,0,0,0,0,0,0,0,0,0,0,0,0,4.31075,63767.9,374.353,232.026
Test,MI300X,256,16384,4194304,268435456,1024,10,549.756,1073741824,0,0,0,0,0,0,0,0,0,0,0,0,0,0,0,0,512,0,0,0,0,0,0,0,0,0,0,0,0,0,0,0,0,0,0,7.58138,72515.5,336.672,208.672
Test,MI300X,256,16384,4194304,268435456,1024,10,274.878,1073741824,0,0,0,0,0,0,0,0,0,0,0,0,0,0,0,0,0,0,0,0,0,0,0,256,0,0,0,0,0,0,0,0,0,0,0,129.926,2115.64,1.21397,0.752425
Test,MI300X,256,16384,4194304,268435456,1024,10,274.878,1073741824,0,0,0,0,0,0,0,0,0,0,0,0,0,0,0,0,0,0,0,0,0,0,0,0,0,0,0,0,0,0,256,0,0,0,0,28.8623,9523.77,1.29151,0.800485
Test,MI300X,256,16384,4194304,134217728,1024,10,137.439,1073741824,0,0,0,128,0,0,0,0,0,0,0,0,0,0,0,0,0,0,0,0,0,0,0,0,0,0,0,0,0,0,0,0,0,0,0,4.69334,29296.1,592.97,367.527
Test,MI300X,256,16384,4194304,134217728,1024,10,137.439,1073741824,0,0,0,0,0,0,0,0,0,0,128,0,0,0,0,0,0,0,0,0,0,0,0,0,0,0,0,0,0,0,0,0,0,0,0,14.4013,9543.54,16.5432,10.2536
Test,MI300X,256,16384,4194304,134217728,1024,10,274.878,1073741824,0,0,0,0,0,0,0,0,0,0,0,0,0,0,0,0,0,256,0,0,0,0,0,0,0,0,0,0,0,0,0,0,0,0,0,10.2621,26785.9,80.227,49.7252
Test,MI300X,256,16384,4194304,134217728,1024,10,137.439,1073741824,0,0,0,0,0,0,0,0,0,0,0,0,0,0,0,0,0,0,0,0,0,0,0,0,128,0,0,0,0,0,0,0,0,0,0,76.4617,1797.54,9.20064,5.70261
Test,MI300X,256,16384,4194304,134217728,1024,10,137.439,1073741824,0,0,0,0,0,0,0,0,0,0,0,0,0,0,0,0,0,0,0,0,0,0,0,0,0,0,0,0,0,0,0,128,0,0,0,32.5749,4219.17,4.75085,2.94461
Test,MI300X,256,16384,4194304,536870912,1024,10,549.756,1073741824,0,0,0,0,512,0,0,0,0,0,0,0,0,0,0,0,0,0,0,0,0,0,0,0,0,0,0,0,0,0,0,0,0,0,0,7.97143,68967.9,373.467,231.477
Test,MI300X,256,16384,4194304,536870912,1024,10,549.756,1073741824,0,0,0,0,0,0,0,0,0,0,0,512,0,0,0,0,0,0,0,0,0,0,0,0,0,0,0,0,0,0,0,0,0,0,0,7.86985,69857.6,342.618,212.357
Test,MI300X,256,16384,4194304,536870912,1024,10,1099.51,1073741824,0,0,0,0,0,0,0,0,0,0,0,0,0,0,0,0,0,0,1024,0,0,0,0,0,0,0,0,0,0,0,0,0,0,0,0,27.9897,39282.7,6.97381,4.32241
Test,MI300X,256,16384,4194304,536870912,1024,10,549.756,1073741824,0,0,0,0,0,0,0,0,0,0,0,0,0,0,0,0,0,0,0,0,0,0,0,0,0,512,0,0,0,0,0,0,0,0,0,125.721,4372.81,0.280383,0.173783
Test,MI300X,256,16384,4194304,536870912,1024,10,549.756,1073741824,0,0,0,0,0,0,0,0,0,0,0,0,0,0,0,0,0,0,0,0,0,0,0,0,0,0,0,0,0,0,0,0,512,0,0,70.0254,7850.81,0.545583,0.338156
Test,MI300X,256,16384,4194304,268435456,1024,10,274.878,1073741824,0,0,0,0,0,256,0,0,0,0,0,0,0,0,0,0,0,0,0,0,0,0,0,0,0,0,0,0,0,0,0,0,0,0,0,4.64699,59156.7,537.867,333.373
Test,MI300X,256,16384,4194304,268435456,1024,10,274.878,1073741824,0,0,0,0,0,0,0,0,0,0,0,0,256,0,0,0,0,0,0,0,0,0,0,0,0,0,0,0,0,0,0,0,0,0,0,4.1969,65505.7,819.958,508.215
Test,MI300X,256,16384,4194304,268435456,1024,10,549.756,1073741824,0,0,0,0,0,0,0,0,0,0,0,0,0,0,0,0,0,0,0,512,0,0,0,0,0,0,0,0,0,0,0,0,0,0,0,4.479,122787,2352.76,1458.26
Test,MI300X,256,16384,4194304,268435456,1024,10,274.878,1073741824,0,0,0,0,0,0,0,0,0,0,0,0,0,0,0,0,0,0,0,0,0,0,0,0,0,0,256,0,0,0,0,0,0,0,0,98.3762,2794.15,1.22545,0.759539
Test,MI300X,256,16384,4194304,268435456,1024,10,274.878,1073741824,0,0,0,0,0,0,0,0,0,0,0,0,0,0,0,0,0,0,0,0,0,0,0,0,0,0,0,0,0,0,0,0,0,256,0,24.8023,11082.8,27.5292,17.0628
Test,MI300X,256,16384,4194304,134217728,1024,10,137.439,1073741824,0,0,0,0,0,0,128,0,0,0,0,0,0,0,0,0,0,0,0,0,0,0,0,0,0,0,0,0,0,0,0,0,0,0,0,2.67455,51411.7,1092.84,677.349
Test,MI300X,256,16384,4194304,134217728,1024,10,137.439,1073741824,0,0,0,0,0,0,0,0,0,0,0,0,0,128,0,0,0,0,0,0,0,0,0,0,0,0,0,0,0,0,0,0,0,0,0,2.37144,57973.6,1015.62,629.485
Test,MI300X,256,16384,4194304,134217728,1024,10,274.878,1073741824,0,0,0,0,0,0,0,0,0,0,0,0,0,0,0,0,0,0,0,0,256,0,0,0,0,0,0,0,0,0,0,0,0,0,0,4.00575,68623.1,389.882,241.652
Test,MI300X,256,16384,4194304,134217728,1024,10,137.439,1073741824,0,0,0,0,0,0,0,0,0,0,0,0,0,0,0,0,0,0,0,0,0,0,0,0,0,0,0,128,0,0,0,0,0,0,0,54.7171,2511.81,2.57554,1.59633
Test,MI300X,256,16384,4194304,134217728,1024,10,137.439,1073741824,0,0,0,0,0,0,0,0,0,0,0,0,0,0,0,0,0,0,0,0,0,0,0,0,0,0,0,0,0,0,0,0,0,0,128,12.4966,10998.5,58.4252,36.2123
Test,MI300X,256,16384,4194304,1073741824,2048,10,2199.02,1073741824,2048,0,0,0,0,0,0,0,0,0,0,0,0,0,0,0,0,0,0,0,0,0,0,0,0,0,0,0,0,0,0,0,0,0,0,35.1472,62566.3,133.771,82.9121
Test,MI300X,256,16384,4194304,1073741824,2048,10,2199.02,1073741824,0,0,0,0,0,0,0,2048,0,0,0,0,0,0,0,0,0,0,0,0,0,0,0,0,0,0,0,0,0,0,0,0,0,0,0,31.6326,69517.8,124.484,77.1558
Test,MI300X,256,16384,4194304,1073741824,2048,10,4398.05,1073741824,0,0,0,0,0,0,0,0,0,0,0,0,0,0,4096,0,0,0,0,0,0,0,0,0,0,0,0,0,0,0,0,0,0,0,0,56.1757,78291,17.7074,10.9751
Test,MI300X,256,16384,4194304,1073741824,2048,10,2199.02,1073741824,0,0,0,0,0,0,0,0,0,0,0,0,0,0,0,0,0,0,0,0,0,2048,0,0,0,0,0,0,0,0,0,0,0,0,0,500.745,4391.5,1.17468,0.728075
Test,MI300X,256,16384,4194304,1073741824,2048,10,2199.02,1073741824,0,0,0,0,0,0,0,0,0,0,0,0,0,0,0,0,0,0,0,0,0,0,0,0,0,0,0,0,2048,0,0,0,0,0,0,231.208,9511.01,1.94387,1.20482
Test,MI300X,256,16384,4194304,536870912,2048,10,1099.51,1073741824,0,1024,0,0,0,0,0,0,0,0,0,0,0,0,0,0,0,0,0,0,0,0,0,0,0,0,0,0,0,0,0,0,0,0,0,17.816,61717.5,399.313,247.497
Test,MI300X,256,16384,4194304,536870912,2048,10,1099.51,1073741824,0,0,0,0,0,0,0,0,1024,0,0,0,0,0,0,0,0,0,0,0,0,0,0,0,0,0,0,0,0,0,0,0,0,0,0,16.071,68416.3,153.095,94.8895
Test,MI300X,256,16384,4194304,536870912,2048,10,2199.02,1073741824,0,0,0,0,0,0,0,0,0,0,0,0,0,0,0,2048,0,0,0,0,0,0,0,0,0,0,0,0,0,0,0,0,0,0,0,28.0641,78357.1,9.48896,5.88132
Test,MI300X,256,16384,4194304,536870912,2048,10,1099.51,1073741824,0,0,0,0,0,0,0,0,0,0,0,0,0,0,0,0,0,0,0,0,0,0,1024,0,0,0,0,0,0,0,0,0,0,0,0,259.491,4237.19,0.792885,0.491435
Test,MI300X,256,16384,4194304,536870912,2048,10,1099.51,1073741824,0,0,0,0,0,0,0,0,0,0,0,0,0,0,0,0,0,0,0,0,0,0,0,0,0,0,0,0,0,1024,0,0,0,0,0,115.634,9508.54,0.989332,0.613194
Test,MI300X,256,16384,4194304,268435456,2048,10,549.756,1073741824,0,0,512,0,0,0,0,0,0,0,0,0,0,0,0,0,0,0,0,0,0,0,0,0,0,0,0,0,0,0,0,0,0,0,0,10.1029,54421.1,536.636,332.61
Test,MI300X,256,16384,4194304,268435456,2048,10,549.756,1073741824,0,0,0,0,0,0,0,0,0,512,0,0,0,0,0,0,0,0,0,0,0,0,0,0,0,0,0,0,0,0,0,0,0,0,0,8.41442,65342.8,707.848,438.729
Test,MI300X,256,16384,4194304,268435456,2048,10,1099.51,1073741824,0,0,0,0,0,0,0,0,0,0,0,0,0,0,0,0,1024,0,0,0,0,0,0,0,0,0,0,0,0,0,0,0,0,0,0,14.9836,73381.5,202.81,125.703
Test,MI300X,256,16384,4194304,268435456,2048,10,549.756,1073741824,0,0,0,0,0,0,0,0,0,0,0,0,0,0,0,0,0,0,0,0,0,0,0,512,0,0,0,0,0,0,0,0,0,0,0,261.237,2104.44,1.39129,0.862329
Test,MI300X,256,16384,4194304,268435456,2048,10,549.756,1073741824,0,0,0,0,0,0,0,0,0,0,0,0,0,0,0,0,0,0,0,0,0,0,0,0,0,0,0,0,0,0,512,0,0,0,0,57.6943,9528.78,1.43089,0.886878
Test,MI300X,256,16384,4194304,134217728,2048,10,274.878,1073741824,0,0,0,256,0,0,0,0,0,0,0,0,0,0,0,0,0,0,0,0,0,0,0,0,0,0,0,0,0,0,0,0,0,0,0,9.20811,29853.6,234.849,145.561
Test,MI300X,256,16384,4194304,134217728,2048,10,274.878,1073741824,0,0,0,0,0,0,0,0,0,0,256,0,0,0,0,0,0,0,0,0,0,0,0,0,0,0,0,0,0,0,0,0,0,0,0,20.3538,13505.2,56.7037,35.1453
Test,MI300X,256,16384,4194304,134217728,2048,10,549.756,1073741824,0,0,0,0,0,0,0,0,0,0,0,0,0,0,0,0,0,512,0,0,0,0,0,0,0,0,0,0,0,0,0,0,0,0,0,20.3134,27063.8,60.0455,37.2166
Test,MI300X,256,16384,4194304,134217728,2048,10,274.878,1073741824,0,0,0,0,0,0,0,0,0,0,0,0,0,0,0,0,0,0,0,0,0,0,0,0,256,0,0,0,0,0,0,0,0,0,0,156.821,1752.82,1.70804,1.05866
Test,MI300X,256,16384,4194304,134217728,2048,10,274.878,1073741824,0,0,0,0,0,0,0,0,0,0,0,0,0,0,0,0,0,0,0,0,0,0,0,0,0,0,0,0,0,0,0,256,0,0,0,65.5125,4195.81,3.40754,2.11201
Test,MI300X,256,16384,4194304,536870912,2048,10,1099.51,1073741824,0,0,0,0,1024,0,0,0,0,0,0,0,0,0,0,0,0,0,0,0,0,0,0,0,0,0,0,0,0,0,0,0,0,0,0,15.7632,69753,276.615,171.447
Test,MI300X,256,16384,4194304,536870912,2048,10,1099.51,1073741824,0,0,0,0,0,0,0,0,0,0,0,1024,0,0,0,0,0,0,0,0,0,0,0,0,0,0,0,0,0,0,0,0,0,0,0,15.5599,70663.9,199.43,123.608
Test,MI300X,256,16384,4194304,536870912,2048,10,2199.02,1073741824,0,0,0,0,0,0,0,0,0,0,0,0,0,0,0,0,0,0,2048,0,0,0,0,0,0,0,0,0,0,0,0,0,0,0,0,55.8819,39351.2,5.28782,3.27742
Test,MI300X,256,16384,4194304,536870912,2048,10,1099.51,1073741824,0,0,0,0,0,0,0,0,0,0,0,0,0,0,0,0,0,0,0,0,0,0,0,0,0,1024,0,0,0,0,0,0,0,0,0,251.439,4372.88,0.49192,0.304895
Test,MI300X,256,16384,4194304,536870912,2048,10,1099.51,1073741824,0,0,0,0,0,0,0,0,0,0,0,0,0,0,0,0,0,0,0,0,0,0,0,0,0,0,0,0,0,0,0,0,1024,0,0,140.099,7848.1,1.12107,0.694848
Test,MI300X,256,16384,4194304,268435456,2048,10,549.756,1073741824,0,0,0,0,0,512,0,0,0,0,0,0,0,0,0,0,0,0,0,0,0,0,0,0,0,0,0,0,0,0,0,0,0,0,0,9.10407,60387.3,307.193,190.4
Test,MI300X,256,16384,4194304,268435456,2048,10,549.756,1073741824,0,0,0,0,0,0,0,0,0,0,0,0,512,0,0,0,0,0,0,0,0,0,0,0,0,0,0,0,0,0,0,0,0,0,0,8.16565,67328.3,438.656,271.882
Test,MI300X,256,16384,4194304,268435456,2048,10,1099.51,1073741824,0,0,0,0,0,0,0,0,0,0,0,0,0,0,0,0,0,0,0,1024,0,0,0,0,0,0,0,0,0,0,0,0,0,0,0,8.88899,123697,641.423,397.558
Test,MI300X,256,16384,4194304,268435456,2048,10,549.756,1073741824,0,0,0,0,0,0,0,0,0,0,0,0,0,0,0,0,0,0,0,0,0,0,0,0,0,0,512,0,0,0,0,0,0,0,0,164.1,3350.13,1.96947,1.22069
Test,MI300X,256,16384,4194304,268435456,2048,10,549.756,1073741824,0,0,0,0,0,0,0,0,0,0,0,0,0,0,0,0,0,0,0,0,0,0,0,0,0,0,0,0,0,0,0,0,0,512,0,49.5241,11100.8,22.5499,13.9766
Test,MI300X,256,16384,4194304,134217728,2048,10,274.878,1073741824,0,0,0,0,0,0,256,0,0,0,0,0,0,0,0,0,0,0,0,0,0,0,0,0,0,0,0,0,0,0,0,0,0,0,0,5.25462,52351.4,1436.18,890.154
Test,MI300X,256,16384,4194304,134217728,2048,10,274.878,1073741824,0,0,0,0,0,0,0,0,0,0,0,0,0,256,0,0,0,0,0,0,0,0,0,0,0,0,0,0,0,0,0,0,0,0,0,4.63488,59329.8,1173.1,727.093
Test,MI300X,256,16384,4194304,134217728,2048,10,549.756,1073741824,0,0,0,0,0,0,0,0,0,0,0,0,0,0,0,0,0,0,0,0,512,0,0,0,0,0,0,0,0,0,0,0,0,0,0,7.82688,70240.8,299.234,185.467
Test,MI300X,256,16384,4194304,134217728,2048,10,274.878,1073741824,0,0,0,0,0,0,0,0,0,0,0,0,0,0,0,0,0,0,0,0,0,0,0,0,0,0,0,256,0,0,0,0,0,0,0,109.573,2508.63,1.62006,1.00413
Test,MI300X,256,16384,4194304,134217728,2048,10,274.878,1073741824,0,0,0,0,0,0,0,0,0,0,0,0,0,0,0,0,0,0,0,0,0,0,0,0,0,0,0,0,0,0,0,0,0,0,256,24.8435,11064.5,43.9754,27.2563
Test,MI300X,256,16384,4194304,1073741824,4096,10,4398.05,1073741824,4096,0,0,0,0,0,0,0,0,0,0,0,0,0,0,0,0,0,0,0,0,0,0,0,0,0,0,0,0,0,0,0,0,0,0,62.6631,70187.2,328.145,203.386
Test,MI300X,256,16384,4194304,1073741824,4096,10,4398.05,1073741824,0,0,0,0,0,0,0,4096,0,0,0,0,0,0,0,0,0,0,0,0,0,0,0,0,0,0,0,0,0,0,0,0,0,0,0,62.73,70110.8,98.0847,60.7935
Test,MI300X,256,16384,4194304,1073741824,4096,10,8796.09,1073741824,0,0,0,0,0,0,0,0,0,0,0,0,0,0,8192,0,0,0,0,0,0,0,0,0,0,0,0,0,0,0,0,0,0,0,0,111.624,78801.4,9.98811,6.1907
Test,MI300X,256,16384,4194304,1073741824,4096,10,4398.05,1073741824,0,0,0,0,0,0,0,0,0,0,0,0,0,0,0,0,0,0,0,0,0,4096,0,0,0,0,0,0,0,0,0,0,0,0,0,1000.78,4394.61,0.674533,0.41808
Test,MI300X,256,16384,4194304,1073741824,4096,10,4398.05,1073741824,0,0,0,0,0,0,0,0,0,0,0,0,0,0,0,0,0,0,0,0,0,0,0,0,0,0,0,0,4096,0,0,0,0,0,0,461.947,9520.67,1.26873,0.786364
Test,MI300X,256,16384,4194304,536870912,4096,10,2199.02,1073741824,0,2048,0,0,0,0,0,0,0,0,0,0,0,0,0,0,0,0,0,0,0,0,0,0,0,0,0,0,0,0,0,0,0,0,0,32.1735,68350,288.995,179.121
Test,MI300X,256,16384,4194304,536870912,4096,10,2199.02,1073741824,0,0,0,0,0,0,0,0,2048,0,0,0,0,0,0,0,0,0,0,0,0,0,0,0,0,0,0,0,0,0,0,0,0,0,0,31.7482,69264.8,110.587,68.5427
Test,MI300X,256,16384,4194304,536870912,4096,10,4398.05,1073741824,0,0,0,0,0,0,0,0,0,0,0,0,0,0,0,4096,0,0,0,0,0,0,0,0,0,0,0,0,0,0,0,0,0,0,0,55.7741,78854.6,8.58482,5.32092
Test,MI300X,256,16384,4194304,536870912,4096,10,2199.02,1073741824,0,0,0,0,0,0,0,0,0,0,0,0,0,0,0,0,0,0,0,0,0,0,2048,0,0,0,0,0,0,0,0,0,0,0,0,518.903,4237.83,0.446691,0.276862
Test,MI300X,256,16384,4194304,536870912,4096,10,2199.02,1073741824,0,0,0,0,0,0,0,0,0,0,0,0,0,0,0,0,0,0,0,0,0,0,0,0,0,0,0,0,0,2048,0,0,0,0,0,231.218,9510.63,2.18985,1.35728
Test,MI300X,256,16384,4194304,268435456,4096,10,1099.51,1073741824,0,0,1024,0,0,0,0,0,0,0,0,0,0,0,0,0,0,0,0,0,0,0,0,0,0,0,0,0,0,0,0,0,0,0,0,18.0519,60913,538.643,333.854
Test,MI300X,256,16384,4194304,268435456,4096,10,1099.51,1073741824,0,0,0,0,0,0,0,0,0,1024,0,0,0,0,0,0,0,0,0,0,0,0,0,0,0,0,0,0,0,0,0,0,0,0,0,16.6112,66192.8,344.145,213.303
Test,MI300X,256,16384,4194304,268435456,4096,10,2199.02,1073741824,0,0,0,0,0,0,0,0,0,0,0,0,0,0,0,0,2048,0,0,0,0,0,0,0,0,0,0,0,0,0,0,0,0,0,0,30.4292,72266.9,110.062,68.2174
Test,MI300X,256,16384,4194304,268435456,4096,10,1099.51,1073741824,0,0,0,0,0,0,0,0,0,0,0,0,0,0,0,0,0,0,0,0,0,0,0,1024,0,0,0,0,0,0,0,0,0,0,0,523.085,2101.98,0.596703,0.36984
Test,MI300X,256,16384,4194304,268435456,4096,10,1099.51,1073741824,0,0,0,0,0,0,0,0,0,0,0,0,0,0,0,0,0,0,0,0,0,0,0,0,0,0,0,0,0,0,1024,0,0,0,0,115.408,9527.15,0.659435,0.408722
Test,MI300X,256,16384,4194304,134217728,4096,10,549.756,1073741824,0,0,0,512,0,0,0,0,0,0,0,0,0,0,0,0,0,0,0,0,0,0,0,0,0,0,0,0,0,0,0,0,0,0,0,17.8723,30761.4,192.609,119.38
Test,MI300X,256,16384,4194304,134217728,4096,10,549.756,1073741824,0,0,0,0,0,0,0,0,0,0,512,0,0,0,0,0,0,0,0,0,0,0,0,0,0,0,0,0,0,0,0,0,0,0,0,40.4375,13595.4,58.9531,36.5395
Test,MI300X,256,16384,4194304,134217728,4096,10,1099.51,1073741824,0,0,0,0,0,0,0,0,0,0,0,0,0,0,0,0,0,1024,0,0,0,0,0,0,0,0,0,0,0,0,0,0,0,0,0,40.5605,27108.3,100.206,62.1081
Test,MI300X,256,16384,4194304,134217728,4096,10,549.756,1073741824,0,0,0,0,0,0,0,0,0,0,0,0,0,0,0,0,0,0,0,0,0,0,0,0,512,0,0,0,0,0,0,0,0,0,0,309.546,1776.06,9.98922,6.19138
Test,MI300X,256,16384,4194304,134217728,4096,10,549.756,1073741824,0,0,0,0,0,0,0,0,0,0,0,0,0,0,0,0,0,0,0,0,0,0,0,0,0,0,0,0,0,0,0,512,0,0,0,131.053,4194.91,2.88756,1.78973
Test,MI300X,256,16384,4194304,536870912,4096,10,2199.02,1073741824,0,0,0,0,2048,0,0,0,0,0,0,0,0,0,0,0,0,0,0,0,0,0,0,0,0,0,0,0,0,0,0,0,0,0,0,31.3311,70186.8,149.525,92.6764
Test,MI300X,256,16384,4194304,536870912,4096,10,2199.02,1073741824,0,0,0,0,0,0,0,0,0,0,0,2048,0,0,0,0,0,0,0,0,0,0,0,0,0,0,0,0,0,0,0,0,0,0,0,31.0065,70921.4,56.952,35.2992
Test,MI300X,256,16384,4194304,536870912,4096,10,4398.05,1073741824,0,0,0,0,0,0,0,0,0,0,0,0,0,0,0,0,0,0,4096,0,0,0,0,0,0,0,0,0,0,0,0,0,0,0,0,111.77,39349.2,3.15437,1.9551
Test,MI300X,256,16384,4194304,536870912,4096,10,2199.02,1073741824,0,0,0,0,0,0,0,0,0,0,0,0,0,0,0,0,0,0,0,0,0,0,0,0,0,2048,0,0,0,0,0,0,0,0,0,503.012,4371.71,0.242075,0.15004
Test,MI300X,256,16384,4194304,536870912,4096,10,2199.02,1073741824,0,0,0,0,0,0,0,0,0,0,0,0,0,0,0,0,0,0,0,0,0,0,0,0,0,0,0,0,0,0,0,0,2048,0,0,280.203,7847.96,0.813465,0.504191
Test,MI300X,256,16384,4194304,268435456,4096,10,1099.51,1073741824,0,0,0,0,0,1024,0,0,0,0,0,0,0,0,0,0,0,0,0,0,0,0,0,0,0,0,0,0,0,0,0,0,0,0,0,17.8724,61525,545.535,338.126
Test,MI300X,256,16384,4194304,268435456,4096,10,1099.51,1073741824,0,0,0,0,0,0,0,0,0,0,0,0,1024,0,0,0,0,0,0,0,0,0,0,0,0,0,0,0,0,0,0,0,0,0,0,16.3422,67280.6,147.886,91.6606
Test,MI300X,256,16384,4194304,268435456,4096,10,2199.02,1073741824,0,0,0,0,0,0,0,0,0,0,0,0,0,0,0,0,0,0,0,2048,0,0,0,0,0,0,0,0,0,0,0,0,0,0,0,17.6672,124475,842.784,522.363
Test,MI300X,256,16384,4194304,268435456,4096,10,1099.51,1073741824,0,0,0,0,0,0,0,0,0,0,0,0,0,0,0,0,0,0,0,0,0,0,0,0,0,0,1024,0,0,0,0,0,0,0,0,328.542,3346.64,1.50522,0.932944
Test,MI300X,256,16384,4194304,268435456,4096,10,1099.51,1073741824,0,0,0,0,0,0,0,0,0,0,0,0,0,0,0,0,0,0,0,0,0,0,0,0,0,0,0,0,0,0,0,0,0,1024,0,99.03,11102.8,6.94676,4.30564
Test,MI300X,256,16384,4194304,134217728,4096,10,549.756,1073741824,0,0,0,0,0,0,512,0,0,0,0,0,0,0,0,0,0,0,0,0,0,0,0,0,0,0,0,0,0,0,0,0,0,0,0,10.341,53165.6,394.964,244.801
Test,MI300X,256,16384,4194304,134217728,4096,10,549.756,1073741824,0,0,0,0,0,0,0,0,0,0,0,0,0,512,0,0,0,0,0,0,0,0,0,0,0,0,0,0,0,0,0,0,0,0,0,9.07862,60559.7,531.329,329.321
Test,MI300X,256,16384,4194304,134217728,4096,10,1099.51,1073741824,0,0,0,0,0,0,0,0,0,0,0,0,0,0,0,0,0,0,0,0,1024,0,0,0,0,0,0,0,0,0,0,0,0,0,0,14.9568,73514.5,368.269,228.256
Test,MI300X,256,16384,4194304,134217728,4096,10,549.756,1073741824,0,0,0,0,0,0,0,0,0,0,0,0,0,0,0,0,0,0,0,0,0,0,0,0,0,0,0,512,0,0,0,0,0,0,0,219.405,2505.7,8.79512,5.45127
Test,MI300X,256,16384,4194304,134217728,4096,10,549.756,1073741824,0,0,0,0,0,0,0,0,0,0,0,0,0,0,0,0,0,0,0,0,0,0,0,0,0,0,0,0,0,0,0,0,0,0,512,49.5956,11084.8,27.0503,16.7659
Test,MI300X,256,16384,4194304,1073741824,8192,10,8796.09,1073741824,8192,0,0,0,0,0,0,0,0,0,0,0,0,0,0,0,0,0,0,0,0,0,0,0,0,0,0,0,0,0,0,0,0,0,0,138.138,63676.3,105.432,65.3476
Test,MI300X,256,16384,4194304,1073741824,8192,10,8796.09,1073741824,0,0,0,0,0,0,0,8192,0,0,0,0,0,0,0,0,0,0,0,0,0,0,0,0,0,0,0,0,0,0,0,0,0,0,0,124.847,70455.3,57.6556,35.7353
Test,MI300X,256,16384,4194304,1073741824,8192,10,17592.2,1073741824,0,0,0,0,0,0,0,0,0,0,0,0,0,0,16384,0,0,0,0,0,0,0,0,0,0,0,0,0,0,0,0,0,0,0,0,222.865,78936.4,11.7366,7.27441
Test,MI300X,256,16384,4194304,1073741824,8192,10,8796.09,1073741824,0,0,0,0,0,0,0,0,0,0,0,0,0,0,0,0,0,0,0,0,0,8192,0,0,0,0,0,0,0,0,0,0,0,0,0,2001.72,4394.26,1.60966,0.997678
Test,MI300X,256,16384,4194304,1073741824,8192,10,8796.09,1073741824,0,0,0,0,0,0,0,0,0,0,0,0,0,0,0,0,0,0,0,0,0,0,0,0,0,0,0,0,8192,0,0,0,0,0,0,924.04,9519.17,1.96165,1.21585
Test,MI300X,256,16384,4194304,536870912,8192,10,4398.05,1073741824,0,4096,0,0,0,0,0,0,0,0,0,0,0,0,0,0,0,0,0,0,0,0,0,0,0,0,0,0,0,0,0,0,0,0,0,70.32,62543.5,113.422,70.2999
Test,MI300X,256,16384,4194304,536870912,8192,10,4398.05,1073741824,0,0,0,0,0,0,0,0,4096,0,0,0,0,0,0,0,0,0,0,0,0,0,0,0,0,0,0,0,0,0,0,0,0,0,0,63.2223,69564.9,87.6058,54.2986
Test,MI300X,256,16384,4194304,536870912,8192,10,8796.09,1073741824,0,0,0,0,0,0,0,0,0,0,0,0,0,0,0,8192,0,0,0,0,0,0,0,0,0,0,0,0,0,0,0,0,0,0,0,111.479,78903.6,9.48147,5.87668
Test,MI300X,256,16384,4194304,536870912,8192,10,4398.05,1073741824,0,0,0,0,0,0,0,0,0,0,0,0,0,0,0,0,0,0,0,0,0,0,4096,0,0,0,0,0,0,0,0,0,0,0,0,1038.17,4236.34,0.764047,0.473561
Test,MI300X,256,16384,4194304,536870912,8192,10,4398.05,1073741824,0,0,0,0,0,0,0,0,0,0,0,0,0,0,0,0,0,0,0,0,0,0,0,0,0,0,0,0,0,4096,0,0,0,0,0,462.701,9505.17,1.25643,0.778746
Test,MI300X,256,16384,4194304,268435456,8192,10,2199.02,1073741824,0,0,2048,0,0,0,0,0,0,0,0,0,0,0,0,0,0,0,0,0,0,0,0,0,0,0,0,0,0,0,0,0,0,0,0,40.0447,54915.7,286.629,177.655
Test,MI300X,256,16384,4194304,268435456,8192,10,2199.02,1073741824,0,0,0,0,0,0,0,0,0,2048,0,0,0,0,0,0,0,0,0,0,0,0,0,0,0,0,0,0,0,0,0,0,0,0,0,33.2787,66079.1,113.864,70.5739
Test,MI300X,256,16384,4194304,268435456,8192,10,4398.05,1073741824,0,0,0,0,0,0,0,0,0,0,0,0,0,0,0,0,4096,0,0,0,0,0,0,0,0,0,0,0,0,0,0,0,0,0,0,60.8448,72283.2,79.149,49.057
Test,MI300X,256,16384,4194304,268435456,8192,10,2199.02,1073741824,0,0,0,0,0,0,0,0,0,0,0,0,0,0,0,0,0,0,0,0,0,0,0,2048,0,0,0,0,0,0,0,0,0,0,0,1047.62,2099.06,0.683077,0.423375
Test,MI300X,256,16384,4194304,268435456,8192,10,2199.02,1073741824,0,0,0,0,0,0,0,0,0,0,0,0,0,0,0,0,0,0,0,0,0,0,0,0,0,0,0,0,0,0,2048,0,0,0,0,230.818,9527.1,1.54214,0.95583
Test,MI300X,256,16384,4194304,134217728,8192,10,1099.51,1073741824,0,0,0,1024,0,0,0,0,0,0,0,0,0,0,0,0,0,0,0,0,0,0,0,0,0,0,0,0,0,0,0,0,0,0,0,36.4241,30187.1,147.128,91.1911
Test,MI300X,256,16384,4194304,134217728,8192,10,1099.51,1073741824,0,0,0,0,0,0,0,0,0,0,1024,0,0,0,0,0,0,0,0,0,0,0,0,0,0,0,0,0,0,0,0,0,0,0,0,80.5198,13655.5,63.1704,39.1534
Test,MI300X,256,16384,4194304,134217728,8192,10,2199.02,1073741824,0,0,0,0,0,0,0,0,0,0,0,0,0,0,0,0,0,2048,0,0,0,0,0,0,0,0,0,0,0,0,0,0,0,0,0,80.7984,27217,150.925,93.5441
Test,MI300X,256,16384,4194304,134217728,8192,10,1099.51,1073741824,0,0,0,0,0,0,0,0,0,0,0,0,0,0,0,0,0,0,0,0,0,0,0,0,1024,0,0,0,0,0,0,0,0,0,0,610.825,1800.1,9.83566,6.09621
Test,MI300X,256,16384,4194304,134217728,8192,10,1099.51,1073741824,0,0,0,0,0,0,0,0,0,0,0,0,0,0,0,0,0,0,0,0,0,0,0,0,0,0,0,0,0,0,0,1024,0,0,0,261.696,4201.49,2.38515,1.47833
Test,MI300X,256,16384,4194304,536870912,8192,10,4398.05,1073741824,0,0,0,0,4096,0,0,0,0,0,0,0,0,0,0,0,0,0,0,0,0,0,0,0,0,0,0,0,0,0,0,0,0,0,0,62.4709,70401.7,124.526,77.1822
Test,MI300X,256,16384,4194304,536870912,8192,10,4398.05,1073741824,0,0,0,0,0,0,0,0,0,0,0,4096,0,0,0,0,0,0,0,0,0,0,0,0,0,0,0,0,0,0,0,0,0,0,0,61.7512,71222.1,54.4011,33.7181
Test,MI300X,256,16384,4194304,536870912,8192,10,8796.09,1073741824,0,0,0,0,0,0,0,0,0,0,0,0,0,0,0,0,0,0,8192,0,0,0,0,0,0,0,0,0,0,0,0,0,0,0,0,223.484,39358.9,2.63647,1.6341
Test,MI300X,256,16384,4194304,536870912,8192,10,4398.05,1073741824,0,0,0,0,0,0,0,0,0,0,0,0,0,0,0,0,0,0,0,0,0,0,0,0,0,4096,0,0,0,0,0,0,0,0,0,1005.89,4372.31,0.347045,0.2151
Test,MI300X,256,16384,4194304,536870912,8192,10,4398.05,1073741824,0,0,0,0,0,0,0,0,0,0,0,0,0,0,0,0,0,0,0,0,0,0,0,0,0,0,0,0,0,0,0,0,4096,0,0,560.472,7847.04,0.693264,0.42969
Test,MI300X,256,16384,4194304,268435456,8192,10,2199.02,1073741824,0,0,0,0,0,2048,0,0,0,0,0,0,0,0,0,0,0,0,0,0,0,0,0,0,0,0,0,0,0,0,0,0,0,0,0,35.4488,62035.7,343.908,213.156
Test,MI300X,256,16384,4194304,268435456,8192,10,2199.02,1073741824,0,0,0,0,0,0,0,0,0,0,0,0,2048,0,0,0,0,0,0,0,0,0,0,0,0,0,0,0,0,0,0,0,0,0,0,32.5333,67593.6,214.938,133.22
Test,MI300X,256,16384,4194304,268435456,8192,10,4398.05,1073741824,0,0,0,0,0,0,0,0,0,0,0,0,0,0,0,0,0,0,0,4096,0,0,0,0,0,0,0,0,0,0,0,0,0,0,0,35.4068,124215,192.55,119.343
Test,MI300X,256,16384,4194304,268435456,8192,10,2199.02,1073741824,0,0,0,0,0,0,0,0,0,0,0,0,0,0,0,0,0,0,0,0,0,0,0,0,0,0,2048,0,0,0,0,0,0,0,0,657.723,3343.39,1.39049,0.861836
Test,MI300X,256,16384,4194304,268435456,8192,10,2199.02,1073741824,0,0,0,0,0,0,0,0,0,0,0,0,0,0,0,0,0,0,0,0,0,0,0,0,0,0,0,0,0,0,0,0,0,2048,0,197.901,11111.7,4.93378,3.05799
Test,MI300X,256,16384,4194304,134217728,8192,10,1099.51,1073741824,0,0,0,0,0,0,1024,0,0,0,0,0,0,0,0,0,0,0,0,0,0,0,0,0,0,0,0,0,0,0,0,0,0,0,0,21.8197,50395.3,473.231,293.312
Test,MI300X,256,16384,4194304,134217728,8192,10,1099.51,1073741824,0,0,0,0,0,0,0,0,0,0,0,0,0,1024,0,0,0,0,0,0,0,0,0,0,0,0,0,0,0,0,0,0,0,0,0,18.5327,59331.5,446.434,276.703
Test,MI300X,256,16384,4194304,134217728,8192,10,2199.02,1073741824,0,0,0,0,0,0,0,0,0,0,0,0,0,0,0,0,0,0,0,0,2048,0,0,0,0,0,0,0,0,0,0,0,0,0,0,31.2339,70405.4,157.889,97.8607
Test,MI300X,256,16384,4194304,134217728,8192,10,1099.51,1073741824,0,0,0,0,0,0,0,0,0,0,0,0,0,0,0,0,0,0,0,0,0,0,0,0,0,0,0,1024,0,0,0,0,0,0,0,439.245,2503.22,9.34089,5.78954
Test,MI300X,256,16384,4194304,134217728,8192,10,1099.51,1073741824,0,0,0,0,0,0,0,0,0,0,0,0,0,0,0,0,0,0,0,0,0,0,0,0,0,0,0,0,0,0,0,0,0,0,1024,99.0259,11103.3,8.51636,5.27849
Test,MI300X,256,16384,4194304,1073741824,16384,10,17592.2,1073741824,16384,0,0,0,0,0,0,0,0,0,0,0,0,0,0,0,0,0,0,0,0,0,0,0,0,0,0,0,0,0,0,0,0,0,0,248.986,70656.6,289.07,179.167
Test,MI300X,256,16384,4194304,1073741824,16384,10,17592.2,1073741824,0,0,0,0,0,0,0,16384,0,0,0,0,0,0,0,0,0,0,0,0,0,0,0,0,0,0,0,0,0,0,0,0,0,0,0,248.385,70827.4,278.259,172.467
Test,MI300X,256,16384,4194304,1073741824,16384,10,35184.4,1073741824,0,0,0,0,0,0,0,0,0,0,0,0,0,0,32768,0,0,0,0,0,0,0,0,0,0,0,0,0,0,0,0,0,0,0,0,445.763,78930.6,22.8143,14.1405
Test,MI300X,256,16384,4194304,1073741824,16384,10,17592.2,1073741824,0,0,0,0,0,0,0,0,0,0,0,0,0,0,0,0,0,0,0,0,0,16384,0,0,0,0,0,0,0,0,0,0,0,0,0,4004.67,4392.92,1.75002,1.08467
Test,MI300X,256,16384,4194304,1073741824,16384,10,17592.2,1073741824,0,0,0,0,0,0,0,0,0,0,0,0,0,0,0,0,0,0,0,0,0,0,0,0,0,0,0,0,16384,0,0,0,0,0,0,1848.56,9516.68,1.1132,0.689971
Test,MI300X,256,16384,4194304,536870912,16384,10,8796.09,1073741824,0,8192,0,0,0,0,0,0,0,0,0,0,0,0,0,0,0,0,0,0,0,0,0,0,0,0,0,0,0,0,0,0,0,0,0,127.602,68935.8,390.714,242.167
Test,MI300X,256,16384,4194304,536870912,16384,10,8796.09,1073741824,0,0,0,0,0,0,0,0,8192,0,0,0,0,0,0,0,0,0,0,0,0,0,0,0,0,0,0,0,0,0,0,0,0,0,0,126.072,69770.6,69.0484,42.7966
Test,MI300X,256,16384,4194304,536870912,16384,10,17592.2,1073741824,0,0,0,0,0,0,0,0,0,0,0,0,0,0,0,16384,0,0,0,0,0,0,0,0,0,0,0,0,0,0,0,0,0,0,0,223.097,78854.6,5.5048,3.41191
Test,MI300X,256,16384,4194304,536870912,16384,10,8796.09,1073741824,0,0,0,0,0,0,0,0,0,0,0,0,0,0,0,0,0,0,0,0,0,0,8192,0,0,0,0,0,0,0,0,0,0,0,0,2077.66,4233.65,1.41272,0.87561
Test,MI300X,256,16384,4194304,536870912,16384,10,8796.09,1073741824,0,0,0,0,0,0,0,0,0,0,0,0,0,0,0,0,0,0,0,0,0,0,0,0,0,0,0,0,0,8192,0,0,0,0,0,925.536,9503.79,1.82731,1.13258
Test,MI300X,256,16384,4194304,268435456,16384,10,4398.05,1073741824,0,0,4096,0,0,0,0,0,0,0,0,0,0,0,0,0,0,0,0,0,0,0,0,0,0,0,0,0,0,0,0,0,0,0,0,71.4395,61567.7,524.824,325.289
Test,MI300X,256,16384,4194304,268435456,16384,10,4398.05,1073741824,0,0,0,0,0,0,0,0,0,4096,0,0,0,0,0,0,0,0,0,0,0,0,0,0,0,0,0,0,0,0,0,0,0,0,0,66.2499,66385.8,65.2966,40.4712
Test,MI300X,256,16384,4194304,268435456,16384,10,8796.09,1073741824,0,0,0,0,0,0,0,0,0,0,0,0,0,0,0,0,8192,0,0,0,0,0,0,0,0,0,0,0,0,0,0,0,0,0,0,121.687,72284.8,33.4403,20.7265
Test,MI300X,256,16384,4194304,268435456,16384,10,4398.05,1073741824,0,0,0,0,0,0,0,0,0,0,0,0,0,0,0,0,0,0,0,0,0,0,0,4096,0,0,0,0,0,0,0,0,0,0,0,2095.46,2098.85,0.714213,0.442674
Test,MI300X,256,16384,4194304,268435456,16384,10,4398.05,1073741824,0,0,0,0,0,0,0,0,0,0,0,0,0,0,0,0,0,0,0,0,0,0,0,0,0,0,0,0,0,0,4096,0,0,0,0,461.753,9524.68,1.06881,0.662458
Test,MI300X,256,16384,4194304,134217728,16384,10,2199.02,1073741824,0,0,0,2048,0,0,0,0,0,0,0,0,0,0,0,0,0,0,0,0,0,0,0,0,0,0,0,0,0,0,0,0,0,0,0,71.2149,30879.7,173.271,107.395
Test,MI300X,256,16384,4194304,134217728,16384,10,2199.02,1073741824,0,0,0,0,0,0,0,0,0,0,2048,0,0,0,0,0,0,0,0,0,0,0,0,0,0,0,0,0,0,0,0,0,0,0,0,160.783,13677.1,47.6018,29.5039
Test,MI300X,256,16384,4194304,134217728,16384,10,4398.05,1073741824,0,0,0,0,0,0,0,0,0,0,0,0,0,0,0,0,0,4096,0,0,0,0,0,0,0,0,0,0,0,0,0,0,0,0,0,161.789,27184.6,142.376,88.2458
Test,MI300X,256,16384,4194304,134217728,16384,10,2199.02,1073741824,0,0,0,0,0,0,0,0,0,0,0,0,0,0,0,0,0,0,0,0,0,0,0,0,2048,0,0,0,0,0,0,0,0,0,0,1205.55,1824.14,10.4341,6.4671
Test,MI300X,256,16384,4194304,134217728,16384,10,2199.02,1073741824,0,0,0,0,0,0,0,0,0,0,0,0,0,0,0,0,0,0,0,0,0,0,0,0,0,0,0,0,0,0,0,2048,0,0,0,522.36,4209.79,1.12163,0.695196
Test,MI300X,256,16384,4194304,536870912,16384,10,8796.09,1073741824,0,0,0,0,8192,0,0,0,0,0,0,0,0,0,0,0,0,0,0,0,0,0,0,0,0,0,0,0,0,0,0,0,0,0,0,124.497,70653.6,181.33,112.389
Test,MI300X,256,16384,4194304,536870912,16384,10,8796.09,1073741824,0,0,0,0,0,0,0,0,0,0,0,8192,0,0,0,0,0,0,0,0,0,0,0,0,0,0,0,0,0,0,0,0,0,0,0,123.113,71447.5,52.3586,32.4522
Test,MI300X,256,16384,4194304,536870912,16384,10,17592.2,1073741824,0,0,0,0,0,0,0,0,0,0,0,0,0,0,0,0,0,0,16384,0,0,0,0,0,0,0,0,0,0,0,0,0,0,0,0,447.22,39336.7,4.01981,2.4915
Test,MI300X,256,16384,4194304,536870912,16384,10,8796.09,1073741824,0,0,0,0,0,0,0,0,0,0,0,0,0,0,0,0,0,0,0,0,0,0,0,0,0,8192,0,0,0,0,0,0,0,0,0,2013.16,4369.3,1.03586,0.64203
Test,MI300X,256,16384,4194304,536870912,16384,10,8796.09,1073741824,0,0,0,0,0,0,0,0,0,0,0,0,0,0,0,0,0,0,0,0,0,0,0,0,0,0,0,0,0,0,0,0,8192,0,0,1121.38,7844,0.875527,0.542657
Test,MI300X,256,16384,4194304,268435456,16384,10,4398.05,1073741824,0,0,0,0,0,4096,0,0,0,0,0,0,0,0,0,0,0,0,0,0,0,0,0,0,0,0,0,0,0,0,0,0,0,0,0,70.2997,62566.6,572.244,354.68
Test,MI300X,256,16384,4194304,268435456,16384,10,4398.05,1073741824,0,0,0,0,0,0,0,0,0,0,0,0,4096,0,0,0,0,0,0,0,0,0,0,0,0,0,0,0,0,0,0,0,0,0,0,64.9459,67720.4,350.452,217.212
Test,MI300X,256,16384,4194304,268435456,16384,10,8796.09,1073741824,0,0,0,0,0,0,0,0,0,0,0,0,0,0,0,0,0,0,0,8192,0,0,0,0,0,0,0,0,0,0,0,0,0,0,0,70.5188,124734,247.532,153.422
Test,MI300X,256,16384,4194304,268435456,16384,10,4398.05,1073741824,0,0,0,0,0,0,0,0,0,0,0,0,0,0,0,0,0,0,0,0,0,0,0,0,0,0,4096,0,0,0,0,0,0,0,0,1316.33,3341.14,0.846183,0.524469
Test,MI300X,256,16384,4194304,268435456,16384,10,4398.05,1073741824,0,0,0,0,0,0,0,0,0,0,0,0,0,0,0,0,0,0,0,0,0,0,0,0,0,0,0,0,0,0,0,0,0,4096,0,395.909,11108.7,3.14658,1.95027
Test,MI300X,256,16384,4194304,134217728,16384,10,2199.02,1073741824,0,0,0,0,0,0,2048,0,0,0,0,0,0,0,0,0,0,0,0,0,0,0,0,0,0,0,0,0,0,0,0,0,0,0,0,42.3413,51944,661.679,410.113
Test,MI300X,256,16384,4194304,134217728,16384,10,2199.02,1073741824,0,0,0,0,0,0,0,0,0,0,0,0,0,2048,0,0,0,0,0,0,0,0,0,0,0,0,0,0,0,0,0,0,0,0,0,36.9168,59568.5,299.283,185.497
Test,MI300X,256,16384,4194304,134217728,16384,10,4398.05,1073741824,0,0,0,0,0,0,0,0,0,0,0,0,0,0,0,0,0,0,0,0,4096,0,0,0,0,0,0,0,0,0,0,0,0,0,0,62.3822,70502,166.114,102.958
Test,MI300X,256,16384,4194304,134217728,16384,10,2199.02,1073741824,0,0,0,0,0,0,0,0,0,0,0,0,0,0,0,0,0,0,0,0,0,0,0,0,0,0,0,2048,0,0,0,0,0,0,0,875.275,2512.46,14.4069,8.9295
Test,MI300X,256,16384,4194304,134217728,16384,10,2199.02,1073741824,0,0,0,0,0,0,0,0,0,0,0,0,0,0,0,0,0,0,0,0,0,0,0,0,0,0,0,0,0,0,0,0,0,0,2048,198.02,11105.1,4.49216,2.78427
Test,MI300X,256,16384,4194304,1073741824,32768,10,35184.4,1073741824,32768,0,0,0,0,0,0,0,0,0,0,0,0,0,0,0,0,0,0,0,0,0,0,0,0,0,0,0,0,0,0,0,0,0,0,548.517,64144.6,78.0149,48.3541
Test,MI300X,256,16384,4194304,1073741824,32768,10,35184.4,1073741824,0,0,0,0,0,0,0,32768,0,0,0,0,0,0,0,0,0,0,0,0,0,0,0,0,0,0,0,0,0,0,0,0,0,0,0,495.42,71020.2,252.326,156.393
Test,MI300X,256,16384,4194304,1073741824,32768,10,70368.7,1073741824,0,0,0,0,0,0,0,0,0,0,0,0,0,0,65536,0,0,0,0,0,0,0,0,0,0,0,0,0,0,0,0,0,0,0,0,894.884,78634.5,11.6015,7.19066
Test,MI300X,256,16384,4194304,1073741824,32768,10,35184.4,1073741824,0,0,0,0,0,0,0,0,0,0,0,0,0,0,0,0,0,0,0,0,0,32768,0,0,0,0,0,0,0,0,0,0,0,0,0,8014.22,4390.25,1.12636,0.698128
Test,MI300X,256,16384,4194304,1073741824,32768,10,35184.4,1073741824,0,0,0,0,0,0,0,0,0,0,0,0,0,0,0,0,0,0,0,0,0,0,0,0,0,0,0,0,32768,0,0,0,0,0,0,3698.81,9512.35,1.83189,1.13541
Test,MI300X,256,16384,4194304,536870912,32768,10,17592.2,1073741824,0,16384,0,0,0,0,0,0,0,0,0,0,0,0,0,0,0,0,0,0,0,0,0,0,0,0,0,0,0,0,0,0,0,0,0,278.153,63246.7,116.59,72.263
Test,MI300X,256,16384,4194304,536870912,32768,10,17592.2,1073741824,0,0,0,0,0,0,0,0,16384,0,0,0,0,0,0,0,0,0,0,0,0,0,0,0,0,0,0,0,0,0,0,0,0,0,0,250.809,70142.8,261.866,162.306
Test,MI300X,256,16384,4194304,536870912,32768,10,35184.4,1073741824,0,0,0,0,0,0,0,0,0,0,0,0,0,0,0,32768,0,0,0,0,0,0,0,0,0,0,0,0,0,0,0,0,0,0,0,447.783,78574.7,10.557,6.54327
Test,MI300X,256,16384,4194304,536870912,32768,10,17592.2,1073741824,0,0,0,0,0,0,0,0,0,0,0,0,0,0,0,0,0,0,0,0,0,0,16384,0,0,0,0,0,0,0,0,0,0,0,0,4153.83,4235.17,0.546828,0.338928
Test,MI300X,256,16384,4194304,536870912,32768,10,17592.2,1073741824,0,0,0,0,0,0,0,0,0,0,0,0,0,0,0,0,0,0,0,0,0,0,0,0,0,0,0,0,0,16384,0,0,0,0,0,1851.51,9501.55,1.56529,0.970176
Test,MI300X,256,16384,4194304,268435456,32768,10,8796.09,1073741824,0,0,8192,0,0,0,0,0,0,0,0,0,0,0,0,0,0,0,0,0,0,0,0,0,0,0,0,0,0,0,0,0,0,0,0,157.258,55934.3,84.2821,52.2386
Test,MI300X,256,16384,4194304,268435456,32768,10,8796.09,1073741824,0,0,0,0,0,0,0,0,0,8192,0,0,0,0,0,0,0,0,0,0,0,0,0,0,0,0,0,0,0,0,0,0,0,0,0,131.939,66668,41.659,25.8205
Test,MI300X,256,16384,4194304,268435456,32768,10,17592.2,1073741824,0,0,0,0,0,0,0,0,0,0,0,0,0,0,0,0,16384,0,0,0,0,0,0,0,0,0,0,0,0,0,0,0,0,0,0,238.566,73741.5,23.5792,14.6146
Test,MI300X,256,16384,4194304,268435456,32768,10,8796.09,1073741824,0,0,0,0,0,0,0,0,0,0,0,0,0,0,0,0,0,0,0,0,0,0,0,8192,0,0,0,0,0,0,0,0,0,0,0,4188.46,2100.08,0.433144,0.268465
Test,MI300X,256,16384,4194304,268435456,32768,10,8796.09,1073741824,0,0,0,0,0,0,0,0,0,0,0,0,0,0,0,0,0,0,0,0,0,0,0,0,0,0,0,0,0,0,8192,0,0,0,0,923.747,9522.19,0.935551,0.57986
Test,MI300X,256,16384,4194304,134217728,32768,10,4398.05,1073741824,0,0,0,4096,0,0,0,0,0,0,0,0,0,0,0,0,0,0,0,0,0,0,0,0,0,0,0,0,0,0,0,0,0,0,0,144.009,30540.4,108.193,67.0587
Test,MI300X,256,16384,4194304,134217728,32768,10,4398.05,1073741824,0,0,0,0,0,0,0,0,0,0,4096,0,0,0,0,0,0,0,0,0,0,0,0,0,0,0,0,0,0,0,0,0,0,0,0,319.701,13757.2,81.0083,50.2094
Test,MI300X,256,16384,4194304,134217728,32768,10,8796.09,1073741824,0,0,0,0,0,0,0,0,0,0,0,0,0,0,0,0,0,8192,0,0,0,0,0,0,0,0,0,0,0,0,0,0,0,0,0,458.466,19185.9,9.16897,5.68299
Test,MI300X,256,16384,4194304,134217728,32768,10,4398.05,1073741824,0,0,0,0,0,0,0,0,0,0,0,0,0,0,0,0,0,0,0,0,0,0,0,0,4096,0,0,0,0,0,0,0,0,0,0,2397.3,1834.6,6.64321,4.11751
Test,MI300X,256,16384,4194304,134217728,32768,10,4398.05,1073741824,0,0,0,0,0,0,0,0,0,0,0,0,0,0,0,0,0,0,0,0,0,0,0,0,0,0,0,0,0,0,0,4096,0,0,0,1043.47,4214.85,0.654111,0.405422
Test,MI300X,256,16384,4194304,536870912,32768,10,17592.2,1073741824,0,0,0,0,16384,0,0,0,0,0,0,0,0,0,0,0,0,0,0,0,0,0,0,0,0,0,0,0,0,0,0,0,0,0,0,247.989,70939.9,156.122,96.7652
Test,MI300X,256,16384,4194304,536870912,32768,10,17592.2,1073741824,0,0,0,0,0,0,0,0,0,0,0,16384,0,0,0,0,0,0,0,0,0,0,0,0,0,0,0,0,0,0,0,0,0,0,0,245.194,71748,47.9293,29.7069
Test,MI300X,256,16384,4194304,536870912,32768,10,35184.4,1073741824,0,0,0,0,0,0,0,0,0,0,0,0,0,0,0,0,0,0,32768,0,0,0,0,0,0,0,0,0,0,0,0,0,0,0,0,894.336,39341.3,1.80413,1.11821
Test,MI300X,256,16384,4194304,536870912,32768,10,17592.2,1073741824,0,0,0,0,0,0,0,0,0,0,0,0,0,0,0,0,0,0,0,0,0,0,0,0,0,16384,0,0,0,0,0,0,0,0,0,4025.23,4370.48,0.444163,0.275295
Test,MI300X,256,16384,4194304,536870912,32768,10,17592.2,1073741824,0,0,0,0,0,0,0,0,0,0,0,0,0,0,0,0,0,0,0,0,0,0,0,0,0,0,0,0,0,0,0,0,16384,0,0,2242.64,7844.42,0.764945,0.474118
Test,MI300X,256,16384,4194304,268435456,32768,10,8796.09,1073741824,0,0,0,0,0,8192,0,0,0,0,0,0,0,0,0,0,0,0,0,0,0,0,0,0,0,0,0,0,0,0,0,0,0,0,0,140.974,62401.4,629.317,390.055
Test,MI300X,256,16384,4194304,268435456,32768,10,8796.09,1073741824,0,0,0,0,0,0,0,0,0,0,0,0,8192,0,0,0,0,0,0,0,0,0,0,0,0,0,0,0,0,0,0,0,0,0,0,129.343,68008.1,377.471,233.959
Test,MI300X,256,16384,4194304,268435456,32768,10,17592.2,1073741824,0,0,0,0,0,0,0,0,0,0,0,0,0,0,0,0,0,0,0,16384,0,0,0,0,0,0,0,0,0,0,0,0,0,0,0,140.277,125411,154.486,95.7516
Test,MI300X,256,16384,4194304,268435456,32768,10,8796.09,1073741824,0,0,0,0,0,0,0,0,0,0,0,0,0,0,0,0,0,0,0,0,0,0,0,0,0,0,8192,0,0,0,0,0,0,0,0,2632.41,3341.46,1.09937,0.681398
Test,MI300X,256,16384,4194304,268435456,32768,10,8796.09,1073741824,0,0,0,0,0,0,0,0,0,0,0,0,0,0,0,0,0,0,0,0,0,0,0,0,0,0,0,0,0,0,0,0,0,8192,0,791.935,11107.1,2.21323,1.37177
Test,MI300X,256,16384,4194304,134217728,32768,10,4398.05,1073741824,0,0,0,0,0,0,4096,0,0,0,0,0,0,0,0,0,0,0,0,0,0,0,0,0,0,0,0,0,0,0,0,0,0,0,0,82.3783,53388.7,125.134,77.5592
Test,MI300X,256,16384,4194304,134217728,32768,10,4398.05,1073741824,0,0,0,0,0,0,0,0,0,0,0,0,0,4096,0,0,0,0,0,0,0,0,0,0,0,0,0,0,0,0,0,0,0,0,0,72.1684,60941.8,142.691,88.4409
Test,MI300X,256,16384,4194304,134217728,32768,10,8796.09,1073741824,0,0,0,0,0,0,0,0,0,0,0,0,0,0,0,0,0,0,0,0,8192,0,0,0,0,0,0,0,0,0,0,0,0,0,0,118.549,74198.2,63.8199,39.556
Test,MI300X,256,16384,4194304,134217728,32768,10,4398.05,1073741824,0,0,0,0,0,0,0,0,0,0,0,0,0,0,0,0,0,0,0,0,0,0,0,0,0,0,0,4096,0,0,0,0,0,0,0,1761.05,2497.44,8.68921,5.38563
Test,MI300X,256,16384,4194304,134217728,32768,10,4398.05,1073741824,0,0,0,0,0,0,0,0,0,0,0,0,0,0,0,0,0,0,0,0,0,0,0,0,0,0,0,0,0,0,0,0,0,0,4096,395.879,11109.6,2.47405,1.53343
Test,H100,256,16384,4194304,1073741824,2,10,2.14748,1073741824,2,0,0,0,0,0,0,0,0,0,0,0,0,0,0,0,0,0,0,0,0,0,0,0,0,0,0,0,0,0,0,0,0,0,0,2.08046,1032.22,1.36351,0.845112
Test,H100,256,16384,4194304,536870912,2,10,1.07374,1073741824,0,1,0,0,0,0,0,0,0,0,0,0,0,0,0,0,0,0,0,0,0,0,0,0,0,0,0,0,0,0,0,0,0,0,0,1.44147,744.896,0.499985,0.309894
Test,H100,256,16384,4194304,268435456,2,10,0.536871,1073741824,0,0,0.5,0,0,0,0,0,0,0,0,0,0,0,0,0,0,0,0,0,0,0,0,0,0,0,0,0,0,0,0,0,0,0,0,0.859104,624.92,0.703556,0.436068
Test,H100,256,16384,4194304,134217728,2,10,0.268435,1073741824,0,0,0,0.25,0,0,0,0,0,0,0,0,0,0,0,0,0,0,0,0,0,0,0,0,0,0,0,0,0,0,0,0,0,0,0,0.740176,362.665,0.298941,0.185286
Test,H100,256,16384,4194304,536870912,2,10,1.07374,1073741824,0,0,0,0,1,0,0,0,0,0,0,0,0,0,0,0,0,0,0,0,0,0,0,0,0,0,0,0,0,0,0,0,0,0,0,0.839354,1279.25,1.02707,0.636587
Test,H100,256,16384,4194304,268435456,2,10,0.536871,1073741824,0,0,0,0,0,0.5,0,0,0,0,0,0,0,0,0,0,0,0,0,0,0,0,0,0,0,0,0,0,0,0,0,0,0,0,0,0.37392,1435.8,3.77292,2.33848
Test,H100,256,16384,4194304,134217728,2,10,0.268435,1073741824,0,0,0,0,0,0,0.25,0,0,0,0,0,0,0,0,0,0,0,0,0,0,0,0,0,0,0,0,0,0,0,0,0,0,0,0,0.373488,718.728,1.35234,0.838188
Test,H100,256,16384,4194304,1073741824,2,10,2.14748,1073741824,0,0,0,0,0,0,0,2,0,0,0,0,0,0,0,0,0,0,0,0,0,0,0,0,0,0,0,0,0,0,0,0,0,0,0,2.10188,1021.7,0.537054,0.33287
Test,H100,256,16384,4194304,536870912,2,10,1.07374,1073741824,0,0,0,0,0,0,0,0,1,0,0,0,0,0,0,0,0,0,0,0,0,0,0,0,0,0,0,0,0,0,0,0,0,0,0,1.47609,727.423,0.861709,0.534093
Test,H100,256,16384,4194304,268435456,2,10,0.536871,1073741824,0,0,0,0,0,0,0,0,0,0.5,0,0,0,0,0,0,0,0,0,0,0,0,0,0,0,0,0,0,0,0,0,0,0,0,0,0.858451,625.395,0.609034,0.377483
Test,H100,256,16384,4194304,134217728,2,10,0.268435,1073741824,0,0,0,0,0,0,0,0,0,0,0.25,0,0,0,0,0,0,0,0,0,0,0,0,0,0,0,0,0,0,0,0,0,0,0,0,0.740445,362.534,0.545566,0.338145
Test,H100,256,16384,4194304,536870912,2,10,1.07374,1073741824,0,0,0,0,0,0,0,0,0,0,0,1,0,0,0,0,0,0,0,0,0,0,0,0,0,0,0,0,0,0,0,0,0,0,0,0.83959,1278.89,1.72388,1.06847
Test,H100,256,16384,4194304,268435456,2,10,0.536871,1073741824,0,0,0,0,0,0,0,0,0,0,0,0,0.5,0,0,0,0,0,0,0,0,0,0,0,0,0,0,0,0,0,0,0,0,0,0,0.373955,1435.66,3.60321,2.23329
Test,H100,256,16384,4194304,134217728,2,10,0.268435,1073741824,0,0,0,0,0,0,0,0,0,0,0,0,0,0.25,0,0,0,0,0,0,0,0,0,0,0,0,0,0,0,0,0,0,0,0,0,0.373155,719.373,2.11219,1.30915
Test,H100,256,16384,4194304,1073741824,2,10,4.29497,1073741824,0,0,0,0,0,0,0,0,0,0,0,0,0,0,4,0,0,0,0,0,0,0,0,0,0,0,0,0,0,0,0,0,0,0,0,1.53816,2792.28,1.71572,1.06341
Test,H100,256,16384,4194304,536870912,2,10,2.14748,1073741824,0,0,0,0,0,0,0,0,0,0,0,0,0,0,0,2,0,0,0,0,0,0,0,0,0,0,0,0,0,0,0,0,0,0,0,0.822253,2611.71,1.68712,1.04569
Test,H100,256,16384,4194304,268435456,2,10,1.07374,1073741824,0,0,0,0,0,0,0,0,0,0,0,0,0,0,0,0,1,0,0,0,0,0,0,0,0,0,0,0,0,0,0,0,0,0,0,0.479018,2241.56,4.13991,2.56594
Test,H100,256,16384,4194304,134217728,2,10,0.536871,1073741824,0,0,0,0,0,0,0,0,0,0,0,0,0,0,0,0,0,0.5,0,0,0,0,0,0,0,0,0,0,0,0,0,0,0,0,0,0.374195,1434.74,3.32792,2.06267
Test,H100,256,16384,4194304,536870912,2,10,2.14748,1073741824,0,0,0,0,0,0,0,0,0,0,0,0,0,0,0,0,0,0,2,0,0,0,0,0,0,0,0,0,0,0,0,0,0,0,0,0.872493,2461.32,2.31887,1.43725
Test,H100,256,16384,4194304,268435456,2,10,1.07374,1073741824,0,0,0,0,0,0,0,0,0,0,0,0,0,0,0,0,0,0,0,1,0,0,0,0,0,0,0,0,0,0,0,0,0,0,0,0.373898,2871.76,5.21815,3.23424
Test,H100,256,16384,4194304,134217728,2,10,0.536871,1073741824,0,0,0,0,0,0,0,0,0,0,0,0,0,0,0,0,0,0,0,0,0.5,0,0,0,0,0,0,0,0,0,0,0,0,0,0,0.373411,1437.75,2.70759,1.67818
Test,H100,256,16384,4194304,1073741824,2,10,2.14748,1073741824,0,0,0,0,0,0,0,0,0,0,0,0,0,0,0,0,0,0,0,0,0,2,0,0,0,0,0,0,0,0,0,0,0,0,0,2.42079,887.099,0.368346,0.228303
Test,H100,256,16384,4194304,536870912,2,10,1.07374,1073741824,0,0,0,0,0,0,0,0,0,0,0,0,0,0,0,0,0,0,0,0,0,0,1,0,0,0,0,0,0,0,0,0,0,0,0,1.27917,839.403,0.516395,0.320065
Test,H100,256,16384,4194304,268435456,2,10,0.536871,1073741824,0,0,0,0,0,0,0,0,0,0,0,0,0,0,0,0,0,0,0,0,0,0,0,0.5,0,0,0,0,0,0,0,0,0,0,0,0.598336,897.274,0.982201,0.608774
Test,H100,256,16384,4194304,134217728,2,10,0.268435,1073741824,0,0,0,0,0,0,0,0,0,0,0,0,0,0,0,0,0,0,0,0,0,0,0,0,0.25,0,0,0,0,0,0,0,0,0,0,0.420022,639.104,1.90651,1.18167
Test,H100,256,16384,4194304,536870912,2,10,1.07374,1073741824,0,0,0,0,0,0,0,0,0,0,0,0,0,0,0,0,0,0,0,0,0,0,0,0,0,1,0,0,0,0,0,0,0,0,0,1.01833,1054.42,1.02898,0.637768
Test,H100,256,16384,4194304,268435456,2,10,0.536871,1073741824,0,0,0,0,0,0,0,0,0,0,0,0,0,0,0,0,0,0,0,0,0,0,0,0,0,0,0.5,0,0,0,0,0,0,0,0,0.743184,722.394,0.669596,0.41502
Test,H100,256,16384,4194304,134217728,2,10,0.268435,1073741824,0,0,0,0,0,0,0,0,0,0,0,0,0,0,0,0,0,0,0,0,0,0,0,0,0,0,0,0.25,0,0,0,0,0,0,0,0.782099,343.225,0.333216,0.206529
Test,H100,256,16384,4194304,1073741824,2,10,2.14748,1073741824,0,0,0,0,0,0,0,0,0,0,0,0,0,0,0,0,0,0,0,0,0,0,0,0,0,0,0,0,2,0,0,0,0,0,0,2.33862,918.272,1.54379,0.956851
Test,H100,256,16384,4194304,536870912,2,10,1.07374,1073741824,0,0,0,0,0,0,0,0,0,0,0,0,0,0,0,0,0,0,0,0,0,0,0,0,0,0,0,0,0,1,0,0,0,0,0,1.59649,672.564,0.997857,0.618478
Test,H100,256,16384,4194304,268435456,2,10,0.536871,1073741824,0,0,0,0,0,0,0,0,0,0,0,0,0,0,0,0,0,0,0,0,0,0,0,0,0,0,0,0,0,0,0.5,0,0,0,0,0.867917,618.575,0.762672,0.472709
Test,H100,256,16384,4194304,134217728,2,10,0.268435,1073741824,0,0,0,0,0,0,0,0,0,0,0,0,0,0,0,0,0,0,0,0,0,0,0,0,0,0,0,0,0,0,0,0.25,0,0,0,0.740595,362.461,0.71389,0.442474
Test,H100,256,16384,4194304,536870912,2,10,1.07374,1073741824,0,0,0,0,0,0,0,0,0,0,0,0,0,0,0,0,0,0,0,0,0,0,0,0,0,0,0,0,0,0,0,0,1,0,0,1.51358,709.412,1.90365,1.1799
Test,H100,256,16384,4194304,268435456,2,10,0.536871,1073741824,0,0,0,0,0,0,0,0,0,0,0,0,0,0,0,0,0,0,0,0,0,0,0,0,0,0,0,0,0,0,0,0,0,0.5,0,0.864794,620.814,1.84369,1.14273
Test,H100,256,16384,4194304,134217728,2,10,0.268435,1073741824,0,0,0,0,0,0,0,0,0,0,0,0,0,0,0,0,0,0,0,0,0,0,0,0,0,0,0,0,0,0,0,0,0,0,0.25,0.74137,362.085,1.34216,0.831877
Test,H100,256,16384,4194304,1073741824,4,10,4.29497,1073741824,4,0,0,0,0,0,0,0,0,0,0,0,0,0,0,0,0,0,0,0,0,0,0,0,0,0,0,0,0,0,0,0,0,0,0,2.1178,2028.03,1.42149,0.881047
Test,H100,256,16384,4194304,536870912,4,10,2.14748,1073741824,0,2,0,0,0,0,0,0,0,0,0,0,0,0,0,0,0,0,0,0,0,0,0,0,0,0,0,0,0,0,0,0,0,0,0,1.47983,1451.17,1.61642,1.00187
Test,H100,256,16384,4194304,268435456,4,10,1.07374,1073741824,0,0,1,0,0,0,0,0,0,0,0,0,0,0,0,0,0,0,0,0,0,0,0,0,0,0,0,0,0,0,0,0,0,0,0,0.860531,1247.77,1.02307,0.634107
Test,H100,256,16384,4194304,134217728,4,10,0.536871,1073741824,0,0,0,0.5,0,0,0,0,0,0,0,0,0,0,0,0,0,0,0,0,0,0,0,0,0,0,0,0,0,0,0,0,0,0,0,0.740758,724.761,1.44095,0.893108
Test,H100,256,16384,4194304,536870912,4,10,2.14748,1073741824,0,0,0,0,2,0,0,0,0,0,0,0,0,0,0,0,0,0,0,0,0,0,0,0,0,0,0,0,0,0,0,0,0,0,0,0.872182,2462.2,2.08384,1.29158
Test,H100,256,16384,4194304,268435456,4,10,1.07374,1073741824,0,0,0,0,0,1,0,0,0,0,0,0,0,0,0,0,0,0,0,0,0,0,0,0,0,0,0,0,0,0,0,0,0,0,0,0.373946,2871.4,7.22514,4.47819
Test,H100,256,16384,4194304,134217728,4,10,0.536871,1073741824,0,0,0,0,0,0,0.5,0,0,0,0,0,0,0,0,0,0,0,0,0,0,0,0,0,0,0,0,0,0,0,0,0,0,0,0,0.373846,1436.08,2.8809,1.7856
Test,H100,256,16384,4194304,1073741824,4,10,4.29497,1073741824,0,0,0,0,0,0,0,4,0,0,0,0,0,0,0,0,0,0,0,0,0,0,0,0,0,0,0,0,0,0,0,0,0,0,0,2.17553,1974.22,1.8908,1.17193
Test,H100,256,16384,4194304,536870912,4,10,2.14748,1073741824,0,0,0,0,0,0,0,0,2,0,0,0,0,0,0,0,0,0,0,0,0,0,0,0,0,0,0,0,0,0,0,0,0,0,0,1.52579,1407.46,1.44316,0.89448
Test,H100,256,16384,4194304,268435456,4,10,1.07374,1073741824,0,0,0,0,0,0,0,0,0,1,0,0,0,0,0,0,0,0,0,0,0,0,0,0,0,0,0,0,0,0,0,0,0,0,0,0.860771,1247.42,1.57398,0.975564
Test,H100,256,16384,4194304,134217728,4,10,0.536871,1073741824,0,0,0,0,0,0,0,0,0,0,0.5,0,0,0,0,0,0,0,0,0,0,0,0,0,0,0,0,0,0,0,0,0,0,0,0,0.741002,724.523,1.38549,0.858735
Test,H100,256,16384,4194304,536870912,4,10,2.14748,1073741824,0,0,0,0,0,0,0,0,0,0,0,2,0,0,0,0,0,0,0,0,0,0,0,0,0,0,0,0,0,0,0,0,0,0,0,0.872675,2460.81,3.21578,1.99316
Test,H100,256,16384,4194304,268435456,4,10,1.07374,1073741824,0,0,0,0,0,0,0,0,0,0,0,0,1,0,0,0,0,0,0,0,0,0,0,0,0,0,0,0,0,0,0,0,0,0,0,0.373715,2873.16,2.92139,1.8107
Test,H100,256,16384,4194304,134217728,4,10,0.536871,1073741824,0,0,0,0,0,0,0,0,0,0,0,0,0,0.5,0,0,0,0,0,0,0,0,0,0,0,0,0,0,0,0,0,0,0,0,0,0.374019,1435.42,3.26457,2.0234
Test,H100,256,16384,4194304,1073741824,4,10,8.58993,1073741824,0,0,0,0,0,0,0,0,0,0,0,0,0,0,8,0,0,0,0,0,0,0,0,0,0,0,0,0,0,0,0,0,0,0,0,1.58929,5404.88,3.41843,2.11876
Test,H100,256,16384,4194304,536870912,4,10,4.29497,1073741824,0,0,0,0,0,0,0,0,0,0,0,0,0,0,0,4,0,0,0,0,0,0,0,0,0,0,0,0,0,0,0,0,0,0,0,0.843226,5093.5,4.73527,2.93495
Test,H100,256,16384,4194304,268435456,4,10,2.14748,1073741824,0,0,0,0,0,0,0,0,0,0,0,0,0,0,0,0,2,0,0,0,0,0,0,0,0,0,0,0,0,0,0,0,0,0,0,0.479754,4476.24,8.94359,5.54329
Test,H100,256,16384,4194304,134217728,4,10,1.07374,1073741824,0,0,0,0,0,0,0,0,0,0,0,0,0,0,0,0,0,1,0,0,0,0,0,0,0,0,0,0,0,0,0,0,0,0,0,0.376179,2854.35,5.3569,3.32024
Test,H100,256,16384,4194304,536870912,4,10,4.29497,1073741824,0,0,0,0,0,0,0,0,0,0,0,0,0,0,0,0,0,0,4,0,0,0,0,0,0,0,0,0,0,0,0,0,0,0,0,0.94599,4540.18,4.12521,2.55683
Test,H100,256,16384,4194304,268435456,4,10,2.14748,1073741824,0,0,0,0,0,0,0,0,0,0,0,0,0,0,0,0,0,0,0,2,0,0,0,0,0,0,0,0,0,0,0,0,0,0,0,0.373955,5742.67,16.283,10.0923
Test,H100,256,16384,4194304,134217728,4,10,1.07374,1073741824,0,0,0,0,0,0,0,0,0,0,0,0,0,0,0,0,0,0,0,0,1,0,0,0,0,0,0,0,0,0,0,0,0,0,0,0.37384,2872.21,6.94845,4.3067
Test,H100,256,16384,4194304,1073741824,4,10,4.29497,1073741824,0,0,0,0,0,0,0,0,0,0,0,0,0,0,0,0,0,0,0,0,0,4,0,0,0,0,0,0,0,0,0,0,0,0,0,4.45166,964.801,0.313009,0.194005
Test,H100,256,16384,4194304,536870912,4,10,2.14748,1073741824,0,0,0,0,0,0,0,0,0,0,0,0,0,0,0,0,0,0,0,0,0,0,2,0,0,0,0,0,0,0,0,0,0,0,0,2.25218,953.512,0.192977,0.119608
Test,H100,256,16384,4194304,268435456,4,10,1.07374,1073741824,0,0,0,0,0,0,0,0,0,0,0,0,0,0,0,0,0,0,0,0,0,0,0,1,0,0,0,0,0,0,0,0,0,0,0,0.95833,1120.43,0.840143,0.520726
Test,H100,256,16384,4194304,134217728,4,10,0.536871,1073741824,0,0,0,0,0,0,0,0,0,0,0,0,0,0,0,0,0,0,0,0,0,0,0,0,0.5,0,0,0,0,0,0,0,0,0,0,0.588346,912.512,1.51815,0.940956
Test,H100,256,16384,4194304,536870912,4,10,2.14748,1073741824,0,0,0,0,0,0,0,0,0,0,0,0,0,0,0,0,0,0,0,0,0,0,0,0,0,2,0,0,0,0,0,0,0,0,0,1.40105,1532.77,0.768412,0.476267
Test,H100,256,16384,4194304,268435456,4,10,1.07374,1073741824,0,0,0,0,0,0,0,0,0,0,0,0,0,0,0,0,0,0,0,0,0,0,0,0,0,0,1,0,0,0,0,0,0,0,0,1.26016,852.066,0.507533,0.314572
Test,H100,256,16384,4194304,134217728,4,10,0.536871,1073741824,0,0,0,0,0,0,0,0,0,0,0,0,0,0,0,0,0,0,0,0,0,0,0,0,0,0,0,0.5,0,0,0,0,0,0,0,1.50955,355.65,0.314287,0.194797
Test,H100,256,16384,4194304,1073741824,4,10,4.29497,1073741824,0,0,0,0,0,0,0,0,0,0,0,0,0,0,0,0,0,0,0,0,0,0,0,0,0,0,0,0,4,0,0,0,0,0,0,2.66228,1613.27,1.84854,1.14574
Test,H100,256,16384,4194304,536870912,4,10,2.14748,1073741824,0,0,0,0,0,0,0,0,0,0,0,0,0,0,0,0,0,0,0,0,0,0,0,0,0,0,0,0,0,2,0,0,0,0,0,1.72586,1244.3,1.78633,1.10718
Test,H100,256,16384,4194304,268435456,4,10,1.07374,1073741824,0,0,0,0,0,0,0,0,0,0,0,0,0,0,0,0,0,0,0,0,0,0,0,0,0,0,0,0,0,0,1,0,0,0,0,0.88063,1219.29,1.22887,0.76166
Test,H100,256,16384,4194304,134217728,4,10,0.536871,1073741824,0,0,0,0,0,0,0,0,0,0,0,0,0,0,0,0,0,0,0,0,0,0,0,0,0,0,0,0,0,0,0,0.5,0,0,0,0.741338,724.195,1.36026,0.843099
Test,H100,256,16384,4194304,536870912,4,10,2.14748,1073741824,0,0,0,0,0,0,0,0,0,0,0,0,0,0,0,0,0,0,0,0,0,0,0,0,0,0,0,0,0,0,0,0,2,0,0,1.59804,1343.82,1.87426,1.16168
Test,H100,256,16384,4194304,268435456,4,10,1.07374,1073741824,0,0,0,0,0,0,0,0,0,0,0,0,0,0,0,0,0,0,0,0,0,0,0,0,0,0,0,0,0,0,0,0,0,1,0,0.87264,1230.47,4.04402,2.50651
Test,H100,256,16384,4194304,134217728,4,10,0.536871,1073741824,0,0,0,0,0,0,0,0,0,0,0,0,0,0,0,0,0,0,0,0,0,0,0,0,0,0,0,0,0,0,0,0,0,0,0.5,0.741715,723.833,2.58791,1.604
Test,H100,256,16384,4194304,1073741824,8,10,8.58993,1073741824,8,0,0,0,0,0,0,0,0,0,0,0,0,0,0,0,0,0,0,0,0,0,0,0,0,0,0,0,0,0,0,0,0,0,0,2.18187,3936.96,3.3686,2.08788
Test,H100,256,16384,4194304,536870912,8,10,4.29497,1073741824,0,4,0,0,0,0,0,0,0,0,0,0,0,0,0,0,0,0,0,0,0,0,0,0,0,0,0,0,0,0,0,0,0,0,0,1.53276,2802.12,2.21636,1.37371
Test,H100,256,16384,4194304,268435456,8,10,2.14748,1073741824,0,0,2,0,0,0,0,0,0,0,0,0,0,0,0,0,0,0,0,0,0,0,0,0,0,0,0,0,0,0,0,0,0,0,0,0.864221,2484.88,2.58555,1.60254
Test,H100,256,16384,4194304,134217728,8,10,1.07374,1073741824,0,0,0,1,0,0,0,0,0,0,0,0,0,0,0,0,0,0,0,0,0,0,0,0,0,0,0,0,0,0,0,0,0,0,0,0.740282,1450.45,2.51692,1.56
Test,H100,256,16384,4194304,536870912,8,10,4.29497,1073741824,0,0,0,0,4,0,0,0,0,0,0,0,0,0,0,0,0,0,0,0,0,0,0,0,0,0,0,0,0,0,0,0,0,0,0,0.946451,4537.97,4.12305,2.55549
Test,H100,256,16384,4194304,268435456,8,10,2.14748,1073741824,0,0,0,0,0,2,0,0,0,0,0,0,0,0,0,0,0,0,0,0,0,0,0,0,0,0,0,0,0,0,0,0,0,0,0,0.37473,5730.81,17.2961,10.7202
Test,H100,256,16384,4194304,134217728,8,10,1.07374,1073741824,0,0,0,0,0,0,1,0,0,0,0,0,0,0,0,0,0,0,0,0,0,0,0,0,0,0,0,0,0,0,0,0,0,0,0,0.37519,2861.87,5.78227,3.58389
Test,H100,256,16384,4194304,1073741824,8,10,8.58993,1073741824,0,0,0,0,0,0,0,8,0,0,0,0,0,0,0,0,0,0,0,0,0,0,0,0,0,0,0,0,0,0,0,0,0,0,0,2.29518,3742.59,2.40163,1.48855
Test,H100,256,16384,4194304,536870912,8,10,4.29497,1073741824,0,0,0,0,0,0,0,0,4,0,0,0,0,0,0,0,0,0,0,0,0,0,0,0,0,0,0,0,0,0,0,0,0,0,0,1.57956,2719.08,2.38964,1.48112
Test,H100,256,16384,4194304,268435456,8,10,2.14748,1073741824,0,0,0,0,0,0,0,0,0,2,0,0,0,0,0,0,0,0,0,0,0,0,0,0,0,0,0,0,0,0,0,0,0,0,0,0.862902,2488.68,3.12544,1.93717
Test,H100,256,16384,4194304,134217728,8,10,1.07374,1073741824,0,0,0,0,0,0,0,0,0,0,1,0,0,0,0,0,0,0,0,0,0,0,0,0,0,0,0,0,0,0,0,0,0,0,0,0.741766,1447.55,1.31008,0.811996
Test,H100,256,16384,4194304,536870912,8,10,4.29497,1073741824,0,0,0,0,0,0,0,0,0,0,0,4,0,0,0,0,0,0,0,0,0,0,0,0,0,0,0,0,0,0,0,0,0,0,0,0.943952,4549.99,4.34042,2.69022
Test,H100,256,16384,4194304,268435456,8,10,2.14748,1073741824,0,0,0,0,0,0,0,0,0,0,0,0,2,0,0,0,0,0,0,0,0,0,0,0,0,0,0,0,0,0,0,0,0,0,0,0.375056,5725.8,12.6529,7.84237
Test,H100,256,16384,4194304,134217728,8,10,1.07374,1073741824,0,0,0,0,0,0,0,0,0,0,0,0,0,1,0,0,0,0,0,0,0,0,0,0,0,0,0,0,0,0,0,0,0,0,0,0.37544,2859.98,8.24061,5.10758
Test,H100,256,16384,4194304,1073741824,8,10,17.1799,1073741824,0,0,0,0,0,0,0,0,0,0,0,0,0,0,16,0,0,0,0,0,0,0,0,0,0,0,0,0,0,0,0,0,0,0,0,1.68456,10198.5,6.62583,4.10674
Test,H100,256,16384,4194304,536870912,8,10,8.58993,1073741824,0,0,0,0,0,0,0,0,0,0,0,0,0,0,0,8,0,0,0,0,0,0,0,0,0,0,0,0,0,0,0,0,0,0,0,0.886874,9685.65,12.6915,7.86624
Test,H100,256,16384,4194304,268435456,8,10,4.29497,1073741824,0,0,0,0,0,0,0,0,0,0,0,0,0,0,0,0,4,0,0,0,0,0,0,0,0,0,0,0,0,0,0,0,0,0,0,0.487053,8818.29,10.8312,6.71327
Test,H100,256,16384,4194304,134217728,8,10,2.14748,1073741824,0,0,0,0,0,0,0,0,0,0,0,0,0,0,0,0,0,2,0,0,0,0,0,0,0,0,0,0,0,0,0,0,0,0,0,0.388339,5529.94,10.1357,6.28215
Test,H100,256,16384,4194304,536870912,8,10,8.58993,1073741824,0,0,0,0,0,0,0,0,0,0,0,0,0,0,0,0,0,0,8,0,0,0,0,0,0,0,0,0,0,0,0,0,0,0,0,1.125,7635.49,4.92748,3.05409
Test,H100,256,16384,4194304,268435456,8,10,4.29497,1073741824,0,0,0,0,0,0,0,0,0,0,0,0,0,0,0,0,0,0,0,4,0,0,0,0,0,0,0,0,0,0,0,0,0,0,0,0.374832,11458.4,21.2194,13.1519
Test,H100,256,16384,4194304,134217728,8,10,2.14748,1073741824,0,0,0,0,0,0,0,0,0,0,0,0,0,0,0,0,0,0,0,0,2,0,0,0,0,0,0,0,0,0,0,0,0,0,0,0.375354,5721.26,14.3371,8.88624
Test,H100,256,16384,4194304,1073741824,8,10,8.58993,1073741824,0,0,0,0,0,0,0,0,0,0,0,0,0,0,0,0,0,0,0,0,0,8,0,0,0,0,0,0,0,0,0,0,0,0,0,8.73371,983.538,0.226244,0.140227
Test,H100,256,16384,4194304,536870912,8,10,4.29497,1073741824,0,0,0,0,0,0,0,0,0,0,0,0,0,0,0,0,0,0,0,0,0,0,4,0,0,0,0,0,0,0,0,0,0,0,0,4.38835,978.721,0.164249,0.101802
Test,H100,256,16384,4194304,268435456,8,10,2.14748,1073741824,0,0,0,0,0,0,0,0,0,0,0,0,0,0,0,0,0,0,0,0,0,0,0,2,0,0,0,0,0,0,0,0,0,0,0,1.82894,1174.17,0.751945,0.46606
Test,H100,256,16384,4194304,134217728,8,10,1.07374,1073741824,0,0,0,0,0,0,0,0,0,0,0,0,0,0,0,0,0,0,0,0,0,0,0,0,1,0,0,0,0,0,0,0,0,0,0,1.07905,995.079,0.760771,0.471531
Test,H100,256,16384,4194304,536870912,8,10,4.29497,1073741824,0,0,0,0,0,0,0,0,0,0,0,0,0,0,0,0,0,0,0,0,0,0,0,0,0,4,0,0,0,0,0,0,0,0,0,2.50425,1715.07,0.662235,0.410457
Test,H100,256,16384,4194304,268435456,8,10,2.14748,1073741824,0,0,0,0,0,0,0,0,0,0,0,0,0,0,0,0,0,0,0,0,0,0,0,0,0,0,2,0,0,0,0,0,0,0,0,2.4677,870.237,0.432407,0.268008
Test,H100,256,16384,4194304,134217728,8,10,1.07374,1073741824,0,0,0,0,0,0,0,0,0,0,0,0,0,0,0,0,0,0,0,0,0,0,0,0,0,0,0,1,0,0,0,0,0,0,0,2.95196,363.739,0.117998,0.0731358
Test,H100,256,16384,4194304,1073741824,8,10,8.58993,1073741824,0,0,0,0,0,0,0,0,0,0,0,0,0,0,0,0,0,0,0,0,0,0,0,0,0,0,0,0,8,0,0,0,0,0,0,3.46952,2475.83,0.792746,0.491349
Test,H100,256,16384,4194304,536870912,8,10,4.29497,1073741824,0,0,0,0,0,0,0,0,0,0,0,0,0,0,0,0,0,0,0,0,0,0,0,0,0,0,0,0,0,4,0,0,0,0,0,2.11795,2027.89,0.878826,0.544702
Test,H100,256,16384,4194304,268435456,8,10,2.14748,1073741824,0,0,0,0,0,0,0,0,0,0,0,0,0,0,0,0,0,0,0,0,0,0,0,0,0,0,0,0,0,0,2,0,0,0,0,0.924595,2322.62,2.29505,1.42248
Test,H100,256,16384,4194304,134217728,8,10,1.07374,1073741824,0,0,0,0,0,0,0,0,0,0,0,0,0,0,0,0,0,0,0,0,0,0,0,0,0,0,0,0,0,0,0,1,0,0,0,0.745344,1440.6,2.46529,1.528
Test,H100,256,16384,4194304,536870912,8,10,4.29497,1073741824,0,0,0,0,0,0,0,0,0,0,0,0,0,0,0,0,0,0,0,0,0,0,0,0,0,0,0,0,0,0,0,0,4,0,0,1.68206,2553.41,5.21168,3.23023
Test,H100,256,16384,4194304,268435456,8,10,2.14748,1073741824,0,0,0,0,0,0,0,0,0,0,0,0,0,0,0,0,0,0,0,0,0,0,0,0,0,0,0,0,0,0,0,0,0,2,0,0.886394,2422.75,7.82169,4.84793
Test,H100,256,16384,4194304,134217728,8,10,1.07374,1073741824,0,0,0,0,0,0,0,0,0,0,0,0,0,0,0,0,0,0,0,0,0,0,0,0,0,0,0,0,0,0,0,0,0,0,1,0.742438,1446.26,5.82561,3.61075
Test,H100,256,16384,4194304,1073741824,16,10,17.1799,1073741824,16,0,0,0,0,0,0,0,0,0,0,0,0,0,0,0,0,0,0,0,0,0,0,0,0,0,0,0,0,0,0,0,0,0,0,2.30285,7460.26,4.19772,2.60177
Test,H100,256,16384,4194304,536870912,16,10,8.58993,1073741824,0,8,0,0,0,0,0,0,0,0,0,0,0,0,0,0,0,0,0,0,0,0,0,0,0,0,0,0,0,0,0,0,0,0,0,1.58868,5406.98,6.19046,3.83689
Test,H100,256,16384,4194304,268435456,16,10,4.29497,1073741824,0,0,4,0,0,0,0,0,0,0,0,0,0,0,0,0,0,0,0,0,0,0,0,0,0,0,0,0,0,0,0,0,0,0,0,0.871853,4926.27,9.03112,5.59755
Test,H100,256,16384,4194304,134217728,16,10,2.14748,1073741824,0,0,0,2,0,0,0,0,0,0,0,0,0,0,0,0,0,0,0,0,0,0,0,0,0,0,0,0,0,0,0,0,0,0,0,0.740986,2898.15,2.61129,1.6185
Test,H100,256,16384,4194304,536870912,16,10,8.58993,1073741824,0,0,0,0,8,0,0,0,0,0,0,0,0,0,0,0,0,0,0,0,0,0,0,0,0,0,0,0,0,0,0,0,0,0,0,1.12584,7629.78,4.31274,2.67306
Test,H100,256,16384,4194304,268435456,16,10,4.29497,1073741824,0,0,0,0,0,4,0,0,0,0,0,0,0,0,0,0,0,0,0,0,0,0,0,0,0,0,0,0,0,0,0,0,0,0,0,0.377155,11387.9,37.7699,23.41
Test,H100,256,16384,4194304,134217728,16,10,2.14748,1073741824,0,0,0,0,0,0,2,0,0,0,0,0,0,0,0,0,0,0,0,0,0,0,0,0,0,0,0,0,0,0,0,0,0,0,0,0.379402,5660.21,11.3904,7.05986
Test,H100,256,16384,4194304,1073741824,16,10,17.1799,1073741824,0,0,0,0,0,0,0,16,0,0,0,0,0,0,0,0,0,0,0,0,0,0,0,0,0,0,0,0,0,0,0,0,0,0,0,2.51277,6837.04,6.64976,4.12156
Test,H100,256,16384,4194304,536870912,16,10,8.58993,1073741824,0,0,0,0,0,0,0,0,8,0,0,0,0,0,0,0,0,0,0,0,0,0,0,0,0,0,0,0,0,0,0,0,0,0,0,1.6666,5154.19,8.0563,4.99335
Test,H100,256,16384,4194304,268435456,16,10,4.29497,1073741824,0,0,0,0,0,0,0,0,0,4,0,0,0,0,0,0,0,0,0,0,0,0,0,0,0,0,0,0,0,0,0,0,0,0,0,0.873152,4918.93,4.01713,2.48984
Test,H100,256,16384,4194304,134217728,16,10,2.14748,1073741824,0,0,0,0,0,0,0,0,0,0,2,0,0,0,0,0,0,0,0,0,0,0,0,0,0,0,0,0,0,0,0,0,0,0,0,0.752765,2852.8,2.8503,1.76664
Test,H100,256,16384,4194304,536870912,16,10,8.58993,1073741824,0,0,0,0,0,0,0,0,0,0,0,8,0,0,0,0,0,0,0,0,0,0,0,0,0,0,0,0,0,0,0,0,0,0,0,1.126,7628.74,5.50527,3.4122
Test,H100,256,16384,4194304,268435456,16,10,4.29497,1073741824,0,0,0,0,0,0,0,0,0,0,0,0,4,0,0,0,0,0,0,0,0,0,0,0,0,0,0,0,0,0,0,0,0,0,0,0.377574,11375.3,42.4918,26.3367
Test,H100,256,16384,4194304,134217728,16,10,2.14748,1073741824,0,0,0,0,0,0,0,0,0,0,0,0,0,2,0,0,0,0,0,0,0,0,0,0,0,0,0,0,0,0,0,0,0,0,0,0.379312,5661.56,13.5341,8.38855
Test,H100,256,16384,4194304,1073741824,16,10,34.3597,1073741824,0,0,0,0,0,0,0,0,0,0,0,0,0,0,32,0,0,0,0,0,0,0,0,0,0,0,0,0,0,0,0,0,0,0,0,1.85675,18505.3,9.75575,6.04668
Test,H100,256,16384,4194304,536870912,16,10,17.1799,1073741824,0,0,0,0,0,0,0,0,0,0,0,0,0,0,0,16,0,0,0,0,0,0,0,0,0,0,0,0,0,0,0,0,0,0,0,0.996237,17244.8,13.1026,8.12108
Test,H100,256,16384,4194304,268435456,16,10,8.58993,1073741824,0,0,0,0,0,0,0,0,0,0,0,0,0,0,0,0,8,0,0,0,0,0,0,0,0,0,0,0,0,0,0,0,0,0,0,0.510176,16837.2,25.2902,15.675
Test,H100,256,16384,4194304,134217728,16,10,4.29497,1073741824,0,0,0,0,0,0,0,0,0,0,0,0,0,0,0,0,0,4,0,0,0,0,0,0,0,0,0,0,0,0,0,0,0,0,0,0.566013,7588.13,12.457,7.72095
Test,H100,256,16384,4194304,536870912,16,10,17.1799,1073741824,0,0,0,0,0,0,0,0,0,0,0,0,0,0,0,0,0,0,16,0,0,0,0,0,0,0,0,0,0,0,0,0,0,0,0,1.77513,9678.09,4.45516,2.76134
Test,H100,256,16384,4194304,268435456,16,10,8.58993,1073741824,0,0,0,0,0,0,0,0,0,0,0,0,0,0,0,0,0,0,0,8,0,0,0,0,0,0,0,0,0,0,0,0,0,0,0,0.377488,22755.7,59.9475,37.1558
Test,H100,256,16384,4194304,134217728,16,10,4.29497,1073741824,0,0,0,0,0,0,0,0,0,0,0,0,0,0,0,0,0,0,0,0,4,0,0,0,0,0,0,0,0,0,0,0,0,0,0,0.379309,11323.2,26.9989,16.7341
Test,H100,256,16384,4194304,1073741824,16,10,17.1799,1073741824,0,0,0,0,0,0,0,0,0,0,0,0,0,0,0,0,0,0,0,0,0,16,0,0,0,0,0,0,0,0,0,0,0,0,0,17.3792,988.532,0.111805,0.0692972
Test,H100,256,16384,4194304,536870912,16,10,8.58993,1073741824,0,0,0,0,0,0,0,0,0,0,0,0,0,0,0,0,0,0,0,0,0,0,8,0,0,0,0,0,0,0,0,0,0,0,0,8.71003,986.212,0.0877522,0.0543894
Test,H100,256,16384,4194304,268435456,16,10,4.29497,1073741824,0,0,0,0,0,0,0,0,0,0,0,0,0,0,0,0,0,0,0,0,0,0,0,4,0,0,0,0,0,0,0,0,0,0,0,3.59139,1195.91,0.29849,0.185006
Test,H100,256,16384,4194304,134217728,16,10,2.14748,1073741824,0,0,0,0,0,0,0,0,0,0,0,0,0,0,0,0,0,0,0,0,0,0,0,0,2,0,0,0,0,0,0,0,0,0,0,2.10258,1021.36,0.491449,0.304604
Test,H100,256,16384,4194304,536870912,16,10,8.58993,1073741824,0,0,0,0,0,0,0,0,0,0,0,0,0,0,0,0,0,0,0,0,0,0,0,0,0,8,0,0,0,0,0,0,0,0,0,4.79834,1790.19,0.353747,0.219254
Test,H100,256,16384,4194304,268435456,16,10,4.29497,1073741824,0,0,0,0,0,0,0,0,0,0,0,0,0,0,0,0,0,0,0,0,0,0,0,0,0,0,4,0,0,0,0,0,0,0,0,5.13233,836.845,0.131693,0.0816241
Test,H100,256,16384,4194304,134217728,16,10,2.14748,1073741824,0,0,0,0,0,0,0,0,0,0,0,0,0,0,0,0,0,0,0,0,0,0,0,0,0,0,0,2,0,0,0,0,0,0,0,5.86823,365.951,0.0706878,0.0438128
Test,H100,256,16384,4194304,1073741824,16,10,17.1799,1073741824,0,0,0,0,0,0,0,0,0,0,0,0,0,0,0,0,0,0,0,0,0,0,0,0,0,0,0,0,16,0,0,0,0,0,0,6.36842,2697.67,0.40829,0.253061
Test,H100,256,16384,4194304,536870912,16,10,8.58993,1073741824,0,0,0,0,0,0,0,0,0,0,0,0,0,0,0,0,0,0,0,0,0,0,0,0,0,0,0,0,0,8,0,0,0,0,0,3.15731,2720.65,1.09429,0.678246
Test,H100,256,16384,4194304,268435456,16,10,4.29497,1073741824,0,0,0,0,0,0,0,0,0,0,0,0,0,0,0,0,0,0,0,0,0,0,0,0,0,0,0,0,0,0,4,0,0,0,0,1.12466,3818.91,4.36121,2.7031
Test,H100,256,16384,4194304,134217728,16,10,2.14748,1073741824,0,0,0,0,0,0,0,0,0,0,0,0,0,0,0,0,0,0,0,0,0,0,0,0,0,0,0,0,0,0,0,2,0,0,0,0.839562,2557.87,2.32999,1.44414
Test,H100,256,16384,4194304,536870912,16,10,8.58993,1073741824,0,0,0,0,0,0,0,0,0,0,0,0,0,0,0,0,0,0,0,0,0,0,0,0,0,0,0,0,0,0,0,0,8,0,0,1.87679,4576.95,9.92694,6.15278
Test,H100,256,16384,4194304,268435456,16,10,4.29497,1073741824,0,0,0,0,0,0,0,0,0,0,0,0,0,0,0,0,0,0,0,0,0,0,0,0,0,0,0,0,0,0,0,0,0,4,0,0.931498,4610.87,15.3403,9.50799
Test,H100,256,16384,4194304,134217728,16,10,2.14748,1073741824,0,0,0,0,0,0,0,0,0,0,0,0,0,0,0,0,0,0,0,0,0,0,0,0,0,0,0,0,0,0,0,0,0,0,2,0.745901,2879.13,14.857,9.20849
Test,H100,256,16384,4194304,1073741824,32,10,34.3597,1073741824,32,0,0,0,0,0,0,0,0,0,0,0,0,0,0,0,0,0,0,0,0,0,0,0,0,0,0,0,0,0,0,0,0,0,0,2.52052,13632,9.98595,6.18936
Test,H100,256,16384,4194304,536870912,32,10,17.1799,1073741824,0,16,0,0,0,0,0,0,0,0,0,0,0,0,0,0,0,0,0,0,0,0,0,0,0,0,0,0,0,0,0,0,0,0,0,1.67809,10237.8,12.6185,7.821
Test,H100,256,16384,4194304,268435456,32,10,8.58993,1073741824,0,0,8,0,0,0,0,0,0,0,0,0,0,0,0,0,0,0,0,0,0,0,0,0,0,0,0,0,0,0,0,0,0,0,0,0.890413,9647.15,12.1803,7.54945
Test,H100,256,16384,4194304,134217728,32,10,4.29497,1073741824,0,0,0,4,0,0,0,0,0,0,0,0,0,0,0,0,0,0,0,0,0,0,0,0,0,0,0,0,0,0,0,0,0,0,0,0.741728,5790.5,8.01057,4.965
Test,H100,256,16384,4194304,536870912,32,10,17.1799,1073741824,0,0,0,0,16,0,0,0,0,0,0,0,0,0,0,0,0,0,0,0,0,0,0,0,0,0,0,0,0,0,0,0,0,0,0,1.77798,9662.56,4.40553,2.73058
Test,H100,256,16384,4194304,268435456,32,10,8.58993,1073741824,0,0,0,0,0,8,0,0,0,0,0,0,0,0,0,0,0,0,0,0,0,0,0,0,0,0,0,0,0,0,0,0,0,0,0,0.390589,21992.4,49.8068,30.8706
Test,H100,256,16384,4194304,134217728,32,10,4.29497,1073741824,0,0,0,0,0,0,4,0,0,0,0,0,0,0,0,0,0,0,0,0,0,0,0,0,0,0,0,0,0,0,0,0,0,0,0,0.397386,10808.1,21.1943,13.1364
Test,H100,256,16384,4194304,1073741824,32,10,34.3597,1073741824,0,0,0,0,0,0,0,32,0,0,0,0,0,0,0,0,0,0,0,0,0,0,0,0,0,0,0,0,0,0,0,0,0,0,0,3.00502,11434.1,9.67694,5.99783
Test,H100,256,16384,4194304,536870912,32,10,17.1799,1073741824,0,0,0,0,0,0,0,0,16,0,0,0,0,0,0,0,0,0,0,0,0,0,0,0,0,0,0,0,0,0,0,0,0,0,0,1.9019,9033.02,4.73671,2.93584
Test,H100,256,16384,4194304,268435456,32,10,8.58993,1073741824,0,0,0,0,0,0,0,0,0,8,0,0,0,0,0,0,0,0,0,0,0,0,0,0,0,0,0,0,0,0,0,0,0,0,0,0.920153,9335.34,11.3627,7.04267
Test,H100,256,16384,4194304,134217728,32,10,4.29497,1073741824,0,0,0,0,0,0,0,0,0,0,4,0,0,0,0,0,0,0,0,0,0,0,0,0,0,0,0,0,0,0,0,0,0,0,0,1.13775,3774.96,2.62291,1.6257
Test,H100,256,16384,4194304,536870912,32,10,17.1799,1073741824,0,0,0,0,0,0,0,0,0,0,0,16,0,0,0,0,0,0,0,0,0,0,0,0,0,0,0,0,0,0,0,0,0,0,0,1.7783,9660.82,7.79708,4.83268
Test,H100,256,16384,4194304,268435456,32,10,8.58993,1073741824,0,0,0,0,0,0,0,0,0,0,0,0,8,0,0,0,0,0,0,0,0,0,0,0,0,0,0,0,0,0,0,0,0,0,0,0.390899,21974.9,42.7518,26.4978
Test,H100,256,16384,4194304,134217728,32,10,4.29497,1073741824,0,0,0,0,0,0,0,0,0,0,0,0,0,4,0,0,0,0,0,0,0,0,0,0,0,0,0,0,0,0,0,0,0,0,0,0.397021,10818,17.8007,11.033
Test,H100,256,16384,4194304,1073741824,32,10,68.7195,1073741824,0,0,0,0,0,0,0,0,0,0,0,0,0,0,64,0,0,0,0,0,0,0,0,0,0,0,0,0,0,0,0,0,0,0,0,2.47005,27821.1,10.0278,6.21528
Test,H100,256,16384,4194304,536870912,32,10,34.3597,1073741824,0,0,0,0,0,0,0,0,0,0,0,0,0,0,0,32,0,0,0,0,0,0,0,0,0,0,0,0,0,0,0,0,0,0,0,1.29706,26490.6,20.8951,12.9509
Test,H100,256,16384,4194304,268435456,32,10,17.1799,1073741824,0,0,0,0,0,0,0,0,0,0,0,0,0,0,0,0,16,0,0,0,0,0,0,0,0,0,0,0,0,0,0,0,0,0,0,0.60657,28323.2,71.2939,44.1884
Test,H100,256,16384,4194304,134217728,32,10,8.58993,1073741824,0,0,0,0,0,0,0,0,0,0,0,0,0,0,0,0,0,8,0,0,0,0,0,0,0,0,0,0,0,0,0,0,0,0,0,1.07777,7970.11,5.37569,3.33189
Test,H100,256,16384,4194304,536870912,32,10,34.3597,1073741824,0,0,0,0,0,0,0,0,0,0,0,0,0,0,0,0,0,0,32,0,0,0,0,0,0,0,0,0,0,0,0,0,0,0,0,3.31324,10370.4,3.43291,2.12774
Test,H100,256,16384,4194304,268435456,32,10,17.1799,1073741824,0,0,0,0,0,0,0,0,0,0,0,0,0,0,0,0,0,0,0,16,0,0,0,0,0,0,0,0,0,0,0,0,0,0,0,0.391171,43919.7,173.807,107.727
Test,H100,256,16384,4194304,134217728,32,10,8.58993,1073741824,0,0,0,0,0,0,0,0,0,0,0,0,0,0,0,0,0,0,0,0,8,0,0,0,0,0,0,0,0,0,0,0,0,0,0,0.397856,21590.7,44.1855,27.3865
Test,H100,256,16384,4194304,1073741824,32,10,34.3597,1073741824,0,0,0,0,0,0,0,0,0,0,0,0,0,0,0,0,0,0,0,0,0,32,0,0,0,0,0,0,0,0,0,0,0,0,0,34.6699,991.055,0.0388744,0.0240946
Test,H100,256,16384,4194304,536870912,32,10,17.1799,1073741824,0,0,0,0,0,0,0,0,0,0,0,0,0,0,0,0,0,0,0,0,0,0,16,0,0,0,0,0,0,0,0,0,0,0,0,17.3564,989.831,0.0397465,0.0246351
Test,H100,256,16384,4194304,268435456,32,10,8.58993,1073741824,0,0,0,0,0,0,0,0,0,0,0,0,0,0,0,0,0,0,0,0,0,0,0,8,0,0,0,0,0,0,0,0,0,0,0,7.11427,1207.42,0.121424,0.0752591
Test,H100,256,16384,4194304,134217728,32,10,4.29497,1073741824,0,0,0,0,0,0,0,0,0,0,0,0,0,0,0,0,0,0,0,0,0,0,0,0,4,0,0,0,0,0,0,0,0,0,0,4.16686,1030.74,0.221795,0.13747
Test,H100,256,16384,4194304,536870912,32,10,17.1799,1073741824,0,0,0,0,0,0,0,0,0,0,0,0,0,0,0,0,0,0,0,0,0,0,0,0,0,16,0,0,0,0,0,0,0,0,0,9.39442,1828.74,3.58438,2.22162
Test,H100,256,16384,4194304,268435456,32,10,8.58993,1073741824,0,0,0,0,0,0,0,0,0,0,0,0,0,0,0,0,0,0,0,0,0,0,0,0,0,0,8,0,0,0,0,0,0,0,0,10.209,841.405,0.0613084,0.0379993
Test,H100,256,16384,4194304,134217728,32,10,4.29497,1073741824,0,0,0,0,0,0,0,0,0,0,0,0,0,0,0,0,0,0,0,0,0,0,0,0,0,0,0,4,0,0,0,0,0,0,0,11.7089,366.815,1.08093,0.669966
Test,H100,256,16384,4194304,1073741824,32,10,34.3597,1073741824,0,0,0,0,0,0,0,0,0,0,0,0,0,0,0,0,0,0,0,0,0,0,0,0,0,0,0,0,32,0,0,0,0,0,0,12.6935,2706.87,0.224464,0.139124
Test,H100,256,16384,4194304,536870912,32,10,17.1799,1073741824,0,0,0,0,0,0,0,0,0,0,0,0,0,0,0,0,0,0,0,0,0,0,0,0,0,0,0,0,0,16,0,0,0,0,0,6.27105,2739.55,0.464139,0.287676
Test,H100,256,16384,4194304,268435456,32,10,8.58993,1073741824,0,0,0,0,0,0,0,0,0,0,0,0,0,0,0,0,0,0,0,0,0,0,0,0,0,0,0,0,0,0,8,0,0,0,0,2.15061,3994.18,1.456,0.902438
Test,H100,256,16384,4194304,134217728,32,10,4.29497,1073741824,0,0,0,0,0,0,0,0,0,0,0,0,0,0,0,0,0,0,0,0,0,0,0,0,0,0,0,0,0,0,0,4,0,0,0,1.63519,2626.59,1.05387,0.653198
Test,H100,256,16384,4194304,536870912,32,10,17.1799,1073741824,0,0,0,0,0,0,0,0,0,0,0,0,0,0,0,0,0,0,0,0,0,0,0,0,0,0,0,0,0,0,0,0,16,0,0,2.41875,7102.82,10.6004,6.57022
Test,H100,256,16384,4194304,268435456,32,10,8.58993,1073741824,0,0,0,0,0,0,0,0,0,0,0,0,0,0,0,0,0,0,0,0,0,0,0,0,0,0,0,0,0,0,0,0,0,8,0,1.1366,7557.65,26.0867,16.1687
Test,H100,256,16384,4194304,134217728,32,10,4.29497,1073741824,0,0,0,0,0,0,0,0,0,0,0,0,0,0,0,0,0,0,0,0,0,0,0,0,0,0,0,0,0,0,0,0,0,0,4,0.771504,5567.14,27.6222,17.1204
Test,H100,256,16384,4194304,1073741824,64,10,68.7195,1073741824,64,0,0,0,0,0,0,0,0,0,0,0,0,0,0,0,0,0,0,0,0,0,0,0,0,0,0,0,0,0,0,0,0,0,0,3.01717,22776.1,12.7312,7.89086
Test,H100,256,16384,4194304,536870912,64,10,34.3597,1073741824,0,32,0,0,0,0,0,0,0,0,0,0,0,0,0,0,0,0,0,0,0,0,0,0,0,0,0,0,0,0,0,0,0,0,0,1.91901,17904.9,18.4356,11.4265
Test,H100,256,16384,4194304,268435456,64,10,17.1799,1073741824,0,0,16,0,0,0,0,0,0,0,0,0,0,0,0,0,0,0,0,0,0,0,0,0,0,0,0,0,0,0,0,0,0,0,0,0.953306,18021.4,19.5794,12.1354
Test,H100,256,16384,4194304,134217728,64,10,8.58993,1073741824,0,0,0,8,0,0,0,0,0,0,0,0,0,0,0,0,0,0,0,0,0,0,0,0,0,0,0,0,0,0,0,0,0,0,0,0.757651,11337.6,11.1728,6.92494
Test,H100,256,16384,4194304,536870912,64,10,34.3597,1073741824,0,0,0,0,32,0,0,0,0,0,0,0,0,0,0,0,0,0,0,0,0,0,0,0,0,0,0,0,0,0,0,0,0,0,0,3.34186,10281.6,2.55343,1.58263
Test,H100,256,16384,4194304,268435456,64,10,17.1799,1073741824,0,0,0,0,0,16,0,0,0,0,0,0,0,0,0,0,0,0,0,0,0,0,0,0,0,0,0,0,0,0,0,0,0,0,0,0.576371,29807,40.1931,24.912
Test,H100,256,16384,4194304,134217728,64,10,8.58993,1073741824,0,0,0,0,0,0,8,0,0,0,0,0,0,0,0,0,0,0,0,0,0,0,0,0,0,0,0,0,0,0,0,0,0,0,0,0.564429,15218.9,28.3564,17.5755
Test,H100,256,16384,4194304,1073741824,64,10,68.7195,1073741824,0,0,0,0,0,0,0,64,0,0,0,0,0,0,0,0,0,0,0,0,0,0,0,0,0,0,0,0,0,0,0,0,0,0,0,4.5677,15044.7,3.962,2.45567
Test,H100,256,16384,4194304,536870912,64,10,34.3597,1073741824,0,0,0,0,0,0,0,0,32,0,0,0,0,0,0,0,0,0,0,0,0,0,0,0,0,0,0,0,0,0,0,0,0,0,0,2.42591,14163.6,9.49033,5.88217
Test,H100,256,16384,4194304,268435456,64,10,17.1799,1073741824,0,0,0,0,0,0,0,0,0,16,0,0,0,0,0,0,0,0,0,0,0,0,0,0,0,0,0,0,0,0,0,0,0,0,0,1.10975,15480.8,11.5909,7.18414
Test,H100,256,16384,4194304,134217728,64,10,8.58993,1073741824,0,0,0,0,0,0,0,0,0,0,8,0,0,0,0,0,0,0,0,0,0,0,0,0,0,0,0,0,0,0,0,0,0,0,0,2.25908,3802.41,1.0374,0.642989
Test,H100,256,16384,4194304,536870912,64,10,34.3597,1073741824,0,0,0,0,0,0,0,0,0,0,0,32,0,0,0,0,0,0,0,0,0,0,0,0,0,0,0,0,0,0,0,0,0,0,0,3.34127,10283.4,3.59282,2.22685
Test,H100,256,16384,4194304,268435456,64,10,17.1799,1073741824,0,0,0,0,0,0,0,0,0,0,0,0,16,0,0,0,0,0,0,0,0,0,0,0,0,0,0,0,0,0,0,0,0,0,0,0.576374,29806.9,57.9694,35.9298
Test,H100,256,16384,4194304,134217728,64,10,8.58993,1073741824,0,0,0,0,0,0,0,0,0,0,0,0,0,8,0,0,0,0,0,0,0,0,0,0,0,0,0,0,0,0,0,0,0,0,0,0.564099,15227.7,18.7754,11.6371
Test,H100,256,16384,4194304,1073741824,64,10,137.439,1073741824,0,0,0,0,0,0,0,0,0,0,0,0,0,0,128,0,0,0,0,0,0,0,0,0,0,0,0,0,0,0,0,0,0,0,0,4.53033,30337.5,8.29942,5.14403
Test,H100,256,16384,4194304,536870912,64,10,68.7195,1073741824,0,0,0,0,0,0,0,0,0,0,0,0,0,0,0,64,0,0,0,0,0,0,0,0,0,0,0,0,0,0,0,0,0,0,0,2.30661,29792.4,15.9643,9.89475
Test,H100,256,16384,4194304,268435456,64,10,34.3597,1073741824,0,0,0,0,0,0,0,0,0,0,0,0,0,0,0,0,32,0,0,0,0,0,0,0,0,0,0,0,0,0,0,0,0,0,0,1.10076,31214.4,18.2452,11.3085
Test,H100,256,16384,4194304,134217728,64,10,17.1799,1073741824,0,0,0,0,0,0,0,0,0,0,0,0,0,0,0,0,0,16,0,0,0,0,0,0,0,0,0,0,0,0,0,0,0,0,0,2.12016,8103.11,2.55308,1.58241
Test,H100,256,16384,4194304,536870912,64,10,68.7195,1073741824,0,0,0,0,0,0,0,0,0,0,0,0,0,0,0,0,0,0,64,0,0,0,0,0,0,0,0,0,0,0,0,0,0,0,0,6.46082,10636.3,2.12665,1.31811
Test,H100,256,16384,4194304,268435456,64,10,34.3597,1073741824,0,0,0,0,0,0,0,0,0,0,0,0,0,0,0,0,0,0,0,32,0,0,0,0,0,0,0,0,0,0,0,0,0,0,0,0.576362,59615.1,108.018,66.9501
Test,H100,256,16384,4194304,134217728,64,10,17.1799,1073741824,0,0,0,0,0,0,0,0,0,0,0,0,0,0,0,0,0,0,0,0,16,0,0,0,0,0,0,0,0,0,0,0,0,0,0,0.56816,30237.8,54.6402,33.8663
Test,H100,256,16384,4194304,1073741824,64,10,68.7195,1073741824,0,0,0,0,0,0,0,0,0,0,0,0,0,0,0,0,0,0,0,0,0,64,0,0,0,0,0,0,0,0,0,0,0,0,0,69.7815,984.781,0.0383131,0.0237467
Test,H100,256,16384,4194304,536870912,64,10,34.3597,1073741824,0,0,0,0,0,0,0,0,0,0,0,0,0,0,0,0,0,0,0,0,0,0,32,0,0,0,0,0,0,0,0,0,0,0,0,34.9141,984.122,0.0370985,0.0229939
Test,H100,256,16384,4194304,268435456,64,10,17.1799,1073741824,0,0,0,0,0,0,0,0,0,0,0,0,0,0,0,0,0,0,0,0,0,0,0,16,0,0,0,0,0,0,0,0,0,0,0,14.2636,1204.46,0.0996419,0.0617587
Test,H100,256,16384,4194304,134217728,64,10,8.58993,1073741824,0,0,0,0,0,0,0,0,0,0,0,0,0,0,0,0,0,0,0,0,0,0,0,0,8,0,0,0,0,0,0,0,0,0,0,8.39322,1023.44,0.0849722,0.0526663
Test,H100,256,16384,4194304,536870912,64,10,34.3597,1073741824,0,0,0,0,0,0,0,0,0,0,0,0,0,0,0,0,0,0,0,0,0,0,0,0,0,32,0,0,0,0,0,0,0,0,0,18.6985,1837.57,0.0967037,0.0599376
Test,H100,256,16384,4194304,268435456,64,10,17.1799,1073741824,0,0,0,0,0,0,0,0,0,0,0,0,0,0,0,0,0,0,0,0,0,0,0,0,0,0,16,0,0,0,0,0,0,0,0,20.4874,838.559,0.981973,0.608633
Test,H100,256,16384,4194304,134217728,64,10,8.58993,1073741824,0,0,0,0,0,0,0,0,0,0,0,0,0,0,0,0,0,0,0,0,0,0,0,0,0,0,0,8,0,0,0,0,0,0,0,23.2107,370.085,0.344859,0.213746
Test,H100,256,16384,4194304,1073741824,64,10,68.7195,1073741824,0,0,0,0,0,0,0,0,0,0,0,0,0,0,0,0,0,0,0,0,0,0,0,0,0,0,0,0,64,0,0,0,0,0,0,25.5327,2691.43,0.175174,0.108574
Test,H100,256,16384,4194304,536870912,64,10,34.3597,1073741824,0,0,0,0,0,0,0,0,0,0,0,0,0,0,0,0,0,0,0,0,0,0,0,0,0,0,0,0,0,32,0,0,0,0,0,12.5974,2727.53,0.313903,0.194559
Test,H100,256,16384,4194304,268435456,64,10,17.1799,1073741824,0,0,0,0,0,0,0,0,0,0,0,0,0,0,0,0,0,0,0,0,0,0,0,0,0,0,0,0,0,0,16,0,0,0,0,4.31653,3980.01,0.885238,0.548676
Test,H100,256,16384,4194304,134217728,64,10,8.58993,1073741824,0,0,0,0,0,0,0,0,0,0,0,0,0,0,0,0,0,0,0,0,0,0,0,0,0,0,0,0,0,0,0,8,0,0,0,3.27957,2619.23,0.63824,0.395585
Test,H100,256,16384,4194304,536870912,64,10,34.3597,1073741824,0,0,0,0,0,0,0,0,0,0,0,0,0,0,0,0,0,0,0,0,0,0,0,0,0,0,0,0,0,0,0,0,32,0,0,4.33312,7929.56,8.82423,5.46931
Test,H100,256,16384,4194304,268435456,64,10,17.1799,1073741824,0,0,0,0,0,0,0,0,0,0,0,0,0,0,0,0,0,0,0,0,0,0,0,0,0,0,0,0,0,0,0,0,0,16,0,2.1665,7929.82,16.4718,10.2093
Test,H100,256,16384,4194304,134217728,64,10,8.58993,1073741824,0,0,0,0,0,0,0,0,0,0,0,0,0,0,0,0,0,0,0,0,0,0,0,0,0,0,0,0,0,0,0,0,0,0,8,1.15368,7445.79,30.5304,18.9229
Test,H100,256,16384,4194304,1073741824,128,10,137.439,1073741824,128,0,0,0,0,0,0,0,0,0,0,0,0,0,0,0,0,0,0,0,0,0,0,0,0,0,0,0,0,0,0,0,0,0,0,4.61361,29789.9,6.05116,3.75055
Test,H100,256,16384,4194304,536870912,128,10,68.7195,1073741824,0,64,0,0,0,0,0,0,0,0,0,0,0,0,0,0,0,0,0,0,0,0,0,0,0,0,0,0,0,0,0,0,0,0,0,2.43281,28247,17.6879,10.9631
Test,H100,256,16384,4194304,268435456,128,10,34.3597,1073741824,0,0,32,0,0,0,0,0,0,0,0,0,0,0,0,0,0,0,0,0,0,0,0,0,0,0,0,0,0,0,0,0,0,0,0,1.20087,28612.4,24.8353,15.3931
Test,H100,256,16384,4194304,134217728,128,10,17.1799,1073741824,0,0,0,16,0,0,0,0,0,0,0,0,0,0,0,0,0,0,0,0,0,0,0,0,0,0,0,0,0,0,0,0,0,0,0,1.12976,15206.7,10.3508,6.41552
Test,H100,256,16384,4194304,536870912,128,10,68.7195,1073741824,0,0,0,0,64,0,0,0,0,0,0,0,0,0,0,0,0,0,0,0,0,0,0,0,0,0,0,0,0,0,0,0,0,0,0,6.46421,10630.8,1.45899,0.904294
Test,H100,256,16384,4194304,268435456,128,10,34.3597,1073741824,0,0,0,0,0,32,0,0,0,0,0,0,0,0,0,0,0,0,0,0,0,0,0,0,0,0,0,0,0,0,0,0,0,0,0,1.09339,31425,35.2077,21.8219
Test,H100,256,16384,4194304,134217728,128,10,17.1799,1073741824,0,0,0,0,0,0,16,0,0,0,0,0,0,0,0,0,0,0,0,0,0,0,0,0,0,0,0,0,0,0,0,0,0,0,0,1.08395,15849.3,18.4699,11.4478
Test,H100,256,16384,4194304,1073741824,128,10,137.439,1073741824,0,0,0,0,0,0,0,128,0,0,0,0,0,0,0,0,0,0,0,0,0,0,0,0,0,0,0,0,0,0,0,0,0,0,0,8.72245,15756.9,1.89122,1.17219
Test,H100,256,16384,4194304,536870912,128,10,68.7195,1073741824,0,0,0,0,0,0,0,0,64,0,0,0,0,0,0,0,0,0,0,0,0,0,0,0,0,0,0,0,0,0,0,0,0,0,0,4.43122,15508,3.03189,1.87918
Test,H100,256,16384,4194304,268435456,128,10,34.3597,1073741824,0,0,0,0,0,0,0,0,0,32,0,0,0,0,0,0,0,0,0,0,0,0,0,0,0,0,0,0,0,0,0,0,0,0,0,2.1248,16170.8,7.62347,4.72507
Test,H100,256,16384,4194304,134217728,128,10,17.1799,1073741824,0,0,0,0,0,0,0,0,0,0,16,0,0,0,0,0,0,0,0,0,0,0,0,0,0,0,0,0,0,0,0,0,0,0,0,4.49122,3825.22,0.652426,0.404378
Test,H100,256,16384,4194304,536870912,128,10,68.7195,1073741824,0,0,0,0,0,0,0,0,0,0,0,64,0,0,0,0,0,0,0,0,0,0,0,0,0,0,0,0,0,0,0,0,0,0,0,6.46416,10630.8,1.63143,1.01117
Test,H100,256,16384,4194304,268435456,128,10,34.3597,1073741824,0,0,0,0,0,0,0,0,0,0,0,0,32,0,0,0,0,0,0,0,0,0,0,0,0,0,0,0,0,0,0,0,0,0,0,1.09291,31438.9,23.8404,14.7765
Test,H100,256,16384,4194304,134217728,128,10,17.1799,1073741824,0,0,0,0,0,0,0,0,0,0,0,0,0,16,0,0,0,0,0,0,0,0,0,0,0,0,0,0,0,0,0,0,0,0,0,1.08374,15852.4,14.7111,9.11801
Test,H100,256,16384,4194304,1073741824,128,10,274.878,1073741824,0,0,0,0,0,0,0,0,0,0,0,0,0,0,256,0,0,0,0,0,0,0,0,0,0,0,0,0,0,0,0,0,0,0,0,8.69538,31611.9,4.57604,2.83626
Test,H100,256,16384,4194304,536870912,128,10,137.439,1073741824,0,0,0,0,0,0,0,0,0,0,0,0,0,0,0,128,0,0,0,0,0,0,0,0,0,0,0,0,0,0,0,0,0,0,0,4.38868,31316.7,6.52114,4.04185
Test,H100,256,16384,4194304,268435456,128,10,68.7195,1073741824,0,0,0,0,0,0,0,0,0,0,0,0,0,0,0,0,64,0,0,0,0,0,0,0,0,0,0,0,0,0,0,0,0,0,0,2.1342,32199.1,11.99,7.43146
Test,H100,256,16384,4194304,134217728,128,10,34.3597,1073741824,0,0,0,0,0,0,0,0,0,0,0,0,0,0,0,0,0,32,0,0,0,0,0,0,0,0,0,0,0,0,0,0,0,0,0,4.1886,8203.15,1.50776,0.934518
Test,H100,256,16384,4194304,536870912,128,10,137.439,1073741824,0,0,0,0,0,0,0,0,0,0,0,0,0,0,0,0,0,0,128,0,0,0,0,0,0,0,0,0,0,0,0,0,0,0,0,12.7121,10811.6,1.91456,1.18666
Test,H100,256,16384,4194304,268435456,128,10,68.7195,1073741824,0,0,0,0,0,0,0,0,0,0,0,0,0,0,0,0,0,0,0,64,0,0,0,0,0,0,0,0,0,0,0,0,0,0,0,1.09308,62867.9,41.7732,25.8913
Test,H100,256,16384,4194304,134217728,128,10,34.3597,1073741824,0,0,0,0,0,0,0,0,0,0,0,0,0,0,0,0,0,0,0,0,32,0,0,0,0,0,0,0,0,0,0,0,0,0,0,1.08802,31580.1,31.4069,19.4662
Test,H100,256,16384,4194304,1073741824,128,10,137.439,1073741824,0,0,0,0,0,0,0,0,0,0,0,0,0,0,0,0,0,0,0,0,0,128,0,0,0,0,0,0,0,0,0,0,0,0,0,139.483,985.346,0.0222713,0.0138039
Test,H100,256,16384,4194304,536870912,128,10,68.7195,1073741824,0,0,0,0,0,0,0,0,0,0,0,0,0,0,0,0,0,0,0,0,0,0,64,0,0,0,0,0,0,0,0,0,0,0,0,69.7695,984.95,0.0389746,0.0241567
Test,H100,256,16384,4194304,268435456,128,10,34.3597,1073741824,0,0,0,0,0,0,0,0,0,0,0,0,0,0,0,0,0,0,0,0,0,0,0,32,0,0,0,0,0,0,0,0,0,0,0,28.5348,1204.14,0.0823909,0.0510664
Test,H100,256,16384,4194304,134217728,128,10,17.1799,1073741824,0,0,0,0,0,0,0,0,0,0,0,0,0,0,0,0,0,0,0,0,0,0,0,0,16,0,0,0,0,0,0,0,0,0,0,19.6695,873.427,0.36132,0.223948
Test,H100,256,16384,4194304,536870912,128,10,68.7195,1073741824,0,0,0,0,0,0,0,0,0,0,0,0,0,0,0,0,0,0,0,0,0,0,0,0,0,64,0,0,0,0,0,0,0,0,0,37.1737,1848.6,1.00114,0.620511
Test,H100,256,16384,4194304,268435456,128,10,34.3597,1073741824,0,0,0,0,0,0,0,0,0,0,0,0,0,0,0,0,0,0,0,0,0,0,0,0,0,0,32,0,0,0,0,0,0,0,0,40.9015,840.06,0.471731,0.292382
Test,H100,256,16384,4194304,134217728,128,10,17.1799,1073741824,0,0,0,0,0,0,0,0,0,0,0,0,0,0,0,0,0,0,0,0,0,0,0,0,0,0,0,16,0,0,0,0,0,0,0,48.0122,357.823,0.245813,0.152356
Test,H100,256,16384,4194304,1073741824,128,10,137.439,1073741824,0,0,0,0,0,0,0,0,0,0,0,0,0,0,0,0,0,0,0,0,0,0,0,0,0,0,0,0,128,0,0,0,0,0,0,51.0078,2694.47,0.118617,0.0735195
Test,H100,256,16384,4194304,536870912,128,10,68.7195,1073741824,0,0,0,0,0,0,0,0,0,0,0,0,0,0,0,0,0,0,0,0,0,0,0,0,0,0,0,0,0,64,0,0,0,0,0,25.1543,2731.92,0.100896,0.0625363
Test,H100,256,16384,4194304,268435456,128,10,34.3597,1073741824,0,0,0,0,0,0,0,0,0,0,0,0,0,0,0,0,0,0,0,0,0,0,0,0,0,0,0,0,0,0,32,0,0,0,0,8.61705,3987.41,0.283286,0.175582
Test,H100,256,16384,4194304,134217728,128,10,17.1799,1073741824,0,0,0,0,0,0,0,0,0,0,0,0,0,0,0,0,0,0,0,0,0,0,0,0,0,0,0,0,0,0,0,16,0,0,0,6.54554,2624.67,0.258793,0.160402
Test,H100,256,16384,4194304,536870912,128,10,68.7195,1073741824,0,0,0,0,0,0,0,0,0,0,0,0,0,0,0,0,0,0,0,0,0,0,0,0,0,0,0,0,0,0,0,0,64,0,0,8.60278,7988.06,6.07731,3.76675
Test,H100,256,16384,4194304,268435456,128,10,34.3597,1073741824,0,0,0,0,0,0,0,0,0,0,0,0,0,0,0,0,0,0,0,0,0,0,0,0,0,0,0,0,0,0,0,0,0,32,0,4.31321,7966.18,9.00758,5.58296
Test,H100,256,16384,4194304,134217728,128,10,17.1799,1073741824,0,0,0,0,0,0,0,0,0,0,0,0,0,0,0,0,0,0,0,0,0,0,0,0,0,0,0,0,0,0,0,0,0,0,16,2.21953,7740.37,18.0136,11.1649
Test,H100,256,16384,4194304,1073741824,256,10,274.878,1073741824,256,0,0,0,0,0,0,0,0,0,0,0,0,0,0,0,0,0,0,0,0,0,0,0,0,0,0,0,0,0,0,0,0,0,0,8.76581,31357.9,4.66641,2.89227
Test,H100,256,16384,4194304,536870912,256,10,137.439,1073741824,0,128,0,0,0,0,0,0,0,0,0,0,0,0,0,0,0,0,0,0,0,0,0,0,0,0,0,0,0,0,0,0,0,0,0,4.4239,31067.3,8.07136,5.00268
Test,H100,256,16384,4194304,268435456,256,10,68.7195,1073741824,0,0,64,0,0,0,0,0,0,0,0,0,0,0,0,0,0,0,0,0,0,0,0,0,0,0,0,0,0,0,0,0,0,0,0,2.21696,30997.1,18.6676,11.5703
Test,H100,256,16384,4194304,134217728,256,10,34.3597,1073741824,0,0,0,32,0,0,0,0,0,0,0,0,0,0,0,0,0,0,0,0,0,0,0,0,0,0,0,0,0,0,0,0,0,0,0,2.16136,15897.3,6.07411,3.76477
Test,H100,256,16384,4194304,536870912,256,10,137.439,1073741824,0,0,0,0,128,0,0,0,0,0,0,0,0,0,0,0,0,0,0,0,0,0,0,0,0,0,0,0,0,0,0,0,0,0,0,12.7159,10808.4,1.59042,0.985753
Test,H100,256,16384,4194304,268435456,256,10,68.7195,1073741824,0,0,0,0,0,64,0,0,0,0,0,0,0,0,0,0,0,0,0,0,0,0,0,0,0,0,0,0,0,0,0,0,0,0,0,2.19992,31237.3,12.7084,7.87676
Test,H100,256,16384,4194304,134217728,256,10,34.3597,1073741824,0,0,0,0,0,0,32,0,0,0,0,0,0,0,0,0,0,0,0,0,0,0,0,0,0,0,0,0,0,0,0,0,0,0,0,2.12356,16180.3,5.18017,3.21071
Test,H100,256,16384,4194304,1073741824,256,10,274.878,1073741824,0,0,0,0,0,0,0,256,0,0,0,0,0,0,0,0,0,0,0,0,0,0,0,0,0,0,0,0,0,0,0,0,0,0,0,17.0564,16115.8,1.48445,0.920071
Test,H100,256,16384,4194304,536870912,256,10,137.439,1073741824,0,0,0,0,0,0,0,0,128,0,0,0,0,0,0,0,0,0,0,0,0,0,0,0,0,0,0,0,0,0,0,0,0,0,0,8.5997,15981.8,3.48645,2.16092
Test,H100,256,16384,4194304,268435456,256,10,68.7195,1073741824,0,0,0,0,0,0,0,0,0,64,0,0,0,0,0,0,0,0,0,0,0,0,0,0,0,0,0,0,0,0,0,0,0,0,0,4.19731,16372.3,5.22043,3.23566
Test,H100,256,16384,4194304,134217728,256,10,34.3597,1073741824,0,0,0,0,0,0,0,0,0,0,32,0,0,0,0,0,0,0,0,0,0,0,0,0,0,0,0,0,0,0,0,0,0,0,0,8.95468,3837.07,0.424797,0.263292
Test,H100,256,16384,4194304,536870912,256,10,137.439,1073741824,0,0,0,0,0,0,0,0,0,0,0,128,0,0,0,0,0,0,0,0,0,0,0,0,0,0,0,0,0,0,0,0,0,0,0,12.7175,10807.1,1.79644,1.11345
Test,H100,256,16384,4194304,268435456,256,10,68.7195,1073741824,0,0,0,0,0,0,0,0,0,0,0,0,64,0,0,0,0,0,0,0,0,0,0,0,0,0,0,0,0,0,0,0,0,0,0,2.20057,31228,18.6717,11.5729
Test,H100,256,16384,4194304,134217728,256,10,34.3597,1073741824,0,0,0,0,0,0,0,0,0,0,0,0,0,32,0,0,0,0,0,0,0,0,0,0,0,0,0,0,0,0,0,0,0,0,0,2.12376,16178.7,5.64935,3.5015
Test,H100,256,16384,4194304,1073741824,256,10,549.756,1073741824,0,0,0,0,0,0,0,0,0,0,0,0,0,0,512,0,0,0,0,0,0,0,0,0,0,0,0,0,0,0,0,0,0,0,0,17.0282,32285,4.11875,2.55283
Test,H100,256,16384,4194304,536870912,256,10,274.878,1073741824,0,0,0,0,0,0,0,0,0,0,0,0,0,0,0,256,0,0,0,0,0,0,0,0,0,0,0,0,0,0,0,0,0,0,0,8.55601,32126.9,6.81118,4.22161
Test,H100,256,16384,4194304,268435456,256,10,137.439,1073741824,0,0,0,0,0,0,0,0,0,0,0,0,0,0,0,0,128,0,0,0,0,0,0,0,0,0,0,0,0,0,0,0,0,0,0,4.20586,32678,5.22269,3.23706
Test,H100,256,16384,4194304,134217728,256,10,68.7195,1073741824,0,0,0,0,0,0,0,0,0,0,0,0,0,0,0,0,0,64,0,0,0,0,0,0,0,0,0,0,0,0,0,0,0,0,0,8.32666,8252.95,0.974977,0.604297
Test,H100,256,16384,4194304,536870912,256,10,274.878,1073741824,0,0,0,0,0,0,0,0,0,0,0,0,0,0,0,0,0,0,256,0,0,0,0,0,0,0,0,0,0,0,0,0,0,0,0,25.2141,10901.7,0.867071,0.537416
Test,H100,256,16384,4194304,268435456,256,10,137.439,1073741824,0,0,0,0,0,0,0,0,0,0,0,0,0,0,0,0,0,0,0,128,0,0,0,0,0,0,0,0,0,0,0,0,0,0,0,2.169,63365,21.188,13.1325
Test,H100,256,16384,4194304,134217728,256,10,68.7195,1073741824,0,0,0,0,0,0,0,0,0,0,0,0,0,0,0,0,0,0,0,0,64,0,0,0,0,0,0,0,0,0,0,0,0,0,0,2.12776,32296.7,12.6181,7.82076
Test,H100,256,16384,4194304,1073741824,256,10,274.878,1073741824,0,0,0,0,0,0,0,0,0,0,0,0,0,0,0,0,0,0,0,0,0,256,0,0,0,0,0,0,0,0,0,0,0,0,0,278.888,985.62,0.0130156,0.00806717
Test,H100,256,16384,4194304,536870912,256,10,137.439,1073741824,0,0,0,0,0,0,0,0,0,0,0,0,0,0,0,0,0,0,0,0,0,0,128,0,0,0,0,0,0,0,0,0,0,0,0,139.483,985.345,0.0374001,0.0231808
Test,H100,256,16384,4194304,268435456,256,10,68.7195,1073741824,0,0,0,0,0,0,0,0,0,0,0,0,0,0,0,0,0,0,0,0,0,0,0,64,0,0,0,0,0,0,0,0,0,0,0,61.9156,1109.89,0.517967,0.321039
Test,H100,256,16384,4194304,134217728,256,10,34.3597,1073741824,0,0,0,0,0,0,0,0,0,0,0,0,0,0,0,0,0,0,0,0,0,0,0,0,32,0,0,0,0,0,0,0,0,0,0,42.5634,807.261,0.633919,0.392907
Test,H100,256,16384,4194304,536870912,256,10,137.439,1073741824,0,0,0,0,0,0,0,0,0,0,0,0,0,0,0,0,0,0,0,0,0,0,0,0,0,128,0,0,0,0,0,0,0,0,0,76.8552,1788.28,0.604349,0.374579
Test,H100,256,16384,4194304,268435456,256,10,68.7195,1073741824,0,0,0,0,0,0,0,0,0,0,0,0,0,0,0,0,0,0,0,0,0,0,0,0,0,0,64,0,0,0,0,0,0,0,0,85.4471,804.234,0.176223,0.109224
Test,H100,256,16384,4194304,134217728,256,10,34.3597,1073741824,0,0,0,0,0,0,0,0,0,0,0,0,0,0,0,0,0,0,0,0,0,0,0,0,0,0,0,32,0,0,0,0,0,0,0,101.844,337.377,0.117714,0.0729596
Test,H100,256,16384,4194304,1073741824,256,10,274.878,1073741824,0,0,0,0,0,0,0,0,0,0,0,0,0,0,0,0,0,0,0,0,0,0,0,0,0,0,0,0,256,0,0,0,0,0,0,101.95,2696.21,0.0988055,0.0612403
Test,H100,256,16384,4194304,536870912,256,10,137.439,1073741824,0,0,0,0,0,0,0,0,0,0,0,0,0,0,0,0,0,0,0,0,0,0,0,0,0,0,0,0,0,128,0,0,0,0,0,50.269,2734.07,0.0651959,0.0404088
Test,H100,256,16384,4194304,268435456,256,10,68.7195,1073741824,0,0,0,0,0,0,0,0,0,0,0,0,0,0,0,0,0,0,0,0,0,0,0,0,0,0,0,0,0,0,64,0,0,0,0,17.2164,3991.51,0.176481,0.109384
Test,H100,256,16384,4194304,134217728,256,10,34.3597,1073741824,0,0,0,0,0,0,0,0,0,0,0,0,0,0,0,0,0,0,0,0,0,0,0,0,0,0,0,0,0,0,0,32,0,0,0,13.0792,2627.05,0.192961,0.119599
Test,H100,256,16384,4194304,536870912,256,10,137.439,1073741824,0,0,0,0,0,0,0,0,0,0,0,0,0,0,0,0,0,0,0,0,0,0,0,0,0,0,0,0,0,0,0,0,128,0,0,17.1374,8019.8,4.04543,2.50739
Test,H100,256,16384,4194304,268435456,256,10,68.7195,1073741824,0,0,0,0,0,0,0,0,0,0,0,0,0,0,0,0,0,0,0,0,0,0,0,0,0,0,0,0,0,0,0,0,0,64,0,8.59989,7990.75,6.19237,3.83807
Test,H100,256,16384,4194304,134217728,256,10,34.3597,1073741824,0,0,0,0,0,0,0,0,0,0,0,0,0,0,0,0,0,0,0,0,0,0,0,0,0,0,0,0,0,0,0,0,0,0,32,4.35062,7897.69,13.4628,8.34432
Test,H100,256,16384,4194304,1073741824,512,10,549.756,1073741824,512,0,0,0,0,0,0,0,0,0,0,0,0,0,0,0,0,0,0,0,0,0,0,0,0,0,0,0,0,0,0,0,0,0,0,17.0981,32153.1,3.32693,2.06205
Test,H100,256,16384,4194304,536870912,512,10,274.878,1073741824,0,256,0,0,0,0,0,0,0,0,0,0,0,0,0,0,0,0,0,0,0,0,0,0,0,0,0,0,0,0,0,0,0,0,0,8.59099,31996.1,5.27578,3.26996
Test,H100,256,16384,4194304,268435456,512,10,137.439,1073741824,0,0,128,0,0,0,0,0,0,0,0,0,0,0,0,0,0,0,0,0,0,0,0,0,0,0,0,0,0,0,0,0,0,0,0,4.30047,31959.1,7.17658,4.44809
Test,H100,256,16384,4194304,134217728,512,10,68.7195,1073741824,0,0,0,64,0,0,0,0,0,0,0,0,0,0,0,0,0,0,0,0,0,0,0,0,0,0,0,0,0,0,0,0,0,0,0,4.2348,16227.3,4.07927,2.52836
Test,H100,256,16384,4194304,536870912,512,10,274.878,1073741824,0,0,0,0,256,0,0,0,0,0,0,0,0,0,0,0,0,0,0,0,0,0,0,0,0,0,0,0,0,0,0,0,0,0,0,25.2178,10900.2,0.565686,0.350616
Test,H100,256,16384,4194304,268435456,512,10,137.439,1073741824,0,0,0,0,0,128,0,0,0,0,0,0,0,0,0,0,0,0,0,0,0,0,0,0,0,0,0,0,0,0,0,0,0,0,0,4.33319,31717.8,7.70268,4.77417
Test,H100,256,16384,4194304,134217728,512,10,68.7195,1073741824,0,0,0,0,0,0,64,0,0,0,0,0,0,0,0,0,0,0,0,0,0,0,0,0,0,0,0,0,0,0,0,0,0,0,0,4.20167,16355.3,3.45069,2.13876
Test,H100,256,16384,4194304,1073741824,512,10,549.756,1073741824,0,0,0,0,0,0,0,512,0,0,0,0,0,0,0,0,0,0,0,0,0,0,0,0,0,0,0,0,0,0,0,0,0,0,0,33.7257,16300.8,10.3966,6.44389
Test,H100,256,16384,4194304,536870912,512,10,274.878,1073741824,0,0,0,0,0,0,0,0,256,0,0,0,0,0,0,0,0,0,0,0,0,0,0,0,0,0,0,0,0,0,0,0,0,0,0,16.9336,16232.7,1.28817,0.798418
Test,H100,256,16384,4194304,268435456,512,10,137.439,1073741824,0,0,0,0,0,0,0,0,0,128,0,0,0,0,0,0,0,0,0,0,0,0,0,0,0,0,0,0,0,0,0,0,0,0,0,8.33603,16487.3,2.2726,1.40857
Test,H100,256,16384,4194304,134217728,512,10,68.7195,1073741824,0,0,0,0,0,0,0,0,0,0,64,0,0,0,0,0,0,0,0,0,0,0,0,0,0,0,0,0,0,0,0,0,0,0,0,17.8849,3842.32,0.185005,0.114667
Test,H100,256,16384,4194304,536870912,512,10,274.878,1073741824,0,0,0,0,0,0,0,0,0,0,0,256,0,0,0,0,0,0,0,0,0,0,0,0,0,0,0,0,0,0,0,0,0,0,0,25.2173,10900.4,0.637786,0.395304
Test,H100,256,16384,4194304,268435456,512,10,137.439,1073741824,0,0,0,0,0,0,0,0,0,0,0,0,128,0,0,0,0,0,0,0,0,0,0,0,0,0,0,0,0,0,0,0,0,0,0,4.33307,31718.6,7.09198,4.39565
Test,H100,256,16384,4194304,134217728,512,10,68.7195,1073741824,0,0,0,0,0,0,0,0,0,0,0,0,0,64,0,0,0,0,0,0,0,0,0,0,0,0,0,0,0,0,0,0,0,0,0,4.20079,16358.7,3.5599,2.20645
Test,H100,256,16384,4194304,1073741824,512,10,1099.51,1073741824,0,0,0,0,0,0,0,0,0,0,0,0,0,0,1024,0,0,0,0,0,0,0,0,0,0,0,0,0,0,0,0,0,0,0,0,33.688,32638.1,2.16649,1.34281
Test,H100,256,16384,4194304,536870912,512,10,549.756,1073741824,0,0,0,0,0,0,0,0,0,0,0,0,0,0,0,512,0,0,0,0,0,0,0,0,0,0,0,0,0,0,0,0,0,0,0,16.8875,32554.1,2.84775,1.76506
Test,H100,256,16384,4194304,268435456,512,10,274.878,1073741824,0,0,0,0,0,0,0,0,0,0,0,0,0,0,0,0,256,0,0,0,0,0,0,0,0,0,0,0,0,0,0,0,0,0,0,8.34584,32935.9,3.11412,1.93015
Test,H100,256,16384,4194304,134217728,512,10,137.439,1073741824,0,0,0,0,0,0,0,0,0,0,0,0,0,0,0,0,0,128,0,0,0,0,0,0,0,0,0,0,0,0,0,0,0,0,0,16.6018,8278.57,0.609496,0.37777
Test,H100,256,16384,4194304,536870912,512,10,549.756,1073741824,0,0,0,0,0,0,0,0,0,0,0,0,0,0,0,0,0,0,512,0,0,0,0,0,0,0,0,0,0,0,0,0,0,0,0,52.1116,10549.6,3.82486,2.37067
Test,H100,256,16384,4194304,268435456,512,10,274.878,1073741824,0,0,0,0,0,0,0,0,0,0,0,0,0,0,0,0,0,0,0,256,0,0,0,0,0,0,0,0,0,0,0,0,0,0,0,4.2693,64384.8,11.9361,7.39809
Test,H100,256,16384,4194304,134217728,512,10,137.439,1073741824,0,0,0,0,0,0,0,0,0,0,0,0,0,0,0,0,0,0,0,0,128,0,0,0,0,0,0,0,0,0,0,0,0,0,0,4.2053,32682.3,7.54623,4.6772
Test,H100,256,16384,4194304,1073741824,512,10,549.756,1073741824,0,0,0,0,0,0,0,0,0,0,0,0,0,0,0,0,0,0,0,0,0,512,0,0,0,0,0,0,0,0,0,0,0,0,0,557.711,985.735,0.00730364,0.00452684
Test,H100,256,16384,4194304,536870912,512,10,274.878,1073741824,0,0,0,0,0,0,0,0,0,0,0,0,0,0,0,0,0,0,0,0,0,0,256,0,0,0,0,0,0,0,0,0,0,0,0,278.899,985.581,0.0118317,0.00733335
Test,H100,256,16384,4194304,268435456,512,10,137.439,1073741824,0,0,0,0,0,0,0,0,0,0,0,0,0,0,0,0,0,0,0,0,0,0,0,128,0,0,0,0,0,0,0,0,0,0,0,138.542,992.039,0.727669,0.451014
Test,H100,256,16384,4194304,134217728,512,10,68.7195,1073741824,0,0,0,0,0,0,0,0,0,0,0,0,0,0,0,0,0,0,0,0,0,0,0,0,64,0,0,0,0,0,0,0,0,0,0,90.8663,756.271,0.998073,0.618612
Test,H100,256,16384,4194304,536870912,512,10,274.878,1073741824,0,0,0,0,0,0,0,0,0,0,0,0,0,0,0,0,0,0,0,0,0,0,0,0,0,256,0,0,0,0,0,0,0,0,0,169.057,1625.95,0.715662,0.443572
Test,H100,256,16384,4194304,268435456,512,10,137.439,1073741824,0,0,0,0,0,0,0,0,0,0,0,0,0,0,0,0,0,0,0,0,0,0,0,0,0,0,128,0,0,0,0,0,0,0,0,181.877,755.668,0.33227,0.205943
Test,H100,256,16384,4194304,134217728,512,10,68.7195,1073741824,0,0,0,0,0,0,0,0,0,0,0,0,0,0,0,0,0,0,0,0,0,0,0,0,0,0,0,64,0,0,0,0,0,0,0,222.312,309.112,0.145103,0.0899357
Test,H100,256,16384,4194304,1073741824,512,10,549.756,1073741824,0,0,0,0,0,0,0,0,0,0,0,0,0,0,0,0,0,0,0,0,0,0,0,0,0,0,0,0,512,0,0,0,0,0,0,203.831,2697.11,0.0622335,0.0385727
Test,H100,256,16384,4194304,536870912,512,10,274.878,1073741824,0,0,0,0,0,0,0,0,0,0,0,0,0,0,0,0,0,0,0,0,0,0,0,0,0,0,0,0,0,256,0,0,0,0,0,100.503,2735.02,0.0546611,0.0338793
Test,H100,256,16384,4194304,268435456,512,10,137.439,1073741824,0,0,0,0,0,0,0,0,0,0,0,0,0,0,0,0,0,0,0,0,0,0,0,0,0,0,0,0,0,0,128,0,0,0,0,34.4163,3993.43,0.108197,0.067061
Test,H100,256,16384,4194304,134217728,512,10,68.7195,1073741824,0,0,0,0,0,0,0,0,0,0,0,0,0,0,0,0,0,0,0,0,0,0,0,0,0,0,0,0,0,0,0,64,0,0,0,26.1446,2628.44,0.0680832,0.0421984
Test,H100,256,16384,4194304,536870912,512,10,274.878,1073741824,0,0,0,0,0,0,0,0,0,0,0,0,0,0,0,0,0,0,0,0,0,0,0,0,0,0,0,0,0,0,0,0,256,0,0,34.2175,8033.26,6.81082,4.22139
Test,H100,256,16384,4194304,268435456,512,10,137.439,1073741824,0,0,0,0,0,0,0,0,0,0,0,0,0,0,0,0,0,0,0,0,0,0,0,0,0,0,0,0,0,0,0,0,0,128,0,17.1744,8002.56,4.70821,2.91818
Test,H100,256,16384,4194304,134217728,512,10,68.7195,1073741824,0,0,0,0,0,0,0,0,0,0,0,0,0,0,0,0,0,0,0,0,0,0,0,0,0,0,0,0,0,0,0,0,0,0,64,8.6097,7981.64,9.76589,6.05296
Test,H100,256,16384,4194304,1073741824,1024,10,1099.51,1073741824,1024,0,0,0,0,0,0,0,0,0,0,0,0,0,0,0,0,0,0,0,0,0,0,0,0,0,0,0,0,0,0,0,0,0,0,33.5053,32816,3.44062,2.13252
Test,H100,256,16384,4194304,536870912,1024,10,549.756,1073741824,0,512,0,0,0,0,0,0,0,0,0,0,0,0,0,0,0,0,0,0,0,0,0,0,0,0,0,0,0,0,0,0,0,0,0,16.8273,32670.7,95.5568,59.2267
Test,H100,256,16384,4194304,268435456,1024,10,274.878,1073741824,0,0,256,0,0,0,0,0,0,0,0,0,0,0,0,0,0,0,0,0,0,0,0,0,0,0,0,0,0,0,0,0,0,0,0,8.41331,32672,80.4729,49.8776
Test,H100,256,16384,4194304,134217728,1024,10,137.439,1073741824,0,0,0,128,0,0,0,0,0,0,0,0,0,0,0,0,0,0,0,0,0,0,0,0,0,0,0,0,0,0,0,0,0,0,0,8.37852,16403.7,1.64341,1.0186
Test,H100,256,16384,4194304,536870912,1024,10,549.756,1073741824,0,0,0,0,512,0,0,0,0,0,0,0,0,0,0,0,0,0,0,0,0,0,0,0,0,0,0,0,0,0,0,0,0,0,0,52.1114,10549.6,2.43897,1.51169
Test,H100,256,16384,4194304,268435456,1024,10,274.878,1073741824,0,0,0,0,0,256,0,0,0,0,0,0,0,0,0,0,0,0,0,0,0,0,0,0,0,0,0,0,0,0,0,0,0,0,0,8.60033,31961.3,4.05293,2.51203
Test,H100,256,16384,4194304,134217728,1024,10,137.439,1073741824,0,0,0,0,0,0,128,0,0,0,0,0,0,0,0,0,0,0,0,0,0,0,0,0,0,0,0,0,0,0,0,0,0,0,0,8.35415,16451.6,2.51197,1.55694
Test,H100,256,16384,4194304,1073741824,1024,10,1099.51,1073741824,0,0,0,0,0,0,0,1024,0,0,0,0,0,0,0,0,0,0,0,0,0,0,0,0,0,0,0,0,0,0,0,0,0,0,0,67.0362,16401.8,0.776685,0.481394
Test,H100,256,16384,4194304,536870912,1024,10,549.756,1073741824,0,0,0,0,0,0,0,0,512,0,0,0,0,0,0,0,0,0,0,0,0,0,0,0,0,0,0,0,0,0,0,0,0,0,0,33.5922,16365.6,1.07719,0.66765
Test,H100,256,16384,4194304,268435456,1024,10,274.878,1073741824,0,0,0,0,0,0,0,0,0,256,0,0,0,0,0,0,0,0,0,0,0,0,0,0,0,0,0,0,0,0,0,0,0,0,0,16.6138,16545.2,1.67081,1.03558
Test,H100,256,16384,4194304,134217728,1024,10,137.439,1073741824,0,0,0,0,0,0,0,0,0,0,128,0,0,0,0,0,0,0,0,0,0,0,0,0,0,0,0,0,0,0,0,0,0,0,0,36.0893,3808.3,0.564731,0.350024
Test,H100,256,16384,4194304,536870912,1024,10,549.756,1073741824,0,0,0,0,0,0,0,0,0,0,0,512,0,0,0,0,0,0,0,0,0,0,0,0,0,0,0,0,0,0,0,0,0,0,0,52.1077,10550.4,3.18046,1.97127
Test,H100,256,16384,4194304,268435456,1024,10,274.878,1073741824,0,0,0,0,0,0,0,0,0,0,0,0,256,0,0,0,0,0,0,0,0,0,0,0,0,0,0,0,0,0,0,0,0,0,0,8.60013,31962.1,4.42152,2.74048
Test,H100,256,16384,4194304,134217728,1024,10,137.439,1073741824,0,0,0,0,0,0,0,0,0,0,0,0,0,128,0,0,0,0,0,0,0,0,0,0,0,0,0,0,0,0,0,0,0,0,0,8.35378,16452.3,1.76617,1.09468
Test,H100,256,16384,4194304,1073741824,1024,10,2199.02,1073741824,0,0,0,0,0,0,0,0,0,0,0,0,0,0,2048,0,0,0,0,0,0,0,0,0,0,0,0,0,0,0,0,0,0,0,0,67.0054,32818.6,2.06042,1.27706
Test,H100,256,16384,4194304,536870912,1024,10,1099.51,1073741824,0,0,0,0,0,0,0,0,0,0,0,0,0,0,0,1024,0,0,0,0,0,0,0,0,0,0,0,0,0,0,0,0,0,0,0,33.5485,32773.8,2.62052,1.62422
Test,H100,256,16384,4194304,268435456,1024,10,549.756,1073741824,0,0,0,0,0,0,0,0,0,0,0,0,0,0,0,0,512,0,0,0,0,0,0,0,0,0,0,0,0,0,0,0,0,0,0,16.6223,33073.5,2.19778,1.3622
Test,H100,256,16384,4194304,134217728,1024,10,274.878,1073741824,0,0,0,0,0,0,0,0,0,0,0,0,0,0,0,0,0,256,0,0,0,0,0,0,0,0,0,0,0,0,0,0,0,0,0,33.1552,8290.63,0.452782,0.280637
Test,H100,256,16384,4194304,536870912,1024,10,1099.51,1073741824,0,0,0,0,0,0,0,0,0,0,0,0,0,0,0,0,0,0,1024,0,0,0,0,0,0,0,0,0,0,0,0,0,0,0,0,120.809,9101.28,6.3799,3.9543
Test,H100,256,16384,4194304,268435456,1024,10,549.756,1073741824,0,0,0,0,0,0,0,0,0,0,0,0,0,0,0,0,0,0,0,512,0,0,0,0,0,0,0,0,0,0,0,0,0,0,0,8.4729,64884,7.63493,4.73218
Test,H100,256,16384,4194304,134217728,1024,10,274.878,1073741824,0,0,0,0,0,0,0,0,0,0,0,0,0,0,0,0,0,0,0,0,256,0,0,0,0,0,0,0,0,0,0,0,0,0,0,8.35824,32887.1,4.1403,2.56618
Test,H100,256,16384,4194304,1073741824,1024,10,1099.51,1073741824,0,0,0,0,0,0,0,0,0,0,0,0,0,0,0,0,0,0,0,0,0,1024,0,0,0,0,0,0,0,0,0,0,0,0,0,1115.34,985.806,0.00355825,0.00220543
Test,H100,256,16384,4194304,536870912,1024,10,549.756,1073741824,0,0,0,0,0,0,0,0,0,0,0,0,0,0,0,0,0,0,0,0,0,0,512,0,0,0,0,0,0,0,0,0,0,0,0,557.733,985.697,0.0101607,0.00629766
Test,H100,256,16384,4194304,268435456,1024,10,274.878,1073741824,0,0,0,0,0,0,0,0,0,0,0,0,0,0,0,0,0,0,0,0,0,0,0,256,0,0,0,0,0,0,0,0,0,0,0,292.662,939.235,0.651146,0.403584
Test,H100,256,16384,4194304,134217728,1024,10,137.439,1073741824,0,0,0,0,0,0,0,0,0,0,0,0,0,0,0,0,0,0,0,0,0,0,0,0,128,0,0,0,0,0,0,0,0,0,0,187.465,733.146,0.743502,0.460828
Test,H100,256,16384,4194304,536870912,1024,10,549.756,1073741824,0,0,0,0,0,0,0,0,0,0,0,0,0,0,0,0,0,0,0,0,0,0,0,0,0,512,0,0,0,0,0,0,0,0,0,362.785,1515.38,1.11044,0.68826
Test,H100,256,16384,4194304,268435456,1024,10,274.878,1073741824,0,0,0,0,0,0,0,0,0,0,0,0,0,0,0,0,0,0,0,0,0,0,0,0,0,0,256,0,0,0,0,0,0,0,0,398.631,689.555,0.710409,0.440316
Test,H100,256,16384,4194304,134217728,1024,10,137.439,1073741824,0,0,0,0,0,0,0,0,0,0,0,0,0,0,0,0,0,0,0,0,0,0,0,0,0,0,0,128,0,0,0,0,0,0,0,479.189,286.816,0.104346,0.0646745
Test,H100,256,16384,4194304,1073741824,1024,10,1099.51,1073741824,0,0,0,0,0,0,0,0,0,0,0,0,0,0,0,0,0,0,0,0,0,0,0,0,0,0,0,0,1024,0,0,0,0,0,0,407.718,2696.75,0.135275,0.0838441
Test,H100,256,16384,4194304,536870912,1024,10,549.756,1073741824,0,0,0,0,0,0,0,0,0,0,0,0,0,0,0,0,0,0,0,0,0,0,0,0,0,0,0,0,0,512,0,0,0,0,0,200.976,2735.43,0.050012,0.0309978
Test,H100,256,16384,4194304,268435456,1024,10,274.878,1073741824,0,0,0,0,0,0,0,0,0,0,0,0,0,0,0,0,0,0,0,0,0,0,0,0,0,0,0,0,0,0,256,0,0,0,0,68.8027,3995.16,0.241533,0.149703
Test,H100,256,16384,4194304,134217728,1024,10,137.439,1073741824,0,0,0,0,0,0,0,0,0,0,0,0,0,0,0,0,0,0,0,0,0,0,0,0,0,0,0,0,0,0,0,128,0,0,0,52.2806,2628.87,0.0672531,0.0416839
Test,H100,256,16384,4194304,536870912,1024,10,549.756,1073741824,0,0,0,0,0,0,0,0,0,0,0,0,0,0,0,0,0,0,0,0,0,0,0,0,0,0,0,0,0,0,0,0,512,0,0,68.552,8019.54,2.67867,1.66026
Test,H100,256,16384,4194304,268435456,1024,10,274.878,1073741824,0,0,0,0,0,0,0,0,0,0,0,0,0,0,0,0,0,0,0,0,0,0,0,0,0,0,0,0,0,0,0,0,0,256,0,34.3239,8008.36,3.73839,2.31708
Test,H100,256,16384,4194304,134217728,1024,10,137.439,1073741824,0,0,0,0,0,0,0,0,0,0,0,0,0,0,0,0,0,0,0,0,0,0,0,0,0,0,0,0,0,0,0,0,0,0,128,17.1294,8023.57,7.46563,4.62725
Test,H100,256,16384,4194304,1073741824,2048,10,2199.02,1073741824,2048,0,0,0,0,0,0,0,0,0,0,0,0,0,0,0,0,0,0,0,0,0,0,0,0,0,0,0,0,0,0,0,0,0,0,66.6446,32996.5,76.9445,47.6907
Test,H100,256,16384,4194304,536870912,2048,10,1099.51,1073741824,0,1024,0,0,0,0,0,0,0,0,0,0,0,0,0,0,0,0,0,0,0,0,0,0,0,0,0,0,0,0,0,0,0,0,0,33.5825,32740.6,2.49612,1.54711
Test,H100,256,16384,4194304,268435456,2048,10,549.756,1073741824,0,0,512,0,0,0,0,0,0,0,0,0,0,0,0,0,0,0,0,0,0,0,0,0,0,0,0,0,0,0,0,0,0,0,0,16.7729,32776.8,96.6837,59.9252
Test,H100,256,16384,4194304,134217728,2048,10,274.878,1073741824,0,0,0,256,0,0,0,0,0,0,0,0,0,0,0,0,0,0,0,0,0,0,0,0,0,0,0,0,0,0,0,0,0,0,0,19.2591,14272.6,9.108,5.64519
Test,H100,256,16384,4194304,536870912,2048,10,1099.51,1073741824,0,0,0,0,1024,0,0,0,0,0,0,0,0,0,0,0,0,0,0,0,0,0,0,0,0,0,0,0,0,0,0,0,0,0,0,120.798,9102.09,3.12105,1.93444
Test,H100,256,16384,4194304,268435456,2048,10,549.756,1073741824,0,0,0,0,0,512,0,0,0,0,0,0,0,0,0,0,0,0,0,0,0,0,0,0,0,0,0,0,0,0,0,0,0,0,0,17.1332,32087.2,2.42019,1.50005
Test,H100,256,16384,4194304,134217728,2048,10,274.878,1073741824,0,0,0,0,0,0,256,0,0,0,0,0,0,0,0,0,0,0,0,0,0,0,0,0,0,0,0,0,0,0,0,0,0,0,0,16.6638,16495.5,1.15967,0.718768
Test,H100,256,16384,4194304,1073741824,2048,10,2199.02,1073741824,0,0,0,0,0,0,0,2048,0,0,0,0,0,0,0,0,0,0,0,0,0,0,0,0,0,0,0,0,0,0,0,0,0,0,0,142.087,15476.6,7.31114,4.53149
Test,H100,256,16384,4194304,536870912,2048,10,1099.51,1073741824,0,0,0,0,0,0,0,0,1024,0,0,0,0,0,0,0,0,0,0,0,0,0,0,0,0,0,0,0,0,0,0,0,0,0,0,72.0444,15261.6,6.42955,3.98508
Test,H100,256,16384,4194304,268435456,2048,10,549.756,1073741824,0,0,0,0,0,0,0,0,0,512,0,0,0,0,0,0,0,0,0,0,0,0,0,0,0,0,0,0,0,0,0,0,0,0,0,33.1649,16576.4,0.547512,0.339351
Test,H100,256,16384,4194304,134217728,2048,10,274.878,1073741824,0,0,0,0,0,0,0,0,0,0,256,0,0,0,0,0,0,0,0,0,0,0,0,0,0,0,0,0,0,0,0,0,0,0,0,77.9242,3527.51,1.36052,0.843261
Test,H100,256,16384,4194304,536870912,2048,10,1099.51,1073741824,0,0,0,0,0,0,0,0,0,0,0,1024,0,0,0,0,0,0,0,0,0,0,0,0,0,0,0,0,0,0,0,0,0,0,0,120.801,9101.83,2.51958,1.56165
Test,H100,256,16384,4194304,268435456,2048,10,549.756,1073741824,0,0,0,0,0,0,0,0,0,0,0,0,512,0,0,0,0,0,0,0,0,0,0,0,0,0,0,0,0,0,0,0,0,0,0,17.1328,32087.9,1.60922,0.997406
Test,H100,256,16384,4194304,134217728,2048,10,274.878,1073741824,0,0,0,0,0,0,0,0,0,0,0,0,0,256,0,0,0,0,0,0,0,0,0,0,0,0,0,0,0,0,0,0,0,0,0,16.6633,16496,1.27671,0.791313
Test,H100,256,16384,4194304,1073741824,2048,10,4398.05,1073741824,0,0,0,0,0,0,0,0,0,0,0,0,0,0,4096,0,0,0,0,0,0,0,0,0,0,0,0,0,0,0,0,0,0,0,0,141.766,31023.4,8.17162,5.06482
Test,H100,256,16384,4194304,536870912,2048,10,2199.02,1073741824,0,0,0,0,0,0,0,0,0,0,0,0,0,0,0,2048,0,0,0,0,0,0,0,0,0,0,0,0,0,0,0,0,0,0,0,71.842,30609.2,11.8432,7.34047
Test,H100,256,16384,4194304,268435456,2048,10,1099.51,1073741824,0,0,0,0,0,0,0,0,0,0,0,0,0,0,0,0,1024,0,0,0,0,0,0,0,0,0,0,0,0,0,0,0,0,0,0,33.1742,33143.6,1.56674,0.971074
Test,H100,256,16384,4194304,134217728,2048,10,549.756,1073741824,0,0,0,0,0,0,0,0,0,0,0,0,0,0,0,0,0,512,0,0,0,0,0,0,0,0,0,0,0,0,0,0,0,0,0,70.291,7821.21,22.2726,13.8047
Test,H100,256,16384,4194304,536870912,2048,10,2199.02,1073741824,0,0,0,0,0,0,0,0,0,0,0,0,0,0,0,0,0,0,2048,0,0,0,0,0,0,0,0,0,0,0,0,0,0,0,0,261.413,8412.07,5.28345,3.27472
Test,H100,256,16384,4194304,268435456,2048,10,1099.51,1073741824,0,0,0,0,0,0,0,0,0,0,0,0,0,0,0,0,0,0,0,1024,0,0,0,0,0,0,0,0,0,0,0,0,0,0,0,16.8776,65146.3,3.73935,2.31767
Test,H100,256,16384,4194304,134217728,2048,10,549.756,1073741824,0,0,0,0,0,0,0,0,0,0,0,0,0,0,0,0,0,0,0,0,512,0,0,0,0,0,0,0,0,0,0,0,0,0,0,16.6674,32984,1.68795,1.0462
Test,H100,256,16384,4194304,1073741824,2048,10,2199.02,1073741824,0,0,0,0,0,0,0,0,0,0,0,0,0,0,0,0,0,0,0,0,0,2048,0,0,0,0,0,0,0,0,0,0,0,0,0,2232.66,984.939,2.26912,1.40642
Test,H100,256,16384,4194304,536870912,2048,10,1099.51,1073741824,0,0,0,0,0,0,0,0,0,0,0,0,0,0,0,0,0,0,0,0,0,0,1024,0,0,0,0,0,0,0,0,0,0,0,0,1114.44,986.602,0.0170216,0.0105501
Test,H100,256,16384,4194304,268435456,2048,10,549.756,1073741824,0,0,0,0,0,0,0,0,0,0,0,0,0,0,0,0,0,0,0,0,0,0,0,512,0,0,0,0,0,0,0,0,0,0,0,601.612,913.806,1.07373,0.665502
Test,H100,256,16384,4194304,134217728,2048,10,274.878,1073741824,0,0,0,0,0,0,0,0,0,0,0,0,0,0,0,0,0,0,0,0,0,0,0,0,256,0,0,0,0,0,0,0,0,0,0,383.37,717.005,1.14458,0.709416
Test,H100,256,16384,4194304,536870912,2048,10,1099.51,1073741824,0,0,0,0,0,0,0,0,0,0,0,0,0,0,0,0,0,0,0,0,0,0,0,0,0,1024,0,0,0,0,0,0,0,0,0,718.844,1529.55,0.640826,0.397188
Test,H100,256,16384,4194304,268435456,2048,10,549.756,1073741824,0,0,0,0,0,0,0,0,0,0,0,0,0,0,0,0,0,0,0,0,0,0,0,0,0,0,512,0,0,0,0,0,0,0,0,851.337,645.756,0.195024,0.120877
Test,H100,256,16384,4194304,134217728,2048,10,274.878,1073741824,0,0,0,0,0,0,0,0,0,0,0,0,0,0,0,0,0,0,0,0,0,0,0,0,0,0,0,256,0,0,0,0,0,0,0,1089.43,252.313,0.10531,0.0652718
Test,H100,256,16384,4194304,1073741824,2048,10,2199.02,1073741824,0,0,0,0,0,0,0,0,0,0,0,0,0,0,0,0,0,0,0,0,0,0,0,0,0,0,0,0,2048,0,0,0,0,0,0,829.298,2651.67,0.447457,0.277337
Test,H100,256,16384,4194304,536870912,2048,10,1099.51,1073741824,0,0,0,0,0,0,0,0,0,0,0,0,0,0,0,0,0,0,0,0,0,0,0,0,0,0,0,0,0,1024,0,0,0,0,0,403.836,2722.67,0.235417,0.145913
Test,H100,256,16384,4194304,268435456,2048,10,549.756,1073741824,0,0,0,0,0,0,0,0,0,0,0,0,0,0,0,0,0,0,0,0,0,0,0,0,0,0,0,0,0,0,512,0,0,0,0,139.879,3930.23,1.31912,0.8176
Test,H100,256,16384,4194304,134217728,2048,10,274.878,1073741824,0,0,0,0,0,0,0,0,0,0,0,0,0,0,0,0,0,0,0,0,0,0,0,0,0,0,0,0,0,0,0,256,0,0,0,104.564,2628.81,0.143363,0.0888575
Test,H100,256,16384,4194304,536870912,2048,10,1099.51,1073741824,0,0,0,0,0,0,0,0,0,0,0,0,0,0,0,0,0,0,0,0,0,0,0,0,0,0,0,0,0,0,0,0,1024,0,0,143.366,7669.26,2.89158,1.79222
Test,H100,256,16384,4194304,268435456,2048,10,549.756,1073741824,0,0,0,0,0,0,0,0,0,0,0,0,0,0,0,0,0,0,0,0,0,0,0,0,0,0,0,0,0,0,0,0,0,512,0,68.6775,8004.89,3.25182,2.0155
Test,H100,256,16384,4194304,134217728,2048,10,274.878,1073741824,0,0,0,0,0,0,0,0,0,0,0,0,0,0,0,0,0,0,0,0,0,0,0,0,0,0,0,0,0,0,0,0,0,0,256,34.2258,8031.32,6.13712,3.80382
Test,H100,256,16384,4194304,1073741824,4096,10,4398.05,1073741824,4096,0,0,0,0,0,0,0,0,0,0,0,0,0,0,0,0,0,0,0,0,0,0,0,0,0,0,0,0,0,0,0,0,0,0,141.201,31147.3,23.9741,14.8593
Test,H100,256,16384,4194304,536870912,4096,10,2199.02,1073741824,0,2048,0,0,0,0,0,0,0,0,0,0,0,0,0,0,0,0,0,0,0,0,0,0,0,0,0,0,0,0,0,0,0,0,0,71.97,30554.9,79.9288,49.5404
Test,H100,256,16384,4194304,268435456,4096,10,1099.51,1073741824,0,0,1024,0,0,0,0,0,0,0,0,0,0,0,0,0,0,0,0,0,0,0,0,0,0,0,0,0,0,0,0,0,0,0,0,37.1662,29583.7,25.8227,16.005
Test,H100,256,16384,4194304,134217728,4096,10,549.756,1073741824,0,0,0,512,0,0,0,0,0,0,0,0,0,0,0,0,0,0,0,0,0,0,0,0,0,0,0,0,0,0,0,0,0,0,0,41.8042,13150.7,12.3159,7.63347
Test,H100,256,16384,4194304,536870912,4096,10,2199.02,1073741824,0,0,0,0,2048,0,0,0,0,0,0,0,0,0,0,0,0,0,0,0,0,0,0,0,0,0,0,0,0,0,0,0,0,0,0,261.462,8410.5,5.00724,3.10352
Test,H100,256,16384,4194304,268435456,4096,10,1099.51,1073741824,0,0,0,0,0,1024,0,0,0,0,0,0,0,0,0,0,0,0,0,0,0,0,0,0,0,0,0,0,0,0,0,0,0,0,0,34.1987,32150.7,0.993107,0.615534
Test,H100,256,16384,4194304,134217728,4096,10,549.756,1073741824,0,0,0,0,0,0,512,0,0,0,0,0,0,0,0,0,0,0,0,0,0,0,0,0,0,0,0,0,0,0,0,0,0,0,0,33.2812,16518.5,0.567964,0.352028
Test,H100,256,16384,4194304,1073741824,4096,10,4398.05,1073741824,0,0,0,0,0,0,0,4096,0,0,0,0,0,0,0,0,0,0,0,0,0,0,0,0,0,0,0,0,0,0,0,0,0,0,0,315.672,13932.4,7.85897,4.87104
Test,H100,256,16384,4194304,536870912,4096,10,2199.02,1073741824,0,0,0,0,0,0,0,0,2048,0,0,0,0,0,0,0,0,0,0,0,0,0,0,0,0,0,0,0,0,0,0,0,0,0,0,163.463,13452.7,10.0906,6.25421
Test,H100,256,16384,4194304,268435456,4096,10,1099.51,1073741824,0,0,0,0,0,0,0,0,0,1024,0,0,0,0,0,0,0,0,0,0,0,0,0,0,0,0,0,0,0,0,0,0,0,0,0,66.2561,16594.9,0.71108,0.440732
Test,H100,256,16384,4194304,134217728,4096,10,549.756,1073741824,0,0,0,0,0,0,0,0,0,0,512,0,0,0,0,0,0,0,0,0,0,0,0,0,0,0,0,0,0,0,0,0,0,0,0,171.788,3200.19,0.937798,0.581253
Test,H100,256,16384,4194304,536870912,4096,10,2199.02,1073741824,0,0,0,0,0,0,0,0,0,0,0,2048,0,0,0,0,0,0,0,0,0,0,0,0,0,0,0,0,0,0,0,0,0,0,0,261.324,8414.94,8.16989,5.06375
Test,H100,256,16384,4194304,268435456,4096,10,1099.51,1073741824,0,0,0,0,0,0,0,0,0,0,0,0,1024,0,0,0,0,0,0,0,0,0,0,0,0,0,0,0,0,0,0,0,0,0,0,34.1987,32150.7,0.776035,0.480992
Test,H100,256,16384,4194304,134217728,4096,10,549.756,1073741824,0,0,0,0,0,0,0,0,0,0,0,0,0,512,0,0,0,0,0,0,0,0,0,0,0,0,0,0,0,0,0,0,0,0,0,33.2815,16518.3,2.181,1.3518
Test,H100,256,16384,4194304,1073741824,4096,10,8796.09,1073741824,0,0,0,0,0,0,0,0,0,0,0,0,0,0,8192,0,0,0,0,0,0,0,0,0,0,0,0,0,0,0,0,0,0,0,0,314.841,27938.2,12.0282,7.45513
Test,H100,256,16384,4194304,536870912,4096,10,4398.05,1073741824,0,0,0,0,0,0,0,0,0,0,0,0,0,0,0,4096,0,0,0,0,0,0,0,0,0,0,0,0,0,0,0,0,0,0,0,163.265,26938.1,12.4179,7.69668
Test,H100,256,16384,4194304,268435456,4096,10,2199.02,1073741824,0,0,0,0,0,0,0,0,0,0,0,0,0,0,0,0,2048,0,0,0,0,0,0,0,0,0,0,0,0,0,0,0,0,0,0,66.2761,33179.8,1.56515,0.970088
Test,H100,256,16384,4194304,134217728,4096,10,1099.51,1073741824,0,0,0,0,0,0,0,0,0,0,0,0,0,0,0,0,0,1024,0,0,0,0,0,0,0,0,0,0,0,0,0,0,0,0,0,161.905,6791.11,6.18168,3.83145
Test,H100,256,16384,4194304,536870912,4096,10,4398.05,1073741824,0,0,0,0,0,0,0,0,0,0,0,0,0,0,0,0,0,0,4096,0,0,0,0,0,0,0,0,0,0,0,0,0,0,0,0,540.757,8133.14,8.81316,5.46245
Test,H100,256,16384,4194304,268435456,4096,10,2199.02,1073741824,0,0,0,0,0,0,0,0,0,0,0,0,0,0,0,0,0,0,0,2048,0,0,0,0,0,0,0,0,0,0,0,0,0,0,0,33.6871,65277.9,2.88916,1.79072
Test,H100,256,16384,4194304,134217728,4096,10,1099.51,1073741824,0,0,0,0,0,0,0,0,0,0,0,0,0,0,0,0,0,0,0,0,1024,0,0,0,0,0,0,0,0,0,0,0,0,0,0,33.2844,33033.9,1.47736,0.915679
Test,H100,256,16384,4194304,1073741824,4096,10,4398.05,1073741824,0,0,0,0,0,0,0,0,0,0,0,0,0,0,0,0,0,0,0,0,0,4096,0,0,0,0,0,0,0,0,0,0,0,0,0,4499.2,977.517,0.0193681,0.0120045
Test,H100,256,16384,4194304,536870912,4096,10,2199.02,1073741824,0,0,0,0,0,0,0,0,0,0,0,0,0,0,0,0,0,0,0,0,0,0,2048,0,0,0,0,0,0,0,0,0,0,0,0,2248.46,978.012,0.0186114,0.0115355
Test,H100,256,16384,4194304,268435456,4096,10,1099.51,1073741824,0,0,0,0,0,0,0,0,0,0,0,0,0,0,0,0,0,0,0,0,0,0,0,1024,0,0,0,0,0,0,0,0,0,0,0,1193.08,921.578,0.992,0.614848
Test,H100,256,16384,4194304,134217728,4096,10,549.756,1073741824,0,0,0,0,0,0,0,0,0,0,0,0,0,0,0,0,0,0,0,0,0,0,0,0,512,0,0,0,0,0,0,0,0,0,0,749.209,733.782,0.624493,0.387065
Test,H100,256,16384,4194304,536870912,4096,10,2199.02,1073741824,0,0,0,0,0,0,0,0,0,0,0,0,0,0,0,0,0,0,0,0,0,0,0,0,0,2048,0,0,0,0,0,0,0,0,0,1425.4,1542.74,0.46211,0.286418
Test,H100,256,16384,4194304,268435456,4096,10,1099.51,1073741824,0,0,0,0,0,0,0,0,0,0,0,0,0,0,0,0,0,0,0,0,0,0,0,0,0,0,1024,0,0,0,0,0,0,0,0,1758.33,625.315,0.133887,0.0829842
Test,H100,256,16384,4194304,134217728,4096,10,549.756,1073741824,0,0,0,0,0,0,0,0,0,0,0,0,0,0,0,0,0,0,0,0,0,0,0,0,0,0,0,512,0,0,0,0,0,0,0,2168.22,253.552,0.122884,0.0761644
Test,H100,256,16384,4194304,1073741824,4096,10,4398.05,1073741824,0,0,0,0,0,0,0,0,0,0,0,0,0,0,0,0,0,0,0,0,0,0,0,0,0,0,0,0,4096,0,0,0,0,0,0,1814.6,2423.7,0.544795,0.337667
Test,H100,256,16384,4194304,536870912,4096,10,2199.02,1073741824,0,0,0,0,0,0,0,0,0,0,0,0,0,0,0,0,0,0,0,0,0,0,0,0,0,0,0,0,0,2048,0,0,0,0,0,862.259,2550.31,0.561249,0.347866
Test,H100,256,16384,4194304,268435456,4096,10,1099.51,1073741824,0,0,0,0,0,0,0,0,0,0,0,0,0,0,0,0,0,0,0,0,0,0,0,0,0,0,0,0,0,0,1024,0,0,0,0,310.115,3545.5,1.73665,1.07639
Test,H100,256,16384,4194304,134217728,4096,10,549.756,1073741824,0,0,0,0,0,0,0,0,0,0,0,0,0,0,0,0,0,0,0,0,0,0,0,0,0,0,0,0,0,0,0,512,0,0,0,222.916,2466.21,3.11755,1.93228
Test,H100,256,16384,4194304,536870912,4096,10,2199.02,1073741824,0,0,0,0,0,0,0,0,0,0,0,0,0,0,0,0,0,0,0,0,0,0,0,0,0,0,0,0,0,0,0,0,2048,0,0,319.17,6889.82,4.63238,2.87118
Test,H100,256,16384,4194304,268435456,4096,10,1099.51,1073741824,0,0,0,0,0,0,0,0,0,0,0,0,0,0,0,0,0,0,0,0,0,0,0,0,0,0,0,0,0,0,0,0,0,1024,0,139.071,7906.14,2.55975,1.58655
Test,H100,256,16384,4194304,134217728,4096,10,549.756,1073741824,0,0,0,0,0,0,0,0,0,0,0,0,0,0,0,0,0,0,0,0,0,0,0,0,0,0,0,0,0,0,0,0,0,0,512,69.7849,7877.87,6.75374,4.18601
Test,H100,256,16384,4194304,1073741824,8192,10,8796.09,1073741824,8192,0,0,0,0,0,0,0,0,0,0,0,0,0,0,0,0,0,0,0,0,0,0,0,0,0,0,0,0,0,0,0,0,0,0,281.181,31282.9,92.0184,57.0336
Test,H100,256,16384,4194304,536870912,8192,10,4398.05,1073741824,0,4096,0,0,0,0,0,0,0,0,0,0,0,0,0,0,0,0,0,0,0,0,0,0,0,0,0,0,0,0,0,0,0,0,0,141.514,31078.7,65.1179,40.3605
Test,H100,256,16384,4194304,268435456,8192,10,2199.02,1073741824,0,0,2048,0,0,0,0,0,0,0,0,0,0,0,0,0,0,0,0,0,0,0,0,0,0,0,0,0,0,0,0,0,0,0,0,72.8099,30202.6,104.304,64.6482
Test,H100,256,16384,4194304,134217728,8192,10,1099.51,1073741824,0,0,0,1024,0,0,0,0,0,0,0,0,0,0,0,0,0,0,0,0,0,0,0,0,0,0,0,0,0,0,0,0,0,0,0,85.18,12908.2,37.9858,23.5438
Test,H100,256,16384,4194304,536870912,8192,10,4398.05,1073741824,0,0,0,0,4096,0,0,0,0,0,0,0,0,0,0,0,0,0,0,0,0,0,0,0,0,0,0,0,0,0,0,0,0,0,0,519.895,8459.49,3.33865,2.06931
Test,H100,256,16384,4194304,268435456,8192,10,2199.02,1073741824,0,0,0,0,0,2048,0,0,0,0,0,0,0,0,0,0,0,0,0,0,0,0,0,0,0,0,0,0,0,0,0,0,0,0,0,68.3304,32182.2,1.19864,0.742924
Test,H100,256,16384,4194304,134217728,8192,10,1099.51,1073741824,0,0,0,0,0,0,1024,0,0,0,0,0,0,0,0,0,0,0,0,0,0,0,0,0,0,0,0,0,0,0,0,0,0,0,0,66.5524,16521,0.796377,0.4936
Test,H100,256,16384,4194304,1073741824,8192,10,8796.09,1073741824,0,0,0,0,0,0,0,8192,0,0,0,0,0,0,0,0,0,0,0,0,0,0,0,0,0,0,0,0,0,0,0,0,0,0,0,620.866,14167.5,6.8533,4.24772
Test,H100,256,16384,4194304,536870912,8192,10,4398.05,1073741824,0,0,0,0,0,0,0,0,4096,0,0,0,0,0,0,0,0,0,0,0,0,0,0,0,0,0,0,0,0,0,0,0,0,0,0,320.916,13704.7,8.469,5.24914
Test,H100,256,16384,4194304,268435456,8192,10,2199.02,1073741824,0,0,0,0,0,0,0,0,0,2048,0,0,0,0,0,0,0,0,0,0,0,0,0,0,0,0,0,0,0,0,0,0,0,0,0,132.518,16594.1,0.329762,0.204389
Test,H100,256,16384,4194304,134217728,8192,10,1099.51,1073741824,0,0,0,0,0,0,0,0,0,0,1024,0,0,0,0,0,0,0,0,0,0,0,0,0,0,0,0,0,0,0,0,0,0,0,0,345.895,3178.75,2.5633,1.58875
Test,H100,256,16384,4194304,536870912,8192,10,4398.05,1073741824,0,0,0,0,0,0,0,0,0,0,0,4096,0,0,0,0,0,0,0,0,0,0,0,0,0,0,0,0,0,0,0,0,0,0,0,520.074,8456.57,3.28293,2.03478
Test,H100,256,16384,4194304,268435456,8192,10,2199.02,1073741824,0,0,0,0,0,0,0,0,0,0,0,0,2048,0,0,0,0,0,0,0,0,0,0,0,0,0,0,0,0,0,0,0,0,0,0,68.3308,32182,1.27038,0.787388
Test,H100,256,16384,4194304,134217728,8192,10,1099.51,1073741824,0,0,0,0,0,0,0,0,0,0,0,0,0,1024,0,0,0,0,0,0,0,0,0,0,0,0,0,0,0,0,0,0,0,0,0,66.5518,16521.1,0.844378,0.523351
Test,H100,256,16384,4194304,1073741824,8192,10,17592.2,1073741824,0,0,0,0,0,0,0,0,0,0,0,0,0,0,16384,0,0,0,0,0,0,0,0,0,0,0,0,0,0,0,0,0,0,0,0,614.794,28614.8,10.5869,6.56186
Test,H100,256,16384,4194304,536870912,8192,10,8796.09,1073741824,0,0,0,0,0,0,0,0,0,0,0,0,0,0,0,8192,0,0,0,0,0,0,0,0,0,0,0,0,0,0,0,0,0,0,0,318.235,27640.2,18.52,11.4788
Test,H100,256,16384,4194304,268435456,8192,10,4398.05,1073741824,0,0,0,0,0,0,0,0,0,0,0,0,0,0,0,0,4096,0,0,0,0,0,0,0,0,0,0,0,0,0,0,0,0,0,0,132.488,33195.9,0.742176,0.460006
Test,H100,256,16384,4194304,134217728,8192,10,2199.02,1073741824,0,0,0,0,0,0,0,0,0,0,0,0,0,0,0,0,0,2048,0,0,0,0,0,0,0,0,0,0,0,0,0,0,0,0,0,324.329,6780.23,6.18966,3.83639
Test,H100,256,16384,4194304,536870912,8192,10,8796.09,1073741824,0,0,0,0,0,0,0,0,0,0,0,0,0,0,0,0,0,0,8192,0,0,0,0,0,0,0,0,0,0,0,0,0,0,0,0,1075.17,8181.13,12.0633,7.47689
Test,H100,256,16384,4194304,268435456,8192,10,4398.05,1073741824,0,0,0,0,0,0,0,0,0,0,0,0,0,0,0,0,0,0,0,4096,0,0,0,0,0,0,0,0,0,0,0,0,0,0,0,67.3061,65344,2.70316,1.67544
Test,H100,256,16384,4194304,134217728,8192,10,2199.02,1073741824,0,0,0,0,0,0,0,0,0,0,0,0,0,0,0,0,0,0,0,0,2048,0,0,0,0,0,0,0,0,0,0,0,0,0,0,66.5636,33036.4,1.54815,0.959554
Test,H100,256,16384,4194304,1073741824,8192,10,8796.09,1073741824,0,0,0,0,0,0,0,0,0,0,0,0,0,0,0,0,0,0,0,0,0,8192,0,0,0,0,0,0,0,0,0,0,0,0,0,8998.13,977.547,0.0237759,0.0147364
Test,H100,256,16384,4194304,536870912,8192,10,4398.05,1073741824,0,0,0,0,0,0,0,0,0,0,0,0,0,0,0,0,0,0,0,0,0,0,4096,0,0,0,0,0,0,0,0,0,0,0,0,4496.99,977.998,0.0125975,0.00780803
Test,H100,256,16384,4194304,268435456,8192,10,2199.02,1073741824,0,0,0,0,0,0,0,0,0,0,0,0,0,0,0,0,0,0,0,0,0,0,0,2048,0,0,0,0,0,0,0,0,0,0,0,2375.37,925.762,0.810819,0.502551
Test,H100,256,16384,4194304,134217728,8192,10,1099.51,1073741824,0,0,0,0,0,0,0,0,0,0,0,0,0,0,0,0,0,0,0,0,0,0,0,0,1024,0,0,0,0,0,0,0,0,0,0,1500.68,732.677,0.609989,0.378075
Test,H100,256,16384,4194304,536870912,8192,10,4398.05,1073741824,0,0,0,0,0,0,0,0,0,0,0,0,0,0,0,0,0,0,0,0,0,0,0,0,0,4096,0,0,0,0,0,0,0,0,0,2830.42,1553.85,0.460583,0.285472
Test,H100,256,16384,4194304,268435456,8192,10,2199.02,1073741824,0,0,0,0,0,0,0,0,0,0,0,0,0,0,0,0,0,0,0,0,0,0,0,0,0,0,2048,0,0,0,0,0,0,0,0,3526.77,623.524,0.124374,0.0770879
Test,H100,256,16384,4194304,134217728,8192,10,1099.51,1073741824,0,0,0,0,0,0,0,0,0,0,0,0,0,0,0,0,0,0,0,0,0,0,0,0,0,0,0,1024,0,0,0,0,0,0,0,4351.51,252.673,0.0490363,0.030393
Test,H100,256,16384,4194304,1073741824,8192,10,8796.09,1073741824,0,0,0,0,0,0,0,0,0,0,0,0,0,0,0,0,0,0,0,0,0,0,0,0,0,0,0,0,8192,0,0,0,0,0,0,3624.72,2426.7,0.330463,0.204823
Test,H100,256,16384,4194304,536870912,8192,10,4398.05,1073741824,0,0,0,0,0,0,0,0,0,0,0,0,0,0,0,0,0,0,0,0,0,0,0,0,0,0,0,0,0,4096,0,0,0,0,0,1715.33,2563.96,0.371448,0.230226
Test,H100,256,16384,4194304,268435456,8192,10,2199.02,1073741824,0,0,0,0,0,0,0,0,0,0,0,0,0,0,0,0,0,0,0,0,0,0,0,0,0,0,0,0,0,0,2048,0,0,0,0,616.028,3569.68,1.42242,0.881627
Test,H100,256,16384,4194304,134217728,8192,10,1099.51,1073741824,0,0,0,0,0,0,0,0,0,0,0,0,0,0,0,0,0,0,0,0,0,0,0,0,0,0,0,0,0,0,0,1024,0,0,0,445.539,2467.82,0.815321,0.505341
Test,H100,256,16384,4194304,536870912,8192,10,4398.05,1073741824,0,0,0,0,0,0,0,0,0,0,0,0,0,0,0,0,0,0,0,0,0,0,0,0,0,0,0,0,0,0,0,0,4096,0,0,630.928,6970.76,5.72854,3.55059
Test,H100,256,16384,4194304,268435456,8192,10,2199.02,1073741824,0,0,0,0,0,0,0,0,0,0,0,0,0,0,0,0,0,0,0,0,0,0,0,0,0,0,0,0,0,0,0,0,0,2048,0,303.395,7248.07,8.55767,5.3041
Test,H100,256,16384,4194304,134217728,8192,10,1099.51,1073741824,0,0,0,0,0,0,0,0,0,0,0,0,0,0,0,0,0,0,0,0,0,0,0,0,0,0,0,0,0,0,0,0,0,0,1024,138.959,7912.48,2.57183,1.59404
Test,H100,256,16384,4194304,1073741824,16384,10,17592.2,1073741824,16384,0,0,0,0,0,0,0,0,0,0,0,0,0,0,0,0,0,0,0,0,0,0,0,0,0,0,0,0,0,0,0,0,0,0,555.131,31690.5,100.863,62.5158
Test,H100,256,16384,4194304,536870912,16384,10,8796.09,1073741824,0,8192,0,0,0,0,0,0,0,0,0,0,0,0,0,0,0,0,0,0,0,0,0,0,0,0,0,0,0,0,0,0,0,0,0,281.703,31224.7,8.47831,5.25491
Test,H100,256,16384,4194304,268435456,16384,10,4398.05,1073741824,0,0,4096,0,0,0,0,0,0,0,0,0,0,0,0,0,0,0,0,0,0,0,0,0,0,0,0,0,0,0,0,0,0,0,0,142.927,30771.2,11.9491,7.40613
Test,H100,256,16384,4194304,134217728,16384,10,2199.02,1073741824,0,0,0,2048,0,0,0,0,0,0,0,0,0,0,0,0,0,0,0,0,0,0,0,0,0,0,0,0,0,0,0,0,0,0,0,170.512,12896.6,4.12617,2.55743
Test,H100,256,16384,4194304,536870912,16384,10,8796.09,1073741824,0,0,0,0,8192,0,0,0,0,0,0,0,0,0,0,0,0,0,0,0,0,0,0,0,0,0,0,0,0,0,0,0,0,0,0,1034.93,8499.25,3.40367,2.10961
Test,H100,256,16384,4194304,268435456,16384,10,4398.05,1073741824,0,0,0,0,0,4096,0,0,0,0,0,0,0,0,0,0,0,0,0,0,0,0,0,0,0,0,0,0,0,0,0,0,0,0,0,136.591,32198.8,0.750993,0.46547
Test,H100,256,16384,4194304,134217728,16384,10,2199.02,1073741824,0,0,0,0,0,0,2048,0,0,0,0,0,0,0,0,0,0,0,0,0,0,0,0,0,0,0,0,0,0,0,0,0,0,0,0,133.115,16519.7,0.421329,0.261143
Test,H100,256,16384,4194304,1073741824,16384,10,17592.2,1073741824,0,0,0,0,0,0,0,16384,0,0,0,0,0,0,0,0,0,0,0,0,0,0,0,0,0,0,0,0,0,0,0,0,0,0,0,1218.15,14441.7,7.11861,4.41216
Test,H100,256,16384,4194304,536870912,16384,10,8796.09,1073741824,0,0,0,0,0,0,0,0,8192,0,0,0,0,0,0,0,0,0,0,0,0,0,0,0,0,0,0,0,0,0,0,0,0,0,0,627.621,14015,8.69836,5.3913
Test,H100,256,16384,4194304,268435456,16384,10,4398.05,1073741824,0,0,0,0,0,0,0,0,0,4096,0,0,0,0,0,0,0,0,0,0,0,0,0,0,0,0,0,0,0,0,0,0,0,0,0,264.923,16601.2,0.32392,0.200768
Test,H100,256,16384,4194304,134217728,16384,10,2199.02,1073741824,0,0,0,0,0,0,0,0,0,0,2048,0,0,0,0,0,0,0,0,0,0,0,0,0,0,0,0,0,0,0,0,0,0,0,0,687.703,3197.64,1.47572,0.914664
Test,H100,256,16384,4194304,536870912,16384,10,8796.09,1073741824,0,0,0,0,0,0,0,0,0,0,0,8192,0,0,0,0,0,0,0,0,0,0,0,0,0,0,0,0,0,0,0,0,0,0,0,1034.72,8500.92,2.87037,1.77908
Test,H100,256,16384,4194304,268435456,16384,10,4398.05,1073741824,0,0,0,0,0,0,0,0,0,0,0,0,4096,0,0,0,0,0,0,0,0,0,0,0,0,0,0,0,0,0,0,0,0,0,0,136.59,32198.9,0.743623,0.460902
Test,H100,256,16384,4194304,134217728,16384,10,2199.02,1073741824,0,0,0,0,0,0,0,0,0,0,0,0,0,2048,0,0,0,0,0,0,0,0,0,0,0,0,0,0,0,0,0,0,0,0,0,133.113,16519.9,0.418951,0.259669
Test,H100,256,16384,4194304,1073741824,16384,10,35184.4,1073741824,0,0,0,0,0,0,0,0,0,0,0,0,0,0,32768,0,0,0,0,0,0,0,0,0,0,0,0,0,0,0,0,0,0,0,0,1198.33,29361.2,15.634,9.69004
Test,H100,256,16384,4194304,536870912,16384,10,17592.2,1073741824,0,0,0,0,0,0,0,0,0,0,0,0,0,0,0,16384,0,0,0,0,0,0,0,0,0,0,0,0,0,0,0,0,0,0,0,617.605,28484.5,12.3877,7.67799
Test,H100,256,16384,4194304,268435456,16384,10,8796.09,1073741824,0,0,0,0,0,0,0,0,0,0,0,0,0,0,0,0,8192,0,0,0,0,0,0,0,0,0,0,0,0,0,0,0,0,0,0,264.895,33205.9,0.464374,0.287822
Test,H100,256,16384,4194304,134217728,16384,10,4398.05,1073741824,0,0,0,0,0,0,0,0,0,0,0,0,0,0,0,0,0,4096,0,0,0,0,0,0,0,0,0,0,0,0,0,0,0,0,0,642.887,6841.1,7.1654,4.44116
Test,H100,256,16384,4194304,536870912,16384,10,17592.2,1073741824,0,0,0,0,0,0,0,0,0,0,0,0,0,0,0,0,0,0,16384,0,0,0,0,0,0,0,0,0,0,0,0,0,0,0,0,2135.38,8238.45,4.54815,2.81897
Test,H100,256,16384,4194304,268435456,16384,10,8796.09,1073741824,0,0,0,0,0,0,0,0,0,0,0,0,0,0,0,0,0,0,0,8192,0,0,0,0,0,0,0,0,0,0,0,0,0,0,0,134.54,65378.8,1.3241,0.820686
Test,H100,256,16384,4194304,134217728,16384,10,4398.05,1073741824,0,0,0,0,0,0,0,0,0,0,0,0,0,0,0,0,0,0,0,0,4096,0,0,0,0,0,0,0,0,0,0,0,0,0,0,133.139,33033.4,0.938587,0.581742
Test,H100,256,16384,4194304,1073741824,16384,10,17592.2,1073741824,0,0,0,0,0,0,0,0,0,0,0,0,0,0,0,0,0,0,0,0,0,16384,0,0,0,0,0,0,0,0,0,0,0,0,0,17995.3,977.598,0.017105,0.0106018
Test,H100,256,16384,4194304,536870912,16384,10,8796.09,1073741824,0,0,0,0,0,0,0,0,0,0,0,0,0,0,0,0,0,0,0,0,0,0,8192,0,0,0,0,0,0,0,0,0,0,0,0,8993.89,978.008,0.0113655,0.00704442
Test,H100,256,16384,4194304,268435456,16384,10,4398.05,1073741824,0,0,0,0,0,0,0,0,0,0,0,0,0,0,0,0,0,0,0,0,0,0,0,4096,0,0,0,0,0,0,0,0,0,0,0,4729.92,929.835,0.523994,0.324775
Test,H100,256,16384,4194304,134217728,16384,10,2199.02,1073741824,0,0,0,0,0,0,0,0,0,0,0,0,0,0,0,0,0,0,0,0,0,0,0,0,2048,0,0,0,0,0,0,0,0,0,0,3002.79,732.327,0.524828,0.325292
Test,H100,256,16384,4194304,536870912,16384,10,8796.09,1073741824,0,0,0,0,0,0,0,0,0,0,0,0,0,0,0,0,0,0,0,0,0,0,0,0,0,8192,0,0,0,0,0,0,0,0,0,5627.5,1563.06,0.280286,0.173723
Test,H100,256,16384,4194304,268435456,16384,10,4398.05,1073741824,0,0,0,0,0,0,0,0,0,0,0,0,0,0,0,0,0,0,0,0,0,0,0,0,0,0,4096,0,0,0,0,0,0,0,0,7063.88,622.61,0.100873,0.0625215
Test,H100,256,16384,4194304,134217728,16384,10,2199.02,1073741824,0,0,0,0,0,0,0,0,0,0,0,0,0,0,0,0,0,0,0,0,0,0,0,0,0,0,0,2048,0,0,0,0,0,0,0,8721.04,252.151,0.0745826,0.0462268
Test,H100,256,16384,4194304,1073741824,16384,10,17592.2,1073741824,0,0,0,0,0,0,0,0,0,0,0,0,0,0,0,0,0,0,0,0,0,0,0,0,0,0,0,0,16384,0,0,0,0,0,0,7239.91,2429.89,0.170028,0.105384
Test,H100,256,16384,4194304,536870912,16384,10,8796.09,1073741824,0,0,0,0,0,0,0,0,0,0,0,0,0,0,0,0,0,0,0,0,0,0,0,0,0,0,0,0,0,8192,0,0,0,0,0,3418.94,2572.76,0.397294,0.246245
Test,H100,256,16384,4194304,268435456,16384,10,4398.05,1073741824,0,0,0,0,0,0,0,0,0,0,0,0,0,0,0,0,0,0,0,0,0,0,0,0,0,0,0,0,0,0,4096,0,0,0,0,1224.2,3592.6,1.38282,0.857081
Test,H100,256,16384,4194304,134217728,16384,10,2199.02,1073741824,0,0,0,0,0,0,0,0,0,0,0,0,0,0,0,0,0,0,0,0,0,0,0,0,0,0,0,0,0,0,0,2048,0,0,0,879.649,2499.89,1.6272,1.00855
Test,H100,256,16384,4194304,536870912,16384,10,8796.09,1073741824,0,0,0,0,0,0,0,0,0,0,0,0,0,0,0,0,0,0,0,0,0,0,0,0,0,0,0,0,0,0,0,0,8192,0,0,1246.75,7055.19,3.33848,2.06921
Test,H100,256,16384,4194304,268435456,16384,10,4398.05,1073741824,0,0,0,0,0,0,0,0,0,0,0,0,0,0,0,0,0,0,0,0,0,0,0,0,0,0,0,0,0,0,0,0,0,4096,0,608.533,7227.3,5.59065,3.46512
Test,H100,256,16384,4194304,134217728,16384,10,2199.02,1073741824,0,0,0,0,0,0,0,0,0,0,0,0,0,0,0,0,0,0,0,0,0,0,0,0,0,0,0,0,0,0,0,0,0,0,2048,277.119,7935.29,1.94985,1.20853
Test,H100,256,16384,4194304,1073741824,32768,10,35184.4,1073741824,32768,0,0,0,0,0,0,0,0,0,0,0,0,0,0,0,0,0,0,0,0,0,0,0,0,0,0,0,0,0,0,0,0,0,0,1098.66,32025.3,107.46,66.6045
Test,H100,256,16384,4194304,536870912,32768,10,17592.2,1073741824,0,16384,0,0,0,0,0,0,0,0,0,0,0,0,0,0,0,0,0,0,0,0,0,0,0,0,0,0,0,0,0,0,0,0,0,557.724,31542.8,8.4074,5.21096
Test,H100,256,16384,4194304,268435456,32768,10,8796.09,1073741824,0,0,8192,0,0,0,0,0,0,0,0,0,0,0,0,0,0,0,0,0,0,0,0,0,0,0,0,0,0,0,0,0,0,0,0,280.379,31372.5,105.275,65.2501
Test,H100,256,16384,4194304,134217728,32768,10,4398.05,1073741824,0,0,0,4096,0,0,0,0,0,0,0,0,0,0,0,0,0,0,0,0,0,0,0,0,0,0,0,0,0,0,0,0,0,0,0,339.169,12967.1,3.87582,2.40226
Test,H100,256,16384,4194304,536870912,32768,10,17592.2,1073741824,0,0,0,0,16384,0,0,0,0,0,0,0,0,0,0,0,0,0,0,0,0,0,0,0,0,0,0,0,0,0,0,0,0,0,0,2061.05,8535.56,2.03485,1.26121
Test,H100,256,16384,4194304,268435456,32768,10,8796.09,1073741824,0,0,0,0,0,8192,0,0,0,0,0,0,0,0,0,0,0,0,0,0,0,0,0,0,0,0,0,0,0,0,0,0,0,0,0,273.108,32207.4,0.340779,0.211217
Test,H100,256,16384,4194304,134217728,32768,10,4398.05,1073741824,0,0,0,0,0,0,4096,0,0,0,0,0,0,0,0,0,0,0,0,0,0,0,0,0,0,0,0,0,0,0,0,0,0,0,0,266.34,16512.9,0.323322,0.200397
Test,H100,256,16384,4194304,1073741824,32768,10,35184.4,1073741824,0,0,0,0,0,0,0,32768,0,0,0,0,0,0,0,0,0,0,0,0,0,0,0,0,0,0,0,0,0,0,0,0,0,0,0,2387.79,14735.1,5.91833,3.66822
Test,H100,256,16384,4194304,536870912,32768,10,17592.2,1073741824,0,0,0,0,0,0,0,0,16384,0,0,0,0,0,0,0,0,0,0,0,0,0,0,0,0,0,0,0,0,0,0,0,0,0,0,1228.81,14316.4,7.16402,4.4403
Test,H100,256,16384,4194304,268435456,32768,10,8796.09,1073741824,0,0,0,0,0,0,0,0,0,8192,0,0,0,0,0,0,0,0,0,0,0,0,0,0,0,0,0,0,0,0,0,0,0,0,0,529.826,16601.8,0.299498,0.185631
Test,H100,256,16384,4194304,134217728,32768,10,4398.05,1073741824,0,0,0,0,0,0,0,0,0,0,4096,0,0,0,0,0,0,0,0,0,0,0,0,0,0,0,0,0,0,0,0,0,0,0,0,1364.98,3222.06,1.43501,0.889429
Test,H100,256,16384,4194304,536870912,32768,10,17592.2,1073741824,0,0,0,0,0,0,0,0,0,0,0,16384,0,0,0,0,0,0,0,0,0,0,0,0,0,0,0,0,0,0,0,0,0,0,0,2061.39,8534.12,4.21629,2.61328
Test,H100,256,16384,4194304,268435456,32768,10,8796.09,1073741824,0,0,0,0,0,0,0,0,0,0,0,0,8192,0,0,0,0,0,0,0,0,0,0,0,0,0,0,0,0,0,0,0,0,0,0,273.107,32207.5,0.268774,0.166588
Test,H100,256,16384,4194304,134217728,32768,10,4398.05,1073741824,0,0,0,0,0,0,0,0,0,0,0,0,0,4096,0,0,0,0,0,0,0,0,0,0,0,0,0,0,0,0,0,0,0,0,0,266.34,16512.9,0.190934,0.118342
Test,H100,256,16384,4194304,1073741824,32768,10,70368.7,1073741824,0,0,0,0,0,0,0,0,0,0,0,0,0,0,65536,0,0,0,0,0,0,0,0,0,0,0,0,0,0,0,0,0,0,0,0,2339.45,30079.2,12.7672,7.91319
Test,H100,256,16384,4194304,536870912,32768,10,35184.4,1073741824,0,0,0,0,0,0,0,0,0,0,0,0,0,0,0,32768,0,0,0,0,0,0,0,0,0,0,0,0,0,0,0,0,0,0,0,1200.99,29296.1,13.9965,8.67513
Test,H100,256,16384,4194304,268435456,32768,10,17592.2,1073741824,0,0,0,0,0,0,0,0,0,0,0,0,0,0,0,0,16384,0,0,0,0,0,0,0,0,0,0,0,0,0,0,0,0,0,0,529.812,33204.6,0.836406,0.51841
Test,H100,256,16384,4194304,134217728,32768,10,8796.09,1073741824,0,0,0,0,0,0,0,0,0,0,0,0,0,0,0,0,0,8192,0,0,0,0,0,0,0,0,0,0,0,0,0,0,0,0,0,1260.32,6979.24,6.20463,3.84567
Test,H100,256,16384,4194304,536870912,32768,10,35184.4,1073741824,0,0,0,0,0,0,0,0,0,0,0,0,0,0,0,0,0,0,32768,0,0,0,0,0,0,0,0,0,0,0,0,0,0,0,0,4248.52,8281.56,2.53159,1.5691
Test,H100,256,16384,4194304,268435456,32768,10,17592.2,1073741824,0,0,0,0,0,0,0,0,0,0,0,0,0,0,0,0,0,0,0,16384,0,0,0,0,0,0,0,0,0,0,0,0,0,0,0,267.109,65861.7,87.5436,54.2601
Test,H100,256,16384,4194304,134217728,32768,10,8796.09,1073741824,0,0,0,0,0,0,0,0,0,0,0,0,0,0,0,0,0,0,0,0,8192,0,0,0,0,0,0,0,0,0,0,0,0,0,0,264.422,33265.3,0.74964,0.464632
Test,H100,256,16384,4194304,1073741824,32768,10,35184.4,1073741824,0,0,0,0,0,0,0,0,0,0,0,0,0,0,0,0,0,0,0,0,0,32768,0,0,0,0,0,0,0,0,0,0,0,0,0,35720,985.004,0.0309718,0.0191965
Test,H100,256,16384,4194304,536870912,32768,10,17592.2,1073741824,0,0,0,0,0,0,0,0,0,0,0,0,0,0,0,0,0,0,0,0,0,0,16384,0,0,0,0,0,0,0,0,0,0,0,0,17852.3,985.429,0.0113208,0.00701672
Test,H100,256,16384,4194304,268435456,32768,10,8796.09,1073741824,0,0,0,0,0,0,0,0,0,0,0,0,0,0,0,0,0,0,0,0,0,0,0,8192,0,0,0,0,0,0,0,0,0,0,0,9430.79,932.699,0.37768,0.234088
Test,H100,256,16384,4194304,134217728,32768,10,4398.05,1073741824,0,0,0,0,0,0,0,0,0,0,0,0,0,0,0,0,0,0,0,0,0,0,0,0,4096,0,0,0,0,0,0,0,0,0,0,6010.06,731.781,0.338439,0.209767
Test,H100,256,16384,4194304,536870912,32768,10,17592.2,1073741824,0,0,0,0,0,0,0,0,0,0,0,0,0,0,0,0,0,0,0,0,0,0,0,0,0,16384,0,0,0,0,0,0,0,0,0,11123.3,1581.57,0.141647,0.0877934
Test,H100,256,16384,4194304,268435456,32768,10,8796.09,1073741824,0,0,0,0,0,0,0,0,0,0,0,0,0,0,0,0,0,0,0,0,0,0,0,0,0,0,8192,0,0,0,0,0,0,0,0,14029.9,626.951,0.0971803,0.060233
Test,H100,256,16384,4194304,134217728,32768,10,4398.05,1073741824,0,0,0,0,0,0,0,0,0,0,0,0,0,0,0,0,0,0,0,0,0,0,0,0,0,0,0,4096,0,0,0,0,0,0,0,17339.4,253.644,0.0477931,0.0296225
Test,H100,256,16384,4194304,1073741824,32768,10,35184.4,1073741824,0,0,0,0,0,0,0,0,0,0,0,0,0,0,0,0,0,0,0,0,0,0,0,0,0,0,0,0,32768,0,0,0,0,0,0,14467.2,2432.01,0.218517,0.135438
Test,H100,256,16384,4194304,536870912,32768,10,17592.2,1073741824,0,0,0,0,0,0,0,0,0,0,0,0,0,0,0,0,0,0,0,0,0,0,0,0,0,0,0,0,0,16384,0,0,0,0,0,6771.79,2597.86,0.340467,0.211023
Test,H100,256,16384,4194304,268435456,32768,10,8796.09,1073741824,0,0,0,0,0,0,0,0,0,0,0,0,0,0,0,0,0,0,0,0,0,0,0,0,0,0,0,0,0,0,8192,0,0,0,0,2419.37,3635.69,1.06915,0.662663
Test,H100,256,16384,4194304,134217728,32768,10,4398.05,1073741824,0,0,0,0,0,0,0,0,0,0,0,0,0,0,0,0,0,0,0,0,0,0,0,0,0,0,0,0,0,0,0,4096,0,0,0,1728.67,2544.19,0.686149,0.42528
Test,H100,256,16384,4194304,536870912,32768,10,17592.2,1073741824,0,0,0,0,0,0,0,0,0,0,0,0,0,0,0,0,0,0,0,0,0,0,0,0,0,0,0,0,0,0,0,0,16384,0,0,2472.26,7115.83,5.60151,3.47185
Test,H100,256,16384,4194304,268435456,32768,10,8796.09,1073741824,0,0,0,0,0,0,0,0,0,0,0,0,0,0,0,0,0,0,0,0,0,0,0,0,0,0,0,0,0,0,0,0,0,8192,0,1199.12,7335.45,3.29931,2.04493
Test,H100,256,16384,4194304,134217728,32768,10,4398.05,1073741824,0,0,0,0,0,0,0,0,0,0,0,0,0,0,0,0,0,0,0,0,0,0,0,0,0,0,0,0,0,0,0,0,0,0,4096,553.307,7948.66,1.61502,1.001
Test,MI250X_two_gcd,256,16384,4194304,1073741824,2,3831,2.14748,1073741824,2,0,0,0,0,0,0,0,0,0,0,0,0,0,0,0,0,0,0,0,0,0,0,0,0,0,0,0,0,0,0,0,0,0,0,5.24028,409.932,7.324,0.231925
Test,MI250X_two_gcd,256,16384,4194304,1073741824,2,3831,2.14748,1073741824,2,0,0,0,0,0,0,0,0,0,0,0,0,0,0,0,0,0,0,0,0,0,0,0,0,0,0,0,0,0,0,0,0,0,0,5.29211,405.876,5.92878,0.187744
Test,MI250X_two_gcd,256,16384,4194304,536870912,2,6272,1.07374,1073741824,0,1,0,0,0,0,0,0,0,0,0,0,0,0,0,0,0,0,0,0,0,0,0,0,0,0,0,0,0,0,0,0,0,0,0,3.18669,336.95,1.25541,0.0310698
Test,MI250X_two_gcd,256,16384,4194304,536870912,2,6272,1.07374,1073741824,0,1,0,0,0,0,0,0,0,0,0,0,0,0,0,0,0,0,0,0,0,0,0,0,0,0,0,0,0,0,0,0,0,0,0,3.18893,336.713,1.2265,0.0303542
Test,MI250X_two_gcd,256,16384,4194304,268435456,2,11583,0.536871,1073741824,0,0,0.5,0,0,0,0,0,0,0,0,0,0,0,0,0,0,0,0,0,0,0,0,0,0,0,0,0,0,0,0,0,0,0,0,1.72426,311.366,0.73377,0.013363
Test,MI250X_two_gcd,256,16384,4194304,268435456,2,11583,0.536871,1073741824,0,0,0.5,0,0,0,0,0,0,0,0,0,0,0,0,0,0,0,0,0,0,0,0,0,0,0,0,0,0,0,0,0,0,0,0,1.72306,311.58,0.643305,0.0117155
Test,MI250X_two_gcd,256,16384,4194304,134217728,2,11682,0.268435,1073741824,0,0,0,0.25,0,0,0,0,0,0,0,0,0,0,0,0,0,0,0,0,0,0,0,0,0,0,0,0,0,0,0,0,0,0,0,1.71436,156.583,0.676288,0.0122639
Test,MI250X_two_gcd,256,16384,4194304,134217728,2,11682,0.268435,1073741824,0,0,0,0.25,0,0,0,0,0,0,0,0,0,0,0,0,0,0,0,0,0,0,0,0,0,0,0,0,0,0,0,0,0,0,0,1.71204,156.795,0.63113,0.011445
Test,MI250X_two_gcd,256,16384,4194304,536870912,2,14260,1.07374,1073741824,0,0,0,0,1,0,0,0,0,0,0,0,0,0,0,0,0,0,0,0,0,0,0,0,0,0,0,0,0,0,0,0,0,0,0,1.40403,764.765,3.10015,0.0508837
Test,MI250X_two_gcd,256,16384,4194304,536870912,2,14260,1.07374,1073741824,0,0,0,0,1,0,0,0,0,0,0,0,0,0,0,0,0,0,0,0,0,0,0,0,0,0,0,0,0,0,0,0,0,0,0,1.4068,763.263,3.216,0.0527853
Test,MI250X_two_gcd,256,16384,4194304,268435456,2,23405,0.536871,1073741824,0,0,0,0,0,0.5,0,0,0,0,0,0,0,0,0,0,0,0,0,0,0,0,0,0,0,0,0,0,0,0,0,0,0,0,0,0.855178,627.843,5.84975,0.0749444
Test,MI250X_two_gcd,256,16384,4194304,268435456,2,23405,0.536871,1073741824,0,0,0,0,0,0.5,0,0,0,0,0,0,0,0,0,0,0,0,0,0,0,0,0,0,0,0,0,0,0,0,0,0,0,0,0,0.854604,628.267,6.02357,0.0771713
Test,MI250X_two_gcd,256,16384,4194304,134217728,2,23420,0.268435,1073741824,0,0,0,0,0,0,0.25,0,0,0,0,0,0,0,0,0,0,0,0,0,0,0,0,0,0,0,0,0,0,0,0,0,0,0,0,0.855639,313.754,2.95274,0.037817
Test,MI250X_two_gcd,256,16384,4194304,134217728,2,23420,0.268435,1073741824,0,0,0,0,0,0,0.25,0,0,0,0,0,0,0,0,0,0,0,0,0,0,0,0,0,0,0,0,0,0,0,0,0,0,0,0,0.855007,313.988,3.02766,0.0387766
Test,MI250X_two_gcd,256,16384,4194304,1073741824,2,3796,2.14748,1073741824,0,0,0,0,0,0,0,2,0,0,0,0,0,0,0,0,0,0,0,0,0,0,0,0,0,0,0,0,0,0,0,0,0,0,0,5.23132,410.645,7.62808,0.242665
Test,MI250X_two_gcd,256,16384,4194304,1073741824,2,3796,2.14748,1073741824,0,0,0,0,0,0,0,2,0,0,0,0,0,0,0,0,0,0,0,0,0,0,0,0,0,0,0,0,0,0,0,0,0,0,0,5.28239,406.625,6.0442,0.192279
Test,MI250X_two_gcd,256,16384,4194304,536870912,2,6270,1.07374,1073741824,0,0,0,0,0,0,0,0,1,0,0,0,0,0,0,0,0,0,0,0,0,0,0,0,0,0,0,0,0,0,0,0,0,0,0,3.18639,336.982,1.24759,0.0308811
Test,MI250X_two_gcd,256,16384,4194304,536870912,2,6270,1.07374,1073741824,0,0,0,0,0,0,0,0,1,0,0,0,0,0,0,0,0,0,0,0,0,0,0,0,0,0,0,0,0,0,0,0,0,0,0,3.18897,336.71,1.22764,0.0303873
Test,MI250X_two_gcd,256,16384,4194304,268435456,2,11595,0.536871,1073741824,0,0,0,0,0,0,0,0,0,0.5,0,0,0,0,0,0,0,0,0,0,0,0,0,0,0,0,0,0,0,0,0,0,0,0,0,1.7242,311.376,0.724952,0.0131956
Test,MI250X_two_gcd,256,16384,4194304,268435456,2,11595,0.536871,1073741824,0,0,0,0,0,0,0,0,0,0.5,0,0,0,0,0,0,0,0,0,0,0,0,0,0,0,0,0,0,0,0,0,0,0,0,0,1.72312,311.571,0.651881,0.0118656
Test,MI250X_two_gcd,256,16384,4194304,134217728,2,11664,0.268435,1073741824,0,0,0,0,0,0,0,0,0,0,0.25,0,0,0,0,0,0,0,0,0,0,0,0,0,0,0,0,0,0,0,0,0,0,0,0,1.71596,156.438,0.724341,0.0131454
Test,MI250X_two_gcd,256,16384,4194304,134217728,2,11664,0.268435,1073741824,0,0,0,0,0,0,0,0,0,0,0.25,0,0,0,0,0,0,0,0,0,0,0,0,0,0,0,0,0,0,0,0,0,0,0,0,1.71366,156.647,0.673398,0.0122209
Test,MI250X_two_gcd,256,16384,4194304,536870912,2,14226,1.07374,1073741824,0,0,0,0,0,0,0,0,0,0,0,1,0,0,0,0,0,0,0,0,0,0,0,0,0,0,0,0,0,0,0,0,0,0,0,1.40438,764.585,3.10484,0.0510216
Test,MI250X_two_gcd,256,16384,4194304,536870912,2,14226,1.07374,1073741824,0,0,0,0,0,0,0,0,0,0,0,1,0,0,0,0,0,0,0,0,0,0,0,0,0,0,0,0,0,0,0,0,0,0,0,1.40694,763.186,3.2972,0.0541826
Test,MI250X_two_gcd,256,16384,4194304,268435456,2,23476,0.536871,1073741824,0,0,0,0,0,0,0,0,0,0,0,0,0.5,0,0,0,0,0,0,0,0,0,0,0,0,0,0,0,0,0,0,0,0,0,0,0.855264,627.78,5.86176,0.0749846
Test,MI250X_two_gcd,256,16384,4194304,268435456,2,23476,0.536871,1073741824,0,0,0,0,0,0,0,0,0,0,0,0,0.5,0,0,0,0,0,0,0,0,0,0,0,0,0,0,0,0,0,0,0,0,0,0,0.85481,628.117,6.0757,0.0777214
Test,MI250X_two_gcd,256,16384,4194304,134217728,2,23263,0.268435,1073741824,0,0,0,0,0,0,0,0,0,0,0,0,0,0.25,0,0,0,0,0,0,0,0,0,0,0,0,0,0,0,0,0,0,0,0,0,0.855639,313.756,2.98659,0.0383794
Test,MI250X_two_gcd,256,16384,4194304,134217728,2,23263,0.268435,1073741824,0,0,0,0,0,0,0,0,0,0,0,0,0,0.25,0,0,0,0,0,0,0,0,0,0,0,0,0,0,0,0,0,0,0,0,0,0.854957,314.004,3.04029,0.0390695
Test,MI250X_two_gcd,256,16384,4194304,1073741824,2,8377,4.29497,1073741824,0,0,0,0,0,0,0,0,0,0,0,0,0,0,4,0,0,0,0,0,0,0,0,0,0,0,0,0,0,0,0,0,0,0,0,2.38977,1797.28,8.92493,0.191125
Test,MI250X_two_gcd,256,16384,4194304,1073741824,2,8377,4.29497,1073741824,0,0,0,0,0,0,0,0,0,0,0,0,0,0,4,0,0,0,0,0,0,0,0,0,0,0,0,0,0,0,0,0,0,0,0,2.40167,1788.38,8.96555,0.191994
Test,MI250X_two_gcd,256,16384,4194304,536870912,2,14440,2.14748,1073741824,0,0,0,0,0,0,0,0,0,0,0,0,0,0,0,2,0,0,0,0,0,0,0,0,0,0,0,0,0,0,0,0,0,0,0,1.38415,1551.51,6.55386,0.106898
Test,MI250X_two_gcd,256,16384,4194304,536870912,2,14440,2.14748,1073741824,0,0,0,0,0,0,0,0,0,0,0,0,0,0,0,2,0,0,0,0,0,0,0,0,0,0,0,0,0,0,0,0,0,0,0,1.38734,1547.95,6.8145,0.111149
Test,MI250X_two_gcd,256,16384,4194304,268435456,2,23126,1.07374,1073741824,0,0,0,0,0,0,0,0,0,0,0,0,0,0,0,0,1,0,0,0,0,0,0,0,0,0,0,0,0,0,0,0,0,0,0,0.865732,1240.36,10.2132,0.131634
Test,MI250X_two_gcd,256,16384,4194304,268435456,2,23126,1.07374,1073741824,0,0,0,0,0,0,0,0,0,0,0,0,0,0,0,0,1,0,0,0,0,0,0,0,0,0,0,0,0,0,0,0,0,0,0,0.865815,1240.23,10.0792,0.129906
Test,MI250X_two_gcd,256,16384,4194304,134217728,2,23387,0.536871,1073741824,0,0,0,0,0,0,0,0,0,0,0,0,0,0,0,0,0,0.5,0,0,0,0,0,0,0,0,0,0,0,0,0,0,0,0,0,0.854265,628.489,4.38702,0.0562261
Test,MI250X_two_gcd,256,16384,4194304,134217728,2,23387,0.536871,1073741824,0,0,0,0,0,0,0,0,0,0,0,0,0,0,0,0,0,0.5,0,0,0,0,0,0,0,0,0,0,0,0,0,0,0,0,0,0.853785,628.849,4.84543,0.0621014
Test,MI250X_two_gcd,256,16384,4194304,536870912,2,13855,2.14748,1073741824,0,0,0,0,0,0,0,0,0,0,0,0,0,0,0,0,0,0,2,0,0,0,0,0,0,0,0,0,0,0,0,0,0,0,0,1.44383,1487.37,5.33867,0.0888968
Test,MI250X_two_gcd,256,16384,4194304,536870912,2,13855,2.14748,1073741824,0,0,0,0,0,0,0,0,0,0,0,0,0,0,0,0,0,0,2,0,0,0,0,0,0,0,0,0,0,0,0,0,0,0,0,1.44681,1484.31,5.51638,0.0918559
Test,MI250X_two_gcd,256,16384,4194304,268435456,2,23342,1.07374,1073741824,0,0,0,0,0,0,0,0,0,0,0,0,0,0,0,0,0,0,0,1,0,0,0,0,0,0,0,0,0,0,0,0,0,0,0,0.855478,1255.25,11.7889,0.151238
Test,MI250X_two_gcd,256,16384,4194304,268435456,2,23342,1.07374,1073741824,0,0,0,0,0,0,0,0,0,0,0,0,0,0,0,0,0,0,0,1,0,0,0,0,0,0,0,0,0,0,0,0,0,0,0,0.854779,1256.28,12.1466,0.155827
Test,MI250X_two_gcd,256,16384,4194304,134217728,2,23377,0.536871,1073741824,0,0,0,0,0,0,0,0,0,0,0,0,0,0,0,0,0,0,0,0,0.5,0,0,0,0,0,0,0,0,0,0,0,0,0,0,0.855296,627.755,5.86308,0.0751601
Test,MI250X_two_gcd,256,16384,4194304,134217728,2,23377,0.536871,1073741824,0,0,0,0,0,0,0,0,0,0,0,0,0,0,0,0,0,0,0,0,0.5,0,0,0,0,0,0,0,0,0,0,0,0,0,0,0.8547,628.195,5.99766,0.0768854
Test,MI250X_two_gcd,256,16384,4194304,1073741824,2,6642,2.14748,1073741824,0,0,0,0,0,0,0,0,0,0,0,0,0,0,0,0,0,0,0,0,0,2,0,0,0,0,0,0,0,0,0,0,0,0,0,3.0136,712.599,1.29364,0.0311114
Test,MI250X_two_gcd,256,16384,4194304,1073741824,2,6642,2.14748,1073741824,0,0,0,0,0,0,0,0,0,0,0,0,0,0,0,0,0,0,0,0,0,2,0,0,0,0,0,0,0,0,0,0,0,0,0,3.02481,709.961,1.28832,0.0309834
Test,MI250X_two_gcd,256,16384,4194304,536870912,2,12488,1.07374,1073741824,0,0,0,0,0,0,0,0,0,0,0,0,0,0,0,0,0,0,0,0,0,0,1,0,0,0,0,0,0,0,0,0,0,0,0,1.60346,669.64,1.13913,0.0199795
Test,MI250X_two_gcd,256,16384,4194304,536870912,2,12488,1.07374,1073741824,0,0,0,0,0,0,0,0,0,0,0,0,0,0,0,0,0,0,0,0,0,0,1,0,0,0,0,0,0,0,0,0,0,0,0,1.6065,668.369,1.20564,0.0211459
Test,MI250X_two_gcd,256,16384,4194304,268435456,2,16325,0.536871,1073741824,0,0,0,0,0,0,0,0,0,0,0,0,0,0,0,0,0,0,0,0,0,0,0,0.5,0,0,0,0,0,0,0,0,0,0,0,1.24187,432.308,1.15428,0.0177069
Test,MI250X_two_gcd,256,16384,4194304,268435456,2,16325,0.536871,1073741824,0,0,0,0,0,0,0,0,0,0,0,0,0,0,0,0,0,0,0,0,0,0,0,0.5,0,0,0,0,0,0,0,0,0,0,0,1.2453,431.114,1.3874,0.0212829
Test,MI250X_two_gcd,256,16384,4194304,134217728,2,8418,0.268435,1073741824,0,0,0,0,0,0,0,0,0,0,0,0,0,0,0,0,0,0,0,0,0,0,0,0,0.25,0,0,0,0,0,0,0,0,0,0,2.38052,112.762,0.0307919,0.000657791
Test,MI250X_two_gcd,256,16384,4194304,134217728,2,8418,0.268435,1073741824,0,0,0,0,0,0,0,0,0,0,0,0,0,0,0,0,0,0,0,0,0,0,0,0,0.25,0,0,0,0,0,0,0,0,0,0,2.38589,112.509,0.0797089,0.00170278
Test,MI250X_two_gcd,256,16384,4194304,536870912,2,13030,1.07374,1073741824,0,0,0,0,0,0,0,0,0,0,0,0,0,0,0,0,0,0,0,0,0,0,0,0,0,1,0,0,0,0,0,0,0,0,0,1.53584,699.126,1.39285,0.0239159
Test,MI250X_two_gcd,256,16384,4194304,536870912,2,13030,1.07374,1073741824,0,0,0,0,0,0,0,0,0,0,0,0,0,0,0,0,0,0,0,0,0,0,0,0,0,1,0,0,0,0,0,0,0,0,0,1.53864,697.851,1.43119,0.0245743
Test,MI250X_two_gcd,256,16384,4194304,268435456,2,21049,0.536871,1073741824,0,0,0,0,0,0,0,0,0,0,0,0,0,0,0,0,0,0,0,0,0,0,0,0,0,0,0.5,0,0,0,0,0,0,0,0,1.00489,534.271,1.84409,0.0249128
Test,MI250X_two_gcd,256,16384,4194304,268435456,2,21049,0.536871,1073741824,0,0,0,0,0,0,0,0,0,0,0,0,0,0,0,0,0,0,0,0,0,0,0,0,0,0,0.5,0,0,0,0,0,0,0,0,1.00535,534.024,1.87305,0.025304
Test,MI250X_two_gcd,256,16384,4194304,134217728,2,23276,0.268435,1073741824,0,0,0,0,0,0,0,0,0,0,0,0,0,0,0,0,0,0,0,0,0,0,0,0,0,0,0,0.25,0,0,0,0,0,0,0,0.85625,313.527,2.87185,0.0368946
Test,MI250X_two_gcd,256,16384,4194304,134217728,2,23276,0.268435,1073741824,0,0,0,0,0,0,0,0,0,0,0,0,0,0,0,0,0,0,0,0,0,0,0,0,0,0,0,0.25,0,0,0,0,0,0,0,0.85573,313.721,3.07705,0.0395308
Test,MI250X_two_gcd,256,16384,4194304,1073741824,2,3248,2.14748,1073741824,0,0,0,0,0,0,0,0,0,0,0,0,0,0,0,0,0,0,0,0,0,0,0,0,0,0,0,0,2,0,0,0,0,0,0,6.15664,348.82,2.15495,0.0741115
Test,MI250X_two_gcd,256,16384,4194304,1073741824,2,3248,2.14748,1073741824,0,0,0,0,0,0,0,0,0,0,0,0,0,0,0,0,0,0,0,0,0,0,0,0,0,0,0,0,2,0,0,0,0,0,0,6.15321,349.021,2.61234,0.0898415
Test,MI250X_two_gcd,256,16384,4194304,536870912,2,5881,1.07374,1073741824,0,0,0,0,0,0,0,0,0,0,0,0,0,0,0,0,0,0,0,0,0,0,0,0,0,0,0,0,0,1,0,0,0,0,0,3.39752,316.04,0.788151,0.0201437
Test,MI250X_two_gcd,256,16384,4194304,536870912,2,5881,1.07374,1073741824,0,0,0,0,0,0,0,0,0,0,0,0,0,0,0,0,0,0,0,0,0,0,0,0,0,0,0,0,0,1,0,0,0,0,0,3.39952,315.853,0.812281,0.0207605
Test,MI250X_two_gcd,256,16384,4194304,268435456,2,11375,0.536871,1073741824,0,0,0,0,0,0,0,0,0,0,0,0,0,0,0,0,0,0,0,0,0,0,0,0,0,0,0,0,0,0,0.5,0,0,0,0,1.75818,305.366,1.68467,0.0309596
Test,MI250X_two_gcd,256,16384,4194304,268435456,2,11375,0.536871,1073741824,0,0,0,0,0,0,0,0,0,0,0,0,0,0,0,0,0,0,0,0,0,0,0,0,0,0,0,0,0,0,0.5,0,0,0,0,1.75041,306.716,1.16705,0.0214471
Test,MI250X_two_gcd,256,16384,4194304,134217728,2,11667,0.268435,1073741824,0,0,0,0,0,0,0,0,0,0,0,0,0,0,0,0,0,0,0,0,0,0,0,0,0,0,0,0,0,0,0,0.25,0,0,0,1.71251,156.75,0.439385,0.007973
Test,MI250X_two_gcd,256,16384,4194304,134217728,2,11667,0.268435,1073741824,0,0,0,0,0,0,0,0,0,0,0,0,0,0,0,0,0,0,0,0,0,0,0,0,0,0,0,0,0,0,0,0.25,0,0,0,1.71208,156.79,0.302494,0.005489
Test,MI250X_two_gcd,256,16384,4194304,536870912,2,5861,1.07374,1073741824,0,0,0,0,0,0,0,0,0,0,0,0,0,0,0,0,0,0,0,0,0,0,0,0,0,0,0,0,0,0,0,0,1,0,0,3.41305,314.6,0.80312,0.0205613
Test,MI250X_two_gcd,256,16384,4194304,536870912,2,5861,1.07374,1073741824,0,0,0,0,0,0,0,0,0,0,0,0,0,0,0,0,0,0,0,0,0,0,0,0,0,0,0,0,0,0,0,0,1,0,0,3.4151,314.411,0.815638,0.0208818
Test,MI250X_two_gcd,256,16384,4194304,268435456,2,11395,0.536871,1073741824,0,0,0,0,0,0,0,0,0,0,0,0,0,0,0,0,0,0,0,0,0,0,0,0,0,0,0,0,0,0,0,0,0,0.5,0,1.75603,305.738,1.66421,0.0305568
Test,MI250X_two_gcd,256,16384,4194304,268435456,2,11395,0.536871,1073741824,0,0,0,0,0,0,0,0,0,0,0,0,0,0,0,0,0,0,0,0,0,0,0,0,0,0,0,0,0,0,0,0,0,0.5,0,1.74919,306.929,1.18727,0.0217996
Test,MI250X_two_gcd,256,16384,4194304,134217728,2,11644,0.268435,1073741824,0,0,0,0,0,0,0,0,0,0,0,0,0,0,0,0,0,0,0,0,0,0,0,0,0,0,0,0,0,0,0,0,0,0,0.25,1.71945,156.12,0.76345,0.0138671
Test,MI250X_two_gcd,256,16384,4194304,134217728,2,11644,0.268435,1073741824,0,0,0,0,0,0,0,0,0,0,0,0,0,0,0,0,0,0,0,0,0,0,0,0,0,0,0,0,0,0,0,0,0,0,0.25,1.71693,156.35,0.760583,0.013815
Test,MI250X_two_gcd,256,16384,4194304,1073741824,4,3605,4.29497,1073741824,4,0,0,0,0,0,0,0,0,0,0,0,0,0,0,0,0,0,0,0,0,0,0,0,0,0,0,0,0,0,0,0,0,0,0,5.5574,772.964,9.99435,0.326256
Test,MI250X_two_gcd,256,16384,4194304,1073741824,4,3605,4.29497,1073741824,4,0,0,0,0,0,0,0,0,0,0,0,0,0,0,0,0,0,0,0,0,0,0,0,0,0,0,0,0,0,0,0,0,0,0,5.58746,768.772,8.5037,0.277595
Test,MI250X_two_gcd,256,16384,4194304,536870912,4,6090,2.14748,1073741824,0,2,0,0,0,0,0,0,0,0,0,0,0,0,0,0,0,0,0,0,0,0,0,0,0,0,0,0,0,0,0,0,0,0,0,3.28492,653.747,1.96393,0.0493257
Test,MI250X_two_gcd,256,16384,4194304,536870912,4,6090,2.14748,1073741824,0,2,0,0,0,0,0,0,0,0,0,0,0,0,0,0,0,0,0,0,0,0,0,0,0,0,0,0,0,0,0,0,0,0,0,3.28699,653.335,2.04925,0.0514687
Test,MI250X_two_gcd,256,16384,4194304,268435456,4,11530,1.07374,1073741824,0,0,1,0,0,0,0,0,0,0,0,0,0,0,0,0,0,0,0,0,0,0,0,0,0,0,0,0,0,0,0,0,0,0,0,1.73523,618.798,2.1586,0.0394015
Test,MI250X_two_gcd,256,16384,4194304,268435456,4,11530,1.07374,1073741824,0,0,1,0,0,0,0,0,0,0,0,0,0,0,0,0,0,0,0,0,0,0,0,0,0,0,0,0,0,0,0,0,0,0,0,1.73197,619.957,1.46523,0.0267453
Test,MI250X_two_gcd,256,16384,4194304,134217728,4,11612,0.536871,1073741824,0,0,0,0.5,0,0,0,0,0,0,0,0,0,0,0,0,0,0,0,0,0,0,0,0,0,0,0,0,0,0,0,0,0,0,0,1.71469,313.106,1.39378,0.0253512
Test,MI250X_two_gcd,256,16384,4194304,134217728,4,11612,0.536871,1073741824,0,0,0,0.5,0,0,0,0,0,0,0,0,0,0,0,0,0,0,0,0,0,0,0,0,0,0,0,0,0,0,0,0,0,0,0,1.71234,313.536,1.29311,0.0235201
Test,MI250X_two_gcd,256,16384,4194304,536870912,4,13952,2.14748,1073741824,0,0,0,0,2,0,0,0,0,0,0,0,0,0,0,0,0,0,0,0,0,0,0,0,0,0,0,0,0,0,0,0,0,0,0,1.43236,1499.27,5.35452,0.0888502
Test,MI250X_two_gcd,256,16384,4194304,536870912,4,13952,2.14748,1073741824,0,0,0,0,2,0,0,0,0,0,0,0,0,0,0,0,0,0,0,0,0,0,0,0,0,0,0,0,0,0,0,0,0,0,0,1.43655,1494.89,5.59862,0.0929007
Test,MI250X_two_gcd,256,16384,4194304,268435456,4,23393,1.07374,1073741824,0,0,0,0,0,1,0,0,0,0,0,0,0,0,0,0,0,0,0,0,0,0,0,0,0,0,0,0,0,0,0,0,0,0,0,0.854761,1256.3,11.5383,0.147861
Test,MI250X_two_gcd,256,16384,4194304,268435456,4,23393,1.07374,1073741824,0,0,0,0,0,1,0,0,0,0,0,0,0,0,0,0,0,0,0,0,0,0,0,0,0,0,0,0,0,0,0,0,0,0,0,0.854182,1257.16,11.9825,0.153554
Test,MI250X_two_gcd,256,16384,4194304,134217728,4,23404,0.536871,1073741824,0,0,0,0,0,0,0.5,0,0,0,0,0,0,0,0,0,0,0,0,0,0,0,0,0,0,0,0,0,0,0,0,0,0,0,0,0.855033,627.953,5.79314,0.0742207
Test,MI250X_two_gcd,256,16384,4194304,134217728,4,23404,0.536871,1073741824,0,0,0,0,0,0,0.5,0,0,0,0,0,0,0,0,0,0,0,0,0,0,0,0,0,0,0,0,0,0,0,0,0,0,0,0,0.854416,628.405,5.98973,0.0767393
Test,MI250X_two_gcd,256,16384,4194304,1073741824,4,3629,4.29497,1073741824,0,0,0,0,0,0,0,4,0,0,0,0,0,0,0,0,0,0,0,0,0,0,0,0,0,0,0,0,0,0,0,0,0,0,0,5.53368,776.268,9.61699,0.312897
Test,MI250X_two_gcd,256,16384,4194304,1073741824,4,3629,4.29497,1073741824,0,0,0,0,0,0,0,4,0,0,0,0,0,0,0,0,0,0,0,0,0,0,0,0,0,0,0,0,0,0,0,0,0,0,0,5.56519,771.848,8.57009,0.278836
Test,MI250X_two_gcd,256,16384,4194304,536870912,4,6093,2.14748,1073741824,0,0,0,0,0,0,0,0,2,0,0,0,0,0,0,0,0,0,0,0,0,0,0,0,0,0,0,0,0,0,0,0,0,0,0,3.28287,654.156,1.99114,0.0499967
Test,MI250X_two_gcd,256,16384,4194304,536870912,4,6093,2.14748,1073741824,0,0,0,0,0,0,0,0,2,0,0,0,0,0,0,0,0,0,0,0,0,0,0,0,0,0,0,0,0,0,0,0,0,0,0,3.28511,653.708,2.02164,0.0507627
Test,MI250X_two_gcd,256,16384,4194304,268435456,4,11520,1.07374,1073741824,0,0,0,0,0,0,0,0,0,1,0,0,0,0,0,0,0,0,0,0,0,0,0,0,0,0,0,0,0,0,0,0,0,0,0,1.73498,618.889,2.14042,0.0390868
Test,MI250X_two_gcd,256,16384,4194304,268435456,4,11520,1.07374,1073741824,0,0,0,0,0,0,0,0,0,1,0,0,0,0,0,0,0,0,0,0,0,0,0,0,0,0,0,0,0,0,0,0,0,0,0,1.73171,620.051,1.45472,0.026565
Test,MI250X_two_gcd,256,16384,4194304,134217728,4,11629,0.536871,1073741824,0,0,0,0,0,0,0,0,0,0,0.5,0,0,0,0,0,0,0,0,0,0,0,0,0,0,0,0,0,0,0,0,0,0,0,0,1.71636,312.802,1.40047,0.0254542
Test,MI250X_two_gcd,256,16384,4194304,134217728,4,11629,0.536871,1073741824,0,0,0,0,0,0,0,0,0,0,0.5,0,0,0,0,0,0,0,0,0,0,0,0,0,0,0,0,0,0,0,0,0,0,0,0,1.71481,313.084,1.36263,0.0247663
Test,MI250X_two_gcd,256,16384,4194304,536870912,4,13961,2.14748,1073741824,0,0,0,0,0,0,0,0,0,0,0,2,0,0,0,0,0,0,0,0,0,0,0,0,0,0,0,0,0,0,0,0,0,0,0,1.43252,1499.11,5.29976,0.0879131
Test,MI250X_two_gcd,256,16384,4194304,536870912,4,13961,2.14748,1073741824,0,0,0,0,0,0,0,0,0,0,0,2,0,0,0,0,0,0,0,0,0,0,0,0,0,0,0,0,0,0,0,0,0,0,0,1.43634,1495.12,5.50196,0.0912673
Test,MI250X_two_gcd,256,16384,4194304,268435456,4,23352,1.07374,1073741824,0,0,0,0,0,0,0,0,0,0,0,0,1,0,0,0,0,0,0,0,0,0,0,0,0,0,0,0,0,0,0,0,0,0,0,0.85478,1256.32,12.6002,0.161611
Test,MI250X_two_gcd,256,16384,4194304,268435456,4,23352,1.07374,1073741824,0,0,0,0,0,0,0,0,0,0,0,0,1,0,0,0,0,0,0,0,0,0,0,0,0,0,0,0,0,0,0,0,0,0,0,0.854256,1257.05,11.9832,0.153698
Test,MI250X_two_gcd,256,16384,4194304,134217728,4,23474,0.536871,1073741824,0,0,0,0,0,0,0,0,0,0,0,0,0,0.5,0,0,0,0,0,0,0,0,0,0,0,0,0,0,0,0,0,0,0,0,0,0.854967,627.999,5.8042,0.0742515
Test,MI250X_two_gcd,256,16384,4194304,134217728,4,23474,0.536871,1073741824,0,0,0,0,0,0,0,0,0,0,0,0,0,0.5,0,0,0,0,0,0,0,0,0,0,0,0,0,0,0,0,0,0,0,0,0,0.854517,628.33,5.98954,0.0766224
Test,MI250X_two_gcd,256,16384,4194304,1073741824,4,8149,8.58993,1073741824,0,0,0,0,0,0,0,0,0,0,0,0,0,0,8,0,0,0,0,0,0,0,0,0,0,0,0,0,0,0,0,0,0,0,0,2.45345,3501.23,14.5127,0.315103
Test,MI250X_two_gcd,256,16384,4194304,1073741824,4,8149,8.58993,1073741824,0,0,0,0,0,0,0,0,0,0,0,0,0,0,8,0,0,0,0,0,0,0,0,0,0,0,0,0,0,0,0,0,0,0,0,2.46315,3487.43,14.0074,0.304131
Test,MI250X_two_gcd,256,16384,4194304,536870912,4,14235,4.29497,1073741824,0,0,0,0,0,0,0,0,0,0,0,0,0,0,0,4,0,0,0,0,0,0,0,0,0,0,0,0,0,0,0,0,0,0,0,1.4059,3055.03,12.5003,0.205352
Test,MI250X_two_gcd,256,16384,4194304,536870912,4,14235,4.29497,1073741824,0,0,0,0,0,0,0,0,0,0,0,0,0,0,0,4,0,0,0,0,0,0,0,0,0,0,0,0,0,0,0,0,0,0,0,1.40998,3046.18,13.3248,0.218897
Test,MI250X_two_gcd,256,16384,4194304,268435456,4,23002,2.14748,1073741824,0,0,0,0,0,0,0,0,0,0,0,0,0,0,0,0,2,0,0,0,0,0,0,0,0,0,0,0,0,0,0,0,0,0,0,0.870357,2467.51,18.8547,0.243665
Test,MI250X_two_gcd,256,16384,4194304,268435456,4,23002,2.14748,1073741824,0,0,0,0,0,0,0,0,0,0,0,0,0,0,0,0,2,0,0,0,0,0,0,0,0,0,0,0,0,0,0,0,0,0,0,0.870692,2466.55,18.6762,0.241358
Test,MI250X_two_gcd,256,16384,4194304,134217728,4,23259,1.07374,1073741824,0,0,0,0,0,0,0,0,0,0,0,0,0,0,0,0,0,1,0,0,0,0,0,0,0,0,0,0,0,0,0,0,0,0,0,0.857912,1251.68,11.0324,0.141785
Test,MI250X_two_gcd,256,16384,4194304,134217728,4,23259,1.07374,1073741824,0,0,0,0,0,0,0,0,0,0,0,0,0,0,0,0,0,1,0,0,0,0,0,0,0,0,0,0,0,0,0,0,0,0,0,0.857335,1252.53,11.7394,0.150871
Test,MI250X_two_gcd,256,16384,4194304,536870912,4,13871,4.29497,1073741824,0,0,0,0,0,0,0,0,0,0,0,0,0,0,0,0,0,0,4,0,0,0,0,0,0,0,0,0,0,0,0,0,0,0,0,1.44267,2977.09,8.73933,0.145439
Test,MI250X_two_gcd,256,16384,4194304,536870912,4,13871,4.29497,1073741824,0,0,0,0,0,0,0,0,0,0,0,0,0,0,0,0,0,0,4,0,0,0,0,0,0,0,0,0,0,0,0,0,0,0,0,1.44516,2971.98,9.31226,0.154973
Test,MI250X_two_gcd,256,16384,4194304,268435456,4,23504,2.14748,1073741824,0,0,0,0,0,0,0,0,0,0,0,0,0,0,0,0,0,0,0,2,0,0,0,0,0,0,0,0,0,0,0,0,0,0,0,0.854836,2512.34,23.211,0.296742
Test,MI250X_two_gcd,256,16384,4194304,268435456,4,23504,2.14748,1073741824,0,0,0,0,0,0,0,0,0,0,0,0,0,0,0,0,0,0,0,2,0,0,0,0,0,0,0,0,0,0,0,0,0,0,0,0.854298,2513.97,23.9128,0.305714
Test,MI250X_two_gcd,256,16384,4194304,134217728,4,23423,1.07374,1073741824,0,0,0,0,0,0,0,0,0,0,0,0,0,0,0,0,0,0,0,0,1,0,0,0,0,0,0,0,0,0,0,0,0,0,0,0.854788,1256.26,11.6112,0.148701
Test,MI250X_two_gcd,256,16384,4194304,134217728,4,23423,1.07374,1073741824,0,0,0,0,0,0,0,0,0,0,0,0,0,0,0,0,0,0,0,0,1,0,0,0,0,0,0,0,0,0,0,0,0,0,0,0.854237,1257.07,11.8986,0.152381
Test,MI250X_two_gcd,256,16384,4194304,1073741824,4,4175,4.29497,1073741824,0,0,0,0,0,0,0,0,0,0,0,0,0,0,0,0,0,0,0,0,0,4,0,0,0,0,0,0,0,0,0,0,0,0,0,4.79345,896.009,0.291202,0.00883327
Test,MI250X_two_gcd,256,16384,4194304,1073741824,4,4175,4.29497,1073741824,0,0,0,0,0,0,0,0,0,0,0,0,0,0,0,0,0,0,0,0,0,4,0,0,0,0,0,0,0,0,0,0,0,0,0,4.81016,892.896,0.571924,0.0173487
Test,MI250X_two_gcd,256,16384,4194304,536870912,4,8246,2.14748,1073741824,0,0,0,0,0,0,0,0,0,0,0,0,0,0,0,0,0,0,0,0,0,0,2,0,0,0,0,0,0,0,0,0,0,0,0,2.42891,884.133,0.401565,0.00866744
Test,MI250X_two_gcd,256,16384,4194304,536870912,4,8246,2.14748,1073741824,0,0,0,0,0,0,0,0,0,0,0,0,0,0,0,0,0,0,0,0,0,0,2,0,0,0,0,0,0,0,0,0,0,0,0,2.43524,881.843,0.66879,0.0144352
Test,MI250X_two_gcd,256,16384,4194304,268435456,4,8697,1.07374,1073741824,0,0,0,0,0,0,0,0,0,0,0,0,0,0,0,0,0,0,0,0,0,0,0,1,0,0,0,0,0,0,0,0,0,0,0,2.30329,466.178,0.143709,0.00302035
Test,MI250X_two_gcd,256,16384,4194304,268435456,4,8697,1.07374,1073741824,0,0,0,0,0,0,0,0,0,0,0,0,0,0,0,0,0,0,0,0,0,0,0,1,0,0,0,0,0,0,0,0,0,0,0,2.30846,465.14,0.277915,0.00584094
Test,MI250X_two_gcd,256,16384,4194304,134217728,4,4292,0.536871,1073741824,0,0,0,0,0,0,0,0,0,0,0,0,0,0,0,0,0,0,0,0,0,0,0,0,0.5,0,0,0,0,0,0,0,0,0,0,4.66458,115.094,0.025595,0.000765739
Test,MI250X_two_gcd,256,16384,4194304,134217728,4,4292,0.536871,1073741824,0,0,0,0,0,0,0,0,0,0,0,0,0,0,0,0,0,0,0,0,0,0,0,0,0.5,0,0,0,0,0,0,0,0,0,0,4.67632,114.807,0.0704703,0.0021083
Test,MI250X_two_gcd,256,16384,4194304,536870912,4,9756,2.14748,1073741824,0,0,0,0,0,0,0,0,0,0,0,0,0,0,0,0,0,0,0,0,0,0,0,0,0,2,0,0,0,0,0,0,0,0,0,2.05193,1046.57,0.741489,0.0147138
Test,MI250X_two_gcd,256,16384,4194304,536870912,4,9756,2.14748,1073741824,0,0,0,0,0,0,0,0,0,0,0,0,0,0,0,0,0,0,0,0,0,0,0,0,0,2,0,0,0,0,0,0,0,0,0,2.05658,1044.2,0.929652,0.0184476
Test,MI250X_two_gcd,256,16384,4194304,268435456,4,12838,1.07374,1073741824,0,0,0,0,0,0,0,0,0,0,0,0,0,0,0,0,0,0,0,0,0,0,0,0,0,0,1,0,0,0,0,0,0,0,0,1.5931,673.999,1.19323,0.0206411
Test,MI250X_two_gcd,256,16384,4194304,268435456,4,12838,1.07374,1073741824,0,0,0,0,0,0,0,0,0,0,0,0,0,0,0,0,0,0,0,0,0,0,0,0,0,0,1,0,0,0,0,0,0,0,0,1.59388,673.671,1.29873,0.022466
Test,MI250X_two_gcd,256,16384,4194304,134217728,4,21413,0.536871,1073741824,0,0,0,0,0,0,0,0,0,0,0,0,0,0,0,0,0,0,0,0,0,0,0,0,0,0,0,0.5,0,0,0,0,0,0,0,1.08478,494.932,3.54819,0.0475252
Test,MI250X_two_gcd,256,16384,4194304,134217728,4,21413,0.536871,1073741824,0,0,0,0,0,0,0,0,0,0,0,0,0,0,0,0,0,0,0,0,0,0,0,0,0,0,0,0.5,0,0,0,0,0,0,0,1.08369,495.425,2.49669,0.0334411
Test,MI250X_two_gcd,256,16384,4194304,1073741824,4,3158,4.29497,1073741824,0,0,0,0,0,0,0,0,0,0,0,0,0,0,0,0,0,0,0,0,0,0,0,0,0,0,0,0,4,0,0,0,0,0,0,6.32067,679.534,3.78008,0.131841
Test,MI250X_two_gcd,256,16384,4194304,1073741824,4,3158,4.29497,1073741824,0,0,0,0,0,0,0,0,0,0,0,0,0,0,0,0,0,0,0,0,0,0,0,0,0,0,0,0,4,0,0,0,0,0,0,6.33014,678.505,2.70178,0.0942322
Test,MI250X_two_gcd,256,16384,4194304,536870912,4,5819,2.14748,1073741824,0,0,0,0,0,0,0,0,0,0,0,0,0,0,0,0,0,0,0,0,0,0,0,0,0,0,0,0,0,2,0,0,0,0,0,3.43709,624.799,1.39448,0.0358298
Test,MI250X_two_gcd,256,16384,4194304,536870912,4,5819,2.14748,1073741824,0,0,0,0,0,0,0,0,0,0,0,0,0,0,0,0,0,0,0,0,0,0,0,0,0,0,0,0,0,2,0,0,0,0,0,3.43988,624.295,1.4752,0.0379038
Test,MI250X_two_gcd,256,16384,4194304,268435456,4,11323,1.07374,1073741824,0,0,0,0,0,0,0,0,0,0,0,0,0,0,0,0,0,0,0,0,0,0,0,0,0,0,0,0,0,0,1,0,0,0,0,1.76782,607.397,3.32735,0.0612878
Test,MI250X_two_gcd,256,16384,4194304,268435456,4,11323,1.07374,1073741824,0,0,0,0,0,0,0,0,0,0,0,0,0,0,0,0,0,0,0,0,0,0,0,0,0,0,0,0,0,0,1,0,0,0,0,1.76214,609.352,2.73949,0.0504597
Test,MI250X_two_gcd,256,16384,4194304,134217728,4,11594,0.536871,1073741824,0,0,0,0,0,0,0,0,0,0,0,0,0,0,0,0,0,0,0,0,0,0,0,0,0,0,0,0,0,0,0,0.5,0,0,0,1.75314,306.232,0.598119,0.0108875
Test,MI250X_two_gcd,256,16384,4194304,134217728,4,11594,0.536871,1073741824,0,0,0,0,0,0,0,0,0,0,0,0,0,0,0,0,0,0,0,0,0,0,0,0,0,0,0,0,0,0,0,0.5,0,0,0,1.75619,305.698,0.685102,0.0124708
Test,MI250X_two_gcd,256,16384,4194304,536870912,4,5809,2.14748,1073741824,0,0,0,0,0,0,0,0,0,0,0,0,0,0,0,0,0,0,0,0,0,0,0,0,0,0,0,0,0,0,0,0,2,0,0,3.44417,623.515,1.40935,0.0362429
Test,MI250X_two_gcd,256,16384,4194304,536870912,4,5809,2.14748,1073741824,0,0,0,0,0,0,0,0,0,0,0,0,0,0,0,0,0,0,0,0,0,0,0,0,0,0,0,0,0,0,0,0,2,0,0,3.44613,623.163,1.48925,0.0382978
Test,MI250X_two_gcd,256,16384,4194304,268435456,4,11303,1.07374,1073741824,0,0,0,0,0,0,0,0,0,0,0,0,0,0,0,0,0,0,0,0,0,0,0,0,0,0,0,0,0,0,0,0,0,1,0,1.76397,608.724,3.22882,0.0595256
Test,MI250X_two_gcd,256,16384,4194304,268435456,4,11303,1.07374,1073741824,0,0,0,0,0,0,0,0,0,0,0,0,0,0,0,0,0,0,0,0,0,0,0,0,0,0,0,0,0,0,0,0,0,1,0,1.75806,610.761,2.58521,0.0476602
Test,MI250X_two_gcd,256,16384,4194304,134217728,4,11602,0.536871,1073741824,0,0,0,0,0,0,0,0,0,0,0,0,0,0,0,0,0,0,0,0,0,0,0,0,0,0,0,0,0,0,0,0,0,0,0.5,1.71899,312.324,1.45766,0.0265245
Test,MI250X_two_gcd,256,16384,4194304,134217728,4,11602,0.536871,1073741824,0,0,0,0,0,0,0,0,0,0,0,0,0,0,0,0,0,0,0,0,0,0,0,0,0,0,0,0,0,0,0,0,0,0,0.5,1.71721,312.649,1.46764,0.026706
Test,MI250X_two_gcd,256,16384,4194304,1073741824,8,3311,8.58993,1073741824,8,0,0,0,0,0,0,0,0,0,0,0,0,0,0,0,0,0,0,0,0,0,0,0,0,0,0,0,0,0,0,0,0,0,0,6.00625,1430.31,14.6595,0.499341
Test,MI250X_two_gcd,256,16384,4194304,1073741824,8,3311,8.58993,1073741824,8,0,0,0,0,0,0,0,0,0,0,0,0,0,0,0,0,0,0,0,0,0,0,0,0,0,0,0,0,0,0,0,0,0,0,6.01507,1428.14,10.4109,0.354621
Test,MI250X_two_gcd,256,16384,4194304,536870912,8,5917,4.29497,1073741824,0,4,0,0,0,0,0,0,0,0,0,0,0,0,0,0,0,0,0,0,0,0,0,0,0,0,0,0,0,0,0,0,0,0,0,3.37808,1271.43,3.41867,0.0871088
Test,MI250X_two_gcd,256,16384,4194304,536870912,8,5917,4.29497,1073741824,0,4,0,0,0,0,0,0,0,0,0,0,0,0,0,0,0,0,0,0,0,0,0,0,0,0,0,0,0,0,0,0,0,0,0,3.38059,1270.49,3.4411,0.0876804
Test,MI250X_two_gcd,256,16384,4194304,268435456,8,11398,2.14748,1073741824,0,0,2,0,0,0,0,0,0,0,0,0,0,0,0,0,0,0,0,0,0,0,0,0,0,0,0,0,0,0,0,0,0,0,0,1.75403,1224.34,6.68648,0.122755
Test,MI250X_two_gcd,256,16384,4194304,268435456,8,11398,2.14748,1073741824,0,0,2,0,0,0,0,0,0,0,0,0,0,0,0,0,0,0,0,0,0,0,0,0,0,0,0,0,0,0,0,0,0,0,0,1.74618,1229.83,4.42553,0.081247
Test,MI250X_two_gcd,256,16384,4194304,134217728,8,11649,1.07374,1073741824,0,0,0,1,0,0,0,0,0,0,0,0,0,0,0,0,0,0,0,0,0,0,0,0,0,0,0,0,0,0,0,0,0,0,0,1.71571,625.843,2.76401,0.0501939
Test,MI250X_two_gcd,256,16384,4194304,134217728,8,11649,1.07374,1073741824,0,0,0,1,0,0,0,0,0,0,0,0,0,0,0,0,0,0,0,0,0,0,0,0,0,0,0,0,0,0,0,0,0,0,0,1.71397,626.475,2.65037,0.0481302
Test,MI250X_two_gcd,256,16384,4194304,536870912,8,14025,4.29497,1073741824,0,0,0,0,4,0,0,0,0,0,0,0,0,0,0,0,0,0,0,0,0,0,0,0,0,0,0,0,0,0,0,0,0,0,0,1.42645,3010.97,8.6724,0.14353
Test,MI250X_two_gcd,256,16384,4194304,536870912,8,14025,4.29497,1073741824,0,0,0,0,4,0,0,0,0,0,0,0,0,0,0,0,0,0,0,0,0,0,0,0,0,0,0,0,0,0,0,0,0,0,0,1.43018,3003.11,9.20635,0.152367
Test,MI250X_two_gcd,256,16384,4194304,268435456,8,23466,2.14748,1073741824,0,0,0,0,0,2,0,0,0,0,0,0,0,0,0,0,0,0,0,0,0,0,0,0,0,0,0,0,0,0,0,0,0,0,0,0.853853,2515.18,17.4574,0.223366
Test,MI250X_two_gcd,256,16384,4194304,268435456,8,23466,2.14748,1073741824,0,0,0,0,0,2,0,0,0,0,0,0,0,0,0,0,0,0,0,0,0,0,0,0,0,0,0,0,0,0,0,0,0,0,0,0.853286,2516.86,18.8436,0.241102
Test,MI250X_two_gcd,256,16384,4194304,134217728,8,23467,1.07374,1073741824,0,0,0,0,0,0,1,0,0,0,0,0,0,0,0,0,0,0,0,0,0,0,0,0,0,0,0,0,0,0,0,0,0,0,0,0.853535,1258.05,8.98851,0.115005
Test,MI250X_two_gcd,256,16384,4194304,134217728,8,23467,1.07374,1073741824,0,0,0,0,0,0,1,0,0,0,0,0,0,0,0,0,0,0,0,0,0,0,0,0,0,0,0,0,0,0,0,0,0,0,0,0.853047,1258.79,9.81878,0.125627
Test,MI250X_two_gcd,256,16384,4194304,1073741824,8,3326,8.58993,1073741824,0,0,0,0,0,0,0,8,0,0,0,0,0,0,0,0,0,0,0,0,0,0,0,0,0,0,0,0,0,0,0,0,0,0,0,5.99961,1431.88,13.9552,0.474274
Test,MI250X_two_gcd,256,16384,4194304,1073741824,8,3326,8.58993,1073741824,0,0,0,0,0,0,0,8,0,0,0,0,0,0,0,0,0,0,0,0,0,0,0,0,0,0,0,0,0,0,0,0,0,0,0,6.00832,1429.75,10.4801,0.356174
Test,MI250X_two_gcd,256,16384,4194304,536870912,8,5905,4.29497,1073741824,0,0,0,0,0,0,0,0,4,0,0,0,0,0,0,0,0,0,0,0,0,0,0,0,0,0,0,0,0,0,0,0,0,0,0,3.37785,1271.52,3.34164,0.0852327
Test,MI250X_two_gcd,256,16384,4194304,536870912,8,5905,4.29497,1073741824,0,0,0,0,0,0,0,0,4,0,0,0,0,0,0,0,0,0,0,0,0,0,0,0,0,0,0,0,0,0,0,0,0,0,0,3.38045,1270.54,3.40982,0.0869716
Test,MI250X_two_gcd,256,16384,4194304,268435456,8,11398,2.14748,1073741824,0,0,0,0,0,0,0,0,0,2,0,0,0,0,0,0,0,0,0,0,0,0,0,0,0,0,0,0,0,0,0,0,0,0,0,1.75419,1224.23,6.66846,0.122424
Test,MI250X_two_gcd,256,16384,4194304,268435456,8,11398,2.14748,1073741824,0,0,0,0,0,0,0,0,0,2,0,0,0,0,0,0,0,0,0,0,0,0,0,0,0,0,0,0,0,0,0,0,0,0,0,1.74648,1229.62,4.37413,0.0803033
Test,MI250X_two_gcd,256,16384,4194304,134217728,8,11648,1.07374,1073741824,0,0,0,0,0,0,0,0,0,0,1,0,0,0,0,0,0,0,0,0,0,0,0,0,0,0,0,0,0,0,0,0,0,0,0,1.71444,626.311,3.15944,0.0573773
Test,MI250X_two_gcd,256,16384,4194304,134217728,8,11648,1.07374,1073741824,0,0,0,0,0,0,0,0,0,0,1,0,0,0,0,0,0,0,0,0,0,0,0,0,0,0,0,0,0,0,0,0,0,0,0,1.71365,626.589,2.26227,0.0410842
Test,MI250X_two_gcd,256,16384,4194304,536870912,8,14017,4.29497,1073741824,0,0,0,0,0,0,0,0,0,0,0,4,0,0,0,0,0,0,0,0,0,0,0,0,0,0,0,0,0,0,0,0,0,0,0,1.42723,3009.31,8.61985,0.142701
Test,MI250X_two_gcd,256,16384,4194304,536870912,8,14017,4.29497,1073741824,0,0,0,0,0,0,0,0,0,0,0,4,0,0,0,0,0,0,0,0,0,0,0,0,0,0,0,0,0,0,0,0,0,0,0,1.43051,3002.4,9.38342,0.155342
Test,MI250X_two_gcd,256,16384,4194304,268435456,8,23476,2.14748,1073741824,0,0,0,0,0,0,0,0,0,0,0,0,2,0,0,0,0,0,0,0,0,0,0,0,0,0,0,0,0,0,0,0,0,0,0,0.853779,2515.39,17.3445,0.221873
Test,MI250X_two_gcd,256,16384,4194304,268435456,8,23476,2.14748,1073741824,0,0,0,0,0,0,0,0,0,0,0,0,2,0,0,0,0,0,0,0,0,0,0,0,0,0,0,0,0,0,0,0,0,0,0,0.853341,2516.69,18.9326,0.242188
Test,MI250X_two_gcd,256,16384,4194304,134217728,8,23364,1.07374,1073741824,0,0,0,0,0,0,0,0,0,0,0,0,0,1,0,0,0,0,0,0,0,0,0,0,0,0,0,0,0,0,0,0,0,0,0,0.853384,1258.28,8.94508,0.114701
Test,MI250X_two_gcd,256,16384,4194304,134217728,8,23364,1.07374,1073741824,0,0,0,0,0,0,0,0,0,0,0,0,0,1,0,0,0,0,0,0,0,0,0,0,0,0,0,0,0,0,0,0,0,0,0,0.853034,1258.81,9.78553,0.125478
Test,MI250X_two_gcd,256,16384,4194304,1073741824,8,7756,17.1799,1073741824,0,0,0,0,0,0,0,0,0,0,0,0,0,0,16,0,0,0,0,0,0,0,0,0,0,0,0,0,0,0,0,0,0,0,0,2.57845,6662.96,28.5375,0.635117
Test,MI250X_two_gcd,256,16384,4194304,1073741824,8,7756,17.1799,1073741824,0,0,0,0,0,0,0,0,0,0,0,0,0,0,16,0,0,0,0,0,0,0,0,0,0,0,0,0,0,0,0,0,0,0,0,2.58968,6634.04,20.8506,0.46404
Test,MI250X_two_gcd,256,16384,4194304,536870912,8,13922,8.58993,1073741824,0,0,0,0,0,0,0,0,0,0,0,0,0,0,0,8,0,0,0,0,0,0,0,0,0,0,0,0,0,0,0,0,0,0,0,1.43637,5980.27,16.6493,0.276567
Test,MI250X_two_gcd,256,16384,4194304,536870912,8,13922,8.58993,1073741824,0,0,0,0,0,0,0,0,0,0,0,0,0,0,0,8,0,0,0,0,0,0,0,0,0,0,0,0,0,0,0,0,0,0,0,1.4399,5965.66,17.8817,0.297039
Test,MI250X_two_gcd,256,16384,4194304,268435456,8,22779,4.29497,1073741824,0,0,0,0,0,0,0,0,0,0,0,0,0,0,0,0,4,0,0,0,0,0,0,0,0,0,0,0,0,0,0,0,0,0,0,0.877993,4892.04,31.3384,0.406973
Test,MI250X_two_gcd,256,16384,4194304,268435456,8,22779,4.29497,1073741824,0,0,0,0,0,0,0,0,0,0,0,0,0,0,0,0,4,0,0,0,0,0,0,0,0,0,0,0,0,0,0,0,0,0,0,0.878119,4891.33,31.1582,0.404633
Test,MI250X_two_gcd,256,16384,4194304,134217728,8,23310,2.14748,1073741824,0,0,0,0,0,0,0,0,0,0,0,0,0,0,0,0,0,2,0,0,0,0,0,0,0,0,0,0,0,0,0,0,0,0,0,0.858141,2502.67,21.4285,0.275091
Test,MI250X_two_gcd,256,16384,4194304,134217728,8,23310,2.14748,1073741824,0,0,0,0,0,0,0,0,0,0,0,0,0,0,0,0,0,2,0,0,0,0,0,0,0,0,0,0,0,0,0,0,0,0,0,0.857629,2504.18,23.1666,0.297405
Test,MI250X_two_gcd,256,16384,4194304,536870912,8,13064,8.58993,1073741824,0,0,0,0,0,0,0,0,0,0,0,0,0,0,0,0,0,0,8,0,0,0,0,0,0,0,0,0,0,0,0,0,0,0,0,1.53144,5609.05,10.8564,0.186167
Test,MI250X_two_gcd,256,16384,4194304,536870912,8,13064,8.58993,1073741824,0,0,0,0,0,0,0,0,0,0,0,0,0,0,0,0,0,0,8,0,0,0,0,0,0,0,0,0,0,0,0,0,0,0,0,1.53521,5595.35,11.1991,0.192043
Test,MI250X_two_gcd,256,16384,4194304,268435456,8,23279,4.29497,1073741824,0,0,0,0,0,0,0,0,0,0,0,0,0,0,0,0,0,0,0,4,0,0,0,0,0,0,0,0,0,0,0,0,0,0,0,0.858107,5005.53,41.818,0.537201
Test,MI250X_two_gcd,256,16384,4194304,268435456,8,23279,4.29497,1073741824,0,0,0,0,0,0,0,0,0,0,0,0,0,0,0,0,0,0,0,4,0,0,0,0,0,0,0,0,0,0,0,0,0,0,0,0.856753,5013.46,44.6692,0.573828
Test,MI250X_two_gcd,256,16384,4194304,134217728,8,23389,2.14748,1073741824,0,0,0,0,0,0,0,0,0,0,0,0,0,0,0,0,0,0,0,0,2,0,0,0,0,0,0,0,0,0,0,0,0,0,0,0.854581,2513.03,18.0477,0.231298
Test,MI250X_two_gcd,256,16384,4194304,134217728,8,23389,2.14748,1073741824,0,0,0,0,0,0,0,0,0,0,0,0,0,0,0,0,0,0,0,0,2,0,0,0,0,0,0,0,0,0,0,0,0,0,0,0.854087,2514.51,19.5203,0.250171
Test,MI250X_two_gcd,256,16384,4194304,1073741824,8,2207,8.58993,1073741824,0,0,0,0,0,0,0,0,0,0,0,0,0,0,0,0,0,0,0,0,0,8,0,0,0,0,0,0,0,0,0,0,0,0,0,9.06137,947.974,0.192168,0.00801743
Test,MI250X_two_gcd,256,16384,4194304,1073741824,8,2207,8.58993,1073741824,0,0,0,0,0,0,0,0,0,0,0,0,0,0,0,0,0,0,0,0,0,8,0,0,0,0,0,0,0,0,0,0,0,0,0,9.09194,944.787,0.5165,0.0215489
Test,MI250X_two_gcd,256,16384,4194304,536870912,8,4384,4.29497,1073741824,0,0,0,0,0,0,0,0,0,0,0,0,0,0,0,0,0,0,0,0,0,0,4,0,0,0,0,0,0,0,0,0,0,0,0,4.56757,940.32,0.237042,0.00701693
Test,MI250X_two_gcd,256,16384,4194304,536870912,8,4384,4.29497,1073741824,0,0,0,0,0,0,0,0,0,0,0,0,0,0,0,0,0,0,0,0,0,0,4,0,0,0,0,0,0,0,0,0,0,0,0,4.57948,937.871,0.572729,0.0169539
Test,MI250X_two_gcd,256,16384,4194304,268435456,8,4461,2.14748,1073741824,0,0,0,0,0,0,0,0,0,0,0,0,0,0,0,0,0,0,0,0,0,0,0,2,0,0,0,0,0,0,0,0,0,0,0,4.48875,478.415,0.117565,0.00344998
Test,MI250X_two_gcd,256,16384,4194304,268435456,8,4461,2.14748,1073741824,0,0,0,0,0,0,0,0,0,0,0,0,0,0,0,0,0,0,0,0,0,0,0,2,0,0,0,0,0,0,0,0,0,0,0,4.49964,477.257,0.297762,0.00873794
Test,MI250X_two_gcd,256,16384,4194304,134217728,8,2165,1.07374,1073741824,0,0,0,0,0,0,0,0,0,0,0,0,0,0,0,0,0,0,0,0,0,0,0,0,1,0,0,0,0,0,0,0,0,0,0,9.23799,116.231,0.024677,0.00103949
Test,MI250X_two_gcd,256,16384,4194304,134217728,8,2165,1.07374,1073741824,0,0,0,0,0,0,0,0,0,0,0,0,0,0,0,0,0,0,0,0,0,0,0,0,1,0,0,0,0,0,0,0,0,0,0,9.26206,115.929,0.0658545,0.00277404
Test,MI250X_two_gcd,256,16384,4194304,536870912,8,5329,4.29497,1073741824,0,0,0,0,0,0,0,0,0,0,0,0,0,0,0,0,0,0,0,0,0,0,0,0,0,4,0,0,0,0,0,0,0,0,0,3.75744,1143.06,0.320208,0.00859737
Test,MI250X_two_gcd,256,16384,4194304,536870912,8,5329,4.29497,1073741824,0,0,0,0,0,0,0,0,0,0,0,0,0,0,0,0,0,0,0,0,0,0,0,0,0,4,0,0,0,0,0,0,0,0,0,3.76789,1139.88,0.737279,0.0197954
Test,MI250X_two_gcd,256,16384,4194304,268435456,8,6742,2.14748,1073741824,0,0,0,0,0,0,0,0,0,0,0,0,0,0,0,0,0,0,0,0,0,0,0,0,0,0,2,0,0,0,0,0,0,0,0,2.97254,722.445,0.252631,0.00603043
Test,MI250X_two_gcd,256,16384,4194304,268435456,8,6742,2.14748,1073741824,0,0,0,0,0,0,0,0,0,0,0,0,0,0,0,0,0,0,0,0,0,0,0,0,0,0,2,0,0,0,0,0,0,0,0,2.97952,720.75,0.493676,0.0117843
Test,MI250X_two_gcd,256,16384,4194304,134217728,8,11591,1.07374,1073741824,0,0,0,0,0,0,0,0,0,0,0,0,0,0,0,0,0,0,0,0,0,0,0,0,0,0,0,1,0,0,0,0,0,0,0,1.85027,580.328,3.12452,0.0568826
Test,MI250X_two_gcd,256,16384,4194304,134217728,8,11591,1.07374,1073741824,0,0,0,0,0,0,0,0,0,0,0,0,0,0,0,0,0,0,0,0,0,0,0,0,0,0,0,1,0,0,0,0,0,0,0,1.84478,582.052,1.92894,0.0351167
Test,MI250X_two_gcd,256,16384,4194304,1073741824,8,3025,8.58993,1073741824,0,0,0,0,0,0,0,0,0,0,0,0,0,0,0,0,0,0,0,0,0,0,0,0,0,0,0,0,8,0,0,0,0,0,0,6.61562,1298.44,3.56462,0.12703
Test,MI250X_two_gcd,256,16384,4194304,1073741824,8,3025,8.58993,1073741824,0,0,0,0,0,0,0,0,0,0,0,0,0,0,0,0,0,0,0,0,0,0,0,0,0,0,0,0,8,0,0,0,0,0,0,6.63344,1294.95,3.44798,0.122873
Test,MI250X_two_gcd,256,16384,4194304,536870912,8,5548,4.29497,1073741824,0,0,0,0,0,0,0,0,0,0,0,0,0,0,0,0,0,0,0,0,0,0,0,0,0,0,0,0,0,4,0,0,0,0,0,3.60794,1190.43,2.30128,0.0605561
Test,MI250X_two_gcd,256,16384,4194304,536870912,8,5548,4.29497,1073741824,0,0,0,0,0,0,0,0,0,0,0,0,0,0,0,0,0,0,0,0,0,0,0,0,0,0,0,0,0,4,0,0,0,0,0,3.61096,1189.43,2.40134,0.0631889
Test,MI250X_two_gcd,256,16384,4194304,268435456,8,11172,2.14748,1073741824,0,0,0,0,0,0,0,0,0,0,0,0,0,0,0,0,0,0,0,0,0,0,0,0,0,0,0,0,0,0,2,0,0,0,0,1.78699,1201.75,4.19029,0.0777024
Test,MI250X_two_gcd,256,16384,4194304,268435456,8,11172,2.14748,1073741824,0,0,0,0,0,0,0,0,0,0,0,0,0,0,0,0,0,0,0,0,0,0,0,0,0,0,0,0,0,0,2,0,0,0,0,1.78542,1202.8,3.84118,0.0712287
Test,MI250X_two_gcd,256,16384,4194304,134217728,8,6466,1.07374,1073741824,0,0,0,0,0,0,0,0,0,0,0,0,0,0,0,0,0,0,0,0,0,0,0,0,0,0,0,0,0,0,0,1,0,0,0,3.0958,346.843,0.090887,0.00221534
Test,MI250X_two_gcd,256,16384,4194304,134217728,8,6466,1.07374,1073741824,0,0,0,0,0,0,0,0,0,0,0,0,0,0,0,0,0,0,0,0,0,0,0,0,0,0,0,0,0,0,0,1,0,0,0,3.10308,346.022,0.24758,0.00603467
Test,MI250X_two_gcd,256,16384,4194304,536870912,8,5526,4.29497,1073741824,0,0,0,0,0,0,0,0,0,0,0,0,0,0,0,0,0,0,0,0,0,0,0,0,0,0,0,0,0,0,0,0,4,0,0,3.61459,1188.24,2.33599,0.0615917
Test,MI250X_two_gcd,256,16384,4194304,536870912,8,5526,4.29497,1073741824,0,0,0,0,0,0,0,0,0,0,0,0,0,0,0,0,0,0,0,0,0,0,0,0,0,0,0,0,0,0,0,0,4,0,0,3.6175,1187.28,2.37693,0.062671
Test,MI250X_two_gcd,256,16384,4194304,268435456,8,11244,2.14748,1073741824,0,0,0,0,0,0,0,0,0,0,0,0,0,0,0,0,0,0,0,0,0,0,0,0,0,0,0,0,0,0,0,0,0,2,0,1.77718,1208.38,4.89029,0.090392
Test,MI250X_two_gcd,256,16384,4194304,268435456,8,11244,2.14748,1073741824,0,0,0,0,0,0,0,0,0,0,0,0,0,0,0,0,0,0,0,0,0,0,0,0,0,0,0,0,0,0,0,0,0,2,0,1.7759,1209.25,4.46863,0.0825981
Test,MI250X_two_gcd,256,16384,4194304,134217728,8,11666,1.07374,1073741824,0,0,0,0,0,0,0,0,0,0,0,0,0,0,0,0,0,0,0,0,0,0,0,0,0,0,0,0,0,0,0,0,0,0,1,1.71549,625.919,2.33016,0.0422844
Test,MI250X_two_gcd,256,16384,4194304,134217728,8,11666,1.07374,1073741824,0,0,0,0,0,0,0,0,0,0,0,0,0,0,0,0,0,0,0,0,0,0,0,0,0,0,0,0,0,0,0,0,0,0,1,1.71433,626.341,2.33494,0.0423712
Test,MI250X_two_gcd,256,16384,4194304,1073741824,16,3206,17.1799,1073741824,16,0,0,0,0,0,0,0,0,0,0,0,0,0,0,0,0,0,0,0,0,0,0,0,0,0,0,0,0,0,0,0,0,0,0,6.26057,2744.23,15.5684,0.538912
Test,MI250X_two_gcd,256,16384,4194304,1073741824,16,3206,17.1799,1073741824,16,0,0,0,0,0,0,0,0,0,0,0,0,0,0,0,0,0,0,0,0,0,0,0,0,0,0,0,0,0,0,0,0,0,0,6.26427,2742.57,11.9813,0.414742
Test,MI250X_two_gcd,256,16384,4194304,536870912,16,5879,8.58993,1073741824,0,8,0,0,0,0,0,0,0,0,0,0,0,0,0,0,0,0,0,0,0,0,0,0,0,0,0,0,0,0,0,0,0,0,0,3.40107,2525.67,6.25541,0.159904
Test,MI250X_two_gcd,256,16384,4194304,536870912,16,5879,8.58993,1073741824,0,8,0,0,0,0,0,0,0,0,0,0,0,0,0,0,0,0,0,0,0,0,0,0,0,0,0,0,0,0,0,0,0,0,0,3.40301,2524.23,6.29407,0.160893
Test,MI250X_two_gcd,256,16384,4194304,268435456,16,11342,4.29497,1073741824,0,0,4,0,0,0,0,0,0,0,0,0,0,0,0,0,0,0,0,0,0,0,0,0,0,0,0,0,0,0,0,0,0,0,0,1.76353,2435.5,13.4,0.246613
Test,MI250X_two_gcd,256,16384,4194304,268435456,16,11342,4.29497,1073741824,0,0,4,0,0,0,0,0,0,0,0,0,0,0,0,0,0,0,0,0,0,0,0,0,0,0,0,0,0,0,0,0,0,0,0,1.75734,2444.06,11.0996,0.204276
Test,MI250X_two_gcd,256,16384,4194304,134217728,16,11654,2.14748,1073741824,0,0,0,2,0,0,0,0,0,0,0,0,0,0,0,0,0,0,0,0,0,0,0,0,0,0,0,0,0,0,0,0,0,0,0,1.71309,1253.59,4.20485,0.0763429
Test,MI250X_two_gcd,256,16384,4194304,134217728,16,11654,2.14748,1073741824,0,0,0,2,0,0,0,0,0,0,0,0,0,0,0,0,0,0,0,0,0,0,0,0,0,0,0,0,0,0,0,0,0,0,0,1.71135,1254.86,4.23889,0.076961
Test,MI250X_two_gcd,256,16384,4194304,536870912,16,13231,8.58993,1073741824,0,0,0,0,8,0,0,0,0,0,0,0,0,0,0,0,0,0,0,0,0,0,0,0,0,0,0,0,0,0,0,0,0,0,0,1.51247,5679.41,11.4666,0.195387
Test,MI250X_two_gcd,256,16384,4194304,536870912,16,13231,8.58993,1073741824,0,0,0,0,8,0,0,0,0,0,0,0,0,0,0,0,0,0,0,0,0,0,0,0,0,0,0,0,0,0,0,0,0,0,0,1.51675,5663.39,11.6983,0.199334
Test,MI250X_two_gcd,256,16384,4194304,268435456,16,23369,4.29497,1073741824,0,0,0,0,0,4,0,0,0,0,0,0,0,0,0,0,0,0,0,0,0,0,0,0,0,0,0,0,0,0,0,0,0,0,0,0.85848,5003.39,44.3801,0.569015
Test,MI250X_two_gcd,256,16384,4194304,268435456,16,23369,4.29497,1073741824,0,0,0,0,0,4,0,0,0,0,0,0,0,0,0,0,0,0,0,0,0,0,0,0,0,0,0,0,0,0,0,0,0,0,0,0.858012,5006.17,46.6229,0.597772
Test,MI250X_two_gcd,256,16384,4194304,134217728,16,23197,2.14748,1073741824,0,0,0,0,0,0,2,0,0,0,0,0,0,0,0,0,0,0,0,0,0,0,0,0,0,0,0,0,0,0,0,0,0,0,0,0.858182,2502.54,21.8215,0.280818
Test,MI250X_two_gcd,256,16384,4194304,134217728,16,23197,2.14748,1073741824,0,0,0,0,0,0,2,0,0,0,0,0,0,0,0,0,0,0,0,0,0,0,0,0,0,0,0,0,0,0,0,0,0,0,0,0.857459,2504.68,23.0292,0.29636
Test,MI250X_two_gcd,256,16384,4194304,1073741824,16,3206,17.1799,1073741824,0,0,0,0,0,0,0,16,0,0,0,0,0,0,0,0,0,0,0,0,0,0,0,0,0,0,0,0,0,0,0,0,0,0,0,6.22839,2758.4,15.1408,0.524112
Test,MI250X_two_gcd,256,16384,4194304,1073741824,16,3206,17.1799,1073741824,0,0,0,0,0,0,0,16,0,0,0,0,0,0,0,0,0,0,0,0,0,0,0,0,0,0,0,0,0,0,0,0,0,0,0,6.22995,2757.68,12.0245,0.416238
Test,MI250X_two_gcd,256,16384,4194304,536870912,16,5882,8.58993,1073741824,0,0,0,0,0,0,0,0,8,0,0,0,0,0,0,0,0,0,0,0,0,0,0,0,0,0,0,0,0,0,0,0,0,0,0,3.3968,2528.85,6.07211,0.155179
Test,MI250X_two_gcd,256,16384,4194304,536870912,16,5882,8.58993,1073741824,0,0,0,0,0,0,0,0,8,0,0,0,0,0,0,0,0,0,0,0,0,0,0,0,0,0,0,0,0,0,0,0,0,0,0,3.39934,2526.95,6.27333,0.160322
Test,MI250X_two_gcd,256,16384,4194304,268435456,16,11312,4.29497,1073741824,0,0,0,0,0,0,0,0,0,4,0,0,0,0,0,0,0,0,0,0,0,0,0,0,0,0,0,0,0,0,0,0,0,0,0,1.76354,2435.5,13.3263,0.245582
Test,MI250X_two_gcd,256,16384,4194304,268435456,16,11312,4.29497,1073741824,0,0,0,0,0,0,0,0,0,4,0,0,0,0,0,0,0,0,0,0,0,0,0,0,0,0,0,0,0,0,0,0,0,0,0,1.75717,2444.3,10.7812,0.198679
Test,MI250X_two_gcd,256,16384,4194304,134217728,16,11680,2.14748,1073741824,0,0,0,0,0,0,0,0,0,0,2,0,0,0,0,0,0,0,0,0,0,0,0,0,0,0,0,0,0,0,0,0,0,0,0,1.71241,1254.06,2.30366,0.0417785
Test,MI250X_two_gcd,256,16384,4194304,134217728,16,11680,2.14748,1073741824,0,0,0,0,0,0,0,0,0,0,2,0,0,0,0,0,0,0,0,0,0,0,0,0,0,0,0,0,0,0,0,0,0,0,0,1.71211,1254.29,2.27954,0.0413411
Test,MI250X_two_gcd,256,16384,4194304,536870912,16,13222,8.58993,1073741824,0,0,0,0,0,0,0,0,0,0,0,8,0,0,0,0,0,0,0,0,0,0,0,0,0,0,0,0,0,0,0,0,0,0,0,1.51406,5673.45,11.4729,0.195561
Test,MI250X_two_gcd,256,16384,4194304,536870912,16,13222,8.58993,1073741824,0,0,0,0,0,0,0,0,0,0,0,8,0,0,0,0,0,0,0,0,0,0,0,0,0,0,0,0,0,0,0,0,0,0,0,1.51818,5658.08,11.7129,0.199651
Test,MI250X_two_gcd,256,16384,4194304,268435456,16,23333,4.29497,1073741824,0,0,0,0,0,0,0,0,0,0,0,0,4,0,0,0,0,0,0,0,0,0,0,0,0,0,0,0,0,0,0,0,0,0,0,0.858706,5002.06,44.4512,0.570367
Test,MI250X_two_gcd,256,16384,4194304,268435456,16,23333,4.29497,1073741824,0,0,0,0,0,0,0,0,0,0,0,0,4,0,0,0,0,0,0,0,0,0,0,0,0,0,0,0,0,0,0,0,0,0,0,0.857969,5006.4,46.4742,0.596325
Test,MI250X_two_gcd,256,16384,4194304,134217728,16,23220,2.14748,1073741824,0,0,0,0,0,0,0,0,0,0,0,0,0,2,0,0,0,0,0,0,0,0,0,0,0,0,0,0,0,0,0,0,0,0,0,0.8583,2502.2,22.0006,0.282983
Test,MI250X_two_gcd,256,16384,4194304,134217728,16,23220,2.14748,1073741824,0,0,0,0,0,0,0,0,0,0,0,0,0,2,0,0,0,0,0,0,0,0,0,0,0,0,0,0,0,0,0,0,0,0,0,0.857521,2504.51,23.1599,0.297894
Test,MI250X_two_gcd,256,16384,4194304,1073741824,16,7134,34.3597,1073741824,0,0,0,0,0,0,0,0,0,0,0,0,0,0,32,0,0,0,0,0,0,0,0,0,0,0,0,0,0,0,0,0,0,0,0,2.80611,12244.7,27.8366,0.64596
Test,MI250X_two_gcd,256,16384,4194304,1073741824,16,7134,34.3597,1073741824,0,0,0,0,0,0,0,0,0,0,0,0,0,0,32,0,0,0,0,0,0,0,0,0,0,0,0,0,0,0,0,0,0,0,0,2.81066,12224.8,28.109,0.65228
Test,MI250X_two_gcd,256,16384,4194304,536870912,16,13002,17.1799,1073741824,0,0,0,0,0,0,0,0,0,0,0,0,0,0,0,16,0,0,0,0,0,0,0,0,0,0,0,0,0,0,0,0,0,0,0,1.53831,11168.1,21.4806,0.369231
Test,MI250X_two_gcd,256,16384,4194304,536870912,16,13002,17.1799,1073741824,0,0,0,0,0,0,0,0,0,0,0,0,0,0,0,16,0,0,0,0,0,0,0,0,0,0,0,0,0,0,0,0,0,0,0,1.54253,11137.5,22.4642,0.386138
Test,MI250X_two_gcd,256,16384,4194304,268435456,16,22244,8.58993,1073741824,0,0,0,0,0,0,0,0,0,0,0,0,0,0,0,0,8,0,0,0,0,0,0,0,0,0,0,0,0,0,0,0,0,0,0,0.91002,9439.39,44.8771,0.589759
Test,MI250X_two_gcd,256,16384,4194304,268435456,16,22244,8.58993,1073741824,0,0,0,0,0,0,0,0,0,0,0,0,0,0,0,0,8,0,0,0,0,0,0,0,0,0,0,0,0,0,0,0,0,0,0,0.909716,9442.6,44.2081,0.580968
Test,MI250X_two_gcd,256,16384,4194304,134217728,16,21642,4.29497,1073741824,0,0,0,0,0,0,0,0,0,0,0,0,0,0,0,0,0,4,0,0,0,0,0,0,0,0,0,0,0,0,0,0,0,0,0,1.06837,4020.44,37.7116,0.502438
Test,MI250X_two_gcd,256,16384,4194304,134217728,16,21642,4.29497,1073741824,0,0,0,0,0,0,0,0,0,0,0,0,0,0,0,0,0,4,0,0,0,0,0,0,0,0,0,0,0,0,0,0,0,0,0,1.06517,4032.21,14.954,0.199235
Test,MI250X_two_gcd,256,16384,4194304,536870912,16,10388,17.1799,1073741824,0,0,0,0,0,0,0,0,0,0,0,0,0,0,0,0,0,0,16,0,0,0,0,0,0,0,0,0,0,0,0,0,0,0,0,1.92835,8909.06,7.88461,0.151625
Test,MI250X_two_gcd,256,16384,4194304,536870912,16,10388,17.1799,1073741824,0,0,0,0,0,0,0,0,0,0,0,0,0,0,0,0,0,0,16,0,0,0,0,0,0,0,0,0,0,0,0,0,0,0,0,1.93196,8892.54,9.27331,0.17833
Test,MI250X_two_gcd,256,16384,4194304,268435456,16,23392,8.58993,1073741824,0,0,0,0,0,0,0,0,0,0,0,0,0,0,0,0,0,0,0,8,0,0,0,0,0,0,0,0,0,0,0,0,0,0,0,0.857984,10012.6,87.8586,1.12592
Test,MI250X_two_gcd,256,16384,4194304,268435456,16,23392,8.58993,1073741824,0,0,0,0,0,0,0,0,0,0,0,0,0,0,0,0,0,0,0,8,0,0,0,0,0,0,0,0,0,0,0,0,0,0,0,0.857739,10015.5,93.8559,1.20277
Test,MI250X_two_gcd,256,16384,4194304,134217728,16,23303,4.29497,1073741824,0,0,0,0,0,0,0,0,0,0,0,0,0,0,0,0,0,0,0,0,4,0,0,0,0,0,0,0,0,0,0,0,0,0,0,0.858225,5004.88,44.5791,0.572376
Test,MI250X_two_gcd,256,16384,4194304,134217728,16,23303,4.29497,1073741824,0,0,0,0,0,0,0,0,0,0,0,0,0,0,0,0,0,0,0,0,4,0,0,0,0,0,0,0,0,0,0,0,0,0,0,0.857487,5009.23,47.0957,0.604688
Test,MI250X_two_gcd,256,16384,4194304,1073741824,16,1134,17.1799,1073741824,0,0,0,0,0,0,0,0,0,0,0,0,0,0,0,0,0,0,0,0,0,16,0,0,0,0,0,0,0,0,0,0,0,0,0,17.618,975.131,0.197881,0.0115174
Test,MI250X_two_gcd,256,16384,4194304,1073741824,16,1134,17.1799,1073741824,0,0,0,0,0,0,0,0,0,0,0,0,0,0,0,0,0,0,0,0,0,16,0,0,0,0,0,0,0,0,0,0,0,0,0,17.6727,972.114,0.541237,0.0315019
Test,MI250X_two_gcd,256,16384,4194304,536870912,16,2255,8.58993,1073741824,0,0,0,0,0,0,0,0,0,0,0,0,0,0,0,0,0,0,0,0,0,0,8,0,0,0,0,0,0,0,0,0,0,0,0,8.8694,968.491,0.245134,0.0101178
Test,MI250X_two_gcd,256,16384,4194304,536870912,16,2255,8.58993,1073741824,0,0,0,0,0,0,0,0,0,0,0,0,0,0,0,0,0,0,0,0,0,0,8,0,0,0,0,0,0,0,0,0,0,0,0,8.89047,966.196,0.526379,0.0217261
Test,MI250X_two_gcd,256,16384,4194304,268435456,16,2263,4.29497,1073741824,0,0,0,0,0,0,0,0,0,0,0,0,0,0,0,0,0,0,0,0,0,0,0,4,0,0,0,0,0,0,0,0,0,0,0,8.84003,485.854,0.118718,0.00489136
Test,MI250X_two_gcd,256,16384,4194304,268435456,16,2263,4.29497,1073741824,0,0,0,0,0,0,0,0,0,0,0,0,0,0,0,0,0,0,0,0,0,0,0,4,0,0,0,0,0,0,0,0,0,0,0,8.86301,484.594,0.262387,0.0108108
Test,MI250X_two_gcd,256,16384,4194304,134217728,16,1087,2.14748,1073741824,0,0,0,0,0,0,0,0,0,0,0,0,0,0,0,0,0,0,0,0,0,0,0,0,2,0,0,0,0,0,0,0,0,0,0,18.3818,116.826,0.0218537,0.00129917
Test,MI250X_two_gcd,256,16384,4194304,134217728,16,1087,2.14748,1073741824,0,0,0,0,0,0,0,0,0,0,0,0,0,0,0,0,0,0,0,0,0,0,0,0,2,0,0,0,0,0,0,0,0,0,0,18.429,116.527,0.0652078,0.00387651
Test,MI250X_two_gcd,256,16384,4194304,536870912,16,2751,8.58993,1073741824,0,0,0,0,0,0,0,0,0,0,0,0,0,0,0,0,0,0,0,0,0,0,0,0,0,8,0,0,0,0,0,0,0,0,0,7.27238,1181.17,0.321256,0.012005
Test,MI250X_two_gcd,256,16384,4194304,536870912,16,2751,8.58993,1073741824,0,0,0,0,0,0,0,0,0,0,0,0,0,0,0,0,0,0,0,0,0,0,0,0,0,8,0,0,0,0,0,0,0,0,0,7.29386,1177.7,0.679862,0.0254057
Test,MI250X_two_gcd,256,16384,4194304,268435456,16,3446,4.29497,1073741824,0,0,0,0,0,0,0,0,0,0,0,0,0,0,0,0,0,0,0,0,0,0,0,0,0,0,4,0,0,0,0,0,0,0,0,5.80756,739.546,0.190185,0.00635003
Test,MI250X_two_gcd,256,16384,4194304,268435456,16,3446,4.29497,1073741824,0,0,0,0,0,0,0,0,0,0,0,0,0,0,0,0,0,0,0,0,0,0,0,0,0,0,4,0,0,0,0,0,0,0,0,5.82107,737.833,0.457938,0.0152899
Test,MI250X_two_gcd,256,16384,4194304,134217728,16,6060,2.14748,1073741824,0,0,0,0,0,0,0,0,0,0,0,0,0,0,0,0,0,0,0,0,0,0,0,0,0,0,0,2,0,0,0,0,0,0,0,3.37199,636.864,1.88719,0.0475155
Test,MI250X_two_gcd,256,16384,4194304,134217728,16,6060,2.14748,1073741824,0,0,0,0,0,0,0,0,0,0,0,0,0,0,0,0,0,0,0,0,0,0,0,0,0,0,0,2,0,0,0,0,0,0,0,3.37009,637.221,1.46591,0.0369085
Test,MI250X_two_gcd,256,16384,4194304,1073741824,16,2232,17.1799,1073741824,0,0,0,0,0,0,0,0,0,0,0,0,0,0,0,0,0,0,0,0,0,0,0,0,0,0,0,0,16,0,0,0,0,0,0,8.95861,1917.69,0.5173,0.0214611
Test,MI250X_two_gcd,256,16384,4194304,1073741824,16,2232,17.1799,1073741824,0,0,0,0,0,0,0,0,0,0,0,0,0,0,0,0,0,0,0,0,0,0,0,0,0,0,0,0,16,0,0,0,0,0,0,8.9799,1913.14,1.09841,0.0455692
Test,MI250X_two_gcd,256,16384,4194304,536870912,16,4287,8.58993,1073741824,0,0,0,0,0,0,0,0,0,0,0,0,0,0,0,0,0,0,0,0,0,0,0,0,0,0,0,0,0,8,0,0,0,0,0,4.66768,1840.3,1.5113,0.0452407
Test,MI250X_two_gcd,256,16384,4194304,536870912,16,4287,8.58993,1073741824,0,0,0,0,0,0,0,0,0,0,0,0,0,0,0,0,0,0,0,0,0,0,0,0,0,0,0,0,0,8,0,0,0,0,0,4.67643,1836.87,1.76441,0.0528177
Test,MI250X_two_gcd,256,16384,4194304,268435456,16,8713,4.29497,1073741824,0,0,0,0,0,0,0,0,0,0,0,0,0,0,0,0,0,0,0,0,0,0,0,0,0,0,0,0,0,0,4,0,0,0,0,2.29707,1869.74,0.891256,0.0187144
Test,MI250X_two_gcd,256,16384,4194304,268435456,16,8713,4.29497,1073741824,0,0,0,0,0,0,0,0,0,0,0,0,0,0,0,0,0,0,0,0,0,0,0,0,0,0,0,0,0,0,4,0,0,0,0,2.30242,1865.44,1.42236,0.0298664
Test,MI250X_two_gcd,256,16384,4194304,134217728,16,3291,2.14748,1073741824,0,0,0,0,0,0,0,0,0,0,0,0,0,0,0,0,0,0,0,0,0,0,0,0,0,0,0,0,0,0,0,2,0,0,0,6.08126,353.129,0.0759412,0.0025946
Test,MI250X_two_gcd,256,16384,4194304,134217728,16,3291,2.14748,1073741824,0,0,0,0,0,0,0,0,0,0,0,0,0,0,0,0,0,0,0,0,0,0,0,0,0,0,0,0,0,0,0,2,0,0,0,6.09671,352.238,0.218007,0.0074484
Test,MI250X_two_gcd,256,16384,4194304,536870912,16,4289,8.58993,1073741824,0,0,0,0,0,0,0,0,0,0,0,0,0,0,0,0,0,0,0,0,0,0,0,0,0,0,0,0,0,0,0,0,8,0,0,4.66397,1841.76,1.5589,0.0466549
Test,MI250X_two_gcd,256,16384,4194304,536870912,16,4289,8.58993,1073741824,0,0,0,0,0,0,0,0,0,0,0,0,0,0,0,0,0,0,0,0,0,0,0,0,0,0,0,0,0,0,0,0,8,0,0,4.67259,1838.38,1.74958,0.0523616
Test,MI250X_two_gcd,256,16384,4194304,268435456,16,10195,4.29497,1073741824,0,0,0,0,0,0,0,0,0,0,0,0,0,0,0,0,0,0,0,0,0,0,0,0,0,0,0,0,0,0,0,0,0,4,0,1.96251,2188.52,1.63889,0.0318135
Test,MI250X_two_gcd,256,16384,4194304,268435456,16,10195,4.29497,1073741824,0,0,0,0,0,0,0,0,0,0,0,0,0,0,0,0,0,0,0,0,0,0,0,0,0,0,0,0,0,0,0,0,0,4,0,1.96528,2185.41,2.02021,0.0392155
Test,MI250X_two_gcd,256,16384,4194304,134217728,16,11677,2.14748,1073741824,0,0,0,0,0,0,0,0,0,0,0,0,0,0,0,0,0,0,0,0,0,0,0,0,0,0,0,0,0,0,0,0,0,0,2,1.71321,1253.49,2.04562,0.0371036
Test,MI250X_two_gcd,256,16384,4194304,134217728,16,11677,2.14748,1073741824,0,0,0,0,0,0,0,0,0,0,0,0,0,0,0,0,0,0,0,0,0,0,0,0,0,0,0,0,0,0,0,0,0,0,2,1.71289,1253.72,2.07902,0.0377094
Test,MI250X_two_gcd,256,16384,4194304,1073741824,32,3067,34.3597,1073741824,32,0,0,0,0,0,0,0,0,0,0,0,0,0,0,0,0,0,0,0,0,0,0,0,0,0,0,0,0,0,0,0,0,0,0,6.47858,5303.72,25.3842,0.898385
Test,MI250X_two_gcd,256,16384,4194304,1073741824,32,3067,34.3597,1073741824,32,0,0,0,0,0,0,0,0,0,0,0,0,0,0,0,0,0,0,0,0,0,0,0,0,0,0,0,0,0,0,0,0,0,0,6.49151,5293.12,20.8965,0.739557
Test,MI250X_two_gcd,256,16384,4194304,536870912,32,5715,17.1799,1073741824,0,16,0,0,0,0,0,0,0,0,0,0,0,0,0,0,0,0,0,0,0,0,0,0,0,0,0,0,0,0,0,0,0,0,0,3.49044,4921.99,10.5015,0.272269
Test,MI250X_two_gcd,256,16384,4194304,536870912,32,5715,17.1799,1073741824,0,16,0,0,0,0,0,0,0,0,0,0,0,0,0,0,0,0,0,0,0,0,0,0,0,0,0,0,0,0,0,0,0,0,0,3.49326,4918.02,10.6431,0.275942
Test,MI250X_two_gcd,256,16384,4194304,268435456,32,11245,8.58993,1073741824,0,0,8,0,0,0,0,0,0,0,0,0,0,0,0,0,0,0,0,0,0,0,0,0,0,0,0,0,0,0,0,0,0,0,0,1.77352,4843.53,21.6078,0.399381
Test,MI250X_two_gcd,256,16384,4194304,268435456,32,11245,8.58993,1073741824,0,0,8,0,0,0,0,0,0,0,0,0,0,0,0,0,0,0,0,0,0,0,0,0,0,0,0,0,0,0,0,0,0,0,0,1.77121,4849.84,19.3295,0.357271
Test,MI250X_two_gcd,256,16384,4194304,134217728,32,11700,4.29497,1073741824,0,0,0,4,0,0,0,0,0,0,0,0,0,0,0,0,0,0,0,0,0,0,0,0,0,0,0,0,0,0,0,0,0,0,0,1.71154,2509.41,4.32835,0.0784305
Test,MI250X_two_gcd,256,16384,4194304,134217728,32,11700,4.29497,1073741824,0,0,0,4,0,0,0,0,0,0,0,0,0,0,0,0,0,0,0,0,0,0,0,0,0,0,0,0,0,0,0,0,0,0,0,1.71125,2509.83,4.34187,0.0786756
Test,MI250X_two_gcd,256,16384,4194304,536870912,32,10630,17.1799,1073741824,0,0,0,0,16,0,0,0,0,0,0,0,0,0,0,0,0,0,0,0,0,0,0,0,0,0,0,0,0,0,0,0,0,0,0,1.88199,9128.52,8.66022,0.164634
Test,MI250X_two_gcd,256,16384,4194304,536870912,32,10630,17.1799,1073741824,0,0,0,0,16,0,0,0,0,0,0,0,0,0,0,0,0,0,0,0,0,0,0,0,0,0,0,0,0,0,0,0,0,0,0,1.88599,9109.26,10.06,0.191244
Test,MI250X_two_gcd,256,16384,4194304,268435456,32,23202,8.58993,1073741824,0,0,0,0,0,8,0,0,0,0,0,0,0,0,0,0,0,0,0,0,0,0,0,0,0,0,0,0,0,0,0,0,0,0,0,0.858937,10001.4,86.2645,1.11001
Test,MI250X_two_gcd,256,16384,4194304,268435456,32,23202,8.58993,1073741824,0,0,0,0,0,8,0,0,0,0,0,0,0,0,0,0,0,0,0,0,0,0,0,0,0,0,0,0,0,0,0,0,0,0,0,0.857506,10018.1,89.7474,1.15482
Test,MI250X_two_gcd,256,16384,4194304,134217728,32,23264,4.29497,1073741824,0,0,0,0,0,0,4,0,0,0,0,0,0,0,0,0,0,0,0,0,0,0,0,0,0,0,0,0,0,0,0,0,0,0,0,0.859728,4996.04,39.9807,0.513765
Test,MI250X_two_gcd,256,16384,4194304,134217728,32,23264,4.29497,1073741824,0,0,0,0,0,0,4,0,0,0,0,0,0,0,0,0,0,0,0,0,0,0,0,0,0,0,0,0,0,0,0,0,0,0,0,0.858956,5000.55,42.7759,0.549684
Test,MI250X_two_gcd,256,16384,4194304,1073741824,32,3095,34.3597,1073741824,0,0,0,0,0,0,0,32,0,0,0,0,0,0,0,0,0,0,0,0,0,0,0,0,0,0,0,0,0,0,0,0,0,0,0,6.44757,5329.22,25.5072,0.898647
Test,MI250X_two_gcd,256,16384,4194304,1073741824,32,3095,34.3597,1073741824,0,0,0,0,0,0,0,32,0,0,0,0,0,0,0,0,0,0,0,0,0,0,0,0,0,0,0,0,0,0,0,0,0,0,0,6.45851,5320.17,21.2866,0.74995
Test,MI250X_two_gcd,256,16384,4194304,536870912,32,5731,17.1799,1073741824,0,0,0,0,0,0,0,0,16,0,0,0,0,0,0,0,0,0,0,0,0,0,0,0,0,0,0,0,0,0,0,0,0,0,0,3.49031,4922.18,10.3398,0.267703
Test,MI250X_two_gcd,256,16384,4194304,536870912,32,5731,17.1799,1073741824,0,0,0,0,0,0,0,0,16,0,0,0,0,0,0,0,0,0,0,0,0,0,0,0,0,0,0,0,0,0,0,0,0,0,0,3.49311,4918.22,10.6718,0.2763
Test,MI250X_two_gcd,256,16384,4194304,268435456,32,11253,8.58993,1073741824,0,0,0,0,0,0,0,0,0,8,0,0,0,0,0,0,0,0,0,0,0,0,0,0,0,0,0,0,0,0,0,0,0,0,0,1.77639,4835.7,21.8007,0.402803
Test,MI250X_two_gcd,256,16384,4194304,268435456,32,11253,8.58993,1073741824,0,0,0,0,0,0,0,0,0,8,0,0,0,0,0,0,0,0,0,0,0,0,0,0,0,0,0,0,0,0,0,0,0,0,0,1.77426,4841.5,19.8239,0.366279
Test,MI250X_two_gcd,256,16384,4194304,134217728,32,11491,4.29497,1073741824,0,0,0,0,0,0,0,0,0,0,4,0,0,0,0,0,0,0,0,0,0,0,0,0,0,0,0,0,0,0,0,0,0,0,0,1.83372,2342.24,6.51257,0.119077
Test,MI250X_two_gcd,256,16384,4194304,134217728,32,11491,4.29497,1073741824,0,0,0,0,0,0,0,0,0,0,4,0,0,0,0,0,0,0,0,0,0,0,0,0,0,0,0,0,0,0,0,0,0,0,0,1.83779,2337.05,9.10776,0.166529
Test,MI250X_two_gcd,256,16384,4194304,536870912,32,10608,17.1799,1073741824,0,0,0,0,0,0,0,0,0,0,0,16,0,0,0,0,0,0,0,0,0,0,0,0,0,0,0,0,0,0,0,0,0,0,0,1.88704,9104.16,8.56814,0.163052
Test,MI250X_two_gcd,256,16384,4194304,536870912,32,10608,17.1799,1073741824,0,0,0,0,0,0,0,0,0,0,0,16,0,0,0,0,0,0,0,0,0,0,0,0,0,0,0,0,0,0,0,0,0,0,0,1.89065,9086.81,10.3114,0.196226
Test,MI250X_two_gcd,256,16384,4194304,268435456,32,23217,8.58993,1073741824,0,0,0,0,0,0,0,0,0,0,0,0,8,0,0,0,0,0,0,0,0,0,0,0,0,0,0,0,0,0,0,0,0,0,0,0.858945,10001.3,87.0089,1.11922
Test,MI250X_two_gcd,256,16384,4194304,268435456,32,23217,8.58993,1073741824,0,0,0,0,0,0,0,0,0,0,0,0,8,0,0,0,0,0,0,0,0,0,0,0,0,0,0,0,0,0,0,0,0,0,0,0.857756,10015.2,90.2056,1.16034
Test,MI250X_two_gcd,256,16384,4194304,134217728,32,23324,4.29497,1073741824,0,0,0,0,0,0,0,0,0,0,0,0,0,4,0,0,0,0,0,0,0,0,0,0,0,0,0,0,0,0,0,0,0,0,0,0.859664,4996.42,40.4558,0.519201
Test,MI250X_two_gcd,256,16384,4194304,134217728,32,23324,4.29497,1073741824,0,0,0,0,0,0,0,0,0,0,0,0,0,4,0,0,0,0,0,0,0,0,0,0,0,0,0,0,0,0,0,0,0,0,0,0.859038,5000.11,42.9788,0.55158
Test,MI250X_two_gcd,256,16384,4194304,1073741824,32,5390,68.7195,1073741824,0,0,0,0,0,0,0,0,0,0,0,0,0,0,64,0,0,0,0,0,0,0,0,0,0,0,0,0,0,0,0,0,0,0,0,3.71461,18499.8,11.9844,0.319947
Test,MI250X_two_gcd,256,16384,4194304,1073741824,32,5390,68.7195,1073741824,0,0,0,0,0,0,0,0,0,0,0,0,0,0,64,0,0,0,0,0,0,0,0,0,0,0,0,0,0,0,0,0,0,0,0,3.72765,18435.2,15.0874,0.402788
Test,MI250X_two_gcd,256,16384,4194304,536870912,32,10176,34.3597,1073741824,0,0,0,0,0,0,0,0,0,0,0,0,0,0,0,32,0,0,0,0,0,0,0,0,0,0,0,0,0,0,0,0,0,0,0,1.96721,17466.2,14.6897,0.285418
Test,MI250X_two_gcd,256,16384,4194304,536870912,32,10176,34.3597,1073741824,0,0,0,0,0,0,0,0,0,0,0,0,0,0,0,32,0,0,0,0,0,0,0,0,0,0,0,0,0,0,0,0,0,0,0,1.97164,17427.1,17.4841,0.339712
Test,MI250X_two_gcd,256,16384,4194304,268435456,32,19164,17.1799,1073741824,0,0,0,0,0,0,0,0,0,0,0,0,0,0,0,0,16,0,0,0,0,0,0,0,0,0,0,0,0,0,0,0,0,0,0,1.16514,14745.3,78.0449,1.10499
Test,MI250X_two_gcd,256,16384,4194304,268435456,32,19164,17.1799,1073741824,0,0,0,0,0,0,0,0,0,0,0,0,0,0,0,0,16,0,0,0,0,0,0,0,0,0,0,0,0,0,0,0,0,0,0,1.16349,14765.7,46.3225,0.65585
Test,MI250X_two_gcd,256,16384,4194304,134217728,32,11601,8.58993,1073741824,0,0,0,0,0,0,0,0,0,0,0,0,0,0,0,0,0,8,0,0,0,0,0,0,0,0,0,0,0,0,0,0,0,0,0,1.82098,4717.26,16.001,0.291176
Test,MI250X_two_gcd,256,16384,4194304,134217728,32,11601,8.58993,1073741824,0,0,0,0,0,0,0,0,0,0,0,0,0,0,0,0,0,8,0,0,0,0,0,0,0,0,0,0,0,0,0,0,0,0,0,1.81771,4725.75,11.7515,0.213847
Test,MI250X_two_gcd,256,16384,4194304,536870912,32,5915,34.3597,1073741824,0,0,0,0,0,0,0,0,0,0,0,0,0,0,0,0,0,0,32,0,0,0,0,0,0,0,0,0,0,0,0,0,0,0,0,3.38482,10151.1,3.1836,0.0811328
Test,MI250X_two_gcd,256,16384,4194304,536870912,32,5915,34.3597,1073741824,0,0,0,0,0,0,0,0,0,0,0,0,0,0,0,0,0,0,32,0,0,0,0,0,0,0,0,0,0,0,0,0,0,0,0,3.39398,10123.7,6.7066,0.170915
Test,MI250X_two_gcd,256,16384,4194304,268435456,32,23280,17.1799,1073741824,0,0,0,0,0,0,0,0,0,0,0,0,0,0,0,0,0,0,0,16,0,0,0,0,0,0,0,0,0,0,0,0,0,0,0,0.865984,19839.4,124.888,1.6043
Test,MI250X_two_gcd,256,16384,4194304,268435456,32,23280,17.1799,1073741824,0,0,0,0,0,0,0,0,0,0,0,0,0,0,0,0,0,0,0,16,0,0,0,0,0,0,0,0,0,0,0,0,0,0,0,0.865783,19844.1,130.584,1.67747
Test,MI250X_two_gcd,256,16384,4194304,134217728,32,23311,8.58993,1073741824,0,0,0,0,0,0,0,0,0,0,0,0,0,0,0,0,0,0,0,0,8,0,0,0,0,0,0,0,0,0,0,0,0,0,0,0.859262,9997.55,82.3199,1.05677
Test,MI250X_two_gcd,256,16384,4194304,134217728,32,23311,8.58993,1073741824,0,0,0,0,0,0,0,0,0,0,0,0,0,0,0,0,0,0,0,0,8,0,0,0,0,0,0,0,0,0,0,0,0,0,0,0.858484,10006.7,88.0235,1.12999
Test,MI250X_two_gcd,256,16384,4194304,1073741824,32,576,34.3597,1073741824,0,0,0,0,0,0,0,0,0,0,0,0,0,0,0,0,0,0,0,0,0,32,0,0,0,0,0,0,0,0,0,0,0,0,0,34.6676,991.121,0.223859,0.0182818
Test,MI250X_two_gcd,256,16384,4194304,1073741824,32,576,34.3597,1073741824,0,0,0,0,0,0,0,0,0,0,0,0,0,0,0,0,0,0,0,0,0,32,0,0,0,0,0,0,0,0,0,0,0,0,0,34.7745,988.073,0.555494,0.0453654
Test,MI250X_two_gcd,256,16384,4194304,536870912,32,1146,17.1799,1073741824,0,0,0,0,0,0,0,0,0,0,0,0,0,0,0,0,0,0,0,0,0,0,16,0,0,0,0,0,0,0,0,0,0,0,0,17.4347,985.383,0.198175,0.0114739
Test,MI250X_two_gcd,256,16384,4194304,536870912,32,1146,17.1799,1073741824,0,0,0,0,0,0,0,0,0,0,0,0,0,0,0,0,0,0,0,0,0,0,16,0,0,0,0,0,0,0,0,0,0,0,0,17.4844,982.584,0.473239,0.0273996
Test,MI250X_two_gcd,256,16384,4194304,268435456,32,1140,8.58993,1073741824,0,0,0,0,0,0,0,0,0,0,0,0,0,0,0,0,0,0,0,0,0,0,0,8,0,0,0,0,0,0,0,0,0,0,0,17.5345,489.889,0.11812,0.00685688
Test,MI250X_two_gcd,256,16384,4194304,268435456,32,1140,8.58993,1073741824,0,0,0,0,0,0,0,0,0,0,0,0,0,0,0,0,0,0,0,0,0,0,0,8,0,0,0,0,0,0,0,0,0,0,0,17.5815,488.578,0.268286,0.0155741
Test,MI250X_two_gcd,256,16384,4194304,134217728,32,545,4.29497,1073741824,0,0,0,0,0,0,0,0,0,0,0,0,0,0,0,0,0,0,0,0,0,0,0,0,4,0,0,0,0,0,0,0,0,0,0,36.6529,117.18,0.0232617,0.00195298
Test,MI250X_two_gcd,256,16384,4194304,134217728,32,545,4.29497,1073741824,0,0,0,0,0,0,0,0,0,0,0,0,0,0,0,0,0,0,0,0,0,0,0,0,4,0,0,0,0,0,0,0,0,0,0,36.7496,116.871,0.0701684,0.00589114
Test,MI250X_two_gcd,256,16384,4194304,536870912,32,1400,17.1799,1073741824,0,0,0,0,0,0,0,0,0,0,0,0,0,0,0,0,0,0,0,0,0,0,0,0,0,16,0,0,0,0,0,0,0,0,0,14.2814,1202.95,0.268667,0.0140736
Test,MI250X_two_gcd,256,16384,4194304,536870912,32,1400,17.1799,1073741824,0,0,0,0,0,0,0,0,0,0,0,0,0,0,0,0,0,0,0,0,0,0,0,0,0,16,0,0,0,0,0,0,0,0,0,14.3218,1199.56,0.628214,0.0329079
Test,MI250X_two_gcd,256,16384,4194304,268435456,32,1746,8.58993,1073741824,0,0,0,0,0,0,0,0,0,0,0,0,0,0,0,0,0,0,0,0,0,0,0,0,0,0,8,0,0,0,0,0,0,0,0,11.4472,750.4,0.151373,0.00710038
Test,MI250X_two_gcd,256,16384,4194304,268435456,32,1746,8.58993,1073741824,0,0,0,0,0,0,0,0,0,0,0,0,0,0,0,0,0,0,0,0,0,0,0,0,0,0,8,0,0,0,0,0,0,0,0,11.4748,748.589,0.428934,0.0201198
Test,MI250X_two_gcd,256,16384,4194304,134217728,32,3123,4.29497,1073741824,0,0,0,0,0,0,0,0,0,0,0,0,0,0,0,0,0,0,0,0,0,0,0,0,0,0,0,4,0,0,0,0,0,0,0,6.39643,671.465,1.14913,0.0403031
Test,MI250X_two_gcd,256,16384,4194304,134217728,32,3123,4.29497,1073741824,0,0,0,0,0,0,0,0,0,0,0,0,0,0,0,0,0,0,0,0,0,0,0,0,0,0,0,4,0,0,0,0,0,0,0,6.38178,673.007,1.37525,0.0482338
Test,MI250X_two_gcd,256,16384,4194304,1073741824,32,1141,34.3597,1073741824,0,0,0,0,0,0,0,0,0,0,0,0,0,0,0,0,0,0,0,0,0,0,0,0,0,0,0,0,32,0,0,0,0,0,0,17.513,1961.96,0.334507,0.0194097
Test,MI250X_two_gcd,256,16384,4194304,1073741824,32,1141,34.3597,1073741824,0,0,0,0,0,0,0,0,0,0,0,0,0,0,0,0,0,0,0,0,0,0,0,0,0,0,0,0,32,0,0,0,0,0,0,17.5624,1956.44,1.13462,0.0658361
Test,MI250X_two_gcd,256,16384,4194304,536870912,32,2266,17.1799,1073741824,0,0,0,0,0,0,0,0,0,0,0,0,0,0,0,0,0,0,0,0,0,0,0,0,0,0,0,0,0,16,0,0,0,0,0,8.8238,1946.99,0.41333,0.0170186
Test,MI250X_two_gcd,256,16384,4194304,536870912,32,2266,17.1799,1073741824,0,0,0,0,0,0,0,0,0,0,0,0,0,0,0,0,0,0,0,0,0,0,0,0,0,0,0,0,0,16,0,0,0,0,0,8.84778,1941.71,1.13666,0.0468013
Test,MI250X_two_gcd,256,16384,4194304,268435456,32,4529,8.58993,1073741824,0,0,0,0,0,0,0,0,0,0,0,0,0,0,0,0,0,0,0,0,0,0,0,0,0,0,0,0,0,0,8,0,0,0,0,4.41842,1944.12,0.538179,0.0156741
Test,MI250X_two_gcd,256,16384,4194304,268435456,32,4529,8.58993,1073741824,0,0,0,0,0,0,0,0,0,0,0,0,0,0,0,0,0,0,0,0,0,0,0,0,0,0,0,0,0,0,8,0,0,0,0,4.4298,1939.13,1.00421,0.0292468
Test,MI250X_two_gcd,256,16384,4194304,134217728,32,1659,4.29497,1073741824,0,0,0,0,0,0,0,0,0,0,0,0,0,0,0,0,0,0,0,0,0,0,0,0,0,0,0,0,0,0,0,4,0,0,0,12.0477,356.497,0.0783415,0.00376985
Test,MI250X_two_gcd,256,16384,4194304,134217728,32,1659,4.29497,1073741824,0,0,0,0,0,0,0,0,0,0,0,0,0,0,0,0,0,0,0,0,0,0,0,0,0,0,0,0,0,0,0,4,0,0,0,12.0807,355.525,0.187886,0.00904122
Test,MI250X_two_gcd,256,16384,4194304,536870912,32,2274,17.1799,1073741824,0,0,0,0,0,0,0,0,0,0,0,0,0,0,0,0,0,0,0,0,0,0,0,0,0,0,0,0,0,0,0,0,16,0,0,8.79552,1953.26,0.433931,0.0178353
Test,MI250X_two_gcd,256,16384,4194304,536870912,32,2274,17.1799,1073741824,0,0,0,0,0,0,0,0,0,0,0,0,0,0,0,0,0,0,0,0,0,0,0,0,0,0,0,0,0,0,0,0,16,0,0,8.82014,1947.8,1.12024,0.0460438
Test,MI250X_two_gcd,256,16384,4194304,268435456,32,5506,8.58993,1073741824,0,0,0,0,0,0,0,0,0,0,0,0,0,0,0,0,0,0,0,0,0,0,0,0,0,0,0,0,0,0,0,0,0,8,0,3.63371,2363.96,0.699951,0.0184887
Test,MI250X_two_gcd,256,16384,4194304,268435456,32,5506,8.58993,1073741824,0,0,0,0,0,0,0,0,0,0,0,0,0,0,0,0,0,0,0,0,0,0,0,0,0,0,0,0,0,0,0,0,0,8,0,3.64252,2358.26,1.34171,0.0354403
Test,MI250X_two_gcd,256,16384,4194304,134217728,32,10647,4.29497,1073741824,0,0,0,0,0,0,0,0,0,0,0,0,0,0,0,0,0,0,0,0,0,0,0,0,0,0,0,0,0,0,0,0,0,0,4,1.89175,2270.37,5.01246,0.0952124
Test,MI250X_two_gcd,256,16384,4194304,134217728,32,10647,4.29497,1073741824,0,0,0,0,0,0,0,0,0,0,0,0,0,0,0,0,0,0,0,0,0,0,0,0,0,0,0,0,0,0,0,0,0,0,4,1.89244,2269.55,3.74914,0.0712154
Test,MI250X_two_gcd,256,16384,4194304,1073741824,64,2830,68.7195,1073741824,64,0,0,0,0,0,0,0,0,0,0,0,0,0,0,0,0,0,0,0,0,0,0,0,0,0,0,0,0,0,0,0,0,0,0,7.14022,9624.39,31.5614,1.16284
Test,MI250X_two_gcd,256,16384,4194304,1073741824,64,2830,68.7195,1073741824,64,0,0,0,0,0,0,0,0,0,0,0,0,0,0,0,0,0,0,0,0,0,0,0,0,0,0,0,0,0,0,0,0,0,0,7.15407,9605.75,30.9603,1.14069
Test,MI250X_two_gcd,256,16384,4194304,536870912,64,5085,34.3597,1073741824,0,32,0,0,0,0,0,0,0,0,0,0,0,0,0,0,0,0,0,0,0,0,0,0,0,0,0,0,0,0,0,0,0,0,0,3.95088,8696.79,15.2026,0.417858
Test,MI250X_two_gcd,256,16384,4194304,536870912,64,5085,34.3597,1073741824,0,32,0,0,0,0,0,0,0,0,0,0,0,0,0,0,0,0,0,0,0,0,0,0,0,0,0,0,0,0,0,0,0,0,0,3.95434,8689.18,15.7597,0.433171
Test,MI250X_two_gcd,256,16384,4194304,268435456,64,10659,17.1799,1073741824,0,0,16,0,0,0,0,0,0,0,0,0,0,0,0,0,0,0,0,0,0,0,0,0,0,0,0,0,0,0,0,0,0,0,0,2.02801,8471.41,43.2149,0.82041
Test,MI250X_two_gcd,256,16384,4194304,268435456,64,10659,17.1799,1073741824,0,0,16,0,0,0,0,0,0,0,0,0,0,0,0,0,0,0,0,0,0,0,0,0,0,0,0,0,0,0,0,0,0,0,0,2.02622,8478.83,36.2706,0.688577
Test,MI250X_two_gcd,256,16384,4194304,134217728,64,11387,8.58993,1073741824,0,0,0,8,0,0,0,0,0,0,0,0,0,0,0,0,0,0,0,0,0,0,0,0,0,0,0,0,0,0,0,0,0,0,0,2.01647,4260.21,38.2893,0.703281
Test,MI250X_two_gcd,256,16384,4194304,134217728,64,11387,8.58993,1073741824,0,0,0,8,0,0,0,0,0,0,0,0,0,0,0,0,0,0,0,0,0,0,0,0,0,0,0,0,0,0,0,0,0,0,0,2.01076,4272.06,16.2369,0.298232
Test,MI250X_two_gcd,256,16384,4194304,536870912,64,6062,34.3597,1073741824,0,0,0,0,32,0,0,0,0,0,0,0,0,0,0,0,0,0,0,0,0,0,0,0,0,0,0,0,0,0,0,0,0,0,0,3.30154,10407.1,3.03481,0.0763977
Test,MI250X_two_gcd,256,16384,4194304,536870912,64,6062,34.3597,1073741824,0,0,0,0,32,0,0,0,0,0,0,0,0,0,0,0,0,0,0,0,0,0,0,0,0,0,0,0,0,0,0,0,0,0,0,3.3113,10376.6,6.76764,0.170367
Test,MI250X_two_gcd,256,16384,4194304,268435456,64,21737,17.1799,1073741824,0,0,0,0,0,16,0,0,0,0,0,0,0,0,0,0,0,0,0,0,0,0,0,0,0,0,0,0,0,0,0,0,0,0,0,1.04391,16458.2,129.513,1.72175
Test,MI250X_two_gcd,256,16384,4194304,268435456,64,21737,17.1799,1073741824,0,0,0,0,0,16,0,0,0,0,0,0,0,0,0,0,0,0,0,0,0,0,0,0,0,0,0,0,0,0,0,0,0,0,0,1.04085,16505.6,53.838,0.715723
Test,MI250X_two_gcd,256,16384,4194304,134217728,64,22066,8.58993,1073741824,0,0,0,0,0,0,8,0,0,0,0,0,0,0,0,0,0,0,0,0,0,0,0,0,0,0,0,0,0,0,0,0,0,0,0,0.975732,8803.99,33.7278,0.445022
Test,MI250X_two_gcd,256,16384,4194304,134217728,64,22066,8.58993,1073741824,0,0,0,0,0,0,8,0,0,0,0,0,0,0,0,0,0,0,0,0,0,0,0,0,0,0,0,0,0,0,0,0,0,0,0,0.974963,8810.68,29.446,0.388526
Test,MI250X_two_gcd,256,16384,4194304,1073741824,64,2839,68.7195,1073741824,0,0,0,0,0,0,0,64,0,0,0,0,0,0,0,0,0,0,0,0,0,0,0,0,0,0,0,0,0,0,0,0,0,0,0,7.04585,9753.19,17.3128,0.636854
Test,MI250X_two_gcd,256,16384,4194304,1073741824,64,2839,68.7195,1073741824,0,0,0,0,0,0,0,64,0,0,0,0,0,0,0,0,0,0,0,0,0,0,0,0,0,0,0,0,0,0,0,0,0,0,0,7.06498,9726.81,17.3635,0.638722
Test,MI250X_two_gcd,256,16384,4194304,536870912,64,5094,34.3597,1073741824,0,0,0,0,0,0,0,0,32,0,0,0,0,0,0,0,0,0,0,0,0,0,0,0,0,0,0,0,0,0,0,0,0,0,0,3.92459,8755,13.692,0.376004
Test,MI250X_two_gcd,256,16384,4194304,536870912,64,5094,34.3597,1073741824,0,0,0,0,0,0,0,0,32,0,0,0,0,0,0,0,0,0,0,0,0,0,0,0,0,0,0,0,0,0,0,0,0,0,0,3.92923,8744.67,14.22,0.390504
Test,MI250X_two_gcd,256,16384,4194304,268435456,64,10690,17.1799,1073741824,0,0,0,0,0,0,0,0,0,16,0,0,0,0,0,0,0,0,0,0,0,0,0,0,0,0,0,0,0,0,0,0,0,0,0,1.8755,9160.25,13.9583,0.264606
Test,MI250X_two_gcd,256,16384,4194304,268435456,64,10690,17.1799,1073741824,0,0,0,0,0,0,0,0,0,16,0,0,0,0,0,0,0,0,0,0,0,0,0,0,0,0,0,0,0,0,0,0,0,0,0,1.87689,9153.39,15.1722,0.287617
Test,MI250X_two_gcd,256,16384,4194304,134217728,64,6120,8.58993,1073741824,0,0,0,0,0,0,0,0,0,0,8,0,0,0,0,0,0,0,0,0,0,0,0,0,0,0,0,0,0,0,0,0,0,0,0,3.2717,2625.55,0.69628,0.0174447
Test,MI250X_two_gcd,256,16384,4194304,134217728,64,6120,8.58993,1073741824,0,0,0,0,0,0,0,0,0,0,8,0,0,0,0,0,0,0,0,0,0,0,0,0,0,0,0,0,0,0,0,0,0,0,0,3.28051,2618.44,2.02578,0.0507543
Test,MI250X_two_gcd,256,16384,4194304,536870912,64,6040,34.3597,1073741824,0,0,0,0,0,0,0,0,0,0,0,32,0,0,0,0,0,0,0,0,0,0,0,0,0,0,0,0,0,0,0,0,0,0,0,3.31419,10367.4,3.14979,0.0794362
Test,MI250X_two_gcd,256,16384,4194304,536870912,64,6040,34.3597,1073741824,0,0,0,0,0,0,0,0,0,0,0,32,0,0,0,0,0,0,0,0,0,0,0,0,0,0,0,0,0,0,0,0,0,0,0,3.32326,10339.1,6.75285,0.170304
Test,MI250X_two_gcd,256,16384,4194304,268435456,64,21780,17.1799,1073741824,0,0,0,0,0,0,0,0,0,0,0,0,16,0,0,0,0,0,0,0,0,0,0,0,0,0,0,0,0,0,0,0,0,0,0,1.04766,16398.8,118.436,1.57294
Test,MI250X_two_gcd,256,16384,4194304,268435456,64,21780,17.1799,1073741824,0,0,0,0,0,0,0,0,0,0,0,0,16,0,0,0,0,0,0,0,0,0,0,0,0,0,0,0,0,0,0,0,0,0,0,1.04566,16430,60.4667,0.803052
Test,MI250X_two_gcd,256,16384,4194304,134217728,64,22194,8.58993,1073741824,0,0,0,0,0,0,0,0,0,0,0,0,0,8,0,0,0,0,0,0,0,0,0,0,0,0,0,0,0,0,0,0,0,0,0,0.978261,8780.91,37.4874,0.493201
Test,MI250X_two_gcd,256,16384,4194304,134217728,64,22194,8.58993,1073741824,0,0,0,0,0,0,0,0,0,0,0,0,0,8,0,0,0,0,0,0,0,0,0,0,0,0,0,0,0,0,0,0,0,0,0,0.978198,8781.4,37.1278,0.48847
Test,MI250X_two_gcd,256,16384,4194304,1073741824,64,2959,137.439,1073741824,0,0,0,0,0,0,0,0,0,0,0,0,0,0,128,0,0,0,0,0,0,0,0,0,0,0,0,0,0,0,0,0,0,0,0,6.76229,20324.2,5.05219,0.182038
Test,MI250X_two_gcd,256,16384,4194304,1073741824,64,2959,137.439,1073741824,0,0,0,0,0,0,0,0,0,0,0,0,0,0,128,0,0,0,0,0,0,0,0,0,0,0,0,0,0,0,0,0,0,0,0,6.78398,20259.4,12.3388,0.444588
Test,MI250X_two_gcd,256,16384,4194304,536870912,64,5805,68.7195,1073741824,0,0,0,0,0,0,0,0,0,0,0,0,0,0,0,64,0,0,0,0,0,0,0,0,0,0,0,0,0,0,0,0,0,0,0,3.45,19918.6,6.07729,0.156338
Test,MI250X_two_gcd,256,16384,4194304,536870912,64,5805,68.7195,1073741824,0,0,0,0,0,0,0,0,0,0,0,0,0,0,0,64,0,0,0,0,0,0,0,0,0,0,0,0,0,0,0,0,0,0,0,3.45901,19866.9,13.0405,0.335467
Test,MI250X_two_gcd,256,16384,4194304,268435456,64,10985,34.3597,1073741824,0,0,0,0,0,0,0,0,0,0,0,0,0,0,0,0,32,0,0,0,0,0,0,0,0,0,0,0,0,0,0,0,0,0,0,1.93314,17774.3,53.4547,0.999636
Test,MI250X_two_gcd,256,16384,4194304,268435456,64,10985,34.3597,1073741824,0,0,0,0,0,0,0,0,0,0,0,0,0,0,0,0,32,0,0,0,0,0,0,0,0,0,0,0,0,0,0,0,0,0,0,1.9318,17786.4,44.3027,0.828488
Test,MI250X_two_gcd,256,16384,4194304,134217728,64,5919,17.1799,1073741824,0,0,0,0,0,0,0,0,0,0,0,0,0,0,0,0,0,16,0,0,0,0,0,0,0,0,0,0,0,0,0,0,0,0,0,3.41119,5036.33,9.65942,0.246084
Test,MI250X_two_gcd,256,16384,4194304,134217728,64,5919,17.1799,1073741824,0,0,0,0,0,0,0,0,0,0,0,0,0,0,0,0,0,16,0,0,0,0,0,0,0,0,0,0,0,0,0,0,0,0,0,3.41147,5035.93,8.64627,0.220273
Test,MI250X_two_gcd,256,16384,4194304,536870912,64,3077,68.7195,1073741824,0,0,0,0,0,0,0,0,0,0,0,0,0,0,0,0,0,0,64,0,0,0,0,0,0,0,0,0,0,0,0,0,0,0,0,6.50206,10568.9,2.29143,0.0809652
Test,MI250X_two_gcd,256,16384,4194304,536870912,64,3077,68.7195,1073741824,0,0,0,0,0,0,0,0,0,0,0,0,0,0,0,0,0,0,64,0,0,0,0,0,0,0,0,0,0,0,0,0,0,0,0,6.5196,10540.5,6.20122,0.219114
Test,MI250X_two_gcd,256,16384,4194304,268435456,64,19998,34.3597,1073741824,0,0,0,0,0,0,0,0,0,0,0,0,0,0,0,0,0,0,0,32,0,0,0,0,0,0,0,0,0,0,0,0,0,0,0,1.20066,28618.7,237.573,3.29275
Test,MI250X_two_gcd,256,16384,4194304,268435456,64,19998,34.3597,1073741824,0,0,0,0,0,0,0,0,0,0,0,0,0,0,0,0,0,0,0,32,0,0,0,0,0,0,0,0,0,0,0,0,0,0,0,1.19963,28642.4,124.677,1.72802
Test,MI250X_two_gcd,256,16384,4194304,134217728,64,21820,17.1799,1073741824,0,0,0,0,0,0,0,0,0,0,0,0,0,0,0,0,0,0,0,0,16,0,0,0,0,0,0,0,0,0,0,0,0,0,0,1.01308,16957.9,83.6719,1.11022
Test,MI250X_two_gcd,256,16384,4194304,134217728,64,21820,17.1799,1073741824,0,0,0,0,0,0,0,0,0,0,0,0,0,0,0,0,0,0,0,0,16,0,0,0,0,0,0,0,0,0,0,0,0,0,0,1.01178,16979.6,60.0867,0.797273
Test,MI250X_two_gcd,256,16384,4194304,1073741824,64,290,68.7195,1073741824,0,0,0,0,0,0,0,0,0,0,0,0,0,0,0,0,0,0,0,0,0,64,0,0,0,0,0,0,0,0,0,0,0,0,0,68.7187,1000.01,0.223706,0.0257475
Test,MI250X_two_gcd,256,16384,4194304,1073741824,64,290,68.7195,1073741824,0,0,0,0,0,0,0,0,0,0,0,0,0,0,0,0,0,0,0,0,0,64,0,0,0,0,0,0,0,0,0,0,0,0,0,68.9279,996.976,0.664684,0.076502
Test,MI250X_two_gcd,256,16384,4194304,536870912,64,578,34.3597,1073741824,0,0,0,0,0,0,0,0,0,0,0,0,0,0,0,0,0,0,0,0,0,0,32,0,0,0,0,0,0,0,0,0,0,0,0,34.5506,994.474,0.237701,0.0193786
Test,MI250X_two_gcd,256,16384,4194304,536870912,64,578,34.3597,1073741824,0,0,0,0,0,0,0,0,0,0,0,0,0,0,0,0,0,0,0,0,0,0,32,0,0,0,0,0,0,0,0,0,0,0,0,34.6455,991.751,0.571685,0.0466067
Test,MI250X_two_gcd,256,16384,4194304,268435456,64,572,17.1799,1073741824,0,0,0,0,0,0,0,0,0,0,0,0,0,0,0,0,0,0,0,0,0,0,0,16,0,0,0,0,0,0,0,0,0,0,0,34.9224,491.944,0.128005,0.0104902
Test,MI250X_two_gcd,256,16384,4194304,268435456,64,572,17.1799,1073741824,0,0,0,0,0,0,0,0,0,0,0,0,0,0,0,0,0,0,0,0,0,0,0,16,0,0,0,0,0,0,0,0,0,0,0,35.0057,490.774,0.266828,0.021867
Test,MI250X_two_gcd,256,16384,4194304,134217728,64,271,8.58993,1073741824,0,0,0,0,0,0,0,0,0,0,0,0,0,0,0,0,0,0,0,0,0,0,0,0,8,0,0,0,0,0,0,0,0,0,0,73.5534,116.785,0.0251248,0.0029914
Test,MI250X_two_gcd,256,16384,4194304,134217728,64,271,8.58993,1073741824,0,0,0,0,0,0,0,0,0,0,0,0,0,0,0,0,0,0,0,0,0,0,0,0,8,0,0,0,0,0,0,0,0,0,0,73.7274,116.509,0.0666692,0.00793773
Test,MI250X_two_gcd,256,16384,4194304,536870912,64,706,34.3597,1073741824,0,0,0,0,0,0,0,0,0,0,0,0,0,0,0,0,0,0,0,0,0,0,0,0,0,32,0,0,0,0,0,0,0,0,0,28.2874,1214.67,0.273205,0.0201531
Test,MI250X_two_gcd,256,16384,4194304,536870912,64,706,34.3597,1073741824,0,0,0,0,0,0,0,0,0,0,0,0,0,0,0,0,0,0,0,0,0,0,0,0,0,32,0,0,0,0,0,0,0,0,0,28.3596,1211.57,0.6738,0.0497033
Test,MI250X_two_gcd,256,16384,4194304,268435456,64,879,17.1799,1073741824,0,0,0,0,0,0,0,0,0,0,0,0,0,0,0,0,0,0,0,0,0,0,0,0,0,0,16,0,0,0,0,0,0,0,0,22.7279,755.893,0.174902,0.0115626
Test,MI250X_two_gcd,256,16384,4194304,268435456,64,879,17.1799,1073741824,0,0,0,0,0,0,0,0,0,0,0,0,0,0,0,0,0,0,0,0,0,0,0,0,0,0,16,0,0,0,0,0,0,0,0,22.7786,754.211,0.427985,0.0282937
Test,MI250X_two_gcd,256,16384,4194304,134217728,64,1591,8.58993,1073741824,0,0,0,0,0,0,0,0,0,0,0,0,0,0,0,0,0,0,0,0,0,0,0,0,0,0,0,8,0,0,0,0,0,0,0,12.4387,690.582,1.25705,0.0617692
Test,MI250X_two_gcd,256,16384,4194304,134217728,64,1591,8.58993,1073741824,0,0,0,0,0,0,0,0,0,0,0,0,0,0,0,0,0,0,0,0,0,0,0,0,0,0,0,8,0,0,0,0,0,0,0,12.4137,691.973,1.19097,0.0585225
Test,MI250X_two_gcd,256,16384,4194304,1073741824,64,577,68.7195,1073741824,0,0,0,0,0,0,0,0,0,0,0,0,0,0,0,0,0,0,0,0,0,0,0,0,0,0,0,0,64,0,0,0,0,0,0,34.5892,1986.73,0.427709,0.0348993
Test,MI250X_two_gcd,256,16384,4194304,1073741824,64,577,68.7195,1073741824,0,0,0,0,0,0,0,0,0,0,0,0,0,0,0,0,0,0,0,0,0,0,0,0,0,0,0,0,64,0,0,0,0,0,0,34.6962,1980.6,1.18058,0.0963301
Test,MI250X_two_gcd,256,16384,4194304,536870912,64,1151,34.3597,1073741824,0,0,0,0,0,0,0,0,0,0,0,0,0,0,0,0,0,0,0,0,0,0,0,0,0,0,0,0,0,32,0,0,0,0,0,17.3531,1980.04,0.454077,0.026233
Test,MI250X_two_gcd,256,16384,4194304,536870912,64,1151,34.3597,1073741824,0,0,0,0,0,0,0,0,0,0,0,0,0,0,0,0,0,0,0,0,0,0,0,0,0,0,0,0,0,32,0,0,0,0,0,17.4032,1974.33,1.0835,0.0625962
Test,MI250X_two_gcd,256,16384,4194304,268435456,64,2307,17.1799,1073741824,0,0,0,0,0,0,0,0,0,0,0,0,0,0,0,0,0,0,0,0,0,0,0,0,0,0,0,0,0,0,16,0,0,0,0,8.66943,1981.66,0.437997,0.0178733
Test,MI250X_two_gcd,256,16384,4194304,268435456,64,2307,17.1799,1073741824,0,0,0,0,0,0,0,0,0,0,0,0,0,0,0,0,0,0,0,0,0,0,0,0,0,0,0,0,0,0,16,0,0,0,0,8.69428,1976,1.137,0.0463971
Test,MI250X_two_gcd,256,16384,4194304,134217728,64,834,8.58993,1073741824,0,0,0,0,0,0,0,0,0,0,0,0,0,0,0,0,0,0,0,0,0,0,0,0,0,0,0,0,0,0,0,8,0,0,0,23.9504,358.656,0.0694668,0.00471466
Test,MI250X_two_gcd,256,16384,4194304,134217728,64,834,8.58993,1073741824,0,0,0,0,0,0,0,0,0,0,0,0,0,0,0,0,0,0,0,0,0,0,0,0,0,0,0,0,0,0,0,8,0,0,0,24.0208,357.605,0.188037,0.012762
Test,MI250X_two_gcd,256,16384,4194304,536870912,64,1156,34.3597,1073741824,0,0,0,0,0,0,0,0,0,0,0,0,0,0,0,0,0,0,0,0,0,0,0,0,0,0,0,0,0,0,0,0,32,0,0,17.2901,1987.25,0.49566,0.0285734
Test,MI250X_two_gcd,256,16384,4194304,536870912,64,1156,34.3597,1073741824,0,0,0,0,0,0,0,0,0,0,0,0,0,0,0,0,0,0,0,0,0,0,0,0,0,0,0,0,0,0,0,0,32,0,0,17.341,1981.41,1.10969,0.0639701
Test,MI250X_two_gcd,256,16384,4194304,268435456,64,2814,17.1799,1073741824,0,0,0,0,0,0,0,0,0,0,0,0,0,0,0,0,0,0,0,0,0,0,0,0,0,0,0,0,0,0,0,0,0,16,0,7.10911,2416.6,0.5453,0.0201479
Test,MI250X_two_gcd,256,16384,4194304,268435456,64,2814,17.1799,1073741824,0,0,0,0,0,0,0,0,0,0,0,0,0,0,0,0,0,0,0,0,0,0,0,0,0,0,0,0,0,0,0,0,0,16,0,7.12888,2409.9,1.41868,0.0524177
Test,MI250X_two_gcd,256,16384,4194304,134217728,64,5542,8.58993,1073741824,0,0,0,0,0,0,0,0,0,0,0,0,0,0,0,0,0,0,0,0,0,0,0,0,0,0,0,0,0,0,0,0,0,0,8,3.61107,2378.79,0.562611,0.0148126
Test,MI250X_two_gcd,256,16384,4194304,134217728,64,5542,8.58993,1073741824,0,0,0,0,0,0,0,0,0,0,0,0,0,0,0,0,0,0,0,0,0,0,0,0,0,0,0,0,0,0,0,0,0,0,8,3.62014,2372.82,1.57083,0.0413572
Test,MI250X_two_gcd,256,16384,4194304,1073741824,128,1534,137.439,1073741824,128,0,0,0,0,0,0,0,0,0,0,0,0,0,0,0,0,0,0,0,0,0,0,0,0,0,0,0,0,0,0,0,0,0,0,12.9139,10642.7,22.0412,1.10301
Test,MI250X_two_gcd,256,16384,4194304,1073741824,128,1534,137.439,1073741824,128,0,0,0,0,0,0,0,0,0,0,0,0,0,0,0,0,0,0,0,0,0,0,0,0,0,0,0,0,0,0,0,0,0,0,12.9473,10615.3,21.7718,1.08952
Test,MI250X_two_gcd,256,16384,4194304,536870912,128,3035,68.7195,1073741824,0,64,0,0,0,0,0,0,0,0,0,0,0,0,0,0,0,0,0,0,0,0,0,0,0,0,0,0,0,0,0,0,0,0,0,6.47531,10612.6,25.0839,0.892424
Test,MI250X_two_gcd,256,16384,4194304,536870912,128,3035,68.7195,1073741824,0,64,0,0,0,0,0,0,0,0,0,0,0,0,0,0,0,0,0,0,0,0,0,0,0,0,0,0,0,0,0,0,0,0,0,6.49348,10582.9,25.5718,0.909785
Test,MI250X_two_gcd,256,16384,4194304,268435456,128,5947,34.3597,1073741824,0,0,32,0,0,0,0,0,0,0,0,0,0,0,0,0,0,0,0,0,0,0,0,0,0,0,0,0,0,0,0,0,0,0,0,3.27326,10497.2,24.5025,0.622756
Test,MI250X_two_gcd,256,16384,4194304,268435456,128,5947,34.3597,1073741824,0,0,32,0,0,0,0,0,0,0,0,0,0,0,0,0,0,0,0,0,0,0,0,0,0,0,0,0,0,0,0,0,0,0,0,3.2816,10470.4,25.6115,0.650942
Test,MI250X_two_gcd,256,16384,4194304,134217728,128,5999,17.1799,1073741824,0,0,0,16,0,0,0,0,0,0,0,0,0,0,0,0,0,0,0,0,0,0,0,0,0,0,0,0,0,0,0,0,0,0,0,3.30085,5204.61,8.02019,0.202956
Test,MI250X_two_gcd,256,16384,4194304,134217728,128,5999,17.1799,1073741824,0,0,0,16,0,0,0,0,0,0,0,0,0,0,0,0,0,0,0,0,0,0,0,0,0,0,0,0,0,0,0,0,0,0,0,3.30744,5194.32,8.53133,0.21589
Test,MI250X_two_gcd,256,16384,4194304,536870912,128,3137,68.7195,1073741824,0,0,0,0,64,0,0,0,0,0,0,0,0,0,0,0,0,0,0,0,0,0,0,0,0,0,0,0,0,0,0,0,0,0,0,6.37688,10776.4,2.48095,0.0868196
Test,MI250X_two_gcd,256,16384,4194304,536870912,128,3137,68.7195,1073741824,0,0,0,0,64,0,0,0,0,0,0,0,0,0,0,0,0,0,0,0,0,0,0,0,0,0,0,0,0,0,0,0,0,0,0,6.39199,10750.9,6.11448,0.213973
Test,MI250X_two_gcd,256,16384,4194304,268435456,128,11807,34.3597,1073741824,0,0,0,0,0,32,0,0,0,0,0,0,0,0,0,0,0,0,0,0,0,0,0,0,0,0,0,0,0,0,0,0,0,0,0,1.70101,20199.7,41.2558,0.744169
Test,MI250X_two_gcd,256,16384,4194304,268435456,128,11807,34.3597,1073741824,0,0,0,0,0,32,0,0,0,0,0,0,0,0,0,0,0,0,0,0,0,0,0,0,0,0,0,0,0,0,0,0,0,0,0,1.70155,20193.3,35.3472,0.63759
Test,MI250X_two_gcd,256,16384,4194304,134217728,128,11902,17.1799,1073741824,0,0,0,0,0,0,16,0,0,0,0,0,0,0,0,0,0,0,0,0,0,0,0,0,0,0,0,0,0,0,0,0,0,0,0,1.67085,10281.7,7.3226,0.131556
Test,MI250X_two_gcd,256,16384,4194304,134217728,128,11902,17.1799,1073741824,0,0,0,0,0,0,16,0,0,0,0,0,0,0,0,0,0,0,0,0,0,0,0,0,0,0,0,0,0,0,0,0,0,0,0,1.67458,10259.4,10.4251,0.187295
Test,MI250X_two_gcd,256,16384,4194304,1073741824,128,1560,137.439,1073741824,0,0,0,0,0,0,0,128,0,0,0,0,0,0,0,0,0,0,0,0,0,0,0,0,0,0,0,0,0,0,0,0,0,0,0,12.8108,10728.4,2.31889,0.115073
Test,MI250X_two_gcd,256,16384,4194304,1073741824,128,1560,137.439,1073741824,0,0,0,0,0,0,0,128,0,0,0,0,0,0,0,0,0,0,0,0,0,0,0,0,0,0,0,0,0,0,0,0,0,0,0,12.845,10699.8,6.16583,0.305974
Test,MI250X_two_gcd,256,16384,4194304,536870912,128,3086,68.7195,1073741824,0,0,0,0,0,0,0,0,64,0,0,0,0,0,0,0,0,0,0,0,0,0,0,0,0,0,0,0,0,0,0,0,0,0,0,6.48064,10603.8,2.98186,0.105207
Test,MI250X_two_gcd,256,16384,4194304,536870912,128,3086,68.7195,1073741824,0,0,0,0,0,0,0,0,64,0,0,0,0,0,0,0,0,0,0,0,0,0,0,0,0,0,0,0,0,0,0,0,0,0,0,6.49822,10575.1,6.31871,0.222939
Test,MI250X_two_gcd,256,16384,4194304,268435456,128,6122,34.3597,1073741824,0,0,0,0,0,0,0,0,0,32,0,0,0,0,0,0,0,0,0,0,0,0,0,0,0,0,0,0,0,0,0,0,0,0,0,3.27021,10506.9,3.28699,0.0823394
Test,MI250X_two_gcd,256,16384,4194304,268435456,128,6122,34.3597,1073741824,0,0,0,0,0,0,0,0,0,32,0,0,0,0,0,0,0,0,0,0,0,0,0,0,0,0,0,0,0,0,0,0,0,0,0,3.27847,10480.5,7.12842,0.178568
Test,MI250X_two_gcd,256,16384,4194304,134217728,128,3116,17.1799,1073741824,0,0,0,0,0,0,0,0,0,0,16,0,0,0,0,0,0,0,0,0,0,0,0,0,0,0,0,0,0,0,0,0,0,0,0,6.42126,2675.46,0.64745,0.0227334
Test,MI250X_two_gcd,256,16384,4194304,134217728,128,3116,17.1799,1073741824,0,0,0,0,0,0,0,0,0,0,16,0,0,0,0,0,0,0,0,0,0,0,0,0,0,0,0,0,0,0,0,0,0,0,0,6.43978,2667.77,1.83029,0.0642655
Test,MI250X_two_gcd,256,16384,4194304,536870912,128,3126,68.7195,1073741824,0,0,0,0,0,0,0,0,0,0,0,64,0,0,0,0,0,0,0,0,0,0,0,0,0,0,0,0,0,0,0,0,0,0,0,6.40227,10733.6,2.72912,0.0956717
Test,MI250X_two_gcd,256,16384,4194304,536870912,128,3126,68.7195,1073741824,0,0,0,0,0,0,0,0,0,0,0,64,0,0,0,0,0,0,0,0,0,0,0,0,0,0,0,0,0,0,0,0,0,0,0,6.41948,10704.8,6.29376,0.220634
Test,MI250X_two_gcd,256,16384,4194304,268435456,128,11844,34.3597,1073741824,0,0,0,0,0,0,0,0,0,0,0,0,32,0,0,0,0,0,0,0,0,0,0,0,0,0,0,0,0,0,0,0,0,0,0,1.71158,20075.1,43.3039,0.779891
Test,MI250X_two_gcd,256,16384,4194304,268435456,128,11844,34.3597,1073741824,0,0,0,0,0,0,0,0,0,0,0,0,32,0,0,0,0,0,0,0,0,0,0,0,0,0,0,0,0,0,0,0,0,0,0,1.71582,20025,56.8174,1.02327
Test,MI250X_two_gcd,256,16384,4194304,134217728,128,11987,17.1799,1073741824,0,0,0,0,0,0,0,0,0,0,0,0,0,16,0,0,0,0,0,0,0,0,0,0,0,0,0,0,0,0,0,0,0,0,0,1.67237,10272.4,3.81949,0.0683765
Test,MI250X_two_gcd,256,16384,4194304,134217728,128,11987,17.1799,1073741824,0,0,0,0,0,0,0,0,0,0,0,0,0,16,0,0,0,0,0,0,0,0,0,0,0,0,0,0,0,0,0,0,0,0,0,1.6763,10248.6,7.43298,0.133065
Test,MI250X_two_gcd,256,16384,4194304,1073741824,128,1536,274.878,1073741824,0,0,0,0,0,0,0,0,0,0,0,0,0,0,256,0,0,0,0,0,0,0,0,0,0,0,0,0,0,0,0,0,0,0,0,13.0139,21121.8,4.60232,0.230164
Test,MI250X_two_gcd,256,16384,4194304,1073741824,128,1536,274.878,1073741824,0,0,0,0,0,0,0,0,0,0,0,0,0,0,256,0,0,0,0,0,0,0,0,0,0,0,0,0,0,0,0,0,0,0,0,13.0482,21066.4,11.7874,0.589495
Test,MI250X_two_gcd,256,16384,4194304,536870912,128,3039,137.439,1073741824,0,0,0,0,0,0,0,0,0,0,0,0,0,0,0,128,0,0,0,0,0,0,0,0,0,0,0,0,0,0,0,0,0,0,0,6.58384,20875.2,5.37645,0.191155
Test,MI250X_two_gcd,256,16384,4194304,536870912,128,3039,137.439,1073741824,0,0,0,0,0,0,0,0,0,0,0,0,0,0,0,128,0,0,0,0,0,0,0,0,0,0,0,0,0,0,0,0,0,0,0,6.60042,20822.6,12.1333,0.43139
Test,MI250X_two_gcd,256,16384,4194304,268435456,128,5748,68.7195,1073741824,0,0,0,0,0,0,0,0,0,0,0,0,0,0,0,0,64,0,0,0,0,0,0,0,0,0,0,0,0,0,0,0,0,0,0,3.50653,19597.8,39.8314,1.02973
Test,MI250X_two_gcd,256,16384,4194304,268435456,128,5748,68.7195,1073741824,0,0,0,0,0,0,0,0,0,0,0,0,0,0,0,0,64,0,0,0,0,0,0,0,0,0,0,0,0,0,0,0,0,0,0,3.50742,19592.7,28.8032,0.744627
Test,MI250X_two_gcd,256,16384,4194304,134217728,128,2994,34.3597,1073741824,0,0,0,0,0,0,0,0,0,0,0,0,0,0,0,0,0,32,0,0,0,0,0,0,0,0,0,0,0,0,0,0,0,0,0,6.68665,5138.53,1.45148,0.0519925
Test,MI250X_two_gcd,256,16384,4194304,134217728,128,2994,34.3597,1073741824,0,0,0,0,0,0,0,0,0,0,0,0,0,0,0,0,0,32,0,0,0,0,0,0,0,0,0,0,0,0,0,0,0,0,0,6.69894,5129.14,3.48203,0.124728
Test,MI250X_two_gcd,256,16384,4194304,536870912,128,1571,137.439,1073741824,0,0,0,0,0,0,0,0,0,0,0,0,0,0,0,0,0,0,128,0,0,0,0,0,0,0,0,0,0,0,0,0,0,0,0,12.7244,10801.2,2.44632,0.120971
Test,MI250X_two_gcd,256,16384,4194304,536870912,128,1571,137.439,1073741824,0,0,0,0,0,0,0,0,0,0,0,0,0,0,0,0,0,0,128,0,0,0,0,0,0,0,0,0,0,0,0,0,0,0,0,12.7585,10772.3,5.76781,0.285219
Test,MI250X_two_gcd,256,16384,4194304,268435456,128,11699,68.7195,1073741824,0,0,0,0,0,0,0,0,0,0,0,0,0,0,0,0,0,0,0,64,0,0,0,0,0,0,0,0,0,0,0,0,0,0,0,1.75869,39074.3,111.506,2.02059
Test,MI250X_two_gcd,256,16384,4194304,268435456,128,11699,68.7195,1073741824,0,0,0,0,0,0,0,0,0,0,0,0,0,0,0,0,0,0,0,64,0,0,0,0,0,0,0,0,0,0,0,0,0,0,0,1.75797,39090.2,88.5606,1.6048
Test,MI250X_two_gcd,256,16384,4194304,134217728,128,11806,34.3597,1073741824,0,0,0,0,0,0,0,0,0,0,0,0,0,0,0,0,0,0,0,0,32,0,0,0,0,0,0,0,0,0,0,0,0,0,0,1.70112,20198.4,29.5904,0.533771
Test,MI250X_two_gcd,256,16384,4194304,134217728,128,11806,34.3597,1073741824,0,0,0,0,0,0,0,0,0,0,0,0,0,0,0,0,0,0,0,0,32,0,0,0,0,0,0,0,0,0,0,0,0,0,0,1.7053,20148.8,27.3348,0.493083
Test,MI250X_two_gcd,256,16384,4194304,1073741824,128,146,137.439,1073741824,0,0,0,0,0,0,0,0,0,0,0,0,0,0,0,0,0,0,0,0,0,128,0,0,0,0,0,0,0,0,0,0,0,0,0,136.816,1004.56,0.230773,0.0374338
Test,MI250X_two_gcd,256,16384,4194304,1073741824,128,146,137.439,1073741824,0,0,0,0,0,0,0,0,0,0,0,0,0,0,0,0,0,0,0,0,0,128,0,0,0,0,0,0,0,0,0,0,0,0,0,137.211,1001.66,0.681599,0.110563
Test,MI250X_two_gcd,256,16384,4194304,536870912,128,290,68.7195,1073741824,0,0,0,0,0,0,0,0,0,0,0,0,0,0,0,0,0,0,0,0,0,0,64,0,0,0,0,0,0,0,0,0,0,0,0,68.7504,999.549,0.209265,0.0240854
Test,MI250X_two_gcd,256,16384,4194304,536870912,128,290,68.7195,1073741824,0,0,0,0,0,0,0,0,0,0,0,0,0,0,0,0,0,0,0,0,0,0,64,0,0,0,0,0,0,0,0,0,0,0,0,68.9614,996.492,0.693025,0.0797639
Test,MI250X_two_gcd,256,16384,4194304,268435456,128,286,34.3597,1073741824,0,0,0,0,0,0,0,0,0,0,0,0,0,0,0,0,0,0,0,0,0,0,0,32,0,0,0,0,0,0,0,0,0,0,0,69.6771,493.128,0.107759,0.012489
Test,MI250X_two_gcd,256,16384,4194304,268435456,128,286,34.3597,1073741824,0,0,0,0,0,0,0,0,0,0,0,0,0,0,0,0,0,0,0,0,0,0,0,32,0,0,0,0,0,0,0,0,0,0,0,69.8621,491.822,0.28448,0.0329705
Test,MI250X_two_gcd,256,16384,4194304,134217728,128,135,17.1799,1073741824,0,0,0,0,0,0,0,0,0,0,0,0,0,0,0,0,0,0,0,0,0,0,0,0,16,0,0,0,0,0,0,0,0,0,0,147.38,116.569,0.028707,0.00484257
Test,MI250X_two_gcd,256,16384,4194304,134217728,128,135,17.1799,1073741824,0,0,0,0,0,0,0,0,0,0,0,0,0,0,0,0,0,0,0,0,0,0,0,0,16,0,0,0,0,0,0,0,0,0,0,147.756,116.272,0.0764605,0.0128981
Test,MI250X_two_gcd,256,16384,4194304,536870912,128,355,68.7195,1073741824,0,0,0,0,0,0,0,0,0,0,0,0,0,0,0,0,0,0,0,0,0,0,0,0,0,64,0,0,0,0,0,0,0,0,0,56.2622,1221.41,0.273808,0.0284831
Test,MI250X_two_gcd,256,16384,4194304,536870912,128,355,68.7195,1073741824,0,0,0,0,0,0,0,0,0,0,0,0,0,0,0,0,0,0,0,0,0,0,0,0,0,64,0,0,0,0,0,0,0,0,0,56.4258,1217.87,0.671992,0.0699046
Test,MI250X_two_gcd,256,16384,4194304,268435456,128,441,34.3597,1073741824,0,0,0,0,0,0,0,0,0,0,0,0,0,0,0,0,0,0,0,0,0,0,0,0,0,0,32,0,0,0,0,0,0,0,0,45.2822,758.792,0.150993,0.0140927
Test,MI250X_two_gcd,256,16384,4194304,268435456,128,441,34.3597,1073741824,0,0,0,0,0,0,0,0,0,0,0,0,0,0,0,0,0,0,0,0,0,0,0,0,0,0,32,0,0,0,0,0,0,0,0,45.3906,756.978,0.465886,0.0434827
Test,MI250X_two_gcd,256,16384,4194304,134217728,128,817,17.1799,1073741824,0,0,0,0,0,0,0,0,0,0,0,0,0,0,0,0,0,0,0,0,0,0,0,0,0,0,0,16,0,0,0,0,0,0,0,24.3698,704.968,1.31805,0.090381
Test,MI250X_two_gcd,256,16384,4194304,134217728,128,817,17.1799,1073741824,0,0,0,0,0,0,0,0,0,0,0,0,0,0,0,0,0,0,0,0,0,0,0,0,0,0,0,16,0,0,0,0,0,0,0,24.5864,698.774,3.67092,0.251722
Test,MI250X_two_gcd,256,16384,4194304,1073741824,128,290,137.439,1073741824,0,0,0,0,0,0,0,0,0,0,0,0,0,0,0,0,0,0,0,0,0,0,0,0,0,0,0,0,128,0,0,0,0,0,0,68.7184,2000.03,0.432441,0.0497719
Test,MI250X_two_gcd,256,16384,4194304,1073741824,128,290,137.439,1073741824,0,0,0,0,0,0,0,0,0,0,0,0,0,0,0,0,0,0,0,0,0,0,0,0,0,0,0,0,128,0,0,0,0,0,0,68.9193,1994.2,1.32829,0.15288
Test,MI250X_two_gcd,256,16384,4194304,536870912,128,581,68.7195,1073741824,0,0,0,0,0,0,0,0,0,0,0,0,0,0,0,0,0,0,0,0,0,0,0,0,0,0,0,0,0,64,0,0,0,0,0,34.3962,1997.88,0.486809,0.0395846
Test,MI250X_two_gcd,256,16384,4194304,536870912,128,581,68.7195,1073741824,0,0,0,0,0,0,0,0,0,0,0,0,0,0,0,0,0,0,0,0,0,0,0,0,0,0,0,0,0,64,0,0,0,0,0,34.4972,1992.03,1.17089,0.0952105
Test,MI250X_two_gcd,256,16384,4194304,268435456,128,1164,34.3597,1073741824,0,0,0,0,0,0,0,0,0,0,0,0,0,0,0,0,0,0,0,0,0,0,0,0,0,0,0,0,0,0,32,0,0,0,0,17.1672,2001.47,0.491875,0.0282576
Test,MI250X_two_gcd,256,16384,4194304,268435456,128,1164,34.3597,1073741824,0,0,0,0,0,0,0,0,0,0,0,0,0,0,0,0,0,0,0,0,0,0,0,0,0,0,0,0,0,0,32,0,0,0,0,17.2146,1995.96,0.989051,0.0568196
Test,MI250X_two_gcd,256,16384,4194304,134217728,128,418,17.1799,1073741824,0,0,0,0,0,0,0,0,0,0,0,0,0,0,0,0,0,0,0,0,0,0,0,0,0,0,0,0,0,0,0,16,0,0,0,47.7758,359.593,0.0717781,0.00688114
Test,MI250X_two_gcd,256,16384,4194304,134217728,128,418,17.1799,1073741824,0,0,0,0,0,0,0,0,0,0,0,0,0,0,0,0,0,0,0,0,0,0,0,0,0,0,0,0,0,0,0,16,0,0,0,47.905,358.624,0.230451,0.0220926
Test,MI250X_two_gcd,256,16384,4194304,536870912,128,583,68.7195,1073741824,0,0,0,0,0,0,0,0,0,0,0,0,0,0,0,0,0,0,0,0,0,0,0,0,0,0,0,0,0,0,0,0,64,0,0,34.26,2005.82,0.432208,0.0350845
Test,MI250X_two_gcd,256,16384,4194304,536870912,128,583,68.7195,1073741824,0,0,0,0,0,0,0,0,0,0,0,0,0,0,0,0,0,0,0,0,0,0,0,0,0,0,0,0,0,0,0,0,64,0,0,34.3573,2000.14,1.16381,0.094472
Test,MI250X_two_gcd,256,16384,4194304,268435456,128,1423,34.3597,1073741824,0,0,0,0,0,0,0,0,0,0,0,0,0,0,0,0,0,0,0,0,0,0,0,0,0,0,0,0,0,0,0,0,0,32,0,14.0463,2446.17,0.601823,0.0312696
Test,MI250X_two_gcd,256,16384,4194304,268435456,128,1423,34.3597,1073741824,0,0,0,0,0,0,0,0,0,0,0,0,0,0,0,0,0,0,0,0,0,0,0,0,0,0,0,0,0,0,0,0,0,32,0,14.0872,2439.08,1.3005,0.0675716
Test,MI250X_two_gcd,256,16384,4194304,134217728,128,2824,17.1799,1073741824,0,0,0,0,0,0,0,0,0,0,0,0,0,0,0,0,0,0,0,0,0,0,0,0,0,0,0,0,0,0,0,0,0,0,16,7.08519,2424.76,0.582836,0.0214966
Test,MI250X_two_gcd,256,16384,4194304,134217728,128,2824,17.1799,1073741824,0,0,0,0,0,0,0,0,0,0,0,0,0,0,0,0,0,0,0,0,0,0,0,0,0,0,0,0,0,0,0,0,0,0,16,7.10269,2418.79,1.43031,0.0527539
Test,MI250X_two_gcd,256,16384,4194304,1073741824,256,789,274.878,1073741824,256,0,0,0,0,0,0,0,0,0,0,0,0,0,0,0,0,0,0,0,0,0,0,0,0,0,0,0,0,0,0,0,0,0,0,25.5125,10774.5,45.5056,3.17528
Test,MI250X_two_gcd,256,16384,4194304,1073741824,256,789,274.878,1073741824,256,0,0,0,0,0,0,0,0,0,0,0,0,0,0,0,0,0,0,0,0,0,0,0,0,0,0,0,0,0,0,0,0,0,0,25.5815,10745.4,45.4749,3.17314
Test,MI250X_two_gcd,256,16384,4194304,536870912,256,1565,137.439,1073741824,0,128,0,0,0,0,0,0,0,0,0,0,0,0,0,0,0,0,0,0,0,0,0,0,0,0,0,0,0,0,0,0,0,0,0,12.8624,10685.4,25.4044,1.25866
Test,MI250X_two_gcd,256,16384,4194304,536870912,256,1565,137.439,1073741824,0,128,0,0,0,0,0,0,0,0,0,0,0,0,0,0,0,0,0,0,0,0,0,0,0,0,0,0,0,0,0,0,0,0,0,12.8941,10659.1,25.9478,1.28558
Test,MI250X_two_gcd,256,16384,4194304,268435456,256,3068,68.7195,1073741824,0,0,64,0,0,0,0,0,0,0,0,0,0,0,0,0,0,0,0,0,0,0,0,0,0,0,0,0,0,0,0,0,0,0,0,6.56141,10473.3,15.9123,0.563069
Test,MI250X_two_gcd,256,16384,4194304,268435456,256,3068,68.7195,1073741824,0,0,64,0,0,0,0,0,0,0,0,0,0,0,0,0,0,0,0,0,0,0,0,0,0,0,0,0,0,0,0,0,0,0,0,6.57524,10451.3,16.5764,0.586567
Test,MI250X_two_gcd,256,16384,4194304,134217728,256,3056,34.3597,1073741824,0,0,0,32,0,0,0,0,0,0,0,0,0,0,0,0,0,0,0,0,0,0,0,0,0,0,0,0,0,0,0,0,0,0,0,6.55577,5241.15,1.83214,0.0649588
Test,MI250X_two_gcd,256,16384,4194304,134217728,256,3056,34.3597,1073741824,0,0,0,32,0,0,0,0,0,0,0,0,0,0,0,0,0,0,0,0,0,0,0,0,0,0,0,0,0,0,0,0,0,0,0,6.56808,5231.33,3.45962,0.122661
Test,MI250X_two_gcd,256,16384,4194304,536870912,256,1598,137.439,1073741824,0,0,0,0,128,0,0,0,0,0,0,0,0,0,0,0,0,0,0,0,0,0,0,0,0,0,0,0,0,0,0,0,0,0,0,12.51,10986.3,2.06326,0.101163
Test,MI250X_two_gcd,256,16384,4194304,536870912,256,1598,137.439,1073741824,0,0,0,0,128,0,0,0,0,0,0,0,0,0,0,0,0,0,0,0,0,0,0,0,0,0,0,0,0,0,0,0,0,0,0,12.5445,10956.1,5.17162,0.253568
Test,MI250X_two_gcd,256,16384,4194304,268435456,256,6043,68.7195,1073741824,0,0,0,0,0,64,0,0,0,0,0,0,0,0,0,0,0,0,0,0,0,0,0,0,0,0,0,0,0,0,0,0,0,0,0,3.29816,20835.9,7.1971,0.181463
Test,MI250X_two_gcd,256,16384,4194304,268435456,256,6043,68.7195,1073741824,0,0,0,0,0,64,0,0,0,0,0,0,0,0,0,0,0,0,0,0,0,0,0,0,0,0,0,0,0,0,0,0,0,0,0,3.30517,20791.3,15.6414,0.394371
Test,MI250X_two_gcd,256,16384,4194304,134217728,256,6110,34.3597,1073741824,0,0,0,0,0,0,32,0,0,0,0,0,0,0,0,0,0,0,0,0,0,0,0,0,0,0,0,0,0,0,0,0,0,0,0,3.25437,10558.1,9.00087,0.225694
Test,MI250X_two_gcd,256,16384,4194304,134217728,256,6110,34.3597,1073741824,0,0,0,0,0,0,32,0,0,0,0,0,0,0,0,0,0,0,0,0,0,0,0,0,0,0,0,0,0,0,0,0,0,0,0,3.2631,10529.8,11.0188,0.276292
Test,MI250X_two_gcd,256,16384,4194304,1073741824,256,793,274.878,1073741824,0,0,0,0,0,0,0,256,0,0,0,0,0,0,0,0,0,0,0,0,0,0,0,0,0,0,0,0,0,0,0,0,0,0,0,25.2133,10902.1,2.26258,0.157479
Test,MI250X_two_gcd,256,16384,4194304,1073741824,256,793,274.878,1073741824,0,0,0,0,0,0,0,256,0,0,0,0,0,0,0,0,0,0,0,0,0,0,0,0,0,0,0,0,0,0,0,0,0,0,0,25.2936,10867.5,6.05657,0.421548
Test,MI250X_two_gcd,256,16384,4194304,536870912,256,1577,137.439,1073741824,0,0,0,0,0,0,0,0,128,0,0,0,0,0,0,0,0,0,0,0,0,0,0,0,0,0,0,0,0,0,0,0,0,0,0,12.6823,10837.1,2.57769,0.127225
Test,MI250X_two_gcd,256,16384,4194304,536870912,256,1577,137.439,1073741824,0,0,0,0,0,0,0,0,128,0,0,0,0,0,0,0,0,0,0,0,0,0,0,0,0,0,0,0,0,0,0,0,0,0,0,12.7165,10807.9,6.21836,0.306914
Test,MI250X_two_gcd,256,16384,4194304,268435456,256,3130,68.7195,1073741824,0,0,0,0,0,0,0,0,0,64,0,0,0,0,0,0,0,0,0,0,0,0,0,0,0,0,0,0,0,0,0,0,0,0,0,6.39053,10753.3,2.53266,0.0887282
Test,MI250X_two_gcd,256,16384,4194304,268435456,256,3130,68.7195,1073741824,0,0,0,0,0,0,0,0,0,64,0,0,0,0,0,0,0,0,0,0,0,0,0,0,0,0,0,0,0,0,0,0,0,0,0,6.40849,10723.3,6.39534,0.224051
Test,MI250X_two_gcd,256,16384,4194304,134217728,256,1571,34.3597,1073741824,0,0,0,0,0,0,0,0,0,0,32,0,0,0,0,0,0,0,0,0,0,0,0,0,0,0,0,0,0,0,0,0,0,0,0,12.7215,2700.93,0.542537,0.0268286
Test,MI250X_two_gcd,256,16384,4194304,134217728,256,1571,34.3597,1073741824,0,0,0,0,0,0,0,0,0,0,32,0,0,0,0,0,0,0,0,0,0,0,0,0,0,0,0,0,0,0,0,0,0,0,0,12.756,2693.6,1.71254,0.0846853
Test,MI250X_two_gcd,256,16384,4194304,536870912,256,1592,137.439,1073741824,0,0,0,0,0,0,0,0,0,0,0,128,0,0,0,0,0,0,0,0,0,0,0,0,0,0,0,0,0,0,0,0,0,0,0,12.5613,10941.4,2.49059,0.122345
Test,MI250X_two_gcd,256,16384,4194304,536870912,256,1592,137.439,1073741824,0,0,0,0,0,0,0,0,0,0,0,128,0,0,0,0,0,0,0,0,0,0,0,0,0,0,0,0,0,0,0,0,0,0,0,12.5992,10908.6,5.97225,0.293374
Test,MI250X_two_gcd,256,16384,4194304,268435456,256,6063,68.7195,1073741824,0,0,0,0,0,0,0,0,0,0,0,0,64,0,0,0,0,0,0,0,0,0,0,0,0,0,0,0,0,0,0,0,0,0,0,3.30509,20791.8,6.89673,0.173602
Test,MI250X_two_gcd,256,16384,4194304,268435456,256,6063,68.7195,1073741824,0,0,0,0,0,0,0,0,0,0,0,0,64,0,0,0,0,0,0,0,0,0,0,0,0,0,0,0,0,0,0,0,0,0,0,3.313,20742.4,14.1743,0.35679
Test,MI250X_two_gcd,256,16384,4194304,134217728,256,6149,34.3597,1073741824,0,0,0,0,0,0,0,0,0,0,0,0,0,32,0,0,0,0,0,0,0,0,0,0,0,0,0,0,0,0,0,0,0,0,0,3.25725,10548.6,2.70048,0.0674987
Test,MI250X_two_gcd,256,16384,4194304,134217728,256,6149,34.3597,1073741824,0,0,0,0,0,0,0,0,0,0,0,0,0,32,0,0,0,0,0,0,0,0,0,0,0,0,0,0,0,0,0,0,0,0,0,3.26642,10519.1,6.80169,0.170009
Test,MI250X_two_gcd,256,16384,4194304,1073741824,256,784,549.756,1073741824,0,0,0,0,0,0,0,0,0,0,0,0,0,0,512,0,0,0,0,0,0,0,0,0,0,0,0,0,0,0,0,0,0,0,0,25.4897,21567.8,4.08124,0.285687
Test,MI250X_two_gcd,256,16384,4194304,1073741824,256,784,549.756,1073741824,0,0,0,0,0,0,0,0,0,0,0,0,0,0,512,0,0,0,0,0,0,0,0,0,0,0,0,0,0,0,0,0,0,0,0,25.5672,21502.4,12.0262,0.841834
Test,MI250X_two_gcd,256,16384,4194304,536870912,256,1558,274.878,1073741824,0,0,0,0,0,0,0,0,0,0,0,0,0,0,0,256,0,0,0,0,0,0,0,0,0,0,0,0,0,0,0,0,0,0,0,12.8321,21421.1,4.60588,0.22871
Test,MI250X_two_gcd,256,16384,4194304,536870912,256,1558,274.878,1073741824,0,0,0,0,0,0,0,0,0,0,0,0,0,0,0,256,0,0,0,0,0,0,0,0,0,0,0,0,0,0,0,0,0,0,0,12.8671,21362.9,9.20006,0.456839
Test,MI250X_two_gcd,256,16384,4194304,268435456,256,2943,137.439,1073741824,0,0,0,0,0,0,0,0,0,0,0,0,0,0,0,0,128,0,0,0,0,0,0,0,0,0,0,0,0,0,0,0,0,0,0,6.80337,20201.7,6.17059,0.22294
Test,MI250X_two_gcd,256,16384,4194304,268435456,256,2943,137.439,1073741824,0,0,0,0,0,0,0,0,0,0,0,0,0,0,0,0,128,0,0,0,0,0,0,0,0,0,0,0,0,0,0,0,0,0,0,6.81112,20178.7,11.9702,0.432476
Test,MI250X_two_gcd,256,16384,4194304,134217728,256,1507,68.7195,1073741824,0,0,0,0,0,0,0,0,0,0,0,0,0,0,0,0,0,64,0,0,0,0,0,0,0,0,0,0,0,0,0,0,0,0,0,13.2678,5179.39,1.65328,0.083473
Test,MI250X_two_gcd,256,16384,4194304,134217728,256,1507,68.7195,1073741824,0,0,0,0,0,0,0,0,0,0,0,0,0,0,0,0,0,64,0,0,0,0,0,0,0,0,0,0,0,0,0,0,0,0,0,13.295,5168.81,3.24543,0.16386
Test,MI250X_two_gcd,256,16384,4194304,536870912,256,795,274.878,1073741824,0,0,0,0,0,0,0,0,0,0,0,0,0,0,0,0,0,0,256,0,0,0,0,0,0,0,0,0,0,0,0,0,0,0,0,25.1415,10933.3,2.57841,0.179236
Test,MI250X_two_gcd,256,16384,4194304,536870912,256,795,274.878,1073741824,0,0,0,0,0,0,0,0,0,0,0,0,0,0,0,0,0,0,256,0,0,0,0,0,0,0,0,0,0,0,0,0,0,0,0,25.2144,10901.6,6.13371,0.426379
Test,MI250X_two_gcd,256,16384,4194304,268435456,256,6009,137.439,1073741824,0,0,0,0,0,0,0,0,0,0,0,0,0,0,0,0,0,0,0,128,0,0,0,0,0,0,0,0,0,0,0,0,0,0,0,3.3343,41220,12.1196,0.306439
Test,MI250X_two_gcd,256,16384,4194304,268435456,256,6009,137.439,1073741824,0,0,0,0,0,0,0,0,0,0,0,0,0,0,0,0,0,0,0,128,0,0,0,0,0,0,0,0,0,0,0,0,0,0,0,3.34185,41126.4,26.5237,0.670639
Test,MI250X_two_gcd,256,16384,4194304,134217728,256,6075,68.7195,1073741824,0,0,0,0,0,0,0,0,0,0,0,0,0,0,0,0,0,0,0,0,64,0,0,0,0,0,0,0,0,0,0,0,0,0,0,3.29784,20838,5.4744,0.137664
Test,MI250X_two_gcd,256,16384,4194304,134217728,256,6075,68.7195,1073741824,0,0,0,0,0,0,0,0,0,0,0,0,0,0,0,0,0,0,0,0,64,0,0,0,0,0,0,0,0,0,0,0,0,0,0,3.30589,20786.7,12.1282,0.304986
Test,MI250X_two_gcd,256,16384,4194304,1073741824,256,73,274.878,1073741824,0,0,0,0,0,0,0,0,0,0,0,0,0,0,0,0,0,0,0,0,0,256,0,0,0,0,0,0,0,0,0,0,0,0,0,273.067,1006.63,0.170868,0.0391973
Test,MI250X_two_gcd,256,16384,4194304,1073741824,256,73,274.878,1073741824,0,0,0,0,0,0,0,0,0,0,0,0,0,0,0,0,0,0,0,0,0,256,0,0,0,0,0,0,0,0,0,0,0,0,0,273.884,1003.63,0.82509,0.189276
Test,MI250X_two_gcd,256,16384,4194304,536870912,256,145,137.439,1073741824,0,0,0,0,0,0,0,0,0,0,0,0,0,0,0,0,0,0,0,0,0,0,128,0,0,0,0,0,0,0,0,0,0,0,0,137.221,1001.59,0.183286,0.0298333
Test,MI250X_two_gcd,256,16384,4194304,536870912,256,145,137.439,1073741824,0,0,0,0,0,0,0,0,0,0,0,0,0,0,0,0,0,0,0,0,0,0,128,0,0,0,0,0,0,0,0,0,0,0,0,137.602,998.817,0.674284,0.109753
Test,MI250X_two_gcd,256,16384,4194304,268435456,256,143,68.7195,1073741824,0,0,0,0,0,0,0,0,0,0,0,0,0,0,0,0,0,0,0,0,0,0,0,64,0,0,0,0,0,0,0,0,0,0,0,139.2,493.674,0.125452,0.020562
Test,MI250X_two_gcd,256,16384,4194304,268435456,256,143,68.7195,1073741824,0,0,0,0,0,0,0,0,0,0,0,0,0,0,0,0,0,0,0,0,0,0,0,64,0,0,0,0,0,0,0,0,0,0,0,139.573,492.355,0.31717,0.0519853
Test,MI250X_two_gcd,256,16384,4194304,134217728,256,67,34.3597,1073741824,0,0,0,0,0,0,0,0,0,0,0,0,0,0,0,0,0,0,0,0,0,0,0,0,32,0,0,0,0,0,0,0,0,0,0,294.996,116.475,0.0253499,0.00607009
Test,MI250X_two_gcd,256,16384,4194304,134217728,256,67,34.3597,1073741824,0,0,0,0,0,0,0,0,0,0,0,0,0,0,0,0,0,0,0,0,0,0,0,0,32,0,0,0,0,0,0,0,0,0,0,295.721,116.19,0.0875097,0.0209544
Test,MI250X_two_gcd,256,16384,4194304,536870912,256,178,137.439,1073741824,0,0,0,0,0,0,0,0,0,0,0,0,0,0,0,0,0,0,0,0,0,0,0,0,0,128,0,0,0,0,0,0,0,0,0,112.222,1224.71,0.262852,0.0386151
Test,MI250X_two_gcd,256,16384,4194304,536870912,256,178,137.439,1073741824,0,0,0,0,0,0,0,0,0,0,0,0,0,0,0,0,0,0,0,0,0,0,0,0,0,128,0,0,0,0,0,0,0,0,0,112.513,1221.53,0.762932,0.112081
Test,MI250X_two_gcd,256,16384,4194304,268435456,256,221,68.7195,1073741824,0,0,0,0,0,0,0,0,0,0,0,0,0,0,0,0,0,0,0,0,0,0,0,0,0,0,64,0,0,0,0,0,0,0,0,90.3879,760.273,0.196943,0.0259657
Test,MI250X_two_gcd,256,16384,4194304,268435456,256,221,68.7195,1073741824,0,0,0,0,0,0,0,0,0,0,0,0,0,0,0,0,0,0,0,0,0,0,0,0,0,0,64,0,0,0,0,0,0,0,0,90.5793,758.667,0.470641,0.0620511
Test,MI250X_two_gcd,256,16384,4194304,134217728,256,413,34.3597,1073741824,0,0,0,0,0,0,0,0,0,0,0,0,0,0,0,0,0,0,0,0,0,0,0,0,0,0,0,32,0,0,0,0,0,0,0,48.6917,705.674,3.40717,0.328605
Test,MI250X_two_gcd,256,16384,4194304,134217728,256,413,34.3597,1073741824,0,0,0,0,0,0,0,0,0,0,0,0,0,0,0,0,0,0,0,0,0,0,0,0,0,0,0,32,0,0,0,0,0,0,0,50.1419,685.27,3.701,0.356944
Test,MI250X_two_gcd,256,16384,4194304,1073741824,256,145,274.878,1073741824,0,0,0,0,0,0,0,0,0,0,0,0,0,0,0,0,0,0,0,0,0,0,0,0,0,0,0,0,256,0,0,0,0,0,0,136.946,2007.21,0.442374,0.0720048
Test,MI250X_two_gcd,256,16384,4194304,1073741824,256,145,274.878,1073741824,0,0,0,0,0,0,0,0,0,0,0,0,0,0,0,0,0,0,0,0,0,0,0,0,0,0,0,0,256,0,0,0,0,0,0,137.345,2001.37,1.33969,0.21806
Test,MI250X_two_gcd,256,16384,4194304,536870912,256,291,137.439,1073741824,0,0,0,0,0,0,0,0,0,0,0,0,0,0,0,0,0,0,0,0,0,0,0,0,0,0,0,0,0,128,0,0,0,0,0,68.4675,2007.36,0.521832,0.0599571
Test,MI250X_two_gcd,256,16384,4194304,536870912,256,291,137.439,1073741824,0,0,0,0,0,0,0,0,0,0,0,0,0,0,0,0,0,0,0,0,0,0,0,0,0,0,0,0,0,128,0,0,0,0,0,68.6631,2001.64,1.30626,0.150086
Test,MI250X_two_gcd,256,16384,4194304,268435456,256,585,68.7195,1073741824,0,0,0,0,0,0,0,0,0,0,0,0,0,0,0,0,0,0,0,0,0,0,0,0,0,0,0,0,0,0,64,0,0,0,0,34.1541,2012.04,0.481108,0.0389871
Test,MI250X_two_gcd,256,16384,4194304,268435456,256,585,68.7195,1073741824,0,0,0,0,0,0,0,0,0,0,0,0,0,0,0,0,0,0,0,0,0,0,0,0,0,0,0,0,0,0,64,0,0,0,0,34.242,2006.88,1.09021,0.0883461
Test,MI250X_two_gcd,256,16384,4194304,134217728,256,208,34.3597,1073741824,0,0,0,0,0,0,0,0,0,0,0,0,0,0,0,0,0,0,0,0,0,0,0,0,0,0,0,0,0,0,0,32,0,0,0,95.851,358.47,0.0761318,0.0103464
Test,MI250X_two_gcd,256,16384,4194304,134217728,256,208,34.3597,1073741824,0,0,0,0,0,0,0,0,0,0,0,0,0,0,0,0,0,0,0,0,0,0,0,0,0,0,0,0,0,0,0,32,0,0,0,96.1028,357.531,0.216468,0.0294183
Test,MI250X_two_gcd,256,16384,4194304,536870912,256,293,137.439,1073741824,0,0,0,0,0,0,0,0,0,0,0,0,0,0,0,0,0,0,0,0,0,0,0,0,0,0,0,0,0,0,0,0,128,0,0,68.1793,2015.85,0.424724,0.0486328
Test,MI250X_two_gcd,256,16384,4194304,536870912,256,293,137.439,1073741824,0,0,0,0,0,0,0,0,0,0,0,0,0,0,0,0,0,0,0,0,0,0,0,0,0,0,0,0,0,0,0,0,128,0,0,68.3595,2010.53,1.36508,0.156308
Test,MI250X_two_gcd,256,16384,4194304,268435456,256,716,68.7195,1073741824,0,0,0,0,0,0,0,0,0,0,0,0,0,0,0,0,0,0,0,0,0,0,0,0,0,0,0,0,0,0,0,0,0,64,0,27.9155,2461.7,0.530521,0.03886
Test,MI250X_two_gcd,256,16384,4194304,268435456,256,716,68.7195,1073741824,0,0,0,0,0,0,0,0,0,0,0,0,0,0,0,0,0,0,0,0,0,0,0,0,0,0,0,0,0,0,0,0,0,64,0,27.9917,2455,1.32305,0.0969113
Test,MI250X_two_gcd,256,16384,4194304,134217728,256,1425,34.3597,1073741824,0,0,0,0,0,0,0,0,0,0,0,0,0,0,0,0,0,0,0,0,0,0,0,0,0,0,0,0,0,0,0,0,0,0,32,14.026,2449.72,0.549183,0.0285145
Test,MI250X_two_gcd,256,16384,4194304,134217728,256,1425,34.3597,1073741824,0,0,0,0,0,0,0,0,0,0,0,0,0,0,0,0,0,0,0,0,0,0,0,0,0,0,0,0,0,0,0,0,0,0,32,14.0643,2443.05,1.35787,0.0705031
Test,MI250X_two_gcd,256,16384,4194304,1073741824,512,393,549.756,1073741824,512,0,0,0,0,0,0,0,0,0,0,0,0,0,0,0,0,0,0,0,0,0,0,0,0,0,0,0,0,0,0,0,0,0,0,50.4176,10904.2,36.7436,3.6328
Test,MI250X_two_gcd,256,16384,4194304,1073741824,512,393,549.756,1073741824,512,0,0,0,0,0,0,0,0,0,0,0,0,0,0,0,0,0,0,0,0,0,0,0,0,0,0,0,0,0,0,0,0,0,0,50.5602,10873.4,36.1349,3.57262
Test,MI250X_two_gcd,256,16384,4194304,536870912,512,784,274.878,1073741824,0,256,0,0,0,0,0,0,0,0,0,0,0,0,0,0,0,0,0,0,0,0,0,0,0,0,0,0,0,0,0,0,0,0,0,25.0693,10964.9,45.6935,3.19854
Test,MI250X_two_gcd,256,16384,4194304,536870912,512,784,274.878,1073741824,0,256,0,0,0,0,0,0,0,0,0,0,0,0,0,0,0,0,0,0,0,0,0,0,0,0,0,0,0,0,0,0,0,0,0,25.1462,10931.4,44.2826,3.09978
Test,MI250X_two_gcd,256,16384,4194304,268435456,512,1542,137.439,1073741824,0,0,128,0,0,0,0,0,0,0,0,0,0,0,0,0,0,0,0,0,0,0,0,0,0,0,0,0,0,0,0,0,0,0,0,12.6172,10893.2,47.9959,2.39562
Test,MI250X_two_gcd,256,16384,4194304,268435456,512,1542,137.439,1073741824,0,0,128,0,0,0,0,0,0,0,0,0,0,0,0,0,0,0,0,0,0,0,0,0,0,0,0,0,0,0,0,0,0,0,0,12.6543,10861.2,47.0641,2.34911
Test,MI250X_two_gcd,256,16384,4194304,134217728,512,1539,68.7195,1073741824,0,0,0,64,0,0,0,0,0,0,0,0,0,0,0,0,0,0,0,0,0,0,0,0,0,0,0,0,0,0,0,0,0,0,0,12.8453,5349.77,9.84067,0.491656
Test,MI250X_two_gcd,256,16384,4194304,134217728,512,1539,68.7195,1073741824,0,0,0,64,0,0,0,0,0,0,0,0,0,0,0,0,0,0,0,0,0,0,0,0,0,0,0,0,0,0,0,0,0,0,0,12.8757,5337.16,10.0278,0.501004
Test,MI250X_two_gcd,256,16384,4194304,536870912,512,807,274.878,1073741824,0,0,0,0,256,0,0,0,0,0,0,0,0,0,0,0,0,0,0,0,0,0,0,0,0,0,0,0,0,0,0,0,0,0,0,24.7682,11098,2.64987,0.182829
Test,MI250X_two_gcd,256,16384,4194304,536870912,512,807,274.878,1073741824,0,0,0,0,256,0,0,0,0,0,0,0,0,0,0,0,0,0,0,0,0,0,0,0,0,0,0,0,0,0,0,0,0,0,0,24.8404,11065.8,5.89534,0.406751
Test,MI250X_two_gcd,256,16384,4194304,268435456,512,3062,137.439,1073741824,0,0,0,0,0,128,0,0,0,0,0,0,0,0,0,0,0,0,0,0,0,0,0,0,0,0,0,0,0,0,0,0,0,0,0,6.51022,21111.3,7.4621,0.264311
Test,MI250X_two_gcd,256,16384,4194304,268435456,512,3062,137.439,1073741824,0,0,0,0,0,128,0,0,0,0,0,0,0,0,0,0,0,0,0,0,0,0,0,0,0,0,0,0,0,0,0,0,0,0,0,6.52542,21062.1,13.935,0.493584
Test,MI250X_two_gcd,256,16384,4194304,134217728,512,3092,68.7195,1073741824,0,0,0,0,0,0,64,0,0,0,0,0,0,0,0,0,0,0,0,0,0,0,0,0,0,0,0,0,0,0,0,0,0,0,0,6.42128,10701.8,12.4171,0.437681
Test,MI250X_two_gcd,256,16384,4194304,134217728,512,3092,68.7195,1073741824,0,0,0,0,0,0,64,0,0,0,0,0,0,0,0,0,0,0,0,0,0,0,0,0,0,0,0,0,0,0,0,0,0,0,0,6.4382,10673.8,14.0278,0.494454
Test,MI250X_two_gcd,256,16384,4194304,1073741824,512,399,549.756,1073741824,0,0,0,0,0,0,0,512,0,0,0,0,0,0,0,0,0,0,0,0,0,0,0,0,0,0,0,0,0,0,0,0,0,0,0,49.9831,10998.8,2.4415,0.239566
Test,MI250X_two_gcd,256,16384,4194304,1073741824,512,399,549.756,1073741824,0,0,0,0,0,0,0,512,0,0,0,0,0,0,0,0,0,0,0,0,0,0,0,0,0,0,0,0,0,0,0,0,0,0,0,50.1309,10966.4,6.17554,0.60596
Test,MI250X_two_gcd,256,16384,4194304,536870912,512,797,274.878,1073741824,0,0,0,0,0,0,0,0,256,0,0,0,0,0,0,0,0,0,0,0,0,0,0,0,0,0,0,0,0,0,0,0,0,0,0,25.0668,10965.8,2.87841,0.199838
Test,MI250X_two_gcd,256,16384,4194304,536870912,512,797,274.878,1073741824,0,0,0,0,0,0,0,0,256,0,0,0,0,0,0,0,0,0,0,0,0,0,0,0,0,0,0,0,0,0,0,0,0,0,0,25.1433,10932.5,6.10197,0.42364
Test,MI250X_two_gcd,256,16384,4194304,268435456,512,1584,137.439,1073741824,0,0,0,0,0,0,0,0,0,128,0,0,0,0,0,0,0,0,0,0,0,0,0,0,0,0,0,0,0,0,0,0,0,0,0,12.6194,10891.1,2.56873,0.126502
Test,MI250X_two_gcd,256,16384,4194304,268435456,512,1584,137.439,1073741824,0,0,0,0,0,0,0,0,0,128,0,0,0,0,0,0,0,0,0,0,0,0,0,0,0,0,0,0,0,0,0,0,0,0,0,12.6561,10859.5,5.9962,0.295294
Test,MI250X_two_gcd,256,16384,4194304,134217728,512,790,68.7195,1073741824,0,0,0,0,0,0,0,0,0,0,64,0,0,0,0,0,0,0,0,0,0,0,0,0,0,0,0,0,0,0,0,0,0,0,0,25.3011,2716.07,0.646841,0.0451066
Test,MI250X_two_gcd,256,16384,4194304,134217728,512,790,68.7195,1073741824,0,0,0,0,0,0,0,0,0,0,64,0,0,0,0,0,0,0,0,0,0,0,0,0,0,0,0,0,0,0,0,0,0,0,0,25.3761,2708.03,1.63101,0.113736
Test,MI250X_two_gcd,256,16384,4194304,536870912,512,803,274.878,1073741824,0,0,0,0,0,0,0,0,0,0,0,256,0,0,0,0,0,0,0,0,0,0,0,0,0,0,0,0,0,0,0,0,0,0,0,24.8751,11050.3,2.47805,0.171399
Test,MI250X_two_gcd,256,16384,4194304,536870912,512,803,274.878,1073741824,0,0,0,0,0,0,0,0,0,0,0,256,0,0,0,0,0,0,0,0,0,0,0,0,0,0,0,0,0,0,0,0,0,0,0,24.9467,11018.6,6.19581,0.428545
Test,MI250X_two_gcd,256,16384,4194304,268435456,512,3066,137.439,1073741824,0,0,0,0,0,0,0,0,0,0,0,0,128,0,0,0,0,0,0,0,0,0,0,0,0,0,0,0,0,0,0,0,0,0,0,6.52477,21064.2,5.26265,0.186283
Test,MI250X_two_gcd,256,16384,4194304,268435456,512,3066,137.439,1073741824,0,0,0,0,0,0,0,0,0,0,0,0,128,0,0,0,0,0,0,0,0,0,0,0,0,0,0,0,0,0,0,0,0,0,0,6.54025,21014.4,12.606,0.44622
Test,MI250X_two_gcd,256,16384,4194304,134217728,512,3114,68.7195,1073741824,0,0,0,0,0,0,0,0,0,0,0,0,0,64,0,0,0,0,0,0,0,0,0,0,0,0,0,0,0,0,0,0,0,0,0,6.42761,10691.3,2.74209,0.0963116
Test,MI250X_two_gcd,256,16384,4194304,134217728,512,3114,68.7195,1073741824,0,0,0,0,0,0,0,0,0,0,0,0,0,64,0,0,0,0,0,0,0,0,0,0,0,0,0,0,0,0,0,0,0,0,0,6.44446,10663.4,6.10835,0.214546
Test,MI250X_two_gcd,256,16384,4194304,1073741824,512,396,1099.51,1073741824,0,0,0,0,0,0,0,0,0,0,0,0,0,0,1024,0,0,0,0,0,0,0,0,0,0,0,0,0,0,0,0,0,0,0,0,50.4092,21811.7,4.37943,0.431347
Test,MI250X_two_gcd,256,16384,4194304,1073741824,512,396,1099.51,1073741824,0,0,0,0,0,0,0,0,0,0,0,0,0,0,1024,0,0,0,0,0,0,0,0,0,0,0,0,0,0,0,0,0,0,0,0,50.5644,21744.8,11.6904,1.15143
Test,MI250X_two_gcd,256,16384,4194304,536870912,512,789,549.756,1073741824,0,0,0,0,0,0,0,0,0,0,0,0,0,0,0,512,0,0,0,0,0,0,0,0,0,0,0,0,0,0,0,0,0,0,0,25.3196,21712.7,4.09906,0.286024
Test,MI250X_two_gcd,256,16384,4194304,536870912,512,789,549.756,1073741824,0,0,0,0,0,0,0,0,0,0,0,0,0,0,0,512,0,0,0,0,0,0,0,0,0,0,0,0,0,0,0,0,0,0,0,25.3888,21653.5,11.9278,0.832296
Test,MI250X_two_gcd,256,16384,4194304,268435456,512,1485,274.878,1073741824,0,0,0,0,0,0,0,0,0,0,0,0,0,0,0,0,256,0,0,0,0,0,0,0,0,0,0,0,0,0,0,0,0,0,0,13.4622,20418.6,6.4635,0.328746
Test,MI250X_two_gcd,256,16384,4194304,268435456,512,1485,274.878,1073741824,0,0,0,0,0,0,0,0,0,0,0,0,0,0,0,0,256,0,0,0,0,0,0,0,0,0,0,0,0,0,0,0,0,0,0,13.4898,20376.6,11.9869,0.609677
Test,MI250X_two_gcd,256,16384,4194304,134217728,512,755,137.439,1073741824,0,0,0,0,0,0,0,0,0,0,0,0,0,0,0,0,0,128,0,0,0,0,0,0,0,0,0,0,0,0,0,0,0,0,0,26.4427,5197.62,1.42832,0.101885
Test,MI250X_two_gcd,256,16384,4194304,134217728,512,755,137.439,1073741824,0,0,0,0,0,0,0,0,0,0,0,0,0,0,0,0,0,128,0,0,0,0,0,0,0,0,0,0,0,0,0,0,0,0,0,26.4934,5187.68,3.3066,0.235866
Test,MI250X_two_gcd,256,16384,4194304,536870912,512,399,549.756,1073741824,0,0,0,0,0,0,0,0,0,0,0,0,0,0,0,0,0,0,512,0,0,0,0,0,0,0,0,0,0,0,0,0,0,0,0,49.9807,10999.4,2.9186,0.286381
Test,MI250X_two_gcd,256,16384,4194304,536870912,512,399,549.756,1073741824,0,0,0,0,0,0,0,0,0,0,0,0,0,0,0,0,0,0,512,0,0,0,0,0,0,0,0,0,0,0,0,0,0,0,0,50.1141,10970.1,7.00164,0.68702
Test,MI250X_two_gcd,256,16384,4194304,268435456,512,3044,274.878,1073741824,0,0,0,0,0,0,0,0,0,0,0,0,0,0,0,0,0,0,0,256,0,0,0,0,0,0,0,0,0,0,0,0,0,0,0,6.57355,41815.9,12.0006,0.426323
Test,MI250X_two_gcd,256,16384,4194304,268435456,512,3044,274.878,1073741824,0,0,0,0,0,0,0,0,0,0,0,0,0,0,0,0,0,0,0,256,0,0,0,0,0,0,0,0,0,0,0,0,0,0,0,6.58774,41725.7,25.256,0.897219
Test,MI250X_two_gcd,256,16384,4194304,134217728,512,3081,137.439,1073741824,0,0,0,0,0,0,0,0,0,0,0,0,0,0,0,0,0,0,0,0,128,0,0,0,0,0,0,0,0,0,0,0,0,0,0,6.49565,21158.6,6.3758,0.225136
Test,MI250X_two_gcd,256,16384,4194304,134217728,512,3081,137.439,1073741824,0,0,0,0,0,0,0,0,0,0,0,0,0,0,0,0,0,0,0,0,128,0,0,0,0,0,0,0,0,0,0,0,0,0,0,6.51214,21105.1,12.3843,0.437304
Test,MI250X_two_gcd,256,16384,4194304,1073741824,512,36,549.756,1073741824,0,0,0,0,0,0,0,0,0,0,0,0,0,0,0,0,0,0,0,0,0,512,0,0,0,0,0,0,0,0,0,0,0,0,0,545.525,1007.75,0.125952,0.0411444
Test,MI250X_two_gcd,256,16384,4194304,1073741824,512,36,549.756,1073741824,0,0,0,0,0,0,0,0,0,0,0,0,0,0,0,0,0,0,0,0,0,512,0,0,0,0,0,0,0,0,0,0,0,0,0,547.192,1004.69,1.08751,0.355253
Test,MI250X_two_gcd,256,16384,4194304,536870912,512,72,274.878,1073741824,0,0,0,0,0,0,0,0,0,0,0,0,0,0,0,0,0,0,0,0,0,0,256,0,0,0,0,0,0,0,0,0,0,0,0,274.09,1002.87,0.115878,0.0267665
Test,MI250X_two_gcd,256,16384,4194304,536870912,512,72,274.878,1073741824,0,0,0,0,0,0,0,0,0,0,0,0,0,0,0,0,0,0,0,0,0,0,256,0,0,0,0,0,0,0,0,0,0,0,0,274.872,1000.02,0.829513,0.191608
Test,MI250X_two_gcd,256,16384,4194304,268435456,512,71,137.439,1073741824,0,0,0,0,0,0,0,0,0,0,0,0,0,0,0,0,0,0,0,0,0,0,0,128,0,0,0,0,0,0,0,0,0,0,0,279.363,491.973,0.0937597,0.0218094
Test,MI250X_two_gcd,256,16384,4194304,268435456,512,71,137.439,1073741824,0,0,0,0,0,0,0,0,0,0,0,0,0,0,0,0,0,0,0,0,0,0,0,128,0,0,0,0,0,0,0,0,0,0,0,280.081,490.712,0.388913,0.0904647
Test,MI250X_two_gcd,256,16384,4194304,134217728,512,33,68.7195,1073741824,0,0,0,0,0,0,0,0,0,0,0,0,0,0,0,0,0,0,0,0,0,0,0,0,64,0,0,0,0,0,0,0,0,0,0,590.522,116.371,0.0284055,0.00969172
Test,MI250X_two_gcd,256,16384,4194304,134217728,512,33,68.7195,1073741824,0,0,0,0,0,0,0,0,0,0,0,0,0,0,0,0,0,0,0,0,0,0,0,0,64,0,0,0,0,0,0,0,0,0,0,592.126,116.056,0.134969,0.0460504
Test,MI250X_two_gcd,256,16384,4194304,536870912,512,89,274.878,1073741824,0,0,0,0,0,0,0,0,0,0,0,0,0,0,0,0,0,0,0,0,0,0,0,0,0,256,0,0,0,0,0,0,0,0,0,224.172,1226.19,0.150659,0.0313008
Test,MI250X_two_gcd,256,16384,4194304,536870912,512,89,274.878,1073741824,0,0,0,0,0,0,0,0,0,0,0,0,0,0,0,0,0,0,0,0,0,0,0,0,0,256,0,0,0,0,0,0,0,0,0,224.776,1222.9,0.950412,0.197457
Test,MI250X_two_gcd,256,16384,4194304,268435456,512,110,137.439,1073741824,0,0,0,0,0,0,0,0,0,0,0,0,0,0,0,0,0,0,0,0,0,0,0,0,0,0,128,0,0,0,0,0,0,0,0,181.013,759.277,0.149404,0.0279204
Test,MI250X_two_gcd,256,16384,4194304,268435456,512,110,137.439,1073741824,0,0,0,0,0,0,0,0,0,0,0,0,0,0,0,0,0,0,0,0,0,0,0,0,0,0,128,0,0,0,0,0,0,0,0,181.426,757.549,0.522562,0.0976558
Test,MI250X_two_gcd,256,16384,4194304,134217728,512,206,68.7195,1073741824,0,0,0,0,0,0,0,0,0,0,0,0,0,0,0,0,0,0,0,0,0,0,0,0,0,0,0,64,0,0,0,0,0,0,0,97.9893,701.315,3.72604,0.508827
Test,MI250X_two_gcd,256,16384,4194304,134217728,512,206,68.7195,1073741824,0,0,0,0,0,0,0,0,0,0,0,0,0,0,0,0,0,0,0,0,0,0,0,0,0,0,0,64,0,0,0,0,0,0,0,100.585,683.215,3.24146,0.442652
Test,MI250X_two_gcd,256,16384,4194304,1073741824,512,73,549.756,1073741824,0,0,0,0,0,0,0,0,0,0,0,0,0,0,0,0,0,0,0,0,0,0,0,0,0,0,0,0,512,0,0,0,0,0,0,273.398,2010.83,0.227197,0.0521192
Test,MI250X_two_gcd,256,16384,4194304,1073741824,512,73,549.756,1073741824,0,0,0,0,0,0,0,0,0,0,0,0,0,0,0,0,0,0,0,0,0,0,0,0,0,0,0,0,512,0,0,0,0,0,0,274.194,2004.99,1.65152,0.37886
Test,MI250X_two_gcd,256,16384,4194304,536870912,512,146,274.878,1073741824,0,0,0,0,0,0,0,0,0,0,0,0,0,0,0,0,0,0,0,0,0,0,0,0,0,0,0,0,0,256,0,0,0,0,0,136.609,2012.16,0.441127,0.0715556
Test,MI250X_two_gcd,256,16384,4194304,536870912,512,146,274.878,1073741824,0,0,0,0,0,0,0,0,0,0,0,0,0,0,0,0,0,0,0,0,0,0,0,0,0,0,0,0,0,256,0,0,0,0,0,136.98,2006.71,1.35846,0.220357
Test,MI250X_two_gcd,256,16384,4194304,268435456,512,293,137.439,1073741824,0,0,0,0,0,0,0,0,0,0,0,0,0,0,0,0,0,0,0,0,0,0,0,0,0,0,0,0,0,0,128,0,0,0,0,68.1091,2017.92,0.382139,0.0437566
Test,MI250X_two_gcd,256,16384,4194304,268435456,512,293,137.439,1073741824,0,0,0,0,0,0,0,0,0,0,0,0,0,0,0,0,0,0,0,0,0,0,0,0,0,0,0,0,0,0,128,0,0,0,0,68.2919,2012.53,1.32392,0.151595
Test,MI250X_two_gcd,256,16384,4194304,134217728,512,104,68.7195,1073741824,0,0,0,0,0,0,0,0,0,0,0,0,0,0,0,0,0,0,0,0,0,0,0,0,0,0,0,0,0,0,0,64,0,0,0,191.969,357.973,0.0833994,0.0160288
Test,MI250X_two_gcd,256,16384,4194304,134217728,512,104,68.7195,1073741824,0,0,0,0,0,0,0,0,0,0,0,0,0,0,0,0,0,0,0,0,0,0,0,0,0,0,0,0,0,0,0,64,0,0,0,192.458,357.062,0.262092,0.0503724
Test,MI250X_two_gcd,256,16384,4194304,536870912,512,147,274.878,1073741824,0,0,0,0,0,0,0,0,0,0,0,0,0,0,0,0,0,0,0,0,0,0,0,0,0,0,0,0,0,0,0,0,256,0,0,135.997,2021.21,0.399873,0.0646427
Test,MI250X_two_gcd,256,16384,4194304,536870912,512,147,274.878,1073741824,0,0,0,0,0,0,0,0,0,0,0,0,0,0,0,0,0,0,0,0,0,0,0,0,0,0,0,0,0,0,0,0,256,0,0,136.367,2015.72,1.33164,0.215271
Test,MI250X_two_gcd,256,16384,4194304,268435456,512,359,137.439,1073741824,0,0,0,0,0,0,0,0,0,0,0,0,0,0,0,0,0,0,0,0,0,0,0,0,0,0,0,0,0,0,0,0,0,128,0,55.643,2470.01,0.5669,0.0586429
Test,MI250X_two_gcd,256,16384,4194304,268435456,512,359,137.439,1073741824,0,0,0,0,0,0,0,0,0,0,0,0,0,0,0,0,0,0,0,0,0,0,0,0,0,0,0,0,0,0,0,0,0,128,0,55.799,2463.11,1.56314,0.161699
Test,MI250X_two_gcd,256,16384,4194304,134217728,512,716,68.7195,1073741824,0,0,0,0,0,0,0,0,0,0,0,0,0,0,0,0,0,0,0,0,0,0,0,0,0,0,0,0,0,0,0,0,0,0,64,27.8985,2463.2,0.491626,0.036011
Test,MI250X_two_gcd,256,16384,4194304,134217728,512,716,68.7195,1073741824,0,0,0,0,0,0,0,0,0,0,0,0,0,0,0,0,0,0,0,0,0,0,0,0,0,0,0,0,0,0,0,0,0,0,64,27.9858,2455.51,1.41929,0.103961
Test,MI250X_two_gcd,256,16384,4194304,1073741824,1024,200,1099.51,1073741824,1024,0,0,0,0,0,0,0,0,0,0,0,0,0,0,0,0,0,0,0,0,0,0,0,0,0,0,0,0,0,0,0,0,0,0,100.041,10990.8,41.6012,5.76564
Test,MI250X_two_gcd,256,16384,4194304,1073741824,1024,200,1099.51,1073741824,1024,0,0,0,0,0,0,0,0,0,0,0,0,0,0,0,0,0,0,0,0,0,0,0,0,0,0,0,0,0,0,0,0,0,0,100.33,10959.1,41.7904,5.79186
Test,MI250X_two_gcd,256,16384,4194304,536870912,1024,398,549.756,1073741824,0,512,0,0,0,0,0,0,0,0,0,0,0,0,0,0,0,0,0,0,0,0,0,0,0,0,0,0,0,0,0,0,0,0,0,50.4489,10897.5,42.2786,4.1537
Test,MI250X_two_gcd,256,16384,4194304,536870912,1024,398,549.756,1073741824,0,512,0,0,0,0,0,0,0,0,0,0,0,0,0,0,0,0,0,0,0,0,0,0,0,0,0,0,0,0,0,0,0,0,0,50.5906,10866.9,42.928,4.2175
Test,MI250X_two_gcd,256,16384,4194304,268435456,1024,781,274.878,1073741824,0,0,256,0,0,0,0,0,0,0,0,0,0,0,0,0,0,0,0,0,0,0,0,0,0,0,0,0,0,0,0,0,0,0,0,25.7124,10690.5,25.5682,1.7932
Test,MI250X_two_gcd,256,16384,4194304,268435456,1024,781,274.878,1073741824,0,0,256,0,0,0,0,0,0,0,0,0,0,0,0,0,0,0,0,0,0,0,0,0,0,0,0,0,0,0,0,0,0,0,0,25.7781,10663.3,25.5891,1.79468
Test,MI250X_two_gcd,256,16384,4194304,134217728,1024,773,137.439,1073741824,0,0,0,128,0,0,0,0,0,0,0,0,0,0,0,0,0,0,0,0,0,0,0,0,0,0,0,0,0,0,0,0,0,0,0,25.8495,5316.89,1.57544,0.111063
Test,MI250X_two_gcd,256,16384,4194304,134217728,1024,773,137.439,1073741824,0,0,0,128,0,0,0,0,0,0,0,0,0,0,0,0,0,0,0,0,0,0,0,0,0,0,0,0,0,0,0,0,0,0,0,25.9057,5305.36,3.02208,0.213045
Test,MI250X_two_gcd,256,16384,4194304,536870912,1024,405,549.756,1073741824,0,0,0,0,512,0,0,0,0,0,0,0,0,0,0,0,0,0,0,0,0,0,0,0,0,0,0,0,0,0,0,0,0,0,0,49.2761,11156.6,2.14166,0.208583
Test,MI250X_two_gcd,256,16384,4194304,536870912,1024,405,549.756,1073741824,0,0,0,0,512,0,0,0,0,0,0,0,0,0,0,0,0,0,0,0,0,0,0,0,0,0,0,0,0,0,0,0,0,0,0,49.4236,11123.3,6.03172,0.587449
Test,MI250X_two_gcd,256,16384,4194304,268435456,1024,1539,274.878,1073741824,0,0,0,0,0,256,0,0,0,0,0,0,0,0,0,0,0,0,0,0,0,0,0,0,0,0,0,0,0,0,0,0,0,0,0,12.9339,21252.5,9.01671,0.45049
Test,MI250X_two_gcd,256,16384,4194304,268435456,1024,1539,274.878,1073741824,0,0,0,0,0,256,0,0,0,0,0,0,0,0,0,0,0,0,0,0,0,0,0,0,0,0,0,0,0,0,0,0,0,0,0,12.9639,21203.3,14.2568,0.712293
Test,MI250X_two_gcd,256,16384,4194304,134217728,1024,1556,137.439,1073741824,0,0,0,0,0,0,128,0,0,0,0,0,0,0,0,0,0,0,0,0,0,0,0,0,0,0,0,0,0,0,0,0,0,0,0,12.7577,10773.1,16.0293,0.796463
Test,MI250X_two_gcd,256,16384,4194304,134217728,1024,1556,137.439,1073741824,0,0,0,0,0,0,128,0,0,0,0,0,0,0,0,0,0,0,0,0,0,0,0,0,0,0,0,0,0,0,0,0,0,0,0,12.7889,10746.7,16.6724,0.828416
Test,MI250X_two_gcd,256,16384,4194304,1073741824,1024,200,1099.51,1073741824,0,0,0,0,0,0,0,1024,0,0,0,0,0,0,0,0,0,0,0,0,0,0,0,0,0,0,0,0,0,0,0,0,0,0,0,99.5198,11048.2,2.55524,0.354138
Test,MI250X_two_gcd,256,16384,4194304,1073741824,1024,200,1099.51,1073741824,0,0,0,0,0,0,0,1024,0,0,0,0,0,0,0,0,0,0,0,0,0,0,0,0,0,0,0,0,0,0,0,0,0,0,0,99.8238,11014.5,6.85324,0.949811
Test,MI250X_two_gcd,256,16384,4194304,536870912,1024,401,549.756,1073741824,0,0,0,0,0,0,0,0,512,0,0,0,0,0,0,0,0,0,0,0,0,0,0,0,0,0,0,0,0,0,0,0,0,0,0,49.8339,11031.8,2.34826,0.229842
Test,MI250X_two_gcd,256,16384,4194304,536870912,1024,401,549.756,1073741824,0,0,0,0,0,0,0,0,512,0,0,0,0,0,0,0,0,0,0,0,0,0,0,0,0,0,0,0,0,0,0,0,0,0,0,49.9819,10999.1,6.01972,0.589197
Test,MI250X_two_gcd,256,16384,4194304,268435456,1024,796,274.878,1073741824,0,0,0,0,0,0,0,0,0,256,0,0,0,0,0,0,0,0,0,0,0,0,0,0,0,0,0,0,0,0,0,0,0,0,0,25.0807,10959.7,2.49841,0.173565
Test,MI250X_two_gcd,256,16384,4194304,268435456,1024,796,274.878,1073741824,0,0,0,0,0,0,0,0,0,256,0,0,0,0,0,0,0,0,0,0,0,0,0,0,0,0,0,0,0,0,0,0,0,0,0,25.1562,10926.9,6.113,0.424672
Test,MI250X_two_gcd,256,16384,4194304,134217728,1024,396,137.439,1073741824,0,0,0,0,0,0,0,0,0,0,128,0,0,0,0,0,0,0,0,0,0,0,0,0,0,0,0,0,0,0,0,0,0,0,0,50.4653,2723.43,0.570141,0.0561553
Test,MI250X_two_gcd,256,16384,4194304,134217728,1024,396,137.439,1073741824,0,0,0,0,0,0,0,0,0,0,128,0,0,0,0,0,0,0,0,0,0,0,0,0,0,0,0,0,0,0,0,0,0,0,0,50.6108,2715.6,1.6685,0.164337
Test,MI250X_two_gcd,256,16384,4194304,536870912,1024,403,549.756,1073741824,0,0,0,0,0,0,0,0,0,0,0,512,0,0,0,0,0,0,0,0,0,0,0,0,0,0,0,0,0,0,0,0,0,0,0,49.482,11110.2,2.29641,0.224209
Test,MI250X_two_gcd,256,16384,4194304,536870912,1024,403,549.756,1073741824,0,0,0,0,0,0,0,0,0,0,0,512,0,0,0,0,0,0,0,0,0,0,0,0,0,0,0,0,0,0,0,0,0,0,0,49.6351,11076,5.94212,0.580157
Test,MI250X_two_gcd,256,16384,4194304,268435456,1024,1543,274.878,1073741824,0,0,0,0,0,0,0,0,0,0,0,0,256,0,0,0,0,0,0,0,0,0,0,0,0,0,0,0,0,0,0,0,0,0,0,12.9608,21208.4,5.09816,0.254382
Test,MI250X_two_gcd,256,16384,4194304,268435456,1024,1543,274.878,1073741824,0,0,0,0,0,0,0,0,0,0,0,0,256,0,0,0,0,0,0,0,0,0,0,0,0,0,0,0,0,0,0,0,0,0,0,12.9941,21154,11.6935,0.583471
Test,MI250X_two_gcd,256,16384,4194304,134217728,1024,1566,137.439,1073741824,0,0,0,0,0,0,0,0,0,0,0,0,0,128,0,0,0,0,0,0,0,0,0,0,0,0,0,0,0,0,0,0,0,0,0,12.7641,10767.6,2.39169,0.118458
Test,MI250X_two_gcd,256,16384,4194304,134217728,1024,1566,137.439,1073741824,0,0,0,0,0,0,0,0,0,0,0,0,0,128,0,0,0,0,0,0,0,0,0,0,0,0,0,0,0,0,0,0,0,0,0,12.8015,10736.2,5.87212,0.290841
Test,MI250X_two_gcd,256,16384,4194304,1073741824,1024,199,2199.02,1073741824,0,0,0,0,0,0,0,0,0,0,0,0,0,0,2048,0,0,0,0,0,0,0,0,0,0,0,0,0,0,0,0,0,0,0,0,100.244,21936.7,4.42757,0.615169
Test,MI250X_two_gcd,256,16384,4194304,1073741824,1024,199,2199.02,1073741824,0,0,0,0,0,0,0,0,0,0,0,0,0,0,2048,0,0,0,0,0,0,0,0,0,0,0,0,0,0,0,0,0,0,0,0,100.537,21872.9,13.7449,1.90973
Test,MI250X_two_gcd,256,16384,4194304,536870912,1024,397,1099.51,1073741824,0,0,0,0,0,0,0,0,0,0,0,0,0,0,0,1024,0,0,0,0,0,0,0,0,0,0,0,0,0,0,0,0,0,0,0,50.2805,21867.6,5.47861,0.538929
Test,MI250X_two_gcd,256,16384,4194304,536870912,1024,397,1099.51,1073741824,0,0,0,0,0,0,0,0,0,0,0,0,0,0,0,1024,0,0,0,0,0,0,0,0,0,0,0,0,0,0,0,0,0,0,0,50.4367,21799.8,11.7849,1.15928
Test,MI250X_two_gcd,256,16384,4194304,268435456,1024,746,549.756,1073741824,0,0,0,0,0,0,0,0,0,0,0,0,0,0,0,0,512,0,0,0,0,0,0,0,0,0,0,0,0,0,0,0,0,0,0,26.7464,20554.4,7.95858,0.571113
Test,MI250X_two_gcd,256,16384,4194304,268435456,1024,746,549.756,1073741824,0,0,0,0,0,0,0,0,0,0,0,0,0,0,0,0,512,0,0,0,0,0,0,0,0,0,0,0,0,0,0,0,0,0,0,26.804,20510.2,11.7106,0.840359
Test,MI250X_two_gcd,256,16384,4194304,134217728,1024,379,274.878,1073741824,0,0,0,0,0,0,0,0,0,0,0,0,0,0,0,0,0,256,0,0,0,0,0,0,0,0,0,0,0,0,0,0,0,0,0,52.6933,5216.56,1.6656,0.16769
Test,MI250X_two_gcd,256,16384,4194304,134217728,1024,379,274.878,1073741824,0,0,0,0,0,0,0,0,0,0,0,0,0,0,0,0,0,256,0,0,0,0,0,0,0,0,0,0,0,0,0,0,0,0,0,52.8166,5204.39,3.47559,0.349917
Test,MI250X_two_gcd,256,16384,4194304,536870912,1024,200,1099.51,1073741824,0,0,0,0,0,0,0,0,0,0,0,0,0,0,0,0,0,0,1024,0,0,0,0,0,0,0,0,0,0,0,0,0,0,0,0,99.6435,11034.5,2.52455,0.349885
Test,MI250X_two_gcd,256,16384,4194304,536870912,1024,200,1099.51,1073741824,0,0,0,0,0,0,0,0,0,0,0,0,0,0,0,0,0,0,1024,0,0,0,0,0,0,0,0,0,0,0,0,0,0,0,0,99.9282,11003,6.88157,0.953737
Test,MI250X_two_gcd,256,16384,4194304,268435456,1024,1532,549.756,1073741824,0,0,0,0,0,0,0,0,0,0,0,0,0,0,0,0,0,0,0,512,0,0,0,0,0,0,0,0,0,0,0,0,0,0,0,13.0469,42137,10.5459,0.528093
Test,MI250X_two_gcd,256,16384,4194304,268435456,1024,1532,549.756,1073741824,0,0,0,0,0,0,0,0,0,0,0,0,0,0,0,0,0,0,0,512,0,0,0,0,0,0,0,0,0,0,0,0,0,0,0,13.0767,42040.9,24.6741,1.23557
Test,MI250X_two_gcd,256,16384,4194304,134217728,1024,1551,274.878,1073741824,0,0,0,0,0,0,0,0,0,0,0,0,0,0,0,0,0,0,0,0,256,0,0,0,0,0,0,0,0,0,0,0,0,0,0,12.8896,21325.6,4.33346,0.215668
Test,MI250X_two_gcd,256,16384,4194304,134217728,1024,1551,274.878,1073741824,0,0,0,0,0,0,0,0,0,0,0,0,0,0,0,0,0,0,0,0,256,0,0,0,0,0,0,0,0,0,0,0,0,0,0,12.9202,21275.1,11.6141,0.57801
Test,MI250X_two_gcd,256,16384,4194304,1073741824,1024,18,1099.51,1073741824,0,0,0,0,0,0,0,0,0,0,0,0,0,0,0,0,0,0,0,0,0,1024,0,0,0,0,0,0,0,0,0,0,0,0,0,1093.38,1005.61,0.145205,0.0670815
Test,MI250X_two_gcd,256,16384,4194304,1073741824,1024,18,1099.51,1073741824,0,0,0,0,0,0,0,0,0,0,0,0,0,0,0,0,0,0,0,0,0,1024,0,0,0,0,0,0,0,0,0,0,0,0,0,1096.79,1002.48,1.39387,0.643934
Test,MI250X_two_gcd,256,16384,4194304,536870912,1024,36,549.756,1073741824,0,0,0,0,0,0,0,0,0,0,0,0,0,0,0,0,0,0,0,0,0,0,512,0,0,0,0,0,0,0,0,0,0,0,0,549.837,999.852,0.0923097,0.0301545
Test,MI250X_two_gcd,256,16384,4194304,536870912,1024,36,549.756,1073741824,0,0,0,0,0,0,0,0,0,0,0,0,0,0,0,0,0,0,0,0,0,0,512,0,0,0,0,0,0,0,0,0,0,0,0,551.408,997.004,1.07283,0.350458
Test,MI250X_two_gcd,256,16384,4194304,268435456,1024,35,274.878,1073741824,0,0,0,0,0,0,0,0,0,0,0,0,0,0,0,0,0,0,0,0,0,0,0,256,0,0,0,0,0,0,0,0,0,0,0,559.034,491.701,0.0544368,0.0180349
Test,MI250X_two_gcd,256,16384,4194304,268435456,1024,35,274.878,1073741824,0,0,0,0,0,0,0,0,0,0,0,0,0,0,0,0,0,0,0,0,0,0,0,256,0,0,0,0,0,0,0,0,0,0,0,560.44,490.469,0.574103,0.190201
Test,MI250X_two_gcd,256,16384,4194304,134217728,1024,16,137.439,1073741824,0,0,0,0,0,0,0,0,0,0,0,0,0,0,0,0,0,0,0,0,0,0,0,0,128,0,0,0,0,0,0,0,0,0,0,1181.9,116.286,0.01929,0.0094521
Test,MI250X_two_gcd,256,16384,4194304,134217728,1024,16,137.439,1073741824,0,0,0,0,0,0,0,0,0,0,0,0,0,0,0,0,0,0,0,0,0,0,0,0,128,0,0,0,0,0,0,0,0,0,0,1185.14,115.969,0.14465,0.0708787
Test,MI250X_two_gcd,256,16384,4194304,536870912,1024,44,549.756,1073741824,0,0,0,0,0,0,0,0,0,0,0,0,0,0,0,0,0,0,0,0,0,0,0,0,0,512,0,0,0,0,0,0,0,0,0,448.091,1226.89,0.190249,0.0562149
Test,MI250X_two_gcd,256,16384,4194304,536870912,1024,44,549.756,1073741824,0,0,0,0,0,0,0,0,0,0,0,0,0,0,0,0,0,0,0,0,0,0,0,0,0,512,0,0,0,0,0,0,0,0,0,449.239,1223.75,1.25275,0.370164
Test,MI250X_two_gcd,256,16384,4194304,268435456,1024,54,274.878,1073741824,0,0,0,0,0,0,0,0,0,0,0,0,0,0,0,0,0,0,0,0,0,0,0,0,0,0,256,0,0,0,0,0,0,0,0,363.471,756.258,0.251365,0.0670447
Test,MI250X_two_gcd,256,16384,4194304,268435456,1024,54,274.878,1073741824,0,0,0,0,0,0,0,0,0,0,0,0,0,0,0,0,0,0,0,0,0,0,0,0,0,0,256,0,0,0,0,0,0,0,0,364.434,754.26,0.59922,0.159825
Test,MI250X_two_gcd,256,16384,4194304,134217728,1024,103,137.439,1073741824,0,0,0,0,0,0,0,0,0,0,0,0,0,0,0,0,0,0,0,0,0,0,0,0,0,0,0,128,0,0,0,0,0,0,0,193.478,710.367,2.59521,0.501199
Test,MI250X_two_gcd,256,16384,4194304,134217728,1024,103,137.439,1073741824,0,0,0,0,0,0,0,0,0,0,0,0,0,0,0,0,0,0,0,0,0,0,0,0,0,0,0,128,0,0,0,0,0,0,0,199.694,688.269,3.86513,0.746451
Test,MI250X_two_gcd,256,16384,4194304,1073741824,1024,36,1099.51,1073741824,0,0,0,0,0,0,0,0,0,0,0,0,0,0,0,0,0,0,0,0,0,0,0,0,0,0,0,0,1024,0,0,0,0,0,0,546.36,2012.43,0.197604,0.0645506
Test,MI250X_two_gcd,256,16384,4194304,1073741824,1024,36,1099.51,1073741824,0,0,0,0,0,0,0,0,0,0,0,0,0,0,0,0,0,0,0,0,0,0,0,0,0,0,0,0,1024,0,0,0,0,0,0,548.099,2006.05,2.18023,0.712209
Test,MI250X_two_gcd,256,16384,4194304,536870912,1024,73,549.756,1073741824,0,0,0,0,0,0,0,0,0,0,0,0,0,0,0,0,0,0,0,0,0,0,0,0,0,0,0,0,0,512,0,0,0,0,0,272.868,2014.73,0.442717,0.101559
Test,MI250X_two_gcd,256,16384,4194304,536870912,1024,73,549.756,1073741824,0,0,0,0,0,0,0,0,0,0,0,0,0,0,0,0,0,0,0,0,0,0,0,0,0,0,0,0,0,512,0,0,0,0,0,273.697,2008.63,1.63064,0.374069
Test,MI250X_two_gcd,256,16384,4194304,268435456,1024,146,274.878,1073741824,0,0,0,0,0,0,0,0,0,0,0,0,0,0,0,0,0,0,0,0,0,0,0,0,0,0,0,0,0,0,256,0,0,0,0,136.035,2020.64,0.408632,0.0662846
Test,MI250X_two_gcd,256,16384,4194304,268435456,1024,146,274.878,1073741824,0,0,0,0,0,0,0,0,0,0,0,0,0,0,0,0,0,0,0,0,0,0,0,0,0,0,0,0,0,0,256,0,0,0,0,136.4,2015.23,1.36801,0.221906
Test,MI250X_two_gcd,256,16384,4194304,134217728,1024,51,137.439,1073741824,0,0,0,0,0,0,0,0,0,0,0,0,0,0,0,0,0,0,0,0,0,0,0,0,0,0,0,0,0,0,0,128,0,0,0,384.44,357.505,0.128247,0.0351981
Test,MI250X_two_gcd,256,16384,4194304,134217728,1024,51,137.439,1073741824,0,0,0,0,0,0,0,0,0,0,0,0,0,0,0,0,0,0,0,0,0,0,0,0,0,0,0,0,0,0,0,128,0,0,0,385.524,356.499,0.276844,0.0759811
Test,MI250X_two_gcd,256,16384,4194304,536870912,1024,73,549.756,1073741824,0,0,0,0,0,0,0,0,0,0,0,0,0,0,0,0,0,0,0,0,0,0,0,0,0,0,0,0,0,0,0,0,512,0,0,271.638,2023.86,0.394115,0.0904101
Test,MI250X_two_gcd,256,16384,4194304,536870912,1024,73,549.756,1073741824,0,0,0,0,0,0,0,0,0,0,0,0,0,0,0,0,0,0,0,0,0,0,0,0,0,0,0,0,0,0,0,0,512,0,0,272.41,2018.12,1.67969,0.385322
Test,MI250X_two_gcd,256,16384,4194304,268435456,1024,179,274.878,1073741824,0,0,0,0,0,0,0,0,0,0,0,0,0,0,0,0,0,0,0,0,0,0,0,0,0,0,0,0,0,0,0,0,0,256,0,111.099,2474.17,0.412952,0.0604964
Test,MI250X_two_gcd,256,16384,4194304,268435456,1024,179,274.878,1073741824,0,0,0,0,0,0,0,0,0,0,0,0,0,0,0,0,0,0,0,0,0,0,0,0,0,0,0,0,0,0,0,0,0,256,0,111.411,2467.24,1.60037,0.234449
Test,MI250X_two_gcd,256,16384,4194304,134217728,1024,359,137.439,1073741824,0,0,0,0,0,0,0,0,0,0,0,0,0,0,0,0,0,0,0,0,0,0,0,0,0,0,0,0,0,0,0,0,0,0,128,55.6423,2470.05,0.619992,0.0641349
Test,MI250X_two_gcd,256,16384,4194304,134217728,1024,359,137.439,1073741824,0,0,0,0,0,0,0,0,0,0,0,0,0,0,0,0,0,0,0,0,0,0,0,0,0,0,0,0,0,0,0,0,0,0,128,55.7932,2463.36,1.64773,0.170449
Test,MI250X_two_gcd,256,16384,4194304,1073741824,2048,99,2199.02,1073741824,2048,0,0,0,0,0,0,0,0,0,0,0,0,0,0,0,0,0,0,0,0,0,0,0,0,0,0,0,0,0,0,0,0,0,0,200.93,10944.2,16.1445,3.18027
Test,MI250X_two_gcd,256,16384,4194304,1073741824,2048,99,2199.02,1073741824,2048,0,0,0,0,0,0,0,0,0,0,0,0,0,0,0,0,0,0,0,0,0,0,0,0,0,0,0,0,0,0,0,0,0,0,201.603,10907.7,16.3348,3.21774
Test,MI250X_two_gcd,256,16384,4194304,536870912,2048,198,1099.51,1073741824,0,1024,0,0,0,0,0,0,0,0,0,0,0,0,0,0,0,0,0,0,0,0,0,0,0,0,0,0,0,0,0,0,0,0,0,99.705,11028.1,67.1362,9.35148
Test,MI250X_two_gcd,256,16384,4194304,536870912,2048,198,1099.51,1073741824,0,1024,0,0,0,0,0,0,0,0,0,0,0,0,0,0,0,0,0,0,0,0,0,0,0,0,0,0,0,0,0,0,0,0,0,100.04,10991.1,66.0978,9.20684
Test,MI250X_two_gcd,256,16384,4194304,268435456,2048,389,549.756,1073741824,0,0,512,0,0,0,0,0,0,0,0,0,0,0,0,0,0,0,0,0,0,0,0,0,0,0,0,0,0,0,0,0,0,0,0,50.018,10991.9,89.1597,8.86033
Test,MI250X_two_gcd,256,16384,4194304,268435456,2048,389,549.756,1073741824,0,0,512,0,0,0,0,0,0,0,0,0,0,0,0,0,0,0,0,0,0,0,0,0,0,0,0,0,0,0,0,0,0,0,0,50.1863,10955,86.6678,8.61269
Test,MI250X_two_gcd,256,16384,4194304,134217728,2048,387,274.878,1073741824,0,0,0,256,0,0,0,0,0,0,0,0,0,0,0,0,0,0,0,0,0,0,0,0,0,0,0,0,0,0,0,0,0,0,0,51.0048,5389.32,18.6049,1.85365
Test,MI250X_two_gcd,256,16384,4194304,134217728,2048,387,274.878,1073741824,0,0,0,256,0,0,0,0,0,0,0,0,0,0,0,0,0,0,0,0,0,0,0,0,0,0,0,0,0,0,0,0,0,0,0,51.153,5373.71,18.6624,1.85938
Test,MI250X_two_gcd,256,16384,4194304,536870912,2048,203,1099.51,1073741824,0,0,0,0,1024,0,0,0,0,0,0,0,0,0,0,0,0,0,0,0,0,0,0,0,0,0,0,0,0,0,0,0,0,0,0,98.1672,11200.4,2.04908,0.281881
Test,MI250X_two_gcd,256,16384,4194304,536870912,2048,203,1099.51,1073741824,0,0,0,0,1024,0,0,0,0,0,0,0,0,0,0,0,0,0,0,0,0,0,0,0,0,0,0,0,0,0,0,0,0,0,0,98.4977,11162.8,7.01095,0.964461
Test,MI250X_two_gcd,256,16384,4194304,268435456,2048,773,549.756,1073741824,0,0,0,0,0,512,0,0,0,0,0,0,0,0,0,0,0,0,0,0,0,0,0,0,0,0,0,0,0,0,0,0,0,0,0,25.7395,21358.5,10.1371,0.714626
Test,MI250X_two_gcd,256,16384,4194304,268435456,2048,773,549.756,1073741824,0,0,0,0,0,512,0,0,0,0,0,0,0,0,0,0,0,0,0,0,0,0,0,0,0,0,0,0,0,0,0,0,0,0,0,25.8186,21293,13.9684,0.984718
Test,MI250X_two_gcd,256,16384,4194304,134217728,2048,782,274.878,1073741824,0,0,0,0,0,0,256,0,0,0,0,0,0,0,0,0,0,0,0,0,0,0,0,0,0,0,0,0,0,0,0,0,0,0,0,25.3843,10828.7,20.3562,1.42676
Test,MI250X_two_gcd,256,16384,4194304,134217728,2048,782,274.878,1073741824,0,0,0,0,0,0,256,0,0,0,0,0,0,0,0,0,0,0,0,0,0,0,0,0,0,0,0,0,0,0,0,0,0,0,0,25.4677,10793.2,20.3087,1.42343
Test,MI250X_two_gcd,256,16384,4194304,1073741824,2048,100,2199.02,1073741824,0,0,0,0,0,0,0,2048,0,0,0,0,0,0,0,0,0,0,0,0,0,0,0,0,0,0,0,0,0,0,0,0,0,0,0,198.36,11086,2.35837,0.462241
Test,MI250X_two_gcd,256,16384,4194304,1073741824,2048,100,2199.02,1073741824,0,0,0,0,0,0,0,2048,0,0,0,0,0,0,0,0,0,0,0,0,0,0,0,0,0,0,0,0,0,0,0,0,0,0,0,199.042,11048.1,8.33402,1.63347
Test,MI250X_two_gcd,256,16384,4194304,536870912,2048,201,1099.51,1073741824,0,0,0,0,0,0,0,0,1024,0,0,0,0,0,0,0,0,0,0,0,0,0,0,0,0,0,0,0,0,0,0,0,0,0,0,99.2664,11076.4,2.29841,0.31775
Test,MI250X_two_gcd,256,16384,4194304,536870912,2048,201,1099.51,1073741824,0,0,0,0,0,0,0,0,1024,0,0,0,0,0,0,0,0,0,0,0,0,0,0,0,0,0,0,0,0,0,0,0,0,0,0,99.5999,11039.3,6.75528,0.933902
Test,MI250X_two_gcd,256,16384,4194304,268435456,2048,400,549.756,1073741824,0,0,0,0,0,0,0,0,0,512,0,0,0,0,0,0,0,0,0,0,0,0,0,0,0,0,0,0,0,0,0,0,0,0,0,49.9409,11008.1,2.25755,0.22124
Test,MI250X_two_gcd,256,16384,4194304,268435456,2048,400,549.756,1073741824,0,0,0,0,0,0,0,0,0,512,0,0,0,0,0,0,0,0,0,0,0,0,0,0,0,0,0,0,0,0,0,0,0,0,0,50.1066,10971.7,6.16302,0.603976
Test,MI250X_two_gcd,256,16384,4194304,134217728,2048,198,274.878,1073741824,0,0,0,0,0,0,0,0,0,0,256,0,0,0,0,0,0,0,0,0,0,0,0,0,0,0,0,0,0,0,0,0,0,0,0,100.858,2725.4,0.53652,0.0747325
Test,MI250X_two_gcd,256,16384,4194304,134217728,2048,198,274.878,1073741824,0,0,0,0,0,0,0,0,0,0,256,0,0,0,0,0,0,0,0,0,0,0,0,0,0,0,0,0,0,0,0,0,0,0,0,101.194,2716.33,1.71406,0.238753
Test,MI250X_two_gcd,256,16384,4194304,536870912,2048,202,1099.51,1073741824,0,0,0,0,0,0,0,0,0,0,0,1024,0,0,0,0,0,0,0,0,0,0,0,0,0,0,0,0,0,0,0,0,0,0,0,98.6139,11149.7,1.75714,0.242318
Test,MI250X_two_gcd,256,16384,4194304,536870912,2048,202,1099.51,1073741824,0,0,0,0,0,0,0,0,0,0,0,1024,0,0,0,0,0,0,0,0,0,0,0,0,0,0,0,0,0,0,0,0,0,0,0,98.9111,11116.2,7.01423,0.967298
Test,MI250X_two_gcd,256,16384,4194304,268435456,2048,774,549.756,1073741824,0,0,0,0,0,0,0,0,0,0,0,0,512,0,0,0,0,0,0,0,0,0,0,0,0,0,0,0,0,0,0,0,0,0,0,25.8077,21302,5.40547,0.38082
Test,MI250X_two_gcd,256,16384,4194304,268435456,2048,774,549.756,1073741824,0,0,0,0,0,0,0,0,0,0,0,0,512,0,0,0,0,0,0,0,0,0,0,0,0,0,0,0,0,0,0,0,0,0,0,25.879,21243.3,12.6399,0.89049
Test,MI250X_two_gcd,256,16384,4194304,134217728,2048,786,274.878,1073741824,0,0,0,0,0,0,0,0,0,0,0,0,0,256,0,0,0,0,0,0,0,0,0,0,0,0,0,0,0,0,0,0,0,0,0,25.4109,10817.3,3.02226,0.211289
Test,MI250X_two_gcd,256,16384,4194304,134217728,2048,786,274.878,1073741824,0,0,0,0,0,0,0,0,0,0,0,0,0,256,0,0,0,0,0,0,0,0,0,0,0,0,0,0,0,0,0,0,0,0,0,25.4844,10786.1,5.07648,0.354901
Test,MI250X_two_gcd,256,16384,4194304,1073741824,2048,100,4398.05,1073741824,0,0,0,0,0,0,0,0,0,0,0,0,0,0,4096,0,0,0,0,0,0,0,0,0,0,0,0,0,0,0,0,0,0,0,0,199.688,22024.6,3.28734,0.644319
Test,MI250X_two_gcd,256,16384,4194304,1073741824,2048,100,4398.05,1073741824,0,0,0,0,0,0,0,0,0,0,0,0,0,0,4096,0,0,0,0,0,0,0,0,0,0,0,0,0,0,0,0,0,0,0,0,200.31,21956.2,16.5148,3.2369
Test,MI250X_two_gcd,256,16384,4194304,536870912,2048,199,2199.02,1073741824,0,0,0,0,0,0,0,0,0,0,0,0,0,0,0,2048,0,0,0,0,0,0,0,0,0,0,0,0,0,0,0,0,0,0,0,100.097,21968.9,4.63585,0.644109
Test,MI250X_two_gcd,256,16384,4194304,536870912,2048,199,2199.02,1073741824,0,0,0,0,0,0,0,0,0,0,0,0,0,0,0,2048,0,0,0,0,0,0,0,0,0,0,0,0,0,0,0,0,0,0,0,100.433,21895.4,13.6307,1.89386
Test,MI250X_two_gcd,256,16384,4194304,268435456,2048,375,1099.51,1073741824,0,0,0,0,0,0,0,0,0,0,0,0,0,0,0,0,1024,0,0,0,0,0,0,0,0,0,0,0,0,0,0,0,0,0,0,53.2434,20650.7,8.00658,0.810378
Test,MI250X_two_gcd,256,16384,4194304,268435456,2048,375,1099.51,1073741824,0,0,0,0,0,0,0,0,0,0,0,0,0,0,0,0,1024,0,0,0,0,0,0,0,0,0,0,0,0,0,0,0,0,0,0,53.3845,20596.1,13.8018,1.39693
Test,MI250X_two_gcd,256,16384,4194304,134217728,2048,189,549.756,1073741824,0,0,0,0,0,0,0,0,0,0,0,0,0,0,0,0,0,512,0,0,0,0,0,0,0,0,0,0,0,0,0,0,0,0,0,105.196,5226.02,1.57854,0.225051
Test,MI250X_two_gcd,256,16384,4194304,134217728,2048,189,549.756,1073741824,0,0,0,0,0,0,0,0,0,0,0,0,0,0,0,0,0,512,0,0,0,0,0,0,0,0,0,0,0,0,0,0,0,0,0,105.444,5213.74,3.42356,0.488093
Test,MI250X_two_gcd,256,16384,4194304,536870912,2048,100,2199.02,1073741824,0,0,0,0,0,0,0,0,0,0,0,0,0,0,0,0,0,0,2048,0,0,0,0,0,0,0,0,0,0,0,0,0,0,0,0,198.719,11066,2.04805,0.401417
Test,MI250X_two_gcd,256,16384,4194304,536870912,2048,100,2199.02,1073741824,0,0,0,0,0,0,0,0,0,0,0,0,0,0,0,0,0,0,2048,0,0,0,0,0,0,0,0,0,0,0,0,0,0,0,0,199.375,11029.6,8.24536,1.61609
Test,MI250X_two_gcd,256,16384,4194304,268435456,2048,770,1099.51,1073741824,0,0,0,0,0,0,0,0,0,0,0,0,0,0,0,0,0,0,0,1024,0,0,0,0,0,0,0,0,0,0,0,0,0,0,0,25.9575,42358.2,9.62056,0.679534
Test,MI250X_two_gcd,256,16384,4194304,268435456,2048,770,1099.51,1073741824,0,0,0,0,0,0,0,0,0,0,0,0,0,0,0,0,0,0,0,1024,0,0,0,0,0,0,0,0,0,0,0,0,0,0,0,26.0342,42233.4,21.8891,1.54611
Test,MI250X_two_gcd,256,16384,4194304,134217728,2048,779,549.756,1073741824,0,0,0,0,0,0,0,0,0,0,0,0,0,0,0,0,0,0,0,0,512,0,0,0,0,0,0,0,0,0,0,0,0,0,0,25.6357,21444.9,5.3319,0.374429
Test,MI250X_two_gcd,256,16384,4194304,134217728,2048,779,549.756,1073741824,0,0,0,0,0,0,0,0,0,0,0,0,0,0,0,0,0,0,0,0,512,0,0,0,0,0,0,0,0,0,0,0,0,0,0,25.717,21377.1,12.0933,0.849246
Test,MI250X_two_gcd,256,16384,4194304,1073741824,2048,18,2199.02,1073741824,0,0,0,0,0,0,0,0,0,0,0,0,0,0,0,0,0,0,0,0,0,0,0,0,0,0,0,0,2048,0,0,0,0,0,0,1091.16,2015.31,0.219981,0.101626
Test,MI250X_two_gcd,256,16384,4194304,1073741824,2048,18,2199.02,1073741824,0,0,0,0,0,0,0,0,0,0,0,0,0,0,0,0,0,0,0,0,0,0,0,0,0,0,0,0,2048,0,0,0,0,0,0,1095.09,2008.08,2.9021,1.3407
Test,MI250X_two_gcd,256,16384,4194304,536870912,2048,36,1099.51,1073741824,0,0,0,0,0,0,0,0,0,0,0,0,0,0,0,0,0,0,0,0,0,0,0,0,0,0,0,0,0,1024,0,0,0,0,0,545.826,2014.4,0.191003,0.0623943
Test,MI250X_two_gcd,256,16384,4194304,536870912,2048,36,1099.51,1073741824,0,0,0,0,0,0,0,0,0,0,0,0,0,0,0,0,0,0,0,0,0,0,0,0,0,0,0,0,0,1024,0,0,0,0,0,547.463,2008.38,2.15701,0.704624
Test,MI250X_two_gcd,256,16384,4194304,268435456,2048,73,549.756,1073741824,0,0,0,0,0,0,0,0,0,0,0,0,0,0,0,0,0,0,0,0,0,0,0,0,0,0,0,0,0,0,512,0,0,0,0,271.635,2023.87,0.481716,0.110506
Test,MI250X_two_gcd,256,16384,4194304,268435456,2048,73,549.756,1073741824,0,0,0,0,0,0,0,0,0,0,0,0,0,0,0,0,0,0,0,0,0,0,0,0,0,0,0,0,0,0,512,0,0,0,0,272.545,2017.12,1.65567,0.379811
Test,MI250X_two_gcd,256,16384,4194304,134217728,2048,26,274.878,1073741824,0,0,0,0,0,0,0,0,0,0,0,0,0,0,0,0,0,0,0,0,0,0,0,0,0,0,0,0,0,0,0,256,0,0,0,767.701,358.053,0.117178,0.0450419
Test,MI250X_two_gcd,256,16384,4194304,134217728,2048,26,274.878,1073741824,0,0,0,0,0,0,0,0,0,0,0,0,0,0,0,0,0,0,0,0,0,0,0,0,0,0,0,0,0,0,0,256,0,0,0,770.166,356.908,0.444552,0.17088
Test,MI250X_two_gcd,256,16384,4194304,536870912,2048,36,1099.51,1073741824,0,0,0,0,0,0,0,0,0,0,0,0,0,0,0,0,0,0,0,0,0,0,0,0,0,0,0,0,0,0,0,0,1024,0,0,542.465,2026.88,0.34914,0.114052
Test,MI250X_two_gcd,256,16384,4194304,536870912,2048,36,1099.51,1073741824,0,0,0,0,0,0,0,0,0,0,0,0,0,0,0,0,0,0,0,0,0,0,0,0,0,0,0,0,0,0,0,0,1024,0,0,544.272,2020.15,2.21024,0.722011
Test,MI250X_two_gcd,256,16384,4194304,268435456,2048,90,549.756,1073741824,0,0,0,0,0,0,0,0,0,0,0,0,0,0,0,0,0,0,0,0,0,0,0,0,0,0,0,0,0,0,0,0,0,512,0,221.773,2478.91,0.401904,0.0830342
Test,MI250X_two_gcd,256,16384,4194304,268435456,2048,90,549.756,1073741824,0,0,0,0,0,0,0,0,0,0,0,0,0,0,0,0,0,0,0,0,0,0,0,0,0,0,0,0,0,0,0,0,0,512,0,222.513,2470.67,1.94571,0.401988
Test,MI250X_two_gcd,256,16384,4194304,134217728,2048,180,274.878,1073741824,0,0,0,0,0,0,0,0,0,0,0,0,0,0,0,0,0,0,0,0,0,0,0,0,0,0,0,0,0,0,0,0,0,0,256,110.974,2476.96,0.488729,0.0713983
Test,MI250X_two_gcd,256,16384,4194304,134217728,2048,180,274.878,1073741824,0,0,0,0,0,0,0,0,0,0,0,0,0,0,0,0,0,0,0,0,0,0,0,0,0,0,0,0,0,0,0,0,0,0,256,111.327,2469.09,1.68413,0.246034
Test,MI250X_two_gcd,256,16384,4194304,1073741824,4096,50,4398.05,1073741824,4096,0,0,0,0,0,0,0,0,0,0,0,0,0,0,0,0,0,0,0,0,0,0,0,0,0,0,0,0,0,0,0,0,0,0,396.536,11091.3,35.7979,9.92267
Test,MI250X_two_gcd,256,16384,4194304,1073741824,4096,50,4398.05,1073741824,4096,0,0,0,0,0,0,0,0,0,0,0,0,0,0,0,0,0,0,0,0,0,0,0,0,0,0,0,0,0,0,0,0,0,0,397.89,11053.5,36.9033,10.2291
Test,MI250X_two_gcd,256,16384,4194304,536870912,4096,100,2199.02,1073741824,0,2048,0,0,0,0,0,0,0,0,0,0,0,0,0,0,0,0,0,0,0,0,0,0,0,0,0,0,0,0,0,0,0,0,0,199.396,11028.6,39.9108,7.82251
Test,MI250X_two_gcd,256,16384,4194304,536870912,4096,100,2199.02,1073741824,0,2048,0,0,0,0,0,0,0,0,0,0,0,0,0,0,0,0,0,0,0,0,0,0,0,0,0,0,0,0,0,0,0,0,0,200.107,10989.4,40.5322,7.9443
Test,MI250X_two_gcd,256,16384,4194304,268435456,4096,196,1099.51,1073741824,0,0,1024,0,0,0,0,0,0,0,0,0,0,0,0,0,0,0,0,0,0,0,0,0,0,0,0,0,0,0,0,0,0,0,0,102.008,10778.9,44.3672,6.21141
Test,MI250X_two_gcd,256,16384,4194304,268435456,4096,196,1099.51,1073741824,0,0,1024,0,0,0,0,0,0,0,0,0,0,0,0,0,0,0,0,0,0,0,0,0,0,0,0,0,0,0,0,0,0,0,0,102.318,10746.2,44.5162,6.23227
Test,MI250X_two_gcd,256,16384,4194304,134217728,4096,194,549.756,1073741824,0,0,0,512,0,0,0,0,0,0,0,0,0,0,0,0,0,0,0,0,0,0,0,0,0,0,0,0,0,0,0,0,0,0,0,102.848,5345.34,1.59169,0.223982
Test,MI250X_two_gcd,256,16384,4194304,134217728,4096,194,549.756,1073741824,0,0,0,512,0,0,0,0,0,0,0,0,0,0,0,0,0,0,0,0,0,0,0,0,0,0,0,0,0,0,0,0,0,0,0,103.141,5330.15,3.55195,0.499829
Test,MI250X_two_gcd,256,16384,4194304,536870912,4096,101,2199.02,1073741824,0,0,0,0,2048,0,0,0,0,0,0,0,0,0,0,0,0,0,0,0,0,0,0,0,0,0,0,0,0,0,0,0,0,0,0,196.038,11217.4,1.86944,0.364592
Test,MI250X_two_gcd,256,16384,4194304,536870912,4096,101,2199.02,1073741824,0,0,0,0,2048,0,0,0,0,0,0,0,0,0,0,0,0,0,0,0,0,0,0,0,0,0,0,0,0,0,0,0,0,0,0,196.74,11177.3,8.45306,1.64858
Test,MI250X_two_gcd,256,16384,4194304,268435456,4096,387,1099.51,1073741824,0,0,0,0,0,1024,0,0,0,0,0,0,0,0,0,0,0,0,0,0,0,0,0,0,0,0,0,0,0,0,0,0,0,0,0,51.3928,21394.3,17.5746,1.751
Test,MI250X_two_gcd,256,16384,4194304,268435456,4096,387,1099.51,1073741824,0,0,0,0,0,1024,0,0,0,0,0,0,0,0,0,0,0,0,0,0,0,0,0,0,0,0,0,0,0,0,0,0,0,0,0,51.5458,21330.8,20.1292,2.00553
Test,MI250X_two_gcd,256,16384,4194304,134217728,4096,391,549.756,1073741824,0,0,0,0,0,0,512,0,0,0,0,0,0,0,0,0,0,0,0,0,0,0,0,0,0,0,0,0,0,0,0,0,0,0,0,50.7388,10835.1,30.4844,3.02166
Test,MI250X_two_gcd,256,16384,4194304,134217728,4096,391,549.756,1073741824,0,0,0,0,0,0,512,0,0,0,0,0,0,0,0,0,0,0,0,0,0,0,0,0,0,0,0,0,0,0,0,0,0,0,0,50.8878,10803.4,29.4201,2.91616
Test,MI250X_two_gcd,256,16384,4194304,1073741824,4096,50,4398.05,1073741824,0,0,0,0,0,0,0,4096,0,0,0,0,0,0,0,0,0,0,0,0,0,0,0,0,0,0,0,0,0,0,0,0,0,0,0,396.163,11101.6,1.43762,0.398489
Test,MI250X_two_gcd,256,16384,4194304,1073741824,4096,50,4398.05,1073741824,0,0,0,0,0,0,0,4096,0,0,0,0,0,0,0,0,0,0,0,0,0,0,0,0,0,0,0,0,0,0,0,0,0,0,0,397.489,11064.6,10.6154,2.94245
Test,MI250X_two_gcd,256,16384,4194304,536870912,4096,100,2199.02,1073741824,0,0,0,0,0,0,0,0,2048,0,0,0,0,0,0,0,0,0,0,0,0,0,0,0,0,0,0,0,0,0,0,0,0,0,0,198.115,11099.7,2.34958,0.460519
Test,MI250X_two_gcd,256,16384,4194304,536870912,4096,100,2199.02,1073741824,0,0,0,0,0,0,0,0,2048,0,0,0,0,0,0,0,0,0,0,0,0,0,0,0,0,0,0,0,0,0,0,0,0,0,0,198.805,11061.2,8.23239,1.61355
Test,MI250X_two_gcd,256,16384,4194304,268435456,4096,200,1099.51,1073741824,0,0,0,0,0,0,0,0,0,1024,0,0,0,0,0,0,0,0,0,0,0,0,0,0,0,0,0,0,0,0,0,0,0,0,0,99.7105,11027,2.34212,0.324601
Test,MI250X_two_gcd,256,16384,4194304,268435456,4096,200,1099.51,1073741824,0,0,0,0,0,0,0,0,0,1024,0,0,0,0,0,0,0,0,0,0,0,0,0,0,0,0,0,0,0,0,0,0,0,0,0,100.045,10990.2,7.1907,0.99658
Test,MI250X_two_gcd,256,16384,4194304,134217728,4096,99,549.756,1073741824,0,0,0,0,0,0,0,0,0,0,512,0,0,0,0,0,0,0,0,0,0,0,0,0,0,0,0,0,0,0,0,0,0,0,0,201.569,2727.38,0.516587,0.101761
Test,MI250X_two_gcd,256,16384,4194304,134217728,4096,99,549.756,1073741824,0,0,0,0,0,0,0,0,0,0,512,0,0,0,0,0,0,0,0,0,0,0,0,0,0,0,0,0,0,0,0,0,0,0,0,202.241,2718.32,1.98825,0.39166
Test,MI250X_two_gcd,256,16384,4194304,536870912,4096,101,2199.02,1073741824,0,0,0,0,0,0,0,0,0,0,0,2048,0,0,0,0,0,0,0,0,0,0,0,0,0,0,0,0,0,0,0,0,0,0,0,196.883,11169.2,1.42371,0.277662
Test,MI250X_two_gcd,256,16384,4194304,536870912,4096,101,2199.02,1073741824,0,0,0,0,0,0,0,0,0,0,0,2048,0,0,0,0,0,0,0,0,0,0,0,0,0,0,0,0,0,0,0,0,0,0,0,197.547,11131.7,8.22409,1.60392
Test,MI250X_two_gcd,256,16384,4194304,268435456,4096,387,1099.51,1073741824,0,0,0,0,0,0,0,0,0,0,0,0,1024,0,0,0,0,0,0,0,0,0,0,0,0,0,0,0,0,0,0,0,0,0,0,51.4903,21353.8,3.63721,0.362384
Test,MI250X_two_gcd,256,16384,4194304,268435456,4096,387,1099.51,1073741824,0,0,0,0,0,0,0,0,0,0,0,0,1024,0,0,0,0,0,0,0,0,0,0,0,0,0,0,0,0,0,0,0,0,0,0,51.6379,21292.7,11.672,1.16291
Test,MI250X_two_gcd,256,16384,4194304,134217728,4096,393,549.756,1073741824,0,0,0,0,0,0,0,0,0,0,0,0,0,512,0,0,0,0,0,0,0,0,0,0,0,0,0,0,0,0,0,0,0,0,0,50.7806,10826.1,3.23412,0.319754
Test,MI250X_two_gcd,256,16384,4194304,134217728,4096,393,549.756,1073741824,0,0,0,0,0,0,0,0,0,0,0,0,0,512,0,0,0,0,0,0,0,0,0,0,0,0,0,0,0,0,0,0,0,0,0,50.9367,10792.9,5.95111,0.58838
Test,MI250X_two_gcd,256,16384,4194304,1073741824,4096,49,8796.09,1073741824,0,0,0,0,0,0,0,0,0,0,0,0,0,0,8192,0,0,0,0,0,0,0,0,0,0,0,0,0,0,0,0,0,0,0,0,402.119,21874.3,3.6511,1.02231
Test,MI250X_two_gcd,256,16384,4194304,1073741824,4096,49,8796.09,1073741824,0,0,0,0,0,0,0,0,0,0,0,0,0,0,8192,0,0,0,0,0,0,0,0,0,0,0,0,0,0,0,0,0,0,0,0,403.483,21800.4,20.2536,5.67101
Test,MI250X_two_gcd,256,16384,4194304,536870912,4096,99,4398.05,1073741824,0,0,0,0,0,0,0,0,0,0,0,0,0,0,0,4096,0,0,0,0,0,0,0,0,0,0,0,0,0,0,0,0,0,0,0,201.428,21834.4,4.53424,0.893187
Test,MI250X_two_gcd,256,16384,4194304,536870912,4096,99,4398.05,1073741824,0,0,0,0,0,0,0,0,0,0,0,0,0,0,0,4096,0,0,0,0,0,0,0,0,0,0,0,0,0,0,0,0,0,0,0,202.165,21754.7,16.6446,3.27878
Test,MI250X_two_gcd,256,16384,4194304,268435456,4096,190,2199.02,1073741824,0,0,0,0,0,0,0,0,0,0,0,0,0,0,0,0,2048,0,0,0,0,0,0,0,0,0,0,0,0,0,0,0,0,0,0,105.127,20917.9,6.89209,0.980009
Test,MI250X_two_gcd,256,16384,4194304,268435456,4096,190,2199.02,1073741824,0,0,0,0,0,0,0,0,0,0,0,0,0,0,0,0,2048,0,0,0,0,0,0,0,0,0,0,0,0,0,0,0,0,0,0,105.431,20857.6,13.5287,1.92369
Test,MI250X_two_gcd,256,16384,4194304,134217728,4096,95,1099.51,1073741824,0,0,0,0,0,0,0,0,0,0,0,0,0,0,0,0,0,1024,0,0,0,0,0,0,0,0,0,0,0,0,0,0,0,0,0,210.317,5227.87,1.65875,0.333562
Test,MI250X_two_gcd,256,16384,4194304,134217728,4096,95,1099.51,1073741824,0,0,0,0,0,0,0,0,0,0,0,0,0,0,0,0,0,1024,0,0,0,0,0,0,0,0,0,0,0,0,0,0,0,0,0,210.831,5215.14,3.94245,0.792795
Test,MI250X_two_gcd,256,16384,4194304,536870912,4096,50,4398.05,1073741824,0,0,0,0,0,0,0,0,0,0,0,0,0,0,0,0,0,0,4096,0,0,0,0,0,0,0,0,0,0,0,0,0,0,0,0,397.323,11069.2,1.18791,0.329272
Test,MI250X_two_gcd,256,16384,4194304,536870912,4096,50,4398.05,1073741824,0,0,0,0,0,0,0,0,0,0,0,0,0,0,0,0,0,0,4096,0,0,0,0,0,0,0,0,0,0,0,0,0,0,0,0,398.649,11032.4,10.6714,2.95796
Test,MI250X_two_gcd,256,16384,4194304,268435456,4096,385,2199.02,1073741824,0,0,0,0,0,0,0,0,0,0,0,0,0,0,0,0,0,0,0,2048,0,0,0,0,0,0,0,0,0,0,0,0,0,0,0,51.8138,42440.9,10.2767,1.02655
Test,MI250X_two_gcd,256,16384,4194304,268435456,4096,385,2199.02,1073741824,0,0,0,0,0,0,0,0,0,0,0,0,0,0,0,0,0,0,0,2048,0,0,0,0,0,0,0,0,0,0,0,0,0,0,0,51.9584,42322.8,18.9141,1.88934
Test,MI250X_two_gcd,256,16384,4194304,134217728,4096,391,1099.51,1073741824,0,0,0,0,0,0,0,0,0,0,0,0,0,0,0,0,0,0,0,0,1024,0,0,0,0,0,0,0,0,0,0,0,0,0,0,50.9794,21567.8,4.6312,0.459052
Test,MI250X_two_gcd,256,16384,4194304,134217728,4096,391,1099.51,1073741824,0,0,0,0,0,0,0,0,0,0,0,0,0,0,0,0,0,0,0,0,1024,0,0,0,0,0,0,0,0,0,0,0,0,0,0,51.1262,21505.8,11.7964,1.16928
Test,MI250X_two_gcd,256,16384,4194304,1073741824,4096,10,4398.05,1073741824,0,0,0,0,0,0,0,0,0,0,0,0,0,0,0,0,0,0,0,0,0,0,0,0,0,0,0,0,4096,0,0,0,0,0,0,2182.15,2015.47,0.160729,0.0996209
Test,MI250X_two_gcd,256,16384,4194304,1073741824,4096,10,4398.05,1073741824,0,0,0,0,0,0,0,0,0,0,0,0,0,0,0,0,0,0,0,0,0,0,0,0,0,0,0,0,4096,0,0,0,0,0,0,2190.21,2008.06,3.75175,2.32536
Test,MI250X_two_gcd,256,16384,4194304,536870912,4096,18,2199.02,1073741824,0,0,0,0,0,0,0,0,0,0,0,0,0,0,0,0,0,0,0,0,0,0,0,0,0,0,0,0,0,2048,0,0,0,0,0,1091.15,2015.33,0.316285,0.146116
Test,MI250X_two_gcd,256,16384,4194304,536870912,4096,18,2199.02,1073741824,0,0,0,0,0,0,0,0,0,0,0,0,0,0,0,0,0,0,0,0,0,0,0,0,0,0,0,0,0,2048,0,0,0,0,0,1094.69,2008.81,2.98218,1.3777
Test,MI250X_two_gcd,256,16384,4194304,268435456,4096,36,1099.51,1073741824,0,0,0,0,0,0,0,0,0,0,0,0,0,0,0,0,0,0,0,0,0,0,0,0,0,0,0,0,0,0,1024,0,0,0,0,543.298,2023.77,0.325829,0.106438
Test,MI250X_two_gcd,256,16384,4194304,268435456,4096,36,1099.51,1073741824,0,0,0,0,0,0,0,0,0,0,0,0,0,0,0,0,0,0,0,0,0,0,0,0,0,0,0,0,0,0,1024,0,0,0,0,545.02,2017.38,2.17803,0.711488
Test,MI250X_two_gcd,256,16384,4194304,134217728,4096,13,549.756,1073741824,0,0,0,0,0,0,0,0,0,0,0,0,0,0,0,0,0,0,0,0,0,0,0,0,0,0,0,0,0,0,0,512,0,0,0,1533.46,358.508,0.0904272,0.0491568
Test,MI250X_two_gcd,256,16384,4194304,134217728,4096,13,549.756,1073741824,0,0,0,0,0,0,0,0,0,0,0,0,0,0,0,0,0,0,0,0,0,0,0,0,0,0,0,0,0,0,0,512,0,0,0,1539.15,357.181,0.55128,0.299679
Test,MI250X_two_gcd,256,16384,4194304,536870912,4096,18,2199.02,1073741824,0,0,0,0,0,0,0,0,0,0,0,0,0,0,0,0,0,0,0,0,0,0,0,0,0,0,0,0,0,0,0,0,2048,0,0,1084.06,2028.51,0.121718,0.0562308
Test,MI250X_two_gcd,256,16384,4194304,536870912,4096,18,2199.02,1073741824,0,0,0,0,0,0,0,0,0,0,0,0,0,0,0,0,0,0,0,0,0,0,0,0,0,0,0,0,0,0,0,0,2048,0,0,1088.1,2020.98,3.014,1.3924
Test,MI250X_two_gcd,256,16384,4194304,268435456,4096,45,1099.51,1073741824,0,0,0,0,0,0,0,0,0,0,0,0,0,0,0,0,0,0,0,0,0,0,0,0,0,0,0,0,0,0,0,0,0,1024,0,443.216,2480.76,0.378767,0.110668
Test,MI250X_two_gcd,256,16384,4194304,268435456,4096,45,1099.51,1073741824,0,0,0,0,0,0,0,0,0,0,0,0,0,0,0,0,0,0,0,0,0,0,0,0,0,0,0,0,0,0,0,0,0,1024,0,444.671,2472.64,2.53098,0.7395
Test,MI250X_two_gcd,256,16384,4194304,134217728,4096,90,549.756,1073741824,0,0,0,0,0,0,0,0,0,0,0,0,0,0,0,0,0,0,0,0,0,0,0,0,0,0,0,0,0,0,0,0,0,0,512,221.714,2479.58,0.397992,0.082226
Test,MI250X_two_gcd,256,16384,4194304,134217728,4096,90,549.756,1073741824,0,0,0,0,0,0,0,0,0,0,0,0,0,0,0,0,0,0,0,0,0,0,0,0,0,0,0,0,0,0,0,0,0,0,512,222.447,2471.4,1.96983,0.406972
Test,MI250X_two_gcd,256,16384,4194304,1073741824,8192,24,8796.09,1073741824,8192,0,0,0,0,0,0,0,0,0,0,0,0,0,0,0,0,0,0,0,0,0,0,0,0,0,0,0,0,0,0,0,0,0,0,804.124,10938.7,7.72034,3.08878
Test,MI250X_two_gcd,256,16384,4194304,1073741824,8192,24,8796.09,1073741824,8192,0,0,0,0,0,0,0,0,0,0,0,0,0,0,0,0,0,0,0,0,0,0,0,0,0,0,0,0,0,0,0,0,0,0,806.727,10903.5,14.555,5.82323
Test,MI250X_two_gcd,256,16384,4194304,536870912,8192,49,4398.05,1073741824,0,4096,0,0,0,0,0,0,0,0,0,0,0,0,0,0,0,0,0,0,0,0,0,0,0,0,0,0,0,0,0,0,0,0,0,401.37,10957.6,21.6233,6.05452
Test,MI250X_two_gcd,256,16384,4194304,536870912,8192,49,4398.05,1073741824,0,4096,0,0,0,0,0,0,0,0,0,0,0,0,0,0,0,0,0,0,0,0,0,0,0,0,0,0,0,0,0,0,0,0,0,402.604,10924,20.3887,5.70884
Test,MI250X_two_gcd,256,16384,4194304,268435456,8192,97,2199.02,1073741824,0,0,2048,0,0,0,0,0,0,0,0,0,0,0,0,0,0,0,0,0,0,0,0,0,0,0,0,0,0,0,0,0,0,0,0,201.75,10901,114.805,22.8471
Test,MI250X_two_gcd,256,16384,4194304,268435456,8192,97,2199.02,1073741824,0,0,2048,0,0,0,0,0,0,0,0,0,0,0,0,0,0,0,0,0,0,0,0,0,0,0,0,0,0,0,0,0,0,0,0,202.269,10872.9,110.513,21.993
Test,MI250X_two_gcd,256,16384,4194304,134217728,8192,97,1099.51,1073741824,0,0,0,1024,0,0,0,0,0,0,0,0,0,0,0,0,0,0,0,0,0,0,0,0,0,0,0,0,0,0,0,0,0,0,0,204.627,5373.35,23.5405,4.68475
Test,MI250X_two_gcd,256,16384,4194304,134217728,8192,97,1099.51,1073741824,0,0,0,1024,0,0,0,0,0,0,0,0,0,0,0,0,0,0,0,0,0,0,0,0,0,0,0,0,0,0,0,0,0,0,0,205.123,5360.36,22.923,4.56185
Test,MI250X_two_gcd,256,16384,4194304,536870912,8192,51,4398.05,1073741824,0,0,0,0,4096,0,0,0,0,0,0,0,0,0,0,0,0,0,0,0,0,0,0,0,0,0,0,0,0,0,0,0,0,0,0,392.036,11218.5,1.42886,0.392159
Test,MI250X_two_gcd,256,16384,4194304,536870912,8192,51,4398.05,1073741824,0,0,0,0,4096,0,0,0,0,0,0,0,0,0,0,0,0,0,0,0,0,0,0,0,0,0,0,0,0,0,0,0,0,0,0,393.221,11184.7,10.3998,2.85429
Test,MI250X_two_gcd,256,16384,4194304,268435456,8192,193,2199.02,1073741824,0,0,0,0,0,2048,0,0,0,0,0,0,0,0,0,0,0,0,0,0,0,0,0,0,0,0,0,0,0,0,0,0,0,0,0,102.726,21406.7,19.2779,2.7198
Test,MI250X_two_gcd,256,16384,4194304,268435456,8192,193,2199.02,1073741824,0,0,0,0,0,2048,0,0,0,0,0,0,0,0,0,0,0,0,0,0,0,0,0,0,0,0,0,0,0,0,0,0,0,0,0,103.007,21348.4,21.2133,2.99285
Test,MI250X_two_gcd,256,16384,4194304,134217728,8192,191,1099.51,1073741824,0,0,0,0,0,0,1024,0,0,0,0,0,0,0,0,0,0,0,0,0,0,0,0,0,0,0,0,0,0,0,0,0,0,0,0,103.903,10582.2,34.4609,4.88726
Test,MI250X_two_gcd,256,16384,4194304,134217728,8192,191,1099.51,1073741824,0,0,0,0,0,0,1024,0,0,0,0,0,0,0,0,0,0,0,0,0,0,0,0,0,0,0,0,0,0,0,0,0,0,0,0,104.199,10552.1,33.6476,4.77193
Test,MI250X_two_gcd,256,16384,4194304,1073741824,8192,25,8796.09,1073741824,0,0,0,0,0,0,0,8192,0,0,0,0,0,0,0,0,0,0,0,0,0,0,0,0,0,0,0,0,0,0,0,0,0,0,0,792.113,11104.6,1.48265,0.581198
Test,MI250X_two_gcd,256,16384,4194304,1073741824,8192,25,8796.09,1073741824,0,0,0,0,0,0,0,8192,0,0,0,0,0,0,0,0,0,0,0,0,0,0,0,0,0,0,0,0,0,0,0,0,0,0,0,795.062,11063.4,13.8429,5.42643
Test,MI250X_two_gcd,256,16384,4194304,536870912,8192,50,4398.05,1073741824,0,0,0,0,0,0,0,0,4096,0,0,0,0,0,0,0,0,0,0,0,0,0,0,0,0,0,0,0,0,0,0,0,0,0,0,396.107,11103.2,2.07686,0.575675
Test,MI250X_two_gcd,256,16384,4194304,536870912,8192,50,4398.05,1073741824,0,0,0,0,0,0,0,0,4096,0,0,0,0,0,0,0,0,0,0,0,0,0,0,0,0,0,0,0,0,0,0,0,0,0,0,397.5,11064.3,10.4489,2.89629
Test,MI250X_two_gcd,256,16384,4194304,268435456,8192,100,2199.02,1073741824,0,0,0,0,0,0,0,0,0,2048,0,0,0,0,0,0,0,0,0,0,0,0,0,0,0,0,0,0,0,0,0,0,0,0,0,199.012,11049.7,2.18315,0.427897
Test,MI250X_two_gcd,256,16384,4194304,268435456,8192,100,2199.02,1073741824,0,0,0,0,0,0,0,0,0,2048,0,0,0,0,0,0,0,0,0,0,0,0,0,0,0,0,0,0,0,0,0,0,0,0,0,199.686,11012.4,8.02285,1.57248
Test,MI250X_two_gcd,256,16384,4194304,134217728,8192,49,1099.51,1073741824,0,0,0,0,0,0,0,0,0,0,1024,0,0,0,0,0,0,0,0,0,0,0,0,0,0,0,0,0,0,0,0,0,0,0,0,402.073,2734.61,0.328688,0.0920327
Test,MI250X_two_gcd,256,16384,4194304,134217728,8192,49,1099.51,1073741824,0,0,0,0,0,0,0,0,0,0,1024,0,0,0,0,0,0,0,0,0,0,0,0,0,0,0,0,0,0,0,0,0,0,0,0,403.535,2724.7,2.62831,0.735926
Test,MI250X_two_gcd,256,16384,4194304,536870912,8192,50,4398.05,1073741824,0,0,0,0,0,0,0,0,0,0,0,4096,0,0,0,0,0,0,0,0,0,0,0,0,0,0,0,0,0,0,0,0,0,0,0,393.431,11178.7,1.2108,0.335617
Test,MI250X_two_gcd,256,16384,4194304,536870912,8192,50,4398.05,1073741824,0,0,0,0,0,0,0,0,0,0,0,4096,0,0,0,0,0,0,0,0,0,0,0,0,0,0,0,0,0,0,0,0,0,0,0,394.829,11139.1,10.7005,2.96602
Test,MI250X_two_gcd,256,16384,4194304,268435456,8192,194,2199.02,1073741824,0,0,0,0,0,0,0,0,0,0,0,0,2048,0,0,0,0,0,0,0,0,0,0,0,0,0,0,0,0,0,0,0,0,0,0,102.916,21367.2,5.51943,0.776693
Test,MI250X_two_gcd,256,16384,4194304,268435456,8192,194,2199.02,1073741824,0,0,0,0,0,0,0,0,0,0,0,0,2048,0,0,0,0,0,0,0,0,0,0,0,0,0,0,0,0,0,0,0,0,0,0,103.235,21301.1,14.1251,1.98769
Test,MI250X_two_gcd,256,16384,4194304,134217728,8192,192,1099.51,1073741824,0,0,0,0,0,0,0,0,0,0,0,0,0,1024,0,0,0,0,0,0,0,0,0,0,0,0,0,0,0,0,0,0,0,0,0,103.726,10600.1,2.46657,0.348898
Test,MI250X_two_gcd,256,16384,4194304,134217728,8192,192,1099.51,1073741824,0,0,0,0,0,0,0,0,0,0,0,0,0,1024,0,0,0,0,0,0,0,0,0,0,0,0,0,0,0,0,0,0,0,0,0,104.052,10566.9,6.80268,0.962245
Test,MI250X_two_gcd,256,16384,4194304,1073741824,8192,24,17592.2,1073741824,0,0,0,0,0,0,0,0,0,0,0,0,0,0,16384,0,0,0,0,0,0,0,0,0,0,0,0,0,0,0,0,0,0,0,0,803.256,21901.1,2.79214,1.11709
Test,MI250X_two_gcd,256,16384,4194304,1073741824,8192,24,17592.2,1073741824,0,0,0,0,0,0,0,0,0,0,0,0,0,0,16384,0,0,0,0,0,0,0,0,0,0,0,0,0,0,0,0,0,0,0,0,806.223,21820.5,27.9524,11.1833
Test,MI250X_two_gcd,256,16384,4194304,536870912,8192,49,8796.09,1073741824,0,0,0,0,0,0,0,0,0,0,0,0,0,0,0,8192,0,0,0,0,0,0,0,0,0,0,0,0,0,0,0,0,0,0,0,402.438,21857,2.31598,0.648475
Test,MI250X_two_gcd,256,16384,4194304,536870912,8192,49,8796.09,1073741824,0,0,0,0,0,0,0,0,0,0,0,0,0,0,0,8192,0,0,0,0,0,0,0,0,0,0,0,0,0,0,0,0,0,0,0,403.903,21777.7,20.5096,5.7427
Test,MI250X_two_gcd,256,16384,4194304,268435456,8192,95,4398.05,1073741824,0,0,0,0,0,0,0,0,0,0,0,0,0,0,0,0,4096,0,0,0,0,0,0,0,0,0,0,0,0,0,0,0,0,0,0,210.009,20942.2,5.45655,1.09727
Test,MI250X_two_gcd,256,16384,4194304,268435456,8192,95,4398.05,1073741824,0,0,0,0,0,0,0,0,0,0,0,0,0,0,0,0,4096,0,0,0,0,0,0,0,0,0,0,0,0,0,0,0,0,0,0,210.644,20879,15.5024,3.11741
Test,MI250X_two_gcd,256,16384,4194304,134217728,8192,47,2199.02,1073741824,0,0,0,0,0,0,0,0,0,0,0,0,0,0,0,0,0,2048,0,0,0,0,0,0,0,0,0,0,0,0,0,0,0,0,0,420.336,5231.58,1.67233,0.478111
Test,MI250X_two_gcd,256,16384,4194304,134217728,8192,47,2199.02,1073741824,0,0,0,0,0,0,0,0,0,0,0,0,0,0,0,0,0,2048,0,0,0,0,0,0,0,0,0,0,0,0,0,0,0,0,0,421.529,5216.79,4.83118,1.38121
Test,MI250X_two_gcd,256,16384,4194304,536870912,8192,25,8796.09,1073741824,0,0,0,0,0,0,0,0,0,0,0,0,0,0,0,0,0,0,8192,0,0,0,0,0,0,0,0,0,0,0,0,0,0,0,0,794.119,11076.5,1.37352,0.538421
Test,MI250X_two_gcd,256,16384,4194304,536870912,8192,25,8796.09,1073741824,0,0,0,0,0,0,0,0,0,0,0,0,0,0,0,0,0,0,8192,0,0,0,0,0,0,0,0,0,0,0,0,0,0,0,0,796.931,11037.5,13.9094,5.4525
Test,MI250X_two_gcd,256,16384,4194304,268435456,8192,193,4398.05,1073741824,0,0,0,0,0,0,0,0,0,0,0,0,0,0,0,0,0,0,0,4096,0,0,0,0,0,0,0,0,0,0,0,0,0,0,0,103.413,42529.1,5.87009,0.828175
Test,MI250X_two_gcd,256,16384,4194304,268435456,8192,193,4398.05,1073741824,0,0,0,0,0,0,0,0,0,0,0,0,0,0,0,0,0,0,0,4096,0,0,0,0,0,0,0,0,0,0,0,0,0,0,0,103.72,42403.2,27.6548,3.90164
Test,MI250X_two_gcd,256,16384,4194304,134217728,8192,191,2199.02,1073741824,0,0,0,0,0,0,0,0,0,0,0,0,0,0,0,0,0,0,0,0,2048,0,0,0,0,0,0,0,0,0,0,0,0,0,0,104.053,21133.7,3.20999,0.455243
Test,MI250X_two_gcd,256,16384,4194304,134217728,8192,191,2199.02,1073741824,0,0,0,0,0,0,0,0,0,0,0,0,0,0,0,0,0,0,0,0,2048,0,0,0,0,0,0,0,0,0,0,0,0,0,0,104.348,21074,13.1417,1.86377
Test,MI250X_two_gcd,256,16384,4194304,1073741824,8192,10,8796.09,1073741824,0,0,0,0,0,0,0,0,0,0,0,0,0,0,0,0,0,0,0,0,0,0,0,0,0,0,0,0,8192,0,0,0,0,0,0,4361.1,2016.94,0.273883,0.169755
Test,MI250X_two_gcd,256,16384,4194304,1073741824,8192,10,8796.09,1073741824,0,0,0,0,0,0,0,0,0,0,0,0,0,0,0,0,0,0,0,0,0,0,0,0,0,0,0,0,8192,0,0,0,0,0,0,4378.88,2008.76,3.66398,2.27096
Test,MI250X_two_gcd,256,16384,4194304,536870912,8192,10,4398.05,1073741824,0,0,0,0,0,0,0,0,0,0,0,0,0,0,0,0,0,0,0,0,0,0,0,0,0,0,0,0,0,4096,0,0,0,0,0,2180.41,2017.07,0.116145,0.0719877
Test,MI250X_two_gcd,256,16384,4194304,536870912,8192,10,4398.05,1073741824,0,0,0,0,0,0,0,0,0,0,0,0,0,0,0,0,0,0,0,0,0,0,0,0,0,0,0,0,0,4096,0,0,0,0,0,2189.11,2009.06,3.73817,2.31694
Test,MI250X_two_gcd,256,16384,4194304,268435456,8192,18,2199.02,1073741824,0,0,0,0,0,0,0,0,0,0,0,0,0,0,0,0,0,0,0,0,0,0,0,0,0,0,0,0,0,0,2048,0,0,0,0,1086.03,2024.82,0.270981,0.125187
Test,MI250X_two_gcd,256,16384,4194304,268435456,8192,18,2199.02,1073741824,0,0,0,0,0,0,0,0,0,0,0,0,0,0,0,0,0,0,0,0,0,0,0,0,0,0,0,0,0,0,2048,0,0,0,0,1089.97,2017.5,2.93575,1.35625
Test,MI250X_two_gcd,256,16384,4194304,134217728,8192,10,1099.51,1073741824,0,0,0,0,0,0,0,0,0,0,0,0,0,0,0,0,0,0,0,0,0,0,0,0,0,0,0,0,0,0,0,1024,0,0,0,3065.59,358.662,0.0369796,0.0229202
Test,MI250X_two_gcd,256,16384,4194304,134217728,8192,10,1099.51,1073741824,0,0,0,0,0,0,0,0,0,0,0,0,0,0,0,0,0,0,0,0,0,0,0,0,0,0,0,0,0,0,0,1024,0,0,0,3078.36,357.176,0.637464,0.395104
Test,MI250X_two_gcd,256,16384,4194304,536870912,8192,10,4398.05,1073741824,0,0,0,0,0,0,0,0,0,0,0,0,0,0,0,0,0,0,0,0,0,0,0,0,0,0,0,0,0,0,0,0,4096,0,0,2167.13,2029.44,0.132605,0.0821895
Test,MI250X_two_gcd,256,16384,4194304,536870912,8192,10,4398.05,1073741824,0,0,0,0,0,0,0,0,0,0,0,0,0,0,0,0,0,0,0,0,0,0,0,0,0,0,0,0,0,0,0,0,4096,0,0,2176.08,2021.1,3.83343,2.37599
Test,MI250X_two_gcd,256,16384,4194304,268435456,8192,22,2199.02,1073741824,0,0,0,0,0,0,0,0,0,0,0,0,0,0,0,0,0,0,0,0,0,0,0,0,0,0,0,0,0,0,0,0,0,2048,0,886.373,2480.92,0.299644,0.125213
Test,MI250X_two_gcd,256,16384,4194304,268435456,8192,22,2199.02,1073741824,0,0,0,0,0,0,0,0,0,0,0,0,0,0,0,0,0,0,0,0,0,0,0,0,0,0,0,0,0,0,0,0,0,2048,0,889.601,2471.93,3.26311,1.36357
Test,MI250X_two_gcd,256,16384,4194304,134217728,8192,45,1099.51,1073741824,0,0,0,0,0,0,0,0,0,0,0,0,0,0,0,0,0,0,0,0,0,0,0,0,0,0,0,0,0,0,0,0,0,0,1024,443.25,2480.57,0.30651,0.089556
Test,MI250X_two_gcd,256,16384,4194304,134217728,8192,45,1099.51,1073741824,0,0,0,0,0,0,0,0,0,0,0,0,0,0,0,0,0,0,0,0,0,0,0,0,0,0,0,0,0,0,0,0,0,0,1024,444.688,2472.55,2.45479,0.71724
Test,MI250X_two_gcd,256,16384,4194304,1073741824,16384,12,17592.2,1073741824,16384,0,0,0,0,0,0,0,0,0,0,0,0,0,0,0,0,0,0,0,0,0,0,0,0,0,0,0,0,0,0,0,0,0,0,1586.91,11086.3,68.217,38.5974
Test,MI250X_two_gcd,256,16384,4194304,1073741824,16384,12,17592.2,1073741824,16384,0,0,0,0,0,0,0,0,0,0,0,0,0,0,0,0,0,0,0,0,0,0,0,0,0,0,0,0,0,0,0,0,0,0,1592.76,11045.5,66.4428,37.5935
Test,MI250X_two_gcd,256,16384,4194304,536870912,16384,25,8796.09,1073741824,0,8192,0,0,0,0,0,0,0,0,0,0,0,0,0,0,0,0,0,0,0,0,0,0,0,0,0,0,0,0,0,0,0,0,0,794.088,11077.2,46.8506,18.3654
Test,MI250X_two_gcd,256,16384,4194304,536870912,16384,25,8796.09,1073741824,0,8192,0,0,0,0,0,0,0,0,0,0,0,0,0,0,0,0,0,0,0,0,0,0,0,0,0,0,0,0,0,0,0,0,0,797.057,11035.9,46.6947,18.3043
Test,MI250X_two_gcd,256,16384,4194304,268435456,16384,49,4398.05,1073741824,0,0,4096,0,0,0,0,0,0,0,0,0,0,0,0,0,0,0,0,0,0,0,0,0,0,0,0,0,0,0,0,0,0,0,0,404.888,10862.6,50.3288,14.0921
Test,MI250X_two_gcd,256,16384,4194304,268435456,16384,49,4398.05,1073741824,0,0,4096,0,0,0,0,0,0,0,0,0,0,0,0,0,0,0,0,0,0,0,0,0,0,0,0,0,0,0,0,0,0,0,0,406.198,10827.6,52.722,14.7622
Test,MI250X_two_gcd,256,16384,4194304,134217728,16384,48,2199.02,1073741824,0,0,0,2048,0,0,0,0,0,0,0,0,0,0,0,0,0,0,0,0,0,0,0,0,0,0,0,0,0,0,0,0,0,0,0,410.818,5352.79,2.21097,0.625487
Test,MI250X_two_gcd,256,16384,4194304,134217728,16384,48,2199.02,1073741824,0,0,0,2048,0,0,0,0,0,0,0,0,0,0,0,0,0,0,0,0,0,0,0,0,0,0,0,0,0,0,0,0,0,0,0,412.039,5336.93,5.78492,1.63656
Test,MI250X_two_gcd,256,16384,4194304,536870912,16384,25,8796.09,1073741824,0,0,0,0,8192,0,0,0,0,0,0,0,0,0,0,0,0,0,0,0,0,0,0,0,0,0,0,0,0,0,0,0,0,0,0,782.802,11236.7,2.38985,0.936821
Test,MI250X_two_gcd,256,16384,4194304,536870912,16384,25,8796.09,1073741824,0,0,0,0,8192,0,0,0,0,0,0,0,0,0,0,0,0,0,0,0,0,0,0,0,0,0,0,0,0,0,0,0,0,0,0,785.875,11192.8,14.251,5.5864
Test,MI250X_two_gcd,256,16384,4194304,268435456,16384,96,4398.05,1073741824,0,0,0,0,0,4096,0,0,0,0,0,0,0,0,0,0,0,0,0,0,0,0,0,0,0,0,0,0,0,0,0,0,0,0,0,205.285,21424.1,38.0514,7.61187
Test,MI250X_two_gcd,256,16384,4194304,268435456,16384,96,4398.05,1073741824,0,0,0,0,0,4096,0,0,0,0,0,0,0,0,0,0,0,0,0,0,0,0,0,0,0,0,0,0,0,0,0,0,0,0,0,205.98,21351.9,38.1782,7.63723
Test,MI250X_two_gcd,256,16384,4194304,134217728,16384,95,2199.02,1073741824,0,0,0,0,0,0,2048,0,0,0,0,0,0,0,0,0,0,0,0,0,0,0,0,0,0,0,0,0,0,0,0,0,0,0,0,208.008,10571.9,27.2702,5.48381
Test,MI250X_two_gcd,256,16384,4194304,134217728,16384,95,2199.02,1073741824,0,0,0,0,0,0,2048,0,0,0,0,0,0,0,0,0,0,0,0,0,0,0,0,0,0,0,0,0,0,0,0,0,0,0,0,208.666,10538.5,26.7523,5.37967
Test,MI250X_two_gcd,256,16384,4194304,1073741824,16384,12,17592.2,1073741824,0,0,0,0,0,0,0,16384,0,0,0,0,0,0,0,0,0,0,0,0,0,0,0,0,0,0,0,0,0,0,0,0,0,0,0,1582.18,11119,0.763058,0.431741
Test,MI250X_two_gcd,256,16384,4194304,1073741824,16384,12,17592.2,1073741824,0,0,0,0,0,0,0,16384,0,0,0,0,0,0,0,0,0,0,0,0,0,0,0,0,0,0,0,0,0,0,0,0,0,0,0,1589.11,11070.5,19.4441,11.0016
Test,MI250X_two_gcd,256,16384,4194304,536870912,16384,25,8796.09,1073741824,0,0,0,0,0,0,0,0,8192,0,0,0,0,0,0,0,0,0,0,0,0,0,0,0,0,0,0,0,0,0,0,0,0,0,0,790.929,11121.2,0.829173,0.325036
Test,MI250X_two_gcd,256,16384,4194304,536870912,16384,25,8796.09,1073741824,0,0,0,0,0,0,0,0,8192,0,0,0,0,0,0,0,0,0,0,0,0,0,0,0,0,0,0,0,0,0,0,0,0,0,0,794.268,11074.5,14.082,5.52016
Test,MI250X_two_gcd,256,16384,4194304,268435456,16384,50,4398.05,1073741824,0,0,0,0,0,0,0,0,0,4096,0,0,0,0,0,0,0,0,0,0,0,0,0,0,0,0,0,0,0,0,0,0,0,0,0,397.353,11068.4,1.61109,0.446571
Test,MI250X_two_gcd,256,16384,4194304,268435456,16384,50,4398.05,1073741824,0,0,0,0,0,0,0,0,0,4096,0,0,0,0,0,0,0,0,0,0,0,0,0,0,0,0,0,0,0,0,0,0,0,0,0,398.912,11025.1,10.2192,2.83262
Test,MI250X_two_gcd,256,16384,4194304,134217728,16384,24,2199.02,1073741824,0,0,0,0,0,0,0,0,0,0,2048,0,0,0,0,0,0,0,0,0,0,0,0,0,0,0,0,0,0,0,0,0,0,0,0,804.368,2733.85,0.441795,0.176755
Test,MI250X_two_gcd,256,16384,4194304,134217728,16384,24,2199.02,1073741824,0,0,0,0,0,0,0,0,0,0,2048,0,0,0,0,0,0,0,0,0,0,0,0,0,0,0,0,0,0,0,0,0,0,0,0,807.459,2723.39,3.41939,1.36804
Test,MI250X_two_gcd,256,16384,4194304,536870912,16384,25,8796.09,1073741824,0,0,0,0,0,0,0,0,0,0,0,8192,0,0,0,0,0,0,0,0,0,0,0,0,0,0,0,0,0,0,0,0,0,0,0,786.107,11189.4,1.17834,0.461909
Test,MI250X_two_gcd,256,16384,4194304,536870912,16384,25,8796.09,1073741824,0,0,0,0,0,0,0,0,0,0,0,8192,0,0,0,0,0,0,0,0,0,0,0,0,0,0,0,0,0,0,0,0,0,0,0,789.221,11145.3,14.3464,5.62378
Test,MI250X_two_gcd,256,16384,4194304,268435456,16384,97,4398.05,1073741824,0,0,0,0,0,0,0,0,0,0,0,0,4096,0,0,0,0,0,0,0,0,0,0,0,0,0,0,0,0,0,0,0,0,0,0,205.65,21386,4.52437,0.900385
Test,MI250X_two_gcd,256,16384,4194304,268435456,16384,97,4398.05,1073741824,0,0,0,0,0,0,0,0,0,0,0,0,4096,0,0,0,0,0,0,0,0,0,0,0,0,0,0,0,0,0,0,0,0,0,0,206.365,21311.9,16.2691,3.23767
Test,MI250X_two_gcd,256,16384,4194304,134217728,16384,96,2199.02,1073741824,0,0,0,0,0,0,0,0,0,0,0,0,0,2048,0,0,0,0,0,0,0,0,0,0,0,0,0,0,0,0,0,0,0,0,0,207.243,10610.9,1.38935,0.277927
Test,MI250X_two_gcd,256,16384,4194304,134217728,16384,96,2199.02,1073741824,0,0,0,0,0,0,0,0,0,0,0,0,0,2048,0,0,0,0,0,0,0,0,0,0,0,0,0,0,0,0,0,0,0,0,0,207.927,10575.9,7.81464,1.56325
Test,MI250X_two_gcd,256,16384,4194304,1073741824,16384,12,35184.4,1073741824,0,0,0,0,0,0,0,0,0,0,0,0,0,0,32768,0,0,0,0,0,0,0,0,0,0,0,0,0,0,0,0,0,0,0,0,1605.07,21920.8,1.75516,0.993076
Test,MI250X_two_gcd,256,16384,4194304,1073741824,16384,12,35184.4,1073741824,0,0,0,0,0,0,0,0,0,0,0,0,0,0,32768,0,0,0,0,0,0,0,0,0,0,0,0,0,0,0,0,0,0,0,0,1611.94,21827.5,37.8307,21.4047
Test,MI250X_two_gcd,256,16384,4194304,536870912,16384,24,17592.2,1073741824,0,0,0,0,0,0,0,0,0,0,0,0,0,0,0,16384,0,0,0,0,0,0,0,0,0,0,0,0,0,0,0,0,0,0,0,804.183,21875.9,2.51628,1.00672
Test,MI250X_two_gcd,256,16384,4194304,536870912,16384,24,17592.2,1073741824,0,0,0,0,0,0,0,0,0,0,0,0,0,0,0,16384,0,0,0,0,0,0,0,0,0,0,0,0,0,0,0,0,0,0,0,807.513,21785.7,28.0183,11.2097
Test,MI250X_two_gcd,256,16384,4194304,268435456,16384,47,8796.09,1073741824,0,0,0,0,0,0,0,0,0,0,0,0,0,0,0,0,8192,0,0,0,0,0,0,0,0,0,0,0,0,0,0,0,0,0,0,419.796,20953.2,5.24792,1.50035
Test,MI250X_two_gcd,256,16384,4194304,268435456,16384,47,8796.09,1073741824,0,0,0,0,0,0,0,0,0,0,0,0,0,0,0,0,8192,0,0,0,0,0,0,0,0,0,0,0,0,0,0,0,0,0,0,421.12,20887.4,18.9839,5.42742
Test,MI250X_two_gcd,256,16384,4194304,134217728,16384,23,4398.05,1073741824,0,0,0,0,0,0,0,0,0,0,0,0,0,0,0,0,0,4096,0,0,0,0,0,0,0,0,0,0,0,0,0,0,0,0,0,840.267,5234.11,1.60764,0.657025
Test,MI250X_two_gcd,256,16384,4194304,134217728,16384,23,4398.05,1073741824,0,0,0,0,0,0,0,0,0,0,0,0,0,0,0,0,0,4096,0,0,0,0,0,0,0,0,0,0,0,0,0,0,0,0,0,842.736,5218.78,6.32442,2.58472
Test,MI250X_two_gcd,256,16384,4194304,536870912,16384,12,17592.2,1073741824,0,0,0,0,0,0,0,0,0,0,0,0,0,0,0,0,0,0,16384,0,0,0,0,0,0,0,0,0,0,0,0,0,0,0,0,1587.91,11078.8,1.24039,0.701815
Test,MI250X_two_gcd,256,16384,4194304,536870912,16384,12,17592.2,1073741824,0,0,0,0,0,0,0,0,0,0,0,0,0,0,0,0,0,0,16384,0,0,0,0,0,0,0,0,0,0,0,0,0,0,0,0,1594.45,11033.4,18.7879,10.6303
Test,MI250X_two_gcd,256,16384,4194304,268435456,16384,96,8796.09,1073741824,0,0,0,0,0,0,0,0,0,0,0,0,0,0,0,0,0,0,0,8192,0,0,0,0,0,0,0,0,0,0,0,0,0,0,0,206.699,42555.1,4.82672,0.965545
Test,MI250X_two_gcd,256,16384,4194304,268435456,16384,96,8796.09,1073741824,0,0,0,0,0,0,0,0,0,0,0,0,0,0,0,0,0,0,0,8192,0,0,0,0,0,0,0,0,0,0,0,0,0,0,0,207.325,42426.7,32.7504,6.55144
Test,MI250X_two_gcd,256,16384,4194304,134217728,16384,95,4398.05,1073741824,0,0,0,0,0,0,0,0,0,0,0,0,0,0,0,0,0,0,0,0,4096,0,0,0,0,0,0,0,0,0,0,0,0,0,0,208.127,21131.6,3.96357,0.79704
Test,MI250X_two_gcd,256,16384,4194304,134217728,16384,95,4398.05,1073741824,0,0,0,0,0,0,0,0,0,0,0,0,0,0,0,0,0,0,0,0,4096,0,0,0,0,0,0,0,0,0,0,0,0,0,0,208.785,21064.9,15.3344,3.08362
Test,MI250X_two_gcd,256,16384,4194304,1073741824,16384,10,17592.2,1073741824,0,0,0,0,0,0,0,0,0,0,0,0,0,0,0,0,0,0,0,0,0,0,0,0,0,0,0,0,16384,0,0,0,0,0,0,8723.2,2016.71,0.201467,0.12487
Test,MI250X_two_gcd,256,16384,4194304,1073741824,16384,10,17592.2,1073741824,0,0,0,0,0,0,0,0,0,0,0,0,0,0,0,0,0,0,0,0,0,0,0,0,0,0,0,0,16384,0,0,0,0,0,0,8759.55,2008.35,3.60135,2.23214
Test,MI250X_two_gcd,256,16384,4194304,536870912,16384,10,8796.09,1073741824,0,0,0,0,0,0,0,0,0,0,0,0,0,0,0,0,0,0,0,0,0,0,0,0,0,0,0,0,0,8192,0,0,0,0,0,4358.19,2018.29,0.106413,0.0659553
Test,MI250X_two_gcd,256,16384,4194304,536870912,16384,10,8796.09,1073741824,0,0,0,0,0,0,0,0,0,0,0,0,0,0,0,0,0,0,0,0,0,0,0,0,0,0,0,0,0,8192,0,0,0,0,0,4376.62,2009.8,3.62991,2.24984
Test,MI250X_two_gcd,256,16384,4194304,268435456,16384,10,4398.05,1073741824,0,0,0,0,0,0,0,0,0,0,0,0,0,0,0,0,0,0,0,0,0,0,0,0,0,0,0,0,0,0,4096,0,0,0,0,2169.43,2027.29,0.148476,0.0920265
Test,MI250X_two_gcd,256,16384,4194304,268435456,16384,10,4398.05,1073741824,0,0,0,0,0,0,0,0,0,0,0,0,0,0,0,0,0,0,0,0,0,0,0,0,0,0,0,0,0,0,4096,0,0,0,0,2178.66,2018.7,3.75934,2.33006
Test,MI250X_two_gcd,256,16384,4194304,134217728,16384,10,2199.02,1073741824,0,0,0,0,0,0,0,0,0,0,0,0,0,0,0,0,0,0,0,0,0,0,0,0,0,0,0,0,0,0,0,2048,0,0,0,6128.67,358.809,0.0450817,0.0279419
Test,MI250X_two_gcd,256,16384,4194304,134217728,16384,10,2199.02,1073741824,0,0,0,0,0,0,0,0,0,0,0,0,0,0,0,0,0,0,0,0,0,0,0,0,0,0,0,0,0,0,0,2048,0,0,0,6154.44,357.308,0.641267,0.397461
Test,MI250X_two_gcd,256,16384,4194304,536870912,16384,10,8796.09,1073741824,0,0,0,0,0,0,0,0,0,0,0,0,0,0,0,0,0,0,0,0,0,0,0,0,0,0,0,0,0,0,0,0,8192,0,0,4340.21,2026.65,0.169685,0.105172
Test,MI250X_two_gcd,256,16384,4194304,536870912,16384,10,8796.09,1073741824,0,0,0,0,0,0,0,0,0,0,0,0,0,0,0,0,0,0,0,0,0,0,0,0,0,0,0,0,0,0,0,0,8192,0,0,4358.92,2017.96,3.67161,2.27569
Test,MI250X_two_gcd,256,16384,4194304,268435456,16384,11,4398.05,1073741824,0,0,0,0,0,0,0,0,0,0,0,0,0,0,0,0,0,0,0,0,0,0,0,0,0,0,0,0,0,0,0,0,0,4096,0,1772.34,2481.49,0.292393,0.172793
Test,MI250X_two_gcd,256,16384,4194304,268435456,16384,11,4398.05,1073741824,0,0,0,0,0,0,0,0,0,0,0,0,0,0,0,0,0,0,0,0,0,0,0,0,0,0,0,0,0,0,0,0,0,4096,0,1779.45,2471.58,4.49458,2.65613
Test,MI250X_two_gcd,256,16384,4194304,134217728,16384,22,2199.02,1073741824,0,0,0,0,0,0,0,0,0,0,0,0,0,0,0,0,0,0,0,0,0,0,0,0,0,0,0,0,0,0,0,0,0,0,2048,886.629,2480.21,0.285572,0.119333
Test,MI250X_two_gcd,256,16384,4194304,134217728,16384,22,2199.02,1073741824,0,0,0,0,0,0,0,0,0,0,0,0,0,0,0,0,0,0,0,0,0,0,0,0,0,0,0,0,0,0,0,0,0,0,2048,889.764,2471.47,3.3606,1.4043
Test,MI250X_two_gcd,256,16384,4194304,1073741824,32768,10,35184.4,1073741824,32768,0,0,0,0,0,0,0,0,0,0,0,0,0,0,0,0,0,0,0,0,0,0,0,0,0,0,0,0,0,0,0,0,0,0,3213.33,10949.5,5.06989,3.14235
Test,MI250X_two_gcd,256,16384,4194304,1073741824,32768,10,35184.4,1073741824,32768,0,0,0,0,0,0,0,0,0,0,0,0,0,0,0,0,0,0,0,0,0,0,0,0,0,0,0,0,0,0,0,0,0,0,3225.65,10907.7,18.3081,11.3475
Test,MI250X_two_gcd,256,16384,4194304,536870912,32768,12,17592.2,1073741824,0,16384,0,0,0,0,0,0,0,0,0,0,0,0,0,0,0,0,0,0,0,0,0,0,0,0,0,0,0,0,0,0,0,0,0,1607.09,10946.6,6.50987,3.68331
Test,MI250X_two_gcd,256,16384,4194304,536870912,32768,12,17592.2,1073741824,0,16384,0,0,0,0,0,0,0,0,0,0,0,0,0,0,0,0,0,0,0,0,0,0,0,0,0,0,0,0,0,0,0,0,0,1613.07,10906,16.8858,9.55402
Test,MI250X_two_gcd,256,16384,4194304,268435456,32768,24,8796.09,1073741824,0,0,8192,0,0,0,0,0,0,0,0,0,0,0,0,0,0,0,0,0,0,0,0,0,0,0,0,0,0,0,0,0,0,0,0,815.911,10780.7,13.2842,5.31477
Test,MI250X_two_gcd,256,16384,4194304,268435456,32768,24,8796.09,1073741824,0,0,8192,0,0,0,0,0,0,0,0,0,0,0,0,0,0,0,0,0,0,0,0,0,0,0,0,0,0,0,0,0,0,0,0,818.47,10747,14.7014,5.8818
Test,MI250X_two_gcd,256,16384,4194304,134217728,32768,24,4398.05,1073741824,0,0,0,4096,0,0,0,0,0,0,0,0,0,0,0,0,0,0,0,0,0,0,0,0,0,0,0,0,0,0,0,0,0,0,0,820.988,5357.02,2.70208,1.08106
Test,MI250X_two_gcd,256,16384,4194304,134217728,32768,24,4398.05,1073741824,0,0,0,4096,0,0,0,0,0,0,0,0,0,0,0,0,0,0,0,0,0,0,0,0,0,0,0,0,0,0,0,0,0,0,0,823.716,5339.28,6.24307,2.49775
Test,MI250X_two_gcd,256,16384,4194304,536870912,32768,12,17592.2,1073741824,0,0,0,0,16384,0,0,0,0,0,0,0,0,0,0,0,0,0,0,0,0,0,0,0,0,0,0,0,0,0,0,0,0,0,0,1564.92,11241.6,0.63694,0.360383
Test,MI250X_two_gcd,256,16384,4194304,536870912,32768,12,17592.2,1073741824,0,0,0,0,16384,0,0,0,0,0,0,0,0,0,0,0,0,0,0,0,0,0,0,0,0,0,0,0,0,0,0,0,0,0,0,1571.39,11195.3,20.0494,11.344
Test,MI250X_two_gcd,256,16384,4194304,268435456,32768,47,8796.09,1073741824,0,0,0,0,0,8192,0,0,0,0,0,0,0,0,0,0,0,0,0,0,0,0,0,0,0,0,0,0,0,0,0,0,0,0,0,416.106,21139.1,23.1453,6.61715
Test,MI250X_two_gcd,256,16384,4194304,268435456,32768,47,8796.09,1073741824,0,0,0,0,0,8192,0,0,0,0,0,0,0,0,0,0,0,0,0,0,0,0,0,0,0,0,0,0,0,0,0,0,0,0,0,417.355,21075.9,28.1843,8.05775
Test,MI250X_two_gcd,256,16384,4194304,134217728,32768,48,4398.05,1073741824,0,0,0,0,0,0,4096,0,0,0,0,0,0,0,0,0,0,0,0,0,0,0,0,0,0,0,0,0,0,0,0,0,0,0,0,407.723,10786.9,16.0151,4.53071
Test,MI250X_two_gcd,256,16384,4194304,134217728,32768,48,4398.05,1073741824,0,0,0,0,0,0,4096,0,0,0,0,0,0,0,0,0,0,0,0,0,0,0,0,0,0,0,0,0,0,0,0,0,0,0,0,409.11,10750.3,18.1142,5.12454
Test,MI250X_two_gcd,256,16384,4194304,1073741824,32768,10,35184.4,1073741824,0,0,0,0,0,0,0,32768,0,0,0,0,0,0,0,0,0,0,0,0,0,0,0,0,0,0,0,0,0,0,0,0,0,0,0,3164.06,11120,0.787211,0.487918
Test,MI250X_two_gcd,256,16384,4194304,1073741824,32768,10,35184.4,1073741824,0,0,0,0,0,0,0,32768,0,0,0,0,0,0,0,0,0,0,0,0,0,0,0,0,0,0,0,0,0,0,0,0,0,0,0,3177.8,11072,20.8705,12.9357
Test,MI250X_two_gcd,256,16384,4194304,536870912,32768,12,17592.2,1073741824,0,0,0,0,0,0,0,0,16384,0,0,0,0,0,0,0,0,0,0,0,0,0,0,0,0,0,0,0,0,0,0,0,0,0,0,1581.47,11123.9,0.859895,0.486531
Test,MI250X_two_gcd,256,16384,4194304,536870912,32768,12,17592.2,1073741824,0,0,0,0,0,0,0,0,16384,0,0,0,0,0,0,0,0,0,0,0,0,0,0,0,0,0,0,0,0,0,0,0,0,0,0,1588.44,11075.2,19.7939,11.1994
Test,MI250X_two_gcd,256,16384,4194304,268435456,32768,25,8796.09,1073741824,0,0,0,0,0,0,0,0,0,8192,0,0,0,0,0,0,0,0,0,0,0,0,0,0,0,0,0,0,0,0,0,0,0,0,0,794.739,11067.9,1.40088,0.549143
Test,MI250X_two_gcd,256,16384,4194304,268435456,32768,25,8796.09,1073741824,0,0,0,0,0,0,0,0,0,8192,0,0,0,0,0,0,0,0,0,0,0,0,0,0,0,0,0,0,0,0,0,0,0,0,0,797.639,11027.7,13.6785,5.36196
Test,MI250X_two_gcd,256,16384,4194304,134217728,32768,12,4398.05,1073741824,0,0,0,0,0,0,0,0,0,0,4096,0,0,0,0,0,0,0,0,0,0,0,0,0,0,0,0,0,0,0,0,0,0,0,0,1608.41,2734.41,0.223775,0.126613
Test,MI250X_two_gcd,256,16384,4194304,134217728,32768,12,4398.05,1073741824,0,0,0,0,0,0,0,0,0,0,4096,0,0,0,0,0,0,0,0,0,0,0,0,0,0,0,0,0,0,0,0,0,0,0,0,1614.85,2723.51,4.71795,2.66943
Test,MI250X_two_gcd,256,16384,4194304,536870912,32768,12,17592.2,1073741824,0,0,0,0,0,0,0,0,0,0,0,16384,0,0,0,0,0,0,0,0,0,0,0,0,0,0,0,0,0,0,0,0,0,0,0,1571.87,11191.9,0.782535,0.442761
Test,MI250X_two_gcd,256,16384,4194304,536870912,32768,12,17592.2,1073741824,0,0,0,0,0,0,0,0,0,0,0,16384,0,0,0,0,0,0,0,0,0,0,0,0,0,0,0,0,0,0,0,0,0,0,0,1578.33,11146.1,20.0202,11.3275
Test,MI250X_two_gcd,256,16384,4194304,268435456,32768,47,8796.09,1073741824,0,0,0,0,0,0,0,0,0,0,0,0,8192,0,0,0,0,0,0,0,0,0,0,0,0,0,0,0,0,0,0,0,0,0,0,416.363,21126,3.30582,0.945119
Test,MI250X_two_gcd,256,16384,4194304,268435456,32768,47,8796.09,1073741824,0,0,0,0,0,0,0,0,0,0,0,0,8192,0,0,0,0,0,0,0,0,0,0,0,0,0,0,0,0,0,0,0,0,0,0,417.72,21057.4,20.2709,5.79534
Test,MI250X_two_gcd,256,16384,4194304,134217728,32768,49,4398.05,1073741824,0,0,0,0,0,0,0,0,0,0,0,0,0,4096,0,0,0,0,0,0,0,0,0,0,0,0,0,0,0,0,0,0,0,0,0,405.253,10852.6,1.91422,0.535982
Test,MI250X_two_gcd,256,16384,4194304,134217728,32768,49,4398.05,1073741824,0,0,0,0,0,0,0,0,0,0,0,0,0,4096,0,0,0,0,0,0,0,0,0,0,0,0,0,0,0,0,0,0,0,0,0,406.676,10814.6,9.97572,2.7932
Test,MI250X_two_gcd,256,16384,4194304,1073741824,32768,10,70368.7,1073741824,0,0,0,0,0,0,0,0,0,0,0,0,0,0,65536,0,0,0,0,0,0,0,0,0,0,0,0,0,0,0,0,0,0,0,0,3184.34,22098.4,2.6229,1.62569
Test,MI250X_two_gcd,256,16384,4194304,1073741824,32768,10,70368.7,1073741824,0,0,0,0,0,0,0,0,0,0,0,0,0,0,65536,0,0,0,0,0,0,0,0,0,0,0,0,0,0,0,0,0,0,0,0,3198.2,22002.7,40.5485,25.1322
Test,MI250X_two_gcd,256,16384,4194304,536870912,32768,12,35184.4,1073741824,0,0,0,0,0,0,0,0,0,0,0,0,0,0,0,32768,0,0,0,0,0,0,0,0,0,0,0,0,0,0,0,0,0,0,0,1594.41,22067.4,2.09524,1.18549
Test,MI250X_two_gcd,256,16384,4194304,536870912,32768,12,35184.4,1073741824,0,0,0,0,0,0,0,0,0,0,0,0,0,0,0,32768,0,0,0,0,0,0,0,0,0,0,0,0,0,0,0,0,0,0,0,1601.3,21972.4,38.5582,21.8163
Test,MI250X_two_gcd,256,16384,4194304,268435456,32768,23,17592.2,1073741824,0,0,0,0,0,0,0,0,0,0,0,0,0,0,0,0,16384,0,0,0,0,0,0,0,0,0,0,0,0,0,0,0,0,0,0,848.655,20729.5,6.24974,2.55419
Test,MI250X_two_gcd,256,16384,4194304,268435456,32768,23,17592.2,1073741824,0,0,0,0,0,0,0,0,0,0,0,0,0,0,0,0,16384,0,0,0,0,0,0,0,0,0,0,0,0,0,0,0,0,0,0,851.251,20666.3,25.1924,10.2958
Test,MI250X_two_gcd,256,16384,4194304,134217728,32768,11,8796.09,1073741824,0,0,0,0,0,0,0,0,0,0,0,0,0,0,0,0,0,8192,0,0,0,0,0,0,0,0,0,0,0,0,0,0,0,0,0,1682.88,5226.8,1.31706,0.778333
Test,MI250X_two_gcd,256,16384,4194304,134217728,32768,11,8796.09,1073741824,0,0,0,0,0,0,0,0,0,0,0,0,0,0,0,0,0,8192,0,0,0,0,0,0,0,0,0,0,0,0,0,0,0,0,0,1688.01,5210.95,8.58986,5.07628
Test,MI250X_two_gcd,256,16384,4194304,536870912,32768,10,35184.4,1073741824,0,0,0,0,0,0,0,0,0,0,0,0,0,0,0,0,0,0,32768,0,0,0,0,0,0,0,0,0,0,0,0,0,0,0,0,3176,11078.2,0.994669,0.616502
Test,MI250X_two_gcd,256,16384,4194304,536870912,32768,10,35184.4,1073741824,0,0,0,0,0,0,0,0,0,0,0,0,0,0,0,0,0,0,32768,0,0,0,0,0,0,0,0,0,0,0,0,0,0,0,0,3189.07,11032.8,20.039,12.4203
Test,MI250X_two_gcd,256,16384,4194304,268435456,32768,47,17592.2,1073741824,0,0,0,0,0,0,0,0,0,0,0,0,0,0,0,0,0,0,0,16384,0,0,0,0,0,0,0,0,0,0,0,0,0,0,0,420.689,41817.5,6.63719,1.89754
Test,MI250X_two_gcd,256,16384,4194304,268435456,32768,47,17592.2,1073741824,0,0,0,0,0,0,0,0,0,0,0,0,0,0,0,0,0,0,0,16384,0,0,0,0,0,0,0,0,0,0,0,0,0,0,0,421.971,41690.6,38.6548,11.0512
Test,MI250X_two_gcd,256,16384,4194304,134217728,32768,49,8796.09,1073741824,0,0,0,0,0,0,0,0,0,0,0,0,0,0,0,0,0,0,0,0,8192,0,0,0,0,0,0,0,0,0,0,0,0,0,0,407.609,21579.7,2.19362,0.614214
Test,MI250X_two_gcd,256,16384,4194304,134217728,32768,49,8796.09,1073741824,0,0,0,0,0,0,0,0,0,0,0,0,0,0,0,0,0,0,0,0,8192,0,0,0,0,0,0,0,0,0,0,0,0,0,0,409.095,21501.4,19.029,5.32811
Test,MI250X_two_gcd,256,16384,4194304,1073741824,32768,10,35184.4,1073741824,0,0,0,0,0,0,0,0,0,0,0,0,0,0,0,0,0,0,0,0,0,0,0,0,0,0,0,0,32768,0,0,0,0,0,0,17444.4,2016.94,0.190696,0.118194
Test,MI250X_two_gcd,256,16384,4194304,1073741824,32768,10,35184.4,1073741824,0,0,0,0,0,0,0,0,0,0,0,0,0,0,0,0,0,0,0,0,0,0,0,0,0,0,0,0,32768,0,0,0,0,0,0,17520.9,2008.14,3.64479,2.25907
Test,MI250X_two_gcd,256,16384,4194304,536870912,32768,10,17592.2,1073741824,0,0,0,0,0,0,0,0,0,0,0,0,0,0,0,0,0,0,0,0,0,0,0,0,0,0,0,0,0,16384,0,0,0,0,0,8716.04,2018.37,0.278617,0.172689
Test,MI250X_two_gcd,256,16384,4194304,536870912,32768,10,17592.2,1073741824,0,0,0,0,0,0,0,0,0,0,0,0,0,0,0,0,0,0,0,0,0,0,0,0,0,0,0,0,0,16384,0,0,0,0,0,8753.16,2009.82,3.70673,2.29746
Test,MI250X_two_gcd,256,16384,4194304,268435456,32768,10,8796.09,1073741824,0,0,0,0,0,0,0,0,0,0,0,0,0,0,0,0,0,0,0,0,0,0,0,0,0,0,0,0,0,0,8192,0,0,0,0,4338.11,2027.63,0.180149,0.111658
Test,MI250X_two_gcd,256,16384,4194304,268435456,32768,10,8796.09,1073741824,0,0,0,0,0,0,0,0,0,0,0,0,0,0,0,0,0,0,0,0,0,0,0,0,0,0,0,0,0,0,8192,0,0,0,0,4356.7,2018.99,3.73432,2.31455
Test,MI250X_two_gcd,256,16384,4194304,134217728,32768,10,4398.05,1073741824,0,0,0,0,0,0,0,0,0,0,0,0,0,0,0,0,0,0,0,0,0,0,0,0,0,0,0,0,0,0,0,4096,0,0,0,12257.1,358.816,0.0584063,0.0362006
Test,MI250X_two_gcd,256,16384,4194304,134217728,32768,10,4398.05,1073741824,0,0,0,0,0,0,0,0,0,0,0,0,0,0,0,0,0,0,0,0,0,0,0,0,0,0,0,0,0,0,0,4096,0,0,0,12310.5,357.26,0.617414,0.382677
Test,MI250X_two_gcd,256,16384,4194304,536870912,32768,10,17592.2,1073741824,0,0,0,0,0,0,0,0,0,0,0,0,0,0,0,0,0,0,0,0,0,0,0,0,0,0,0,0,0,0,0,0,16384,0,0,8679.79,2026.8,0.170021,0.10538
Test,MI250X_two_gcd,256,16384,4194304,536870912,32768,10,17592.2,1073741824,0,0,0,0,0,0,0,0,0,0,0,0,0,0,0,0,0,0,0,0,0,0,0,0,0,0,0,0,0,0,0,0,16384,0,0,8718.86,2017.72,3.71624,2.30335
Test,MI250X_two_gcd,256,16384,4194304,268435456,32768,10,8796.09,1073741824,0,0,0,0,0,0,0,0,0,0,0,0,0,0,0,0,0,0,0,0,0,0,0,0,0,0,0,0,0,0,0,0,0,8192,0,3541.7,2483.58,0.106257,0.0658589
Test,MI250X_two_gcd,256,16384,4194304,268435456,32768,10,8796.09,1073741824,0,0,0,0,0,0,0,0,0,0,0,0,0,0,0,0,0,0,0,0,0,0,0,0,0,0,0,0,0,0,0,0,0,8192,0,3557.57,2472.51,4.63378,2.87205
Test,MI250X_two_gcd,256,16384,4194304,134217728,32768,11,4398.05,1073741824,0,0,0,0,0,0,0,0,0,0,0,0,0,0,0,0,0,0,0,0,0,0,0,0,0,0,0,0,0,0,0,0,0,0,4096,1771.73,2482.35,0.187619,0.110876
Test,MI250X_two_gcd,256,16384,4194304,134217728,32768,11,4398.05,1073741824,0,0,0,0,0,0,0,0,0,0,0,0,0,0,0,0,0,0,0,0,0,0,0,0,0,0,0,0,0,0,0,0,0,0,4096,1779.88,2470.98,4.5028,2.66098
Test,MI250X_two_gcd,256,16384,4194304,1073741824,2048,10,2199.02,1073741824,0,0,0,0,0,0,0,0,0,0,0,0,0,0,0,0,0,0,0,0,0,2048,0,0,0,0,0,0,0,0,0,0,0,0,0,2187.04,1005.48,0.0739489,0.045834
Test,MI250X_two_gcd,256,16384,4194304,1073741824,2048,10,2199.02,1073741824,0,0,0,0,0,0,0,0,0,0,0,0,0,0,0,0,0,0,0,0,0,2048,0,0,0,0,0,0,0,0,0,0,0,0,0,2195.31,1001.7,1.94828,1.20756
Test,MI250X_two_gcd,256,16384,4194304,536870912,2048,18,1099.51,1073741824,0,0,0,0,0,0,0,0,0,0,0,0,0,0,0,0,0,0,0,0,0,0,1024,0,0,0,0,0,0,0,0,0,0,0,0,1099.19,1000.3,0.149456,0.0690452
Test,MI250X_two_gcd,256,16384,4194304,536870912,2048,18,1099.51,1073741824,0,0,0,0,0,0,0,0,0,0,0,0,0,0,0,0,0,0,0,0,0,0,1024,0,0,0,0,0,0,0,0,0,0,0,0,1103.02,996.824,1.6294,0.752746
Test,MI250X_two_gcd,256,16384,4194304,268435456,2048,17,549.756,1073741824,0,0,0,0,0,0,0,0,0,0,0,0,0,0,0,0,0,0,0,0,0,0,0,512,0,0,0,0,0,0,0,0,0,0,0,1116.58,492.356,0.0413477,0.0196555
Test,MI250X_two_gcd,256,16384,4194304,268435456,2048,17,549.756,1073741824,0,0,0,0,0,0,0,0,0,0,0,0,0,0,0,0,0,0,0,0,0,0,0,512,0,0,0,0,0,0,0,0,0,0,0,1120.4,490.681,0.72046,0.342485
Test,MI250X_two_gcd,256,16384,4194304,134217728,2048,10,274.878,1073741824,0,0,0,0,0,0,0,0,0,0,0,0,0,0,0,0,0,0,0,0,0,0,0,0,256,0,0,0,0,0,0,0,0,0,0,2362.71,116.34,0.0199596,0.0123711
Test,MI250X_two_gcd,256,16384,4194304,134217728,2048,10,274.878,1073741824,0,0,0,0,0,0,0,0,0,0,0,0,0,0,0,0,0,0,0,0,0,0,0,0,256,0,0,0,0,0,0,0,0,0,0,2369.91,115.987,0.117847,0.0730422
Test,MI250X_two_gcd,256,16384,4194304,536870912,2048,22,1099.51,1073741824,0,0,0,0,0,0,0,0,0,0,0,0,0,0,0,0,0,0,0,0,0,0,0,0,0,1024,0,0,0,0,0,0,0,0,0,894.617,1229.03,0.0880446,0.0367915
Test,MI250X_two_gcd,256,16384,4194304,536870912,2048,22,1099.51,1073741824,0,0,0,0,0,0,0,0,0,0,0,0,0,0,0,0,0,0,0,0,0,0,0,0,0,1024,0,0,0,0,0,0,0,0,0,897.804,1224.67,1.65129,0.690029
Test,MI250X_two_gcd,256,16384,4194304,268435456,2048,27,549.756,1073741824,0,0,0,0,0,0,0,0,0,0,0,0,0,0,0,0,0,0,0,0,0,0,0,0,0,0,512,0,0,0,0,0,0,0,0,725.834,757.413,0.173549,0.0654631
Test,MI250X_two_gcd,256,16384,4194304,268435456,2048,27,549.756,1073741824,0,0,0,0,0,0,0,0,0,0,0,0,0,0,0,0,0,0,0,0,0,0,0,0,0,0,512,0,0,0,0,0,0,0,0,727.913,755.25,0.736752,0.277904
Test,MI250X_two_gcd,256,16384,4194304,134217728,2048,51,274.878,1073741824,0,0,0,0,0,0,0,0,0,0,0,0,0,0,0,0,0,0,0,0,0,0,0,0,0,0,0,256,0,0,0,0,0,0,0,385.303,713.411,1.5642,0.429303
Test,MI250X_two_gcd,256,16384,4194304,134217728,2048,51,274.878,1073741824,0,0,0,0,0,0,0,0,0,0,0,0,0,0,0,0,0,0,0,0,0,0,0,0,0,0,0,256,0,0,0,0,0,0,0,397.722,691.155,4.01581,1.10216
Test,MI250X_two_gcd,256,16384,4194304,1073741824,4096,10,4398.05,1073741824,0,0,0,0,0,0,0,0,0,0,0,0,0,0,0,0,0,0,0,0,0,4096,0,0,0,0,0,0,0,0,0,0,0,0,0,4373.09,1005.71,0.0885188,0.0548645
Test,MI250X_two_gcd,256,16384,4194304,1073741824,4096,10,4398.05,1073741824,0,0,0,0,0,0,0,0,0,0,0,0,0,0,0,0,0,0,0,0,0,4096,0,0,0,0,0,0,0,0,0,0,0,0,0,4390.05,1001.82,1.88953,1.17114
Test,MI250X_two_gcd,256,16384,4194304,536870912,4096,10,2199.02,1073741824,0,0,0,0,0,0,0,0,0,0,0,0,0,0,0,0,0,0,0,0,0,0,2048,0,0,0,0,0,0,0,0,0,0,0,0,2197.63,1000.63,0.07083,0.0439009
Test,MI250X_two_gcd,256,16384,4194304,536870912,4096,10,2199.02,1073741824,0,0,0,0,0,0,0,0,0,0,0,0,0,0,0,0,0,0,0,0,0,0,2048,0,0,0,0,0,0,0,0,0,0,0,0,2206.26,996.724,1.98062,1.2276
Test,MI250X_two_gcd,256,16384,4194304,268435456,4096,10,1099.51,1073741824,0,0,0,0,0,0,0,0,0,0,0,0,0,0,0,0,0,0,0,0,0,0,0,1024,0,0,0,0,0,0,0,0,0,0,0,2233.22,492.344,0.117306,0.072707
Test,MI250X_two_gcd,256,16384,4194304,268435456,4096,10,1099.51,1073741824,0,0,0,0,0,0,0,0,0,0,0,0,0,0,0,0,0,0,0,0,0,0,0,1024,0,0,0,0,0,0,0,0,0,0,0,2240.95,490.646,0.820052,0.508273
Test,MI250X_two_gcd,256,16384,4194304,134217728,4096,10,549.756,1073741824,0,0,0,0,0,0,0,0,0,0,0,0,0,0,0,0,0,0,0,0,0,0,0,0,512,0,0,0,0,0,0,0,0,0,0,4720.79,116.454,0.022752,0.0141018
Test,MI250X_two_gcd,256,16384,4194304,134217728,4096,10,549.756,1073741824,0,0,0,0,0,0,0,0,0,0,0,0,0,0,0,0,0,0,0,0,0,0,0,0,512,0,0,0,0,0,0,0,0,0,0,4736.31,116.073,0.149429,0.0926168
Test,MI250X_two_gcd,256,16384,4194304,536870912,4096,11,2199.02,1073741824,0,0,0,0,0,0,0,0,0,0,0,0,0,0,0,0,0,0,0,0,0,0,0,0,0,2048,0,0,0,0,0,0,0,0,0,1787.88,1229.96,0.101969,0.0602599
Test,MI250X_two_gcd,256,16384,4194304,536870912,4096,11,2199.02,1073741824,0,0,0,0,0,0,0,0,0,0,0,0,0,0,0,0,0,0,0,0,0,0,0,0,0,2048,0,0,0,0,0,0,0,0,0,1794.86,1225.18,2.191,1.2948
Test,MI250X_two_gcd,256,16384,4194304,268435456,4096,13,1099.51,1073741824,0,0,0,0,0,0,0,0,0,0,0,0,0,0,0,0,0,0,0,0,0,0,0,0,0,0,1024,0,0,0,0,0,0,0,0,1451.35,757.581,0.111098,0.0603935
Test,MI250X_two_gcd,256,16384,4194304,268435456,4096,13,1099.51,1073741824,0,0,0,0,0,0,0,0,0,0,0,0,0,0,0,0,0,0,0,0,0,0,0,0,0,0,1024,0,0,0,0,0,0,0,0,1456.27,755.023,0.956887,0.52017
Test,MI250X_two_gcd,256,16384,4194304,134217728,4096,25,549.756,1073741824,0,0,0,0,0,0,0,0,0,0,0,0,0,0,0,0,0,0,0,0,0,0,0,0,0,0,0,512,0,0,0,0,0,0,0,771.296,712.775,1.96589,0.77063
Test,MI250X_two_gcd,256,16384,4194304,134217728,4096,25,549.756,1073741824,0,0,0,0,0,0,0,0,0,0,0,0,0,0,0,0,0,0,0,0,0,0,0,0,0,0,0,512,0,0,0,0,0,0,0,797.281,689.554,3.34665,1.31189
Test,MI250X_two_gcd,256,16384,4194304,1073741824,8192,10,8796.09,1073741824,0,0,0,0,0,0,0,0,0,0,0,0,0,0,0,0,0,0,0,0,0,8192,0,0,0,0,0,0,0,0,0,0,0,0,0,8745.28,1005.81,0.094467,0.0585512
Test,MI250X_two_gcd,256,16384,4194304,1073741824,8192,10,8796.09,1073741824,0,0,0,0,0,0,0,0,0,0,0,0,0,0,0,0,0,0,0,0,0,8192,0,0,0,0,0,0,0,0,0,0,0,0,0,8778.62,1001.99,1.91752,1.18849
Test,MI250X_two_gcd,256,16384,4194304,536870912,8192,10,4398.05,1073741824,0,0,0,0,0,0,0,0,0,0,0,0,0,0,0,0,0,0,0,0,0,0,4096,0,0,0,0,0,0,0,0,0,0,0,0,4395.48,1000.58,0.0568258,0.035221
Test,MI250X_two_gcd,256,16384,4194304,536870912,8192,10,4398.05,1073741824,0,0,0,0,0,0,0,0,0,0,0,0,0,0,0,0,0,0,0,0,0,0,4096,0,0,0,0,0,0,0,0,0,0,0,0,4411.67,996.915,1.9607,1.21526
Test,MI250X_two_gcd,256,16384,4194304,268435456,8192,10,2199.02,1073741824,0,0,0,0,0,0,0,0,0,0,0,0,0,0,0,0,0,0,0,0,0,0,0,2048,0,0,0,0,0,0,0,0,0,0,0,4465.69,492.426,0.0584454,0.0362248
Test,MI250X_two_gcd,256,16384,4194304,268435456,8192,10,2199.02,1073741824,0,0,0,0,0,0,0,0,0,0,0,0,0,0,0,0,0,0,0,0,0,0,0,2048,0,0,0,0,0,0,0,0,0,0,0,4481.89,490.648,0.842029,0.521895
Test,MI250X_two_gcd,256,16384,4194304,134217728,8192,10,1099.51,1073741824,0,0,0,0,0,0,0,0,0,0,0,0,0,0,0,0,0,0,0,0,0,0,0,0,1024,0,0,0,0,0,0,0,0,0,0,9427.26,116.631,0.0192607,0.0119379
Test,MI250X_two_gcd,256,16384,4194304,134217728,8192,10,1099.51,1073741824,0,0,0,0,0,0,0,0,0,0,0,0,0,0,0,0,0,0,0,0,0,0,0,0,1024,0,0,0,0,0,0,0,0,0,0,9462.54,116.197,0.180584,0.111927
Test,MI250X_two_gcd,256,16384,4194304,536870912,8192,10,4398.05,1073741824,0,0,0,0,0,0,0,0,0,0,0,0,0,0,0,0,0,0,0,0,0,0,0,0,0,4096,0,0,0,0,0,0,0,0,0,3574.51,1230.39,0.0492871,0.0305485
Test,MI250X_two_gcd,256,16384,4194304,536870912,8192,10,4398.05,1073741824,0,0,0,0,0,0,0,0,0,0,0,0,0,0,0,0,0,0,0,0,0,0,0,0,0,4096,0,0,0,0,0,0,0,0,0,3588.63,1225.55,2.30684,1.42979
Test,MI250X_two_gcd,256,16384,4194304,268435456,8192,10,2199.02,1073741824,0,0,0,0,0,0,0,0,0,0,0,0,0,0,0,0,0,0,0,0,0,0,0,0,0,0,2048,0,0,0,0,0,0,0,0,2901.71,757.837,0.227443,0.140971
Test,MI250X_two_gcd,256,16384,4194304,268435456,8192,10,2199.02,1073741824,0,0,0,0,0,0,0,0,0,0,0,0,0,0,0,0,0,0,0,0,0,0,0,0,0,0,2048,0,0,0,0,0,0,0,0,2912.43,755.049,1.08594,0.673074
Test,MI250X_two_gcd,256,16384,4194304,134217728,8192,12,1099.51,1073741824,0,0,0,0,0,0,0,0,0,0,0,0,0,0,0,0,0,0,0,0,0,0,0,0,0,0,0,1024,0,0,0,0,0,0,0,1556.82,706.257,1.31115,0.741854
Test,MI250X_two_gcd,256,16384,4194304,134217728,8192,12,1099.51,1073741824,0,0,0,0,0,0,0,0,0,0,0,0,0,0,0,0,0,0,0,0,0,0,0,0,0,0,0,1024,0,0,0,0,0,0,0,1606.52,684.411,1.89266,1.07087
Test,MI250X_two_gcd,256,16384,4194304,1073741824,16384,10,17592.2,1073741824,0,0,0,0,0,0,0,0,0,0,0,0,0,0,0,0,0,0,0,0,0,16384,0,0,0,0,0,0,0,0,0,0,0,0,0,17479.7,1006.43,0.15896,0.0985243
Test,MI250X_two_gcd,256,16384,4194304,1073741824,16384,10,17592.2,1073741824,0,0,0,0,0,0,0,0,0,0,0,0,0,0,0,0,0,0,0,0,0,16384,0,0,0,0,0,0,0,0,0,0,0,0,0,17551.9,1002.3,1.90987,1.18375
Test,MI250X_two_gcd,256,16384,4194304,536870912,16384,10,8796.09,1073741824,0,0,0,0,0,0,0,0,0,0,0,0,0,0,0,0,0,0,0,0,0,0,8192,0,0,0,0,0,0,0,0,0,0,0,0,8786.55,1001.09,0.0930266,0.0576585
Test,MI250X_two_gcd,256,16384,4194304,536870912,16384,10,8796.09,1073741824,0,0,0,0,0,0,0,0,0,0,0,0,0,0,0,0,0,0,0,0,0,0,8192,0,0,0,0,0,0,0,0,0,0,0,0,8822.04,997.062,1.74957,1.08439
Test,MI250X_two_gcd,256,16384,4194304,268435456,16384,10,4398.05,1073741824,0,0,0,0,0,0,0,0,0,0,0,0,0,0,0,0,0,0,0,0,0,0,0,4096,0,0,0,0,0,0,0,0,0,0,0,8930.88,492.454,0.0863189,0.053501
Test,MI250X_two_gcd,256,16384,4194304,268435456,16384,10,4398.05,1073741824,0,0,0,0,0,0,0,0,0,0,0,0,0,0,0,0,0,0,0,0,0,0,0,4096,0,0,0,0,0,0,0,0,0,0,0,8966.61,490.493,0.76053,0.471381
Test,MI250X_two_gcd,256,16384,4194304,134217728,16384,10,2199.02,1073741824,0,0,0,0,0,0,0,0,0,0,0,0,0,0,0,0,0,0,0,0,0,0,0,0,2048,0,0,0,0,0,0,0,0,0,0,18836.3,116.744,0.0175196,0.0108588
Test,MI250X_two_gcd,256,16384,4194304,134217728,16384,10,2199.02,1073741824,0,0,0,0,0,0,0,0,0,0,0,0,0,0,0,0,0,0,0,0,0,0,0,0,2048,0,0,0,0,0,0,0,0,0,0,18909,116.296,0.179458,0.111229
Test,MI250X_two_gcd,256,16384,4194304,536870912,16384,10,8796.09,1073741824,0,0,0,0,0,0,0,0,0,0,0,0,0,0,0,0,0,0,0,0,0,0,0,0,0,8192,0,0,0,0,0,0,0,0,0,7149.19,1230.36,0.11122,0.0689347
Test,MI250X_two_gcd,256,16384,4194304,536870912,16384,10,8796.09,1073741824,0,0,0,0,0,0,0,0,0,0,0,0,0,0,0,0,0,0,0,0,0,0,0,0,0,8192,0,0,0,0,0,0,0,0,0,7178.12,1225.41,2.24941,1.3942
Test,MI250X_two_gcd,256,16384,4194304,268435456,16384,10,4398.05,1073741824,0,0,0,0,0,0,0,0,0,0,0,0,0,0,0,0,0,0,0,0,0,0,0,0,0,0,4096,0,0,0,0,0,0,0,0,5804.63,757.68,0.164244,0.1018
Test,MI250X_two_gcd,256,16384,4194304,268435456,16384,10,4398.05,1073741824,0,0,0,0,0,0,0,0,0,0,0,0,0,0,0,0,0,0,0,0,0,0,0,0,0,0,4096,0,0,0,0,0,0,0,0,5823.07,755.28,0.883875,0.547832
Test,MI250X_two_gcd,256,16384,4194304,134217728,16384,10,2199.02,1073741824,0,0,0,0,0,0,0,0,0,0,0,0,0,0,0,0,0,0,0,0,0,0,0,0,0,0,0,2048,0,0,0,0,0,0,0,3120.56,704.691,1.1512,0.713519
Test,MI250X_two_gcd,256,16384,4194304,134217728,16384,10,2199.02,1073741824,0,0,0,0,0,0,0,0,0,0,0,0,0,0,0,0,0,0,0,0,0,0,0,0,0,0,0,2048,0,0,0,0,0,0,0,3217.91,683.374,1.77025,1.09721
Test,MI250X_two_gcd,256,16384,4194304,1073741824,32768,10,35184.4,1073741824,0,0,0,0,0,0,0,0,0,0,0,0,0,0,0,0,0,0,0,0,0,32768,0,0,0,0,0,0,0,0,0,0,0,0,0,34964.4,1006.29,0.117064,0.0725573
Test,MI250X_two_gcd,256,16384,4194304,1073741824,32768,10,35184.4,1073741824,0,0,0,0,0,0,0,0,0,0,0,0,0,0,0,0,0,0,0,0,0,32768,0,0,0,0,0,0,0,0,0,0,0,0,0,35104.4,1002.28,1.94194,1.20362
Test,MI250X_two_gcd,256,16384,4194304,536870912,32768,10,17592.2,1073741824,0,0,0,0,0,0,0,0,0,0,0,0,0,0,0,0,0,0,0,0,0,0,16384,0,0,0,0,0,0,0,0,0,0,0,0,17576.2,1000.91,0.399745,0.247764
Test,MI250X_two_gcd,256,16384,4194304,536870912,32768,10,17592.2,1073741824,0,0,0,0,0,0,0,0,0,0,0,0,0,0,0,0,0,0,0,0,0,0,16384,0,0,0,0,0,0,0,0,0,0,0,0,17643.6,997.091,1.77073,1.09751
Test,MI250X_two_gcd,256,16384,4194304,268435456,32768,10,8796.09,1073741824,0,0,0,0,0,0,0,0,0,0,0,0,0,0,0,0,0,0,0,0,0,0,0,8192,0,0,0,0,0,0,0,0,0,0,0,17851.6,492.733,0.151809,0.0940919
Test,MI250X_two_gcd,256,16384,4194304,268435456,32768,10,8796.09,1073741824,0,0,0,0,0,0,0,0,0,0,0,0,0,0,0,0,0,0,0,0,0,0,0,8192,0,0,0,0,0,0,0,0,0,0,0,17917.9,490.911,0.901126,0.558523
Test,MI250X_two_gcd,256,16384,4194304,134217728,32768,10,4398.05,1073741824,0,0,0,0,0,0,0,0,0,0,0,0,0,0,0,0,0,0,0,0,0,0,0,0,4096,0,0,0,0,0,0,0,0,0,0,37645.3,116.829,0.0197752,0.0122568
Test,MI250X_two_gcd,256,16384,4194304,134217728,32768,10,4398.05,1073741824,0,0,0,0,0,0,0,0,0,0,0,0,0,0,0,0,0,0,0,0,0,0,0,0,4096,0,0,0,0,0,0,0,0,0,0,37788.2,116.387,0.179914,0.111512
Test,MI250X_two_gcd,256,16384,4194304,536870912,32768,10,17592.2,1073741824,0,0,0,0,0,0,0,0,0,0,0,0,0,0,0,0,0,0,0,0,0,0,0,0,0,16384,0,0,0,0,0,0,0,0,0,14298.3,1230.37,0.14378,0.0891155
Test,MI250X_two_gcd,256,16384,4194304,536870912,32768,10,17592.2,1073741824,0,0,0,0,0,0,0,0,0,0,0,0,0,0,0,0,0,0,0,0,0,0,0,0,0,16384,0,0,0,0,0,0,0,0,0,14357.6,1225.29,2.22079,1.37646
Test,MI250X_two_gcd,256,16384,4194304,268435456,32768,10,8796.09,1073741824,0,0,0,0,0,0,0,0,0,0,0,0,0,0,0,0,0,0,0,0,0,0,0,0,0,0,8192,0,0,0,0,0,0,0,0,11599.5,758.319,0.30556,0.189388
Test,MI250X_two_gcd,256,16384,4194304,268435456,32768,10,8796.09,1073741824,0,0,0,0,0,0,0,0,0,0,0,0,0,0,0,0,0,0,0,0,0,0,0,0,0,0,8192,0,0,0,0,0,0,0,0,11638.9,755.751,0.964059,0.59753
Test,MI250X_two_gcd,256,16384,4194304,134217728,32768,10,4398.05,1073741824,0,0,0,0,0,0,0,0,0,0,0,0,0,0,0,0,0,0,0,0,0,0,0,0,0,0,0,4096,0,0,0,0,0,0,0,6245.83,704.159,1.02274,0.633899
Test,MI250X_two_gcd,256,16384,4194304,134217728,32768,10,4398.05,1073741824,0,0,0,0,0,0,0,0,0,0,0,0,0,0,0,0,0,0,0,0,0,0,0,0,0,0,0,4096,0,0,0,0,0,0,0,6443.66,682.542,1.56295,0.968729